time,Total gas used
2025-06-01 00:00,8913.145
2025-06-01 00:15,8913.145
2025-06-01 00:30,8913.145
2025-06-01 00:45,8913.145
2025-06-01 01:00,8913.145
2025-06-01 01:15,8913.145
2025-06-01 01:30,8913.189
2025-06-01 01:45,8913.189
2025-06-01 02:00,8913.189
2025-06-01 02:15,8913.189
2025-06-01 02:30,8913.189
2025-06-01 02:45,8913.189
2025-06-01 03:00,8913.189
2025-06-01 03:15,8913.189
2025-06-01 03:30,8913.189
2025-06-01 03:45,8913.189
2025-06-01 04:00,8913.189
2025-06-01 04:15,8913.235
2025-06-01 04:30,8913.235
2025-06-01 04:45,8913.235
2025-06-01 05:00,8913.235
2025-06-01 05:15,8913.235
2025-06-01 05:30,8913.235
2025-06-01 05:45,8913.235
2025-06-01 06:00,8913.235
2025-06-01 06:15,8913.235
2025-06-01 06:30,8913.262
2025-06-01 06:45,8913.262
2025-06-01 07:00,8913.262
2025-06-01 07:15,8913.262
2025-06-01 07:30,8913.262
2025-06-01 07:45,8913.262
2025-06-01 08:00,8913.299
2025-06-01 08:15,8913.306
2025-06-01 08:30,8913.306
2025-06-01 08:45,8913.306
2025-06-01 09:00,8913.306
2025-06-01 09:15,8913.306
2025-06-01 09:30,8913.306
2025-06-01 09:45,8913.306
2025-06-01 10:00,8913.306
2025-06-01 10:15,8913.306
2025-06-01 10:30,8913.306
2025-06-01 10:45,8913.338
2025-06-01 11:00,8913.338
2025-06-01 11:15,8913.338
2025-06-01 11:30,8913.338
2025-06-01 11:45,8913.365
2025-06-01 12:00,8913.365
2025-06-01 12:15,8913.365
2025-06-01 12:30,8913.365
2025-06-01 12:45,8913.365
2025-06-01 13:00,8913.365
2025-06-01 13:15,8913.365
2025-06-01 13:30,8913.395
2025-06-01 13:45,8913.395
2025-06-01 14:00,8913.395
2025-06-01 14:15,8913.395
2025-06-01 14:30,8913.395
2025-06-01 14:45,8913.423
2025-06-01 15:00,8913.423
2025-06-01 15:15,8913.423
2025-06-01 15:30,8913.560
2025-06-01 15:45,8913.560
2025-06-01 16:00,8913.560
2025-06-01 16:15,8913.560
2025-06-01 16:30,8913.560
2025-06-01 16:45,8913.560
2025-06-01 17:00,8913.734
2025-06-01 17:15,8913.756
2025-06-01 17:30,8913.756
2025-06-01 17:45,8913.756
2025-06-01 18:00,8913.756
2025-06-01 18:15,8913.790
2025-06-01 18:30,8913.797
2025-06-01 18:45,8913.797
2025-06-01 19:00,8913.797
2025-06-01 19:15,8913.797
2025-06-01 19:30,8913.797
2025-06-01 19:45,8913.797
2025-06-01 20:00,8913.797
2025-06-01 20:15,8913.797
2025-06-01 20:30,8913.797
2025-06-01 20:45,8913.797
2025-06-01 21:00,8913.829
2025-06-01 21:15,8913.843
2025-06-01 21:30,8913.843
2025-06-01 21:45,8913.843
2025-06-01 22:00,8913.843
2025-06-01 22:15,8913.843
2025-06-01 22:30,8913.843
2025-06-01 22:45,8913.843
2025-06-01 23:00,8913.843
2025-06-01 23:15,8913.865
2025-06-01 23:30,8913.873
2025-06-01 23:45,8913.873
2025-06-02 00:00,8913.873
2025-06-02 00:15,8913.873
2025-06-02 00:30,8913.873
2025-06-02 00:45,8913.917
2025-06-02 01:00,8913.917
2025-06-02 01:15,8913.917
2025-06-02 01:30,8913.917
2025-06-02 01:45,8913.917
2025-06-02 02:00,8913.917
2025-06-02 02:15,8913.917
2025-06-02 02:30,8913.917
2025-06-02 02:45,8913.917
2025-06-02 03:00,8913.917
2025-06-02 03:15,8913.949
2025-06-02 03:30,8913.949
2025-06-02 03:45,8913.949
2025-06-02 04:00,8913.949
2025-06-02 04:15,8913.949
2025-06-02 04:30,8913.984
2025-06-02 04:45,8913.984
2025-06-02 05:00,8913.984
2025-06-02 05:15,8913.984
2025-06-02 05:30,8913.984
2025-06-02 05:45,8913.984
2025-06-02 06:00,8913.984
2025-06-02 06:15,8913.984
2025-06-02 06:30,8914.015
2025-06-02 06:45,8914.015
2025-06-02 07:00,8914.015
2025-06-02 07:15,8914.015
2025-06-02 07:30,8914.015
2025-06-02 07:45,8914.015
2025-06-02 08:00,8914.058
2025-06-02 08:15,8914.058
2025-06-02 08:30,8914.058
2025-06-02 08:45,8914.171
2025-06-02 09:00,8914.171
2025-06-02 09:15,8914.171
2025-06-02 09:30,8914.171
2025-06-02 09:45,8914.171
2025-06-02 10:00,8914.171
2025-06-02 10:15,8914.171
2025-06-02 10:30,8914.171
2025-06-02 10:45,8914.215
2025-06-02 11:00,8914.215
2025-06-02 11:15,8914.215
2025-06-02 11:30,8914.215
2025-06-02 11:45,8914.215
2025-06-02 12:00,8914.215
2025-06-02 12:15,8914.215
2025-06-02 12:30,8914.215
2025-06-02 12:45,8914.215
2025-06-02 13:00,8914.248
2025-06-02 13:15,8914.255
2025-06-02 13:30,8914.255
2025-06-02 13:45,8914.255
2025-06-02 14:00,8914.281
2025-06-02 14:15,8914.281
2025-06-02 14:30,8914.281
2025-06-02 14:45,8914.281
2025-06-02 15:00,8914.437
2025-06-02 15:15,8914.437
2025-06-02 15:30,8914.475
2025-06-02 15:45,8914.495
2025-06-02 16:00,8914.566
2025-06-02 16:15,8914.595
2025-06-02 16:30,8914.621
2025-06-02 16:45,8914.630
2025-06-02 17:00,8914.676
2025-06-02 17:15,8914.685
2025-06-02 17:30,8914.688
2025-06-02 17:45,8914.688
2025-06-02 18:00,8914.688
2025-06-02 18:15,8914.688
2025-06-02 18:30,8914.731
2025-06-02 18:45,8914.731
2025-06-02 19:00,8914.731
2025-06-02 19:15,8914.731
2025-06-02 19:30,8914.731
2025-06-02 19:45,8914.731
2025-06-02 20:00,8914.731
2025-06-02 20:15,8914.731
2025-06-02 20:30,8914.731
2025-06-02 20:45,8914.731
2025-06-02 21:00,8914.763
2025-06-02 21:15,8914.763
2025-06-02 21:30,8914.763
2025-06-02 21:45,8914.763
2025-06-02 22:00,8914.763
2025-06-02 22:15,8914.797
2025-06-02 22:30,8914.797
2025-06-02 22:45,8914.797
2025-06-02 23:00,8914.797
2025-06-02 23:15,8914.797
2025-06-02 23:30,8914.797
2025-06-02 23:45,8914.827
2025-06-03 00:00,8914.827
2025-06-03 00:15,8914.827
2025-06-03 00:30,8914.827
2025-06-03 00:45,8914.827
2025-06-03 01:00,8914.827
2025-06-03 01:15,8914.827
2025-06-03 01:30,8914.864
2025-06-03 01:45,8914.871
2025-06-03 02:00,8914.871
2025-06-03 02:15,8914.871
2025-06-03 02:30,8914.871
2025-06-03 02:45,8914.871
2025-06-03 03:00,8914.871
2025-06-03 03:15,8914.871
2025-06-03 03:30,8914.871
2025-06-03 03:45,8914.871
2025-06-03 04:00,8914.903
2025-06-03 04:15,8914.903
2025-06-03 04:30,8914.903
2025-06-03 04:45,8914.903
2025-06-03 05:00,8914.903
2025-06-03 05:15,8914.937
2025-06-03 05:30,8914.937
2025-06-03 05:45,8914.937
2025-06-03 06:00,8914.937
2025-06-03 06:15,8914.937
2025-06-03 06:30,8914.937
2025-06-03 06:45,8914.937
2025-06-03 07:00,8914.968
2025-06-03 07:15,8914.968
2025-06-03 07:30,8914.968
2025-06-03 07:45,8914.968
2025-06-03 08:00,8914.968
2025-06-03 08:15,8914.968
2025-06-03 08:30,8914.968
2025-06-03 08:45,8915.005
2025-06-03 09:00,8915.012
2025-06-03 09:15,8915.032
2025-06-03 09:30,8915.123
2025-06-03 09:45,8915.123
2025-06-03 10:00,8915.123
2025-06-03 10:15,8915.123
2025-06-03 10:30,8915.123
2025-06-03 10:45,8915.123
2025-06-03 11:00,8915.123
2025-06-03 11:15,8915.123
2025-06-03 11:30,8915.123
2025-06-03 11:45,8915.184
2025-06-03 12:00,8915.184
2025-06-03 12:15,8915.184
2025-06-03 12:30,8915.184
2025-06-03 12:45,8915.184
2025-06-03 13:00,8915.184
2025-06-03 13:15,8915.184
2025-06-03 13:30,8915.184
2025-06-03 13:45,8915.184
2025-06-03 14:00,8915.184
2025-06-03 14:15,8915.184
2025-06-03 14:30,8915.184
2025-06-03 14:45,8915.184
2025-06-03 15:00,8915.234
2025-06-03 15:15,8915.234
2025-06-03 15:30,8915.234
2025-06-03 15:45,8915.234
2025-06-03 16:00,8915.234
2025-06-03 16:15,8915.234
2025-06-03 16:30,8915.234
2025-06-03 16:45,8915.234
2025-06-03 17:00,8915.234
2025-06-03 17:15,8915.234
2025-06-03 17:30,8915.234
2025-06-03 17:45,8915.281
2025-06-03 18:00,8915.281
2025-06-03 18:15,8915.281
2025-06-03 18:30,8915.281
2025-06-03 18:45,8915.281
2025-06-03 19:00,8915.281
2025-06-03 19:15,8915.281
2025-06-03 19:30,8915.281
2025-06-03 19:45,8915.281
2025-06-03 20:00,8915.281
2025-06-03 20:15,8915.313
2025-06-03 20:30,8915.313
2025-06-03 20:45,8915.313
2025-06-03 21:00,8915.313
2025-06-03 21:15,8915.313
2025-06-03 21:30,8915.313
2025-06-03 21:45,8915.354
2025-06-03 22:00,8915.354
2025-06-03 22:15,8915.354
2025-06-03 22:30,8915.404
2025-06-03 22:45,8915.411
2025-06-03 23:00,8915.411
2025-06-03 23:15,8915.411
2025-06-03 23:30,8915.411
2025-06-03 23:45,8915.411
2025-06-04 00:00,8915.411
2025-06-04 00:15,8915.411
2025-06-04 00:30,8915.411
2025-06-04 00:45,8915.411
2025-06-04 01:00,8915.411
2025-06-04 01:15,8915.411
2025-06-04 01:30,8915.411
2025-06-04 01:45,8915.411
2025-06-04 02:00,8915.411
2025-06-04 02:15,8915.411
2025-06-04 02:30,8915.411
2025-06-04 02:45,8915.411
2025-06-04 03:00,8915.411
2025-06-04 03:15,8915.411
2025-06-04 03:30,8915.411
2025-06-04 03:45,8915.411
2025-06-04 04:00,8915.411
2025-06-04 04:15,8915.411
2025-06-04 04:30,8915.411
2025-06-04 04:45,8915.441
2025-06-04 05:00,8915.472
2025-06-04 05:15,8915.472
2025-06-04 05:30,8915.472
2025-06-04 05:45,8915.472
2025-06-04 06:00,8915.472
2025-06-04 06:15,8915.472
2025-06-04 06:30,8915.472
2025-06-04 06:45,8915.472
2025-06-04 07:00,8915.472
2025-06-04 07:15,8915.472
2025-06-04 07:30,8915.472
2025-06-04 07:45,8915.525
2025-06-04 08:00,8915.525
2025-06-04 08:15,8915.525
2025-06-04 08:30,8915.525
2025-06-04 08:45,8915.525
2025-06-04 09:00,8915.525
2025-06-04 09:15,8915.652
2025-06-04 09:30,8915.652
2025-06-04 09:45,8915.652
2025-06-04 10:00,8915.652
2025-06-04 10:15,8915.652
2025-06-04 10:30,8915.683
2025-06-04 10:45,8915.683
2025-06-04 11:00,8915.683
2025-06-04 11:15,8915.683
2025-06-04 11:30,8915.683
2025-06-04 11:45,8915.683
2025-06-04 12:00,8915.711
2025-06-04 12:15,8915.711
2025-06-04 12:30,8915.711
2025-06-04 12:45,8915.711
2025-06-04 13:00,8915.711
2025-06-04 13:15,8915.711
2025-06-04 13:30,8915.747
2025-06-04 13:45,8915.747
2025-06-04 14:00,8915.747
2025-06-04 14:15,8915.747
2025-06-04 14:30,8915.747
2025-06-04 14:45,8915.747
2025-06-04 15:00,8915.768
2025-06-04 15:15,8915.773
2025-06-04 15:30,8915.773
2025-06-04 15:45,8915.773
2025-06-04 16:00,8915.773
2025-06-04 16:15,8915.773
2025-06-04 16:30,8915.783
2025-06-04 16:45,8915.863
2025-06-04 17:00,8915.952
2025-06-04 17:15,8915.952
2025-06-04 17:30,8915.952
2025-06-04 17:45,8915.952
2025-06-04 18:00,8915.952
2025-06-04 18:15,8915.952
2025-06-04 18:30,8915.952
2025-06-04 18:45,8915.952
2025-06-04 19:00,8915.952
2025-06-04 19:15,8915.952
2025-06-04 19:30,8916.172
2025-06-04 19:45,8916.189
2025-06-04 20:00,8916.189
2025-06-04 20:15,8916.189
2025-06-04 20:30,8916.189
2025-06-04 20:45,8916.189
2025-06-04 21:00,8916.189
2025-06-04 21:15,8916.189
2025-06-04 21:30,8916.189
2025-06-04 21:45,8916.189
2025-06-04 22:00,8916.224
2025-06-04 22:15,8916.224
2025-06-04 22:30,8916.224
2025-06-04 22:45,8916.224
2025-06-04 23:00,8916.224
2025-06-04 23:15,8916.265
2025-06-04 23:30,8916.265
2025-06-04 23:45,8916.265
2025-06-05 00:00,8916.265
2025-06-05 00:15,8916.265
2025-06-05 00:30,8916.265
2025-06-05 00:45,8916.265
2025-06-05 01:00,8916.293
2025-06-05 01:15,8916.293
2025-06-05 01:30,8916.293
2025-06-05 01:45,8916.293
2025-06-05 02:00,8916.293
2025-06-05 02:15,8916.293
2025-06-05 02:30,8916.293
2025-06-05 02:45,8916.340
2025-06-05 03:00,8916.340
2025-06-05 03:15,8916.340
2025-06-05 03:30,8916.340
2025-06-05 03:45,8916.340
2025-06-05 04:00,8916.340
2025-06-05 04:15,8916.340
2025-06-05 04:30,8916.340
2025-06-05 04:45,8916.340
2025-06-05 05:00,8916.369
2025-06-05 05:15,8916.369
2025-06-05 05:30,8916.369
2025-06-05 05:45,8916.369
2025-06-05 06:00,8916.369
2025-06-05 06:15,8916.369
2025-06-05 06:30,8916.401
2025-06-05 06:45,8916.416
2025-06-05 07:00,8916.416
2025-06-05 07:15,8916.416
2025-06-05 07:30,8916.531
2025-06-05 07:45,8916.531
2025-06-05 08:00,8916.531
2025-06-05 08:15,8916.531
2025-06-05 08:30,8916.531
2025-06-05 08:45,8916.585
2025-06-05 09:00,8916.585
2025-06-05 09:15,8916.585
2025-06-05 09:30,8916.585
2025-06-05 09:45,8916.585
2025-06-05 10:00,8916.585
2025-06-05 10:15,8916.585
2025-06-05 10:30,8916.608
2025-06-05 10:45,8916.613
2025-06-05 11:00,8916.613
2025-06-05 11:15,8916.613
2025-06-05 11:30,8916.613
2025-06-05 11:45,8916.613
2025-06-05 12:00,8916.613
2025-06-05 12:15,8916.613
2025-06-05 12:30,8916.661
2025-06-05 12:45,8916.661
2025-06-05 13:00,8916.661
2025-06-05 13:15,8916.661
2025-06-05 13:30,8916.661
2025-06-05 13:45,8916.661
2025-06-05 14:00,8916.661
2025-06-05 14:15,8916.661
2025-06-05 14:30,8916.690
2025-06-05 14:45,8916.690
2025-06-05 15:00,8916.690
2025-06-05 15:15,8916.690
2025-06-05 15:30,8916.690
2025-06-05 15:45,8916.690
2025-06-05 16:00,8916.723
2025-06-05 16:15,8916.737
2025-06-05 16:30,8916.737
2025-06-05 16:45,8916.737
2025-06-05 17:00,8916.737
2025-06-05 17:15,8916.737
2025-06-05 17:30,8916.737
2025-06-05 17:45,8916.737
2025-06-05 18:00,8916.737
2025-06-05 18:15,8916.752
2025-06-05 18:30,8916.766
2025-06-05 18:45,8916.766
2025-06-05 19:00,8916.766
2025-06-05 19:15,8916.766
2025-06-05 19:30,8916.766
2025-06-05 19:45,8916.814
2025-06-05 20:00,8916.816
2025-06-05 20:15,8916.816
2025-06-05 20:30,8916.816
2025-06-05 20:45,8916.816
2025-06-05 21:00,8916.816
2025-06-05 21:15,8916.816
2025-06-05 21:30,8916.816
2025-06-05 21:45,8916.845
2025-06-05 22:00,8916.845
2025-06-05 22:15,8916.845
2025-06-05 22:30,8916.845
2025-06-05 22:45,8916.845
2025-06-05 23:00,8916.845
2025-06-05 23:15,8916.845
2025-06-05 23:30,8916.893
2025-06-05 23:45,8916.893
2025-06-06 00:00,8916.893
2025-06-06 00:15,8916.893
2025-06-06 00:30,8916.893
2025-06-06 00:45,8916.893
2025-06-06 01:00,8916.893
2025-06-06 01:15,8916.893
2025-06-06 01:30,8916.893
2025-06-06 01:45,8916.893
2025-06-06 02:00,8916.921
2025-06-06 02:15,8916.921
2025-06-06 02:30,8916.921
2025-06-06 02:45,8916.921
2025-06-06 03:00,8916.921
2025-06-06 03:15,8916.921
2025-06-06 03:30,8916.968
2025-06-06 03:45,8916.968
2025-06-06 04:00,8916.968
2025-06-06 04:15,8916.968
2025-06-06 04:30,8916.968
2025-06-06 04:45,8916.968
2025-06-06 05:00,8916.968
2025-06-06 05:15,8916.968
2025-06-06 05:30,8916.997
2025-06-06 05:45,8916.997
2025-06-06 06:00,8916.997
2025-06-06 06:15,8916.997
2025-06-06 06:30,8916.997
2025-06-06 06:45,8916.997
2025-06-06 07:00,8917.044
2025-06-06 07:15,8917.044
2025-06-06 07:30,8917.044
2025-06-06 07:45,8917.164
2025-06-06 08:00,8917.164
2025-06-06 08:15,8917.164
2025-06-06 08:30,8917.164
2025-06-06 08:45,8917.164
2025-06-06 09:00,8917.164
2025-06-06 09:15,8917.319
2025-06-06 09:30,8917.319
2025-06-06 09:45,8917.319
2025-06-06 10:00,8917.319
2025-06-06 10:15,8917.319
2025-06-06 10:30,8917.319
2025-06-06 10:45,8917.319
2025-06-06 11:00,8917.319
2025-06-06 11:15,8917.319
2025-06-06 11:30,8917.319
2025-06-06 11:45,8917.319
2025-06-06 12:00,8917.358
2025-06-06 12:15,8917.358
2025-06-06 12:30,8917.358
2025-06-06 12:45,8917.384
2025-06-06 13:00,8917.387
2025-06-06 13:15,8917.387
2025-06-06 13:30,8917.389
2025-06-06 13:45,8917.433
2025-06-06 14:00,8917.436
2025-06-06 14:15,8917.436
2025-06-06 14:30,8917.489
2025-06-06 14:45,8917.489
2025-06-06 15:00,8917.489
2025-06-06 15:15,8917.489
2025-06-06 15:30,8917.489
2025-06-06 15:45,8917.489
2025-06-06 16:00,8917.489
2025-06-06 16:15,8917.489
2025-06-06 16:30,8917.518
2025-06-06 16:45,8917.518
2025-06-06 17:00,8917.518
2025-06-06 17:15,8917.518
2025-06-06 17:30,8917.541
2025-06-06 17:45,8917.636
2025-06-06 18:00,8917.645
2025-06-06 18:15,8917.693
2025-06-06 18:30,8917.693
2025-06-06 18:45,8917.693
2025-06-06 19:00,8917.693
2025-06-06 19:15,8917.693
2025-06-06 19:30,8917.693
2025-06-06 19:45,8917.693
2025-06-06 20:00,8917.693
2025-06-06 20:15,8917.693
2025-06-06 20:30,8917.722
2025-06-06 20:45,8917.722
2025-06-06 21:00,8917.722
2025-06-06 21:15,8917.722
2025-06-06 21:30,8917.722
2025-06-06 21:45,8917.722
2025-06-06 22:00,8917.770
2025-06-06 22:15,8917.770
2025-06-06 22:30,8917.770
2025-06-06 22:45,8917.770
2025-06-06 23:00,8917.770
2025-06-06 23:15,8917.770
2025-06-06 23:30,8917.770
2025-06-06 23:45,8917.770
2025-06-07 00:00,8917.770
2025-06-07 00:15,8917.799
2025-06-07 00:30,8917.799
2025-06-07 00:45,8917.799
2025-06-07 01:00,8917.799
2025-06-07 01:15,8917.799
2025-06-07 01:30,8917.799
2025-06-07 01:45,8917.845
2025-06-07 02:00,8917.845
2025-06-07 02:15,8917.845
2025-06-07 02:30,8917.845
2025-06-07 02:45,8917.845
2025-06-07 03:00,8917.845
2025-06-07 03:15,8917.845
2025-06-07 03:30,8917.845
2025-06-07 03:45,8917.873
2025-06-07 04:00,8917.873
2025-06-07 04:15,8917.873
2025-06-07 04:30,8917.873
2025-06-07 04:45,8917.873
2025-06-07 05:00,8917.873
2025-06-07 05:15,8917.873
2025-06-07 05:30,8917.920
2025-06-07 05:45,8917.920
2025-06-07 06:00,8917.920
2025-06-07 06:15,8917.920
2025-06-07 06:30,8917.920
2025-06-07 06:45,8917.920
2025-06-07 07:00,8917.920
2025-06-07 07:15,8917.920
2025-06-07 07:30,8917.948
2025-06-07 07:45,8917.948
2025-06-07 08:00,8917.948
2025-06-07 08:15,8917.948
2025-06-07 08:30,8917.948
2025-06-07 08:45,8917.948
2025-06-07 09:00,8917.995
2025-06-07 09:15,8918.010
2025-06-07 09:30,8918.233
2025-06-07 09:45,8918.287
2025-06-07 10:00,8918.287
2025-06-07 10:15,8918.287
2025-06-07 10:30,8918.331
2025-06-07 10:45,8918.331
2025-06-07 11:00,8918.387
2025-06-07 11:15,8918.387
2025-06-07 11:30,8918.387
2025-06-07 11:45,8918.480
2025-06-07 12:00,8918.983
2025-06-07 12:15,8918.983
2025-06-07 12:30,8918.983
2025-06-07 12:45,8918.983
2025-06-07 13:00,8918.983
2025-06-07 13:15,8918.983
2025-06-07 13:30,8918.983
2025-06-07 13:45,8918.983
2025-06-07 14:00,8919.011
2025-06-07 14:15,8919.011
2025-06-07 14:30,8919.011
2025-06-07 14:45,8919.011
2025-06-07 15:00,8919.011
2025-06-07 15:15,8919.011
2025-06-07 15:30,8919.058
2025-06-07 15:45,8919.058
2025-06-07 16:00,8919.058
2025-06-07 16:15,8919.058
2025-06-07 16:30,8919.058
2025-06-07 16:45,8919.058
2025-06-07 17:00,8919.058
2025-06-07 17:15,8919.058
2025-06-07 17:30,8919.088
2025-06-07 17:45,8919.088
2025-06-07 18:00,8919.088
2025-06-07 18:15,8919.088
2025-06-07 18:30,8919.088
2025-06-07 18:45,8919.088
2025-06-07 19:00,8919.136
2025-06-07 19:15,8919.136
2025-06-07 19:30,8919.359
2025-06-07 19:45,8919.359
2025-06-07 20:00,8919.359
2025-06-07 20:15,8919.359
2025-06-07 20:30,8919.359
2025-06-07 20:45,8919.359
2025-06-07 21:00,8919.740
2025-06-07 21:15,8920.084
2025-06-07 21:30,8920.084
2025-06-07 21:45,8920.084
2025-06-07 22:00,8920.084
2025-06-07 22:15,8920.084
2025-06-07 22:30,8920.084
2025-06-07 22:45,8920.084
2025-06-07 23:00,8920.084
2025-06-07 23:15,8920.084
2025-06-07 23:30,8920.117
2025-06-07 23:45,8920.117
2025-06-08 00:00,8920.117
2025-06-08 00:15,8920.117
2025-06-08 00:30,8920.117
2025-06-08 00:45,8920.117
2025-06-08 01:00,8920.153
2025-06-08 01:15,8920.153
2025-06-08 01:30,8920.153
2025-06-08 01:45,8920.153
2025-06-08 02:00,8920.153
2025-06-08 02:15,8920.153
2025-06-08 02:30,8920.153
2025-06-08 02:45,8920.153
2025-06-08 03:00,8920.186
2025-06-08 03:15,8920.186
2025-06-08 03:30,8920.186
2025-06-08 03:45,8920.186
2025-06-08 04:00,8920.186
2025-06-08 04:15,8920.186
2025-06-08 04:30,8920.227
2025-06-08 04:45,8920.227
2025-06-08 05:00,8920.227
2025-06-08 05:15,8920.227
2025-06-08 05:30,8920.227
2025-06-08 05:45,8920.227
2025-06-08 06:00,8920.227
2025-06-08 06:15,8920.227
2025-06-08 06:30,8920.227
2025-06-08 06:45,8920.260
2025-06-08 07:00,8920.260
2025-06-08 07:15,8920.260
2025-06-08 07:30,8920.260
2025-06-08 07:45,8920.260
2025-06-08 08:00,8920.260
2025-06-08 08:15,8920.302
2025-06-08 08:30,8920.302
2025-06-08 08:45,8920.302
2025-06-08 09:00,8920.379
2025-06-08 09:15,8920.379
2025-06-08 09:30,8920.492
2025-06-08 09:45,8920.567
2025-06-08 10:00,8920.635
2025-06-08 10:15,8920.635
2025-06-08 10:30,8920.700
2025-06-08 10:45,8920.700
2025-06-08 11:00,8920.700
2025-06-08 11:15,8920.700
2025-06-08 11:30,8920.700
2025-06-08 11:45,8920.739
2025-06-08 12:00,8920.760
2025-06-08 12:15,8920.760
2025-06-08 12:30,8920.760
2025-06-08 12:45,8920.760
2025-06-08 13:00,8920.817
2025-06-08 13:15,8920.817
2025-06-08 13:30,8920.817
2025-06-08 13:45,8920.817
2025-06-08 14:00,8920.817
2025-06-08 14:15,8920.817
2025-06-08 14:30,8920.817
2025-06-08 14:45,8920.878
2025-06-08 15:00,8920.879
2025-06-08 15:15,8920.923
2025-06-08 15:30,8920.965
2025-06-08 15:45,8920.965
2025-06-08 16:00,8920.965
2025-06-08 16:15,8920.965
2025-06-08 16:30,8920.965
2025-06-08 16:45,8920.989
2025-06-08 17:00,8921.019
2025-06-08 17:15,8921.019
2025-06-08 17:30,8921.084
2025-06-08 17:45,8921.084
2025-06-08 18:00,8921.084
2025-06-08 18:15,8921.084
2025-06-08 18:30,8921.084
2025-06-08 18:45,8921.084
2025-06-08 19:00,8921.084
2025-06-08 19:15,8921.084
2025-06-08 19:30,8921.123
2025-06-08 19:45,8921.123
2025-06-08 20:00,8921.123
2025-06-08 20:15,8921.123
2025-06-08 20:30,8921.123
2025-06-08 20:45,8921.213
2025-06-08 21:00,8921.213
2025-06-08 21:15,8921.213
2025-06-08 21:30,8921.213
2025-06-08 21:45,8921.213
2025-06-08 22:00,8921.235
2025-06-08 22:15,8921.259
2025-06-08 22:30,8921.259
2025-06-08 22:45,8921.259
2025-06-08 23:00,8921.259
2025-06-08 23:15,8921.259
2025-06-08 23:30,8921.259
2025-06-08 23:45,8921.259
2025-06-09 00:00,8921.259
2025-06-09 00:15,8921.259
2025-06-09 00:30,8921.259
2025-06-09 00:45,8921.301
2025-06-09 01:00,8921.308
2025-06-09 01:15,8921.308
2025-06-09 01:30,8921.308
2025-06-09 01:45,8921.308
2025-06-09 02:00,8921.308
2025-06-09 02:15,8921.308
2025-06-09 02:30,8921.308
2025-06-09 02:45,8921.308
2025-06-09 03:00,8921.308
2025-06-09 03:15,8921.340
2025-06-09 03:30,8921.340
2025-06-09 03:45,8921.414
2025-06-09 04:00,8921.414
2025-06-09 04:15,8921.414
2025-06-09 04:30,8921.531
2025-06-09 04:45,8921.531
2025-06-09 05:00,8921.531
2025-06-09 05:15,8921.586
2025-06-09 05:30,8921.586
2025-06-09 05:45,8921.586
2025-06-09 06:00,8921.586
2025-06-09 06:15,8921.586
2025-06-09 06:30,8921.646
2025-06-09 06:45,8921.646
2025-06-09 07:00,8921.685
2025-06-09 07:15,8921.685
2025-06-09 07:30,8921.685
2025-06-09 07:45,8921.685
2025-06-09 08:00,8921.720
2025-06-09 08:15,8921.720
2025-06-09 08:30,8921.720
2025-06-09 08:45,8921.720
2025-06-09 09:00,8921.878
2025-06-09 09:15,8921.878
2025-06-09 09:30,8921.956
2025-06-09 09:45,8921.956
2025-06-09 10:00,8921.956
2025-06-09 10:15,8921.956
2025-06-09 10:30,8922.117
2025-06-09 10:45,8922.117
2025-06-09 11:00,8922.117
2025-06-09 11:15,8922.319
2025-06-09 11:30,8922.319
2025-06-09 11:45,8922.319
2025-06-09 12:00,8922.319
2025-06-09 12:15,8922.319
2025-06-09 12:30,8922.319
2025-06-09 12:45,8922.319
2025-06-09 13:00,8922.319
2025-06-09 13:15,8922.319
2025-06-09 13:30,8922.319
2025-06-09 13:45,8922.319
2025-06-09 14:00,8922.319
2025-06-09 14:15,8922.366
2025-06-09 14:30,8922.366
2025-06-09 14:45,8922.366
2025-06-09 15:00,8922.366
2025-06-09 15:15,8922.366
2025-06-09 15:30,8922.366
2025-06-09 15:45,8922.366
2025-06-09 16:00,8922.366
2025-06-09 16:15,8922.366
2025-06-09 16:30,8922.591
2025-06-09 16:45,8922.737
2025-06-09 17:00,8922.737
2025-06-09 17:15,8922.737
2025-06-09 17:30,8922.737
2025-06-09 17:45,8922.737
2025-06-09 18:00,8922.737
2025-06-09 18:15,8922.737
2025-06-09 18:30,8922.737
2025-06-09 18:45,8922.737
2025-06-09 19:00,8922.769
2025-06-09 19:15,8922.769
2025-06-09 19:30,8922.769
2025-06-09 19:45,8922.769
2025-06-09 20:00,8922.769
2025-06-09 20:15,8922.805
2025-06-09 20:30,8922.805
2025-06-09 20:45,8922.805
2025-06-09 21:00,8922.805
2025-06-09 21:15,8922.805
2025-06-09 21:30,8922.805
2025-06-09 21:45,8922.827
2025-06-09 22:00,8922.844
2025-06-09 22:15,8922.844
2025-06-09 22:30,8922.844
2025-06-09 22:45,8922.844
2025-06-09 23:00,8922.844
2025-06-09 23:15,8922.844
2025-06-09 23:30,8922.887
2025-06-09 23:45,8922.887
2025-06-10 00:00,8922.887
2025-06-10 00:15,8922.887
2025-06-10 00:30,8922.887
2025-06-10 00:45,8922.887
2025-06-10 01:00,8922.887
2025-06-10 01:15,8922.887
2025-06-10 01:30,8922.887
2025-06-10 01:45,8922.887
2025-06-10 02:00,8922.919
2025-06-10 02:15,8922.919
2025-06-10 02:30,8922.919
2025-06-10 02:45,8922.919
2025-06-10 03:00,8922.919
2025-06-10 03:15,8922.954
2025-06-10 03:30,8922.954
2025-06-10 03:45,8922.954
2025-06-10 04:00,8922.954
2025-06-10 04:15,8922.954
2025-06-10 04:30,8922.954
2025-06-10 04:45,8922.983
2025-06-10 05:00,8922.983
2025-06-10 05:15,8922.983
2025-06-10 05:30,8922.983
2025-06-10 05:45,8922.983
2025-06-10 06:00,8922.983
2025-06-10 06:15,8922.983
2025-06-10 06:30,8923.027
2025-06-10 06:45,8923.027
2025-06-10 07:00,8923.027
2025-06-10 07:15,8923.101
2025-06-10 07:30,8923.101
2025-06-10 07:45,8923.101
2025-06-10 08:00,8923.166
2025-06-10 08:15,8923.166
2025-06-10 08:30,8923.166
2025-06-10 08:45,8923.278
2025-06-10 09:00,8923.278
2025-06-10 09:15,8923.609
2025-06-10 09:30,8923.609
2025-06-10 09:45,8923.609
2025-06-10 10:00,8923.609
2025-06-10 10:15,8923.609
2025-06-10 10:30,8923.609
2025-06-10 10:45,8923.609
2025-06-10 11:00,8923.609
2025-06-10 11:15,8923.609
2025-06-10 11:30,8923.641
2025-06-10 11:45,8923.641
2025-06-10 12:00,8923.641
2025-06-10 12:15,8923.641
2025-06-10 12:30,8923.641
2025-06-10 12:45,8923.677
2025-06-10 13:00,8923.677
2025-06-10 13:15,8923.677
2025-06-10 13:30,8923.677
2025-06-10 13:45,8923.677
2025-06-10 14:00,8923.677
2025-06-10 14:15,8923.706
2025-06-10 14:30,8923.706
2025-06-10 14:45,8923.706
2025-06-10 15:00,8923.706
2025-06-10 15:15,8923.706
2025-06-10 15:30,8923.706
2025-06-10 15:45,8923.709
2025-06-10 16:00,8923.748
2025-06-10 16:15,8923.748
2025-06-10 16:30,8923.748
2025-06-10 16:45,8923.748
2025-06-10 17:00,8923.748
2025-06-10 17:15,8923.748
2025-06-10 17:30,8923.748
2025-06-10 17:45,8923.748
2025-06-10 18:00,8923.781
2025-06-10 18:15,8923.781
2025-06-10 18:30,8923.781
2025-06-10 18:45,8923.781
2025-06-10 19:00,8923.781
2025-06-10 19:15,8923.781
2025-06-10 19:30,8923.821
2025-06-10 19:45,8923.821
2025-06-10 20:00,8923.821
2025-06-10 20:15,8923.821
2025-06-10 20:30,8923.821
2025-06-10 20:45,8923.821
2025-06-10 21:00,8923.821
2025-06-10 21:15,8923.821
2025-06-10 21:30,8923.852
2025-06-10 21:45,8923.852
2025-06-10 22:00,8923.852
2025-06-10 22:15,8923.852
2025-06-10 22:30,8923.917
2025-06-10 22:45,8923.917
2025-06-10 23:00,8923.917
2025-06-10 23:15,8923.917
2025-06-10 23:30,8923.917
2025-06-10 23:45,8923.917
2025-06-11 00:00,8923.917
2025-06-11 00:15,8923.917
2025-06-11 00:30,8923.917
2025-06-11 00:45,8923.917
2025-06-11 01:00,8923.917
2025-06-11 01:15,8923.917
2025-06-11 01:30,8923.917
2025-06-11 01:45,8923.917
2025-06-11 02:00,8923.917
2025-06-11 02:15,8923.917
2025-06-11 02:30,8923.917
2025-06-11 02:45,8923.917
2025-06-11 03:00,8923.917
2025-06-11 03:15,8923.917
2025-06-11 03:30,8923.917
2025-06-11 03:45,8923.917
2025-06-11 04:00,8923.917
2025-06-11 04:15,8923.917
2025-06-11 04:30,8923.917
2025-06-11 04:45,8923.979
2025-06-11 05:00,8923.979
2025-06-11 05:15,8923.979
2025-06-11 05:30,8923.979
2025-06-11 05:45,8923.979
2025-06-11 06:00,8923.979
2025-06-11 06:15,8923.979
2025-06-11 06:30,8923.979
2025-06-11 06:45,8923.979
2025-06-11 07:00,8923.979
2025-06-11 07:15,8924.036
2025-06-11 07:30,8924.036
2025-06-11 07:45,8924.097
2025-06-11 08:00,8924.097
2025-06-11 08:15,8924.167
2025-06-11 08:30,8924.317
2025-06-11 08:45,8924.317
2025-06-11 09:00,8924.389
2025-06-11 09:15,8924.389
2025-06-11 09:30,8924.389
2025-06-11 09:45,8924.467
2025-06-11 10:00,8924.495
2025-06-11 10:15,8924.527
2025-06-11 10:30,8924.597
2025-06-11 10:45,8924.597
2025-06-11 11:00,8924.597
2025-06-11 11:15,8924.649
2025-06-11 11:30,8924.649
2025-06-11 11:45,8924.649
2025-06-11 12:00,8924.649
2025-06-11 12:15,8924.649
2025-06-11 12:30,8924.649
2025-06-11 12:45,8924.649
2025-06-11 13:00,8924.710
2025-06-11 13:15,8924.710
2025-06-11 13:30,8924.710
2025-06-11 13:45,8924.823
2025-06-11 14:00,8924.823
2025-06-11 14:15,8924.823
2025-06-11 14:30,8924.823
2025-06-11 14:45,8924.823
2025-06-11 15:00,8924.823
2025-06-11 15:15,8924.823
2025-06-11 15:30,8924.878
2025-06-11 15:45,8924.886
2025-06-11 16:00,8924.886
2025-06-11 16:15,8924.886
2025-06-11 16:30,8924.923
2025-06-11 16:45,8925.045
2025-06-11 17:00,8925.045
2025-06-11 17:15,8925.045
2025-06-11 17:30,8925.045
2025-06-11 17:45,8925.045
2025-06-11 18:00,8925.045
2025-06-11 18:15,8925.045
2025-06-11 18:30,8925.045
2025-06-11 18:45,8925.095
2025-06-11 19:00,8925.095
2025-06-11 19:15,8925.095
2025-06-11 19:30,8925.095
2025-06-11 19:45,8925.095
2025-06-11 20:00,8925.095
2025-06-11 20:15,8925.095
2025-06-11 20:30,8925.095
2025-06-11 20:45,8925.095
2025-06-11 21:00,8925.167
2025-06-11 21:15,8925.557
2025-06-11 21:30,8925.557
2025-06-11 21:45,8925.557
2025-06-11 22:00,8925.557
2025-06-11 22:15,8925.557
2025-06-11 22:30,8925.557
2025-06-11 22:45,8925.557
2025-06-11 23:00,8925.557
2025-06-11 23:15,8925.557
2025-06-11 23:30,8925.557
2025-06-11 23:45,8925.589
2025-06-12 00:00,8925.596
2025-06-12 00:15,8925.596
2025-06-12 00:30,8925.596
2025-06-12 00:45,8925.621
2025-06-12 01:00,8925.621
2025-06-12 01:15,8925.621
2025-06-12 01:30,8925.621
2025-06-12 01:45,8925.621
2025-06-12 02:00,8925.621
2025-06-12 02:15,8925.621
2025-06-12 02:30,8925.639
2025-06-12 02:45,8925.659
2025-06-12 03:00,8925.659
2025-06-12 03:15,8925.659
2025-06-12 03:30,8925.659
2025-06-12 03:45,8925.659
2025-06-12 04:00,8925.685
2025-06-12 04:15,8925.685
2025-06-12 04:30,8925.685
2025-06-12 04:45,8925.685
2025-06-12 05:00,8925.685
2025-06-12 05:15,8925.685
2025-06-12 05:30,8925.685
2025-06-12 05:45,8925.685
2025-06-12 06:00,8925.730
2025-06-12 06:15,8925.730
2025-06-12 06:30,8925.730
2025-06-12 06:45,8925.730
2025-06-12 07:00,8925.730
2025-06-12 07:15,8925.730
2025-06-12 07:30,8925.730
2025-06-12 07:45,8925.730
2025-06-12 08:00,8925.730
2025-06-12 08:15,8925.730
2025-06-12 08:30,8925.762
2025-06-12 08:45,8925.930
2025-06-12 09:00,8925.937
2025-06-12 09:15,8925.937
2025-06-12 09:30,8925.937
2025-06-12 09:45,8925.982
2025-06-12 10:00,8925.982
2025-06-12 10:15,8925.982
2025-06-12 10:30,8925.982
2025-06-12 10:45,8925.982
2025-06-12 11:00,8926.010
2025-06-12 11:15,8926.010
2025-06-12 11:30,8926.010
2025-06-12 11:45,8926.010
2025-06-12 12:00,8926.010
2025-06-12 12:15,8926.010
2025-06-12 12:30,8926.010
2025-06-12 12:45,8926.010
2025-06-12 13:00,8926.054
2025-06-12 13:15,8926.054
2025-06-12 13:30,8926.054
2025-06-12 13:45,8926.054
2025-06-12 14:00,8926.054
2025-06-12 14:15,8926.054
2025-06-12 14:30,8926.054
2025-06-12 14:45,8926.054
2025-06-12 15:00,8926.054
2025-06-12 15:15,8926.054
2025-06-12 15:30,8926.054
2025-06-12 15:45,8926.086
2025-06-12 16:00,8926.086
2025-06-12 16:15,8926.086
2025-06-12 16:30,8926.086
2025-06-12 16:45,8926.090
2025-06-12 17:00,8926.115
2025-06-12 17:15,8926.115
2025-06-12 17:30,8926.115
2025-06-12 17:45,8926.389
2025-06-12 18:00,8926.389
2025-06-12 18:15,8926.389
2025-06-12 18:30,8926.389
2025-06-12 18:45,8926.389
2025-06-12 19:00,8926.430
2025-06-12 19:15,8926.557
2025-06-12 19:30,8926.557
2025-06-12 19:45,8926.557
2025-06-12 20:00,8926.557
2025-06-12 20:15,8926.557
2025-06-12 20:30,8926.557
2025-06-12 20:45,8926.557
2025-06-12 21:00,8926.557
2025-06-12 21:15,8926.613
2025-06-12 21:30,8926.613
2025-06-12 21:45,8926.613
2025-06-12 22:00,8926.613
2025-06-12 22:15,8926.613
2025-06-12 22:30,8926.613
2025-06-12 22:45,8926.613
2025-06-12 23:00,8926.613
2025-06-12 23:15,8926.613
2025-06-12 23:30,8926.613
2025-06-12 23:45,8926.613
2025-06-13 00:00,8926.613
2025-06-13 00:15,8926.658
2025-06-13 00:30,8926.658
2025-06-13 00:45,8926.658
2025-06-13 01:00,8926.658
2025-06-13 01:15,8926.658
2025-06-13 01:30,8926.658
2025-06-13 01:45,8926.658
2025-06-13 02:00,8926.658
2025-06-13 02:15,8926.658
2025-06-13 02:30,8926.686
2025-06-13 02:45,8926.686
2025-06-13 03:00,8926.686
2025-06-13 03:15,8926.686
2025-06-13 03:30,8926.686
2025-06-13 03:45,8926.686
2025-06-13 04:00,8926.727
2025-06-13 04:15,8926.727
2025-06-13 04:30,8926.727
2025-06-13 04:45,8926.727
2025-06-13 05:00,8926.727
2025-06-13 05:15,8926.727
2025-06-13 05:30,8926.727
2025-06-13 05:45,8926.727
2025-06-13 06:00,8926.727
2025-06-13 06:15,8926.727
2025-06-13 06:30,8926.727
2025-06-13 06:45,8926.760
2025-06-13 07:00,8926.760
2025-06-13 07:15,8926.760
2025-06-13 07:30,8926.760
2025-06-13 07:45,8926.760
2025-06-13 08:00,8926.794
2025-06-13 08:15,8926.794
2025-06-13 08:30,8926.794
2025-06-13 08:45,8926.903
2025-06-13 09:00,8926.903
2025-06-13 09:15,8926.903
2025-06-13 09:30,8926.903
2025-06-13 09:45,8926.903
2025-06-13 10:00,8926.903
2025-06-13 10:15,8926.952
2025-06-13 10:30,8926.952
2025-06-13 10:45,8926.952
2025-06-13 11:00,8926.952
2025-06-13 11:15,8926.952
2025-06-13 11:30,8926.952
2025-06-13 11:45,8926.952
2025-06-13 12:00,8926.952
2025-06-13 12:15,8926.952
2025-06-13 12:30,8926.952
2025-06-13 12:45,8926.952
2025-06-13 13:00,8926.952
2025-06-13 13:15,8926.967
2025-06-13 13:30,8926.998
2025-06-13 13:45,8926.998
2025-06-13 14:00,8926.998
2025-06-13 14:15,8926.998
2025-06-13 14:30,8926.998
2025-06-13 14:45,8926.998
2025-06-13 15:00,8926.998
2025-06-13 15:15,8926.998
2025-06-13 15:30,8926.998
2025-06-13 15:45,8926.998
2025-06-13 16:00,8926.998
2025-06-13 16:15,8927.030
2025-06-13 16:30,8927.030
2025-06-13 16:45,8927.030
2025-06-13 17:00,8927.030
2025-06-13 17:15,8927.030
2025-06-13 17:30,8927.030
2025-06-13 17:45,8927.056
2025-06-13 18:00,8927.056
2025-06-13 18:15,8927.056
2025-06-13 18:30,8927.056
2025-06-13 18:45,8927.056
2025-06-13 19:00,8927.056
2025-06-13 19:15,8927.056
2025-06-13 19:30,8927.208
2025-06-13 19:45,8927.339
2025-06-13 20:00,8927.426
2025-06-13 20:15,8927.544
2025-06-13 20:30,8927.544
2025-06-13 20:45,8927.544
2025-06-13 21:00,8927.544
2025-06-13 21:15,8927.544
2025-06-13 21:30,8927.544
2025-06-13 21:45,8927.544
2025-06-13 22:00,8927.544
2025-06-13 22:15,8927.544
2025-06-13 22:30,8927.544
2025-06-13 22:45,8927.544
2025-06-13 23:00,8927.575
2025-06-13 23:15,8927.575
2025-06-13 23:30,8927.575
2025-06-13 23:45,8927.575
2025-06-14 00:00,8927.575
2025-06-14 00:15,8927.575
2025-06-14 00:30,8927.608
2025-06-14 00:45,8927.608
2025-06-14 01:00,8927.608
2025-06-14 01:15,8927.608
2025-06-14 01:30,8927.608
2025-06-14 01:45,8927.608
2025-06-14 02:00,8927.608
2025-06-14 02:15,8927.635
2025-06-14 02:30,8927.635
2025-06-14 02:45,8927.635
2025-06-14 03:00,8927.635
2025-06-14 03:15,8927.635
2025-06-14 03:30,8927.635
2025-06-14 03:45,8927.635
2025-06-14 04:00,8927.678
2025-06-14 04:15,8927.678
2025-06-14 04:30,8927.678
2025-06-14 04:45,8927.678
2025-06-14 05:00,8927.678
2025-06-14 05:15,8927.678
2025-06-14 05:30,8927.678
2025-06-14 05:45,8927.678
2025-06-14 06:00,8927.678
2025-06-14 06:15,8927.709
2025-06-14 06:30,8927.709
2025-06-14 06:45,8927.709
2025-06-14 07:00,8927.709
2025-06-14 07:15,8927.709
2025-06-14 07:30,8927.709
2025-06-14 07:45,8927.746
2025-06-14 08:00,8927.746
2025-06-14 08:15,8927.746
2025-06-14 08:30,8927.746
2025-06-14 08:45,8927.746
2025-06-14 09:00,8927.782
2025-06-14 09:15,8927.782
2025-06-14 09:30,8927.782
2025-06-14 09:45,8927.782
2025-06-14 10:00,8927.782
2025-06-14 10:15,8927.864
2025-06-14 10:30,8927.864
2025-06-14 10:45,8927.864
2025-06-14 11:00,8927.864
2025-06-14 11:15,8927.864
2025-06-14 11:30,8927.864
2025-06-14 11:45,8927.864
2025-06-14 12:00,8927.864
2025-06-14 12:15,8927.864
2025-06-14 12:30,8927.864
2025-06-14 12:45,8927.864
2025-06-14 13:00,8927.892
2025-06-14 13:15,8927.906
2025-06-14 13:30,8927.906
2025-06-14 13:45,8927.906
2025-06-14 14:00,8927.906
2025-06-14 14:15,8927.906
2025-06-14 14:30,8927.906
2025-06-14 14:45,8927.906
2025-06-14 15:00,8927.906
2025-06-14 15:15,8927.931
2025-06-14 15:30,8927.931
2025-06-14 15:45,8927.931
2025-06-14 16:00,8927.931
2025-06-14 16:15,8927.954
2025-06-14 16:30,8927.963
2025-06-14 16:45,8927.963
2025-06-14 17:00,8928.005
2025-06-14 17:15,8928.005
2025-06-14 17:30,8928.005
2025-06-14 17:45,8928.005
2025-06-14 18:00,8928.352
2025-06-14 18:15,8928.878
2025-06-14 18:30,8928.878
2025-06-14 18:45,8928.878
2025-06-14 19:00,8928.909
2025-06-14 19:15,8929.135
2025-06-14 19:30,8929.135
2025-06-14 19:45,8929.135
2025-06-14 20:00,8929.135
2025-06-14 20:15,8929.135
2025-06-14 20:30,8929.135
2025-06-14 20:45,8929.135
2025-06-14 21:00,8929.135
2025-06-14 21:15,8929.135
2025-06-14 21:30,8929.283
2025-06-14 21:45,8929.296
2025-06-14 22:00,8929.549
2025-06-14 22:15,8929.688
2025-06-14 22:30,8929.688
2025-06-14 22:45,8929.688
2025-06-14 23:00,8929.688
2025-06-14 23:15,8929.688
2025-06-14 23:30,8929.688
2025-06-14 23:45,8929.688
2025-06-15 00:00,8929.688
2025-06-15 00:15,8929.688
2025-06-15 00:30,8929.688
2025-06-15 00:45,8929.719
2025-06-15 01:00,8929.719
2025-06-15 01:15,8929.719
2025-06-15 01:30,8929.719
2025-06-15 01:45,8929.719
2025-06-15 02:00,8929.719
2025-06-15 02:15,8929.753
2025-06-15 02:30,8929.753
2025-06-15 02:45,8929.753
2025-06-15 03:00,8929.753
2025-06-15 03:15,8929.753
2025-06-15 03:30,8929.753
2025-06-15 03:45,8929.781
2025-06-15 04:00,8929.781
2025-06-15 04:15,8929.781
2025-06-15 04:30,8929.781
2025-06-15 04:45,8929.781
2025-06-15 05:00,8929.781
2025-06-15 05:15,8929.781
2025-06-15 05:30,8929.781
2025-06-15 05:45,8929.824
2025-06-15 06:00,8929.824
2025-06-15 06:15,8929.824
2025-06-15 06:30,8929.824
2025-06-15 06:45,8929.824
2025-06-15 07:00,8929.824
2025-06-15 07:15,8929.824
2025-06-15 07:30,8929.824
2025-06-15 07:45,8929.824
2025-06-15 08:00,8929.856
2025-06-15 08:15,8929.856
2025-06-15 08:30,8929.856
2025-06-15 08:45,8929.856
2025-06-15 09:00,8929.856
2025-06-15 09:15,8929.856
2025-06-15 09:30,8929.969
2025-06-15 09:45,8929.969
2025-06-15 10:00,8929.969
2025-06-15 10:15,8929.969
2025-06-15 10:30,8929.969
2025-06-15 10:45,8929.969
2025-06-15 11:00,8929.969
2025-06-15 11:15,8929.969
2025-06-15 11:30,8929.969
2025-06-15 11:45,8929.969
2025-06-15 12:00,8929.969
2025-06-15 12:15,8930.015
2025-06-15 12:30,8930.015
2025-06-15 12:45,8930.015
2025-06-15 13:00,8930.015
2025-06-15 13:15,8930.015
2025-06-15 13:30,8930.015
2025-06-15 13:45,8930.015
2025-06-15 14:00,8930.015
2025-06-15 14:15,8930.015
2025-06-15 14:30,8930.044
2025-06-15 14:45,8930.044
2025-06-15 15:00,8930.044
2025-06-15 15:15,8930.044
2025-06-15 15:30,8930.044
2025-06-15 15:45,8930.044
2025-06-15 16:00,8930.070
2025-06-15 16:15,8930.141
2025-06-15 16:30,8930.161
2025-06-15 16:45,8930.169
2025-06-15 17:00,8930.169
2025-06-15 17:15,8930.169
2025-06-15 17:30,8930.169
2025-06-15 17:45,8930.169
2025-06-15 18:00,8930.169
2025-06-15 18:15,8930.169
2025-06-15 18:30,8930.169
2025-06-15 18:45,8930.201
2025-06-15 19:00,8930.201
2025-06-15 19:15,8930.260
2025-06-15 19:30,8930.260
2025-06-15 19:45,8930.260
2025-06-15 20:00,8930.260
2025-06-15 20:15,8930.405
2025-06-15 20:30,8930.405
2025-06-15 20:45,8930.405
2025-06-15 21:00,8930.405
2025-06-15 21:15,8930.608
2025-06-15 21:30,8930.672
2025-06-15 21:45,8930.672
2025-06-15 22:00,8930.672
2025-06-15 22:15,8930.672
2025-06-15 22:30,8930.672
2025-06-15 22:45,8930.672
2025-06-15 23:00,8930.672
2025-06-15 23:15,8930.672
2025-06-15 23:30,8930.672
2025-06-15 23:45,8930.672
2025-06-16 00:00,8930.672
2025-06-16 00:15,8930.672
2025-06-16 00:30,8930.672
2025-06-16 00:45,8930.718
2025-06-16 01:00,8930.718
2025-06-16 01:15,8930.718
2025-06-16 01:30,8930.718
2025-06-16 01:45,8930.718
2025-06-16 02:00,8930.718
2025-06-16 02:15,8930.718
2025-06-16 02:30,8930.718
2025-06-16 02:45,8930.718
2025-06-16 03:00,8930.742
2025-06-16 03:15,8930.742
2025-06-16 03:30,8930.742
2025-06-16 03:45,8930.742
2025-06-16 04:00,8930.742
2025-06-16 04:15,8930.742
2025-06-16 04:30,8930.757
2025-06-16 04:45,8930.785
2025-06-16 05:00,8930.785
2025-06-16 05:15,8930.785
2025-06-16 05:30,8930.785
2025-06-16 05:45,8930.785
2025-06-16 06:00,8930.785
2025-06-16 06:15,8930.785
2025-06-16 06:30,8930.785
2025-06-16 06:45,8930.785
2025-06-16 07:00,8930.785
2025-06-16 07:15,8930.813
2025-06-16 07:30,8930.820
2025-06-16 07:45,8930.820
2025-06-16 08:00,8930.820
2025-06-16 08:15,8930.820
2025-06-16 08:30,8930.820
2025-06-16 08:45,8930.932
2025-06-16 09:00,8930.932
2025-06-16 09:15,8930.932
2025-06-16 09:30,8930.932
2025-06-16 09:45,8930.932
2025-06-16 10:00,8930.932
2025-06-16 10:15,8930.932
2025-06-16 10:30,8930.932
2025-06-16 10:45,8930.932
2025-06-16 11:00,8930.963
2025-06-16 11:15,8930.963
2025-06-16 11:30,8930.963
2025-06-16 11:45,8931.059
2025-06-16 12:00,8931.059
2025-06-16 12:15,8931.059
2025-06-16 12:30,8931.059
2025-06-16 12:45,8931.059
2025-06-16 13:00,8931.059
2025-06-16 13:15,8931.059
2025-06-16 13:30,8931.059
2025-06-16 13:45,8931.059
2025-06-16 14:00,8931.059
2025-06-16 14:15,8931.090
2025-06-16 14:30,8931.090
2025-06-16 14:45,8931.090
2025-06-16 15:00,8931.090
2025-06-16 15:15,8931.090
2025-06-16 15:30,8931.090
2025-06-16 15:45,8931.118
2025-06-16 16:00,8931.118
2025-06-16 16:15,8931.118
2025-06-16 16:30,8931.118
2025-06-16 16:45,8931.118
2025-06-16 17:00,8931.118
2025-06-16 17:15,8931.147
2025-06-16 17:30,8931.147
2025-06-16 17:45,8931.147
2025-06-16 18:00,8931.147
2025-06-16 18:15,8931.147
2025-06-16 18:30,8931.147
2025-06-16 18:45,8931.182
2025-06-16 19:00,8931.182
2025-06-16 19:15,8931.182
2025-06-16 19:30,8931.182
2025-06-16 19:45,8931.182
2025-06-16 20:00,8931.182
2025-06-16 20:15,8931.182
2025-06-16 20:30,8931.209
2025-06-16 20:45,8931.209
2025-06-16 21:00,8931.209
2025-06-16 21:15,8931.287
2025-06-16 21:30,8931.381
2025-06-16 21:45,8931.381
2025-06-16 22:00,8931.444
2025-06-16 22:15,8931.444
2025-06-16 22:30,8931.444
2025-06-16 22:45,8931.444
2025-06-16 23:00,8931.444
2025-06-16 23:15,8931.444
2025-06-16 23:30,8931.444
2025-06-16 23:45,8931.444
2025-06-17 00:00,8931.444
2025-06-17 00:15,8931.444
2025-06-17 00:30,8931.444
2025-06-17 00:45,8931.444
2025-06-17 01:00,8931.477
2025-06-17 01:15,8931.491
2025-06-17 01:30,8931.491
2025-06-17 01:45,8931.491
2025-06-17 02:00,8931.491
2025-06-17 02:15,8931.491
2025-06-17 02:30,8931.491
2025-06-17 02:45,8931.491
2025-06-17 03:00,8931.491
2025-06-17 03:15,8931.491
2025-06-17 03:30,8931.522
2025-06-17 03:45,8931.522
2025-06-17 04:00,8931.522
2025-06-17 04:15,8931.522
2025-06-17 04:30,8931.522
2025-06-17 04:45,8931.522
2025-06-17 05:00,8931.565
2025-06-17 05:15,8931.565
2025-06-17 05:30,8931.565
2025-06-17 05:45,8931.565
2025-06-17 06:00,8931.565
2025-06-17 06:15,8931.565
2025-06-17 06:30,8931.565
2025-06-17 06:45,8931.565
2025-06-17 07:00,8931.565
2025-06-17 07:15,8931.596
2025-06-17 07:30,8931.596
2025-06-17 07:45,8931.596
2025-06-17 08:00,8932.010
2025-06-17 08:15,8932.215
2025-06-17 08:30,8932.215
2025-06-17 08:45,8932.215
2025-06-17 09:00,8932.215
2025-06-17 09:15,8932.215
2025-06-17 09:30,8932.215
2025-06-17 09:45,8932.215
2025-06-17 10:00,8932.215
2025-06-17 10:15,8932.215
2025-06-17 10:30,8932.215
2025-06-17 10:45,8932.215
2025-06-17 11:00,8932.270
2025-06-17 11:15,8932.270
2025-06-17 11:30,8932.270
2025-06-17 11:45,8932.270
2025-06-17 12:00,8932.270
2025-06-17 12:15,8932.270
2025-06-17 12:30,8932.270
2025-06-17 12:45,8932.270
2025-06-17 13:00,8932.270
2025-06-17 13:15,8932.270
2025-06-17 13:30,8932.719
2025-06-17 13:45,8933.135
2025-06-17 14:00,8933.135
2025-06-17 14:15,8933.135
2025-06-17 14:30,8933.135
2025-06-17 14:45,8933.135
2025-06-17 15:00,8933.135
2025-06-17 15:15,8933.135
2025-06-17 15:30,8933.135
2025-06-17 15:45,8933.135
2025-06-17 16:00,8933.135
2025-06-17 16:15,8933.164
2025-06-17 16:30,8933.164
2025-06-17 16:45,8933.164
2025-06-17 17:00,8933.238
2025-06-17 17:15,8933.293
2025-06-17 17:30,8933.331
2025-06-17 17:45,8933.373
2025-06-17 18:00,8933.373
2025-06-17 18:15,8933.373
2025-06-17 18:30,8933.373
2025-06-17 18:45,8933.373
2025-06-17 19:00,8933.373
2025-06-17 19:15,8933.373
2025-06-17 19:30,8933.373
2025-06-17 19:45,8933.373
2025-06-17 20:00,8933.373
2025-06-17 20:15,8933.404
2025-06-17 20:30,8933.404
2025-06-17 20:45,8933.404
2025-06-17 21:00,8933.404
2025-06-17 21:15,8933.404
2025-06-17 21:30,8933.404
2025-06-17 21:45,8933.438
2025-06-17 22:00,8933.438
2025-06-17 22:15,8933.438
2025-06-17 22:30,8933.495
2025-06-17 22:45,8933.495
2025-06-17 23:00,8933.495
2025-06-17 23:15,8933.495
2025-06-17 23:30,8933.495
2025-06-17 23:45,8933.495
2025-06-18 00:00,8933.495
2025-06-18 00:15,8933.495
2025-06-18 00:30,8933.495
2025-06-18 00:45,8933.495
2025-06-18 01:00,8933.495
2025-06-18 01:15,8933.495
2025-06-18 01:30,8933.495
2025-06-18 01:45,8933.495
2025-06-18 02:00,8933.495
2025-06-18 02:15,8933.495
2025-06-18 02:30,8933.495
2025-06-18 02:45,8933.495
2025-06-18 03:00,8933.495
2025-06-18 03:15,8933.495
2025-06-18 03:30,8933.495
2025-06-18 03:45,8933.495
2025-06-18 04:00,8933.495
2025-06-18 04:15,8933.495
2025-06-18 04:30,8933.495
2025-06-18 04:45,8933.495
2025-06-18 05:00,8933.495
2025-06-18 05:15,8933.554
2025-06-18 05:30,8933.554
2025-06-18 05:45,8933.554
2025-06-18 06:00,8933.554
2025-06-18 06:15,8933.554
2025-06-18 06:30,8933.554
2025-06-18 06:45,8933.554
2025-06-18 07:00,8933.554
2025-06-18 07:15,8933.554
2025-06-18 07:30,8933.691
2025-06-18 07:45,8933.691
2025-06-18 08:00,8933.691
2025-06-18 08:15,8933.691
2025-06-18 08:30,8933.691
2025-06-18 08:45,8933.691
2025-06-18 09:00,8933.691
2025-06-18 09:15,8933.691
2025-06-18 09:30,8933.719
2025-06-18 09:45,8933.719
2025-06-18 10:00,8933.719
2025-06-18 10:15,8933.719
2025-06-18 10:30,8933.719
2025-06-18 10:45,8933.719
2025-06-18 11:00,8933.719
2025-06-18 11:15,8933.762
2025-06-18 11:30,8933.762
2025-06-18 11:45,8933.762
2025-06-18 12:00,8933.762
2025-06-18 12:15,8933.762
2025-06-18 12:30,8933.762
2025-06-18 12:45,8933.762
2025-06-18 13:00,8933.762
2025-06-18 13:15,8933.762
2025-06-18 13:30,8933.762
2025-06-18 13:45,8933.793
2025-06-18 14:00,8933.793
2025-06-18 14:15,8933.793
2025-06-18 14:30,8933.793
2025-06-18 14:45,8933.793
2025-06-18 15:00,8933.793
2025-06-18 15:15,8933.827
2025-06-18 15:30,8933.827
2025-06-18 15:45,8933.827
2025-06-18 16:00,8933.827
2025-06-18 16:15,8933.827
2025-06-18 16:30,8933.827
2025-06-18 16:45,8933.827
2025-06-18 17:00,8933.831
2025-06-18 17:15,8933.856
2025-06-18 17:30,8933.856
2025-06-18 17:45,8933.856
2025-06-18 18:00,8933.856
2025-06-18 18:15,8933.978
2025-06-18 18:30,8934.214
2025-06-18 18:45,8934.363
2025-06-18 19:00,8934.363
2025-06-18 19:15,8934.448
2025-06-18 19:30,8934.448
2025-06-18 19:45,8934.448
2025-06-18 20:00,8934.448
2025-06-18 20:15,8934.448
2025-06-18 20:30,8934.448
2025-06-18 20:45,8934.448
2025-06-18 21:00,8934.448
2025-06-18 21:15,8934.448
2025-06-18 21:30,8934.479
2025-06-18 21:45,8934.501
2025-06-18 22:00,8934.501
2025-06-18 22:15,8934.501
2025-06-18 22:30,8934.501
2025-06-18 22:45,8934.501
2025-06-18 23:00,8934.501
2025-06-18 23:15,8934.501
2025-06-18 23:30,8934.501
2025-06-18 23:45,8934.722
2025-06-19 00:00,8934.990
2025-06-19 00:15,8934.990
2025-06-19 00:30,8934.990
2025-06-19 00:45,8934.990
2025-06-19 01:00,8934.990
2025-06-19 01:15,8934.990
2025-06-19 01:30,8934.990
2025-06-19 01:45,8934.990
2025-06-19 02:00,8934.990
2025-06-19 02:15,8935.014
2025-06-19 02:30,8935.014
2025-06-19 02:45,8935.014
2025-06-19 03:00,8935.014
2025-06-19 03:15,8935.014
2025-06-19 03:30,8935.014
2025-06-19 03:45,8935.057
2025-06-19 04:00,8935.057
2025-06-19 04:15,8935.057
2025-06-19 04:30,8935.057
2025-06-19 04:45,8935.057
2025-06-19 05:00,8935.057
2025-06-19 05:15,8935.057
2025-06-19 05:30,8935.057
2025-06-19 05:45,8935.057
2025-06-19 06:00,8935.057
2025-06-19 06:15,8935.057
2025-06-19 06:30,8935.089
2025-06-19 06:45,8935.089
2025-06-19 07:00,8935.089
2025-06-19 07:15,8935.089
2025-06-19 07:30,8935.089
2025-06-19 07:45,8935.089
2025-06-19 08:00,8935.117
2025-06-19 08:15,8935.117
2025-06-19 08:30,8935.158
2025-06-19 08:45,8935.204
2025-06-19 09:00,8935.204
2025-06-19 09:15,8935.204
2025-06-19 09:30,8935.204
2025-06-19 09:45,8935.204
2025-06-19 10:00,8935.236
2025-06-19 10:15,8935.236
2025-06-19 10:30,8935.236
2025-06-19 10:45,8935.236
2025-06-19 11:00,8935.236
2025-06-19 11:15,8935.262
2025-06-19 11:30,8935.262
2025-06-19 11:45,8935.262
2025-06-19 12:00,8935.262
2025-06-19 12:15,8935.262
2025-06-19 12:30,8935.262
2025-06-19 12:45,8935.262
2025-06-19 13:00,8935.294
2025-06-19 13:15,8935.294
2025-06-19 13:30,8935.294
2025-06-19 13:45,8935.294
2025-06-19 14:00,8935.294
2025-06-19 14:15,8935.294
2025-06-19 14:30,8935.321
2025-06-19 14:45,8935.321
2025-06-19 15:00,8935.321
2025-06-19 15:15,8935.321
2025-06-19 15:30,8935.321
2025-06-19 15:45,8935.321
2025-06-19 16:00,8935.321
2025-06-19 16:15,8935.357
2025-06-19 16:30,8935.361
2025-06-19 16:45,8935.361
2025-06-19 17:00,8935.398
2025-06-19 17:15,8935.446
2025-06-19 17:30,8935.477
2025-06-19 17:45,8935.477
2025-06-19 18:00,8935.477
2025-06-19 18:15,8935.477
2025-06-19 18:30,8935.495
2025-06-19 18:45,8935.506
2025-06-19 19:00,8935.506
2025-06-19 19:15,8935.506
2025-06-19 19:30,8935.576
2025-06-19 19:45,8935.769
2025-06-19 20:00,8935.769
2025-06-19 20:15,8935.769
2025-06-19 20:30,8935.769
2025-06-19 20:45,8935.769
2025-06-19 21:00,8935.769
2025-06-19 21:15,8935.769
2025-06-19 21:30,8935.769
2025-06-19 21:45,8935.825
2025-06-19 22:00,8935.833
2025-06-19 22:15,8935.833
2025-06-19 22:30,8935.833
2025-06-19 22:45,8935.833
2025-06-19 23:00,8935.833
2025-06-19 23:15,8935.833
2025-06-19 23:30,8935.833
2025-06-19 23:45,8935.833
2025-06-20 00:00,8935.833
2025-06-20 00:15,8935.833
2025-06-20 00:30,8935.833
2025-06-20 00:45,8935.833
2025-06-20 01:00,8935.865
2025-06-20 01:15,8935.879
2025-06-20 01:30,8935.879
2025-06-20 01:45,8935.879
2025-06-20 02:00,8935.879
2025-06-20 02:15,8935.879
2025-06-20 02:30,8935.879
2025-06-20 02:45,8935.879
2025-06-20 03:00,8935.879
2025-06-20 03:15,8935.879
2025-06-20 03:30,8935.879
2025-06-20 03:45,8935.911
2025-06-20 04:00,8935.911
2025-06-20 04:15,8935.911
2025-06-20 04:30,8935.911
2025-06-20 04:45,8935.911
2025-06-20 05:00,8935.911
2025-06-20 05:15,8935.945
2025-06-20 05:30,8935.945
2025-06-20 05:45,8935.945
2025-06-20 06:00,8935.945
2025-06-20 06:15,8935.945
2025-06-20 06:30,8935.945
2025-06-20 06:45,8935.973
2025-06-20 07:00,8935.973
2025-06-20 07:15,8935.973
2025-06-20 07:30,8936.256
2025-06-20 07:45,8936.256
2025-06-20 08:00,8936.256
2025-06-20 08:15,8936.256
2025-06-20 08:30,8936.256
2025-06-20 08:45,8936.256
2025-06-20 09:00,8936.256
2025-06-20 09:15,8936.256
2025-06-20 09:30,8936.256
2025-06-20 09:45,8936.256
2025-06-20 10:00,8936.256
2025-06-20 10:15,8936.288
2025-06-20 10:30,8936.288
2025-06-20 10:45,8936.288
2025-06-20 11:00,8936.288
2025-06-20 11:15,8936.288
2025-06-20 11:30,8936.288
2025-06-20 11:45,8936.320
2025-06-20 12:00,8936.320
2025-06-20 12:15,8936.320
2025-06-20 12:30,8936.320
2025-06-20 12:45,8936.320
2025-06-20 13:00,8936.320
2025-06-20 13:15,8936.320
2025-06-20 13:30,8936.425
2025-06-20 13:45,8936.425
2025-06-20 14:00,8936.425
2025-06-20 14:15,8936.425
2025-06-20 14:30,8936.425
2025-06-20 14:45,8936.445
2025-06-20 15:00,8936.468
2025-06-20 15:15,8936.468
2025-06-20 15:30,8936.468
2025-06-20 15:45,8936.468
2025-06-20 16:00,8936.468
2025-06-20 16:15,8936.468
2025-06-20 16:30,8936.468
2025-06-20 16:45,8936.468
2025-06-20 17:00,8936.488
2025-06-20 17:15,8936.490
2025-06-20 17:30,8936.490
2025-06-20 17:45,8936.525
2025-06-20 18:00,8936.632
2025-06-20 18:15,8936.636
2025-06-20 18:30,8936.636
2025-06-20 18:45,8936.636
2025-06-20 19:00,8936.636
2025-06-20 19:15,8936.636
2025-06-20 19:30,8936.636
2025-06-20 19:45,8936.636
2025-06-20 20:00,8936.636
2025-06-20 20:15,8936.636
2025-06-20 20:30,8936.636
2025-06-20 20:45,8936.770
2025-06-20 21:00,8936.779
2025-06-20 21:15,8936.779
2025-06-20 21:30,8936.779
2025-06-20 21:45,8936.779
2025-06-20 22:00,8936.779
2025-06-20 22:15,8936.779
2025-06-20 22:30,8936.779
2025-06-20 22:45,8936.779
2025-06-20 23:00,8936.779
2025-06-20 23:15,8936.779
2025-06-20 23:30,8936.779
2025-06-20 23:45,8936.827
2025-06-21 00:00,8936.827
2025-06-21 00:15,8936.827
2025-06-21 00:30,8936.827
2025-06-21 00:45,8936.827
2025-06-21 01:00,8936.827
2025-06-21 01:15,8936.827
2025-06-21 01:30,8936.827
2025-06-21 01:45,8936.827
2025-06-21 02:00,8936.827
2025-06-21 02:15,8936.853
2025-06-21 02:30,8936.853
2025-06-21 02:45,8936.853
2025-06-21 03:00,8936.853
2025-06-21 03:15,8936.853
2025-06-21 03:30,8936.853
2025-06-21 03:45,8936.889
2025-06-21 04:00,8936.896
2025-06-21 04:15,8936.896
2025-06-21 04:30,8936.896
2025-06-21 04:45,8936.896
2025-06-21 05:00,8936.896
2025-06-21 05:15,8936.896
2025-06-21 05:30,8936.896
2025-06-21 05:45,8936.896
2025-06-21 06:00,8936.896
2025-06-21 06:15,8936.896
2025-06-21 06:30,8936.896
2025-06-21 06:45,8936.928
2025-06-21 07:00,8936.928
2025-06-21 07:15,8936.928
2025-06-21 07:30,8936.928
2025-06-21 07:45,8936.928
2025-06-21 08:00,8936.955
2025-06-21 08:15,8936.955
2025-06-21 08:30,8936.955
2025-06-21 08:45,8936.955
2025-06-21 09:00,8936.955
2025-06-21 09:15,8936.955
2025-06-21 09:30,8936.955
2025-06-21 09:45,8936.984
2025-06-21 10:00,8936.984
2025-06-21 10:15,8936.984
2025-06-21 10:30,8936.984
2025-06-21 10:45,8936.984
2025-06-21 11:00,8936.984
2025-06-21 11:15,8937.011
2025-06-21 11:30,8937.011
2025-06-21 11:45,8937.011
2025-06-21 12:00,8937.011
2025-06-21 12:15,8937.011
2025-06-21 12:30,8937.049
2025-06-21 12:45,8937.049
2025-06-21 13:00,8937.049
2025-06-21 13:15,8937.049
2025-06-21 13:30,8937.049
2025-06-21 13:45,8937.057
2025-06-21 14:00,8937.076
2025-06-21 14:15,8937.076
2025-06-21 14:30,8937.076
2025-06-21 14:45,8937.076
2025-06-21 15:00,8937.076
2025-06-21 15:15,8937.076
2025-06-21 15:30,8937.104
2025-06-21 15:45,8937.104
2025-06-21 16:00,8937.104
2025-06-21 16:15,8937.104
2025-06-21 16:30,8937.104
2025-06-21 16:45,8937.104
2025-06-21 17:00,8937.104
2025-06-21 17:15,8937.132
2025-06-21 17:30,8937.132
2025-06-21 17:45,8937.132
2025-06-21 18:00,8937.132
2025-06-21 18:15,8937.132
2025-06-21 18:30,8937.132
2025-06-21 18:45,8937.153
2025-06-21 19:00,8937.160
2025-06-21 19:15,8937.162
2025-06-21 19:30,8937.188
2025-06-21 19:45,8937.188
2025-06-21 20:00,8937.188
2025-06-21 20:15,8937.188
2025-06-21 20:30,8937.201
2025-06-21 20:45,8937.223
2025-06-21 21:00,8937.223
2025-06-21 21:15,8937.223
2025-06-21 21:30,8937.223
2025-06-21 21:45,8937.223
2025-06-21 22:00,8937.223
2025-06-21 22:15,8937.247
2025-06-21 22:30,8937.289
2025-06-21 22:45,8937.289
2025-06-21 23:00,8937.289
2025-06-21 23:15,8937.289
2025-06-21 23:30,8937.289
2025-06-21 23:45,8937.289
2025-06-22 00:00,8937.289
2025-06-22 00:15,8937.289
2025-06-22 00:30,8937.332
2025-06-22 00:45,8937.332
2025-06-22 01:00,8937.332
2025-06-22 01:15,8937.332
2025-06-22 01:30,8937.332
2025-06-22 01:45,8937.332
2025-06-22 02:00,8937.332
2025-06-22 02:15,8937.332
2025-06-22 02:30,8937.332
2025-06-22 02:45,8937.332
2025-06-22 03:00,8937.332
2025-06-22 03:15,8937.332
2025-06-22 03:30,8937.371
2025-06-22 03:45,8937.371
2025-06-22 04:00,8937.371
2025-06-22 04:15,8937.371
2025-06-22 04:30,8937.371
2025-06-22 04:45,8937.383
2025-06-22 05:00,8937.393
2025-06-22 05:15,8937.393
2025-06-22 05:30,8937.393
2025-06-22 05:45,8937.393
2025-06-22 06:00,8937.393
2025-06-22 06:15,8937.393
2025-06-22 06:30,8937.393
2025-06-22 06:45,8937.393
2025-06-22 07:00,8937.439
2025-06-22 07:15,8937.439
2025-06-22 07:30,8937.439
2025-06-22 07:45,8937.439
2025-06-22 08:00,8937.439
2025-06-22 08:15,8937.439
2025-06-22 08:30,8937.439
2025-06-22 08:45,8937.439
2025-06-22 09:00,8937.439
2025-06-22 09:15,8937.511
2025-06-22 09:30,8937.549
2025-06-22 09:45,8937.549
2025-06-22 10:00,8937.937
2025-06-22 10:15,8938.220
2025-06-22 10:30,8938.234
2025-06-22 10:45,8938.234
2025-06-22 11:00,8938.234
2025-06-22 11:15,8938.234
2025-06-22 11:30,8938.234
2025-06-22 11:45,8938.234
2025-06-22 12:00,8938.234
2025-06-22 12:15,8938.234
2025-06-22 12:30,8938.240
2025-06-22 12:45,8938.348
2025-06-22 13:00,8938.348
2025-06-22 13:15,8938.411
2025-06-22 13:30,8938.411
2025-06-22 13:45,8938.411
2025-06-22 14:00,8938.411
2025-06-22 14:15,8938.411
2025-06-22 14:30,8938.411
2025-06-22 14:45,8938.411
2025-06-22 15:00,8938.411
2025-06-22 15:15,8938.411
2025-06-22 15:30,8938.411
2025-06-22 15:45,8938.411
2025-06-22 16:00,8938.411
2025-06-22 16:15,8938.411
2025-06-22 16:30,8938.458
2025-06-22 16:45,8938.458
2025-06-22 17:00,8938.458
2025-06-22 17:15,8938.458
2025-06-22 17:30,8938.458
2025-06-22 17:45,8938.458
2025-06-22 18:00,8938.458
2025-06-22 18:15,8938.458
2025-06-22 18:30,8938.458
2025-06-22 18:45,8938.458
2025-06-22 19:00,8938.489
2025-06-22 19:15,8938.489
2025-06-22 19:30,8938.489
2025-06-22 19:45,8938.489
2025-06-22 20:00,8938.489
2025-06-22 20:15,8938.489
2025-06-22 20:30,8938.523
2025-06-22 20:45,8938.523
2025-06-22 21:00,8938.523
2025-06-22 21:15,8938.523
2025-06-22 21:30,8938.523
2025-06-22 21:45,8938.523
2025-06-22 22:00,8938.523
2025-06-22 22:15,8938.523
2025-06-22 22:30,8938.523
2025-06-22 22:45,8938.554
2025-06-22 23:00,8938.554
2025-06-22 23:15,8938.554
2025-06-22 23:30,8938.554
2025-06-22 23:45,8938.554
2025-06-23 00:00,8938.554
2025-06-23 00:15,8938.554
2025-06-23 00:30,8938.593
2025-06-23 00:45,8938.593
2025-06-23 01:00,8938.593
2025-06-23 01:15,8938.593
2025-06-23 01:30,8938.593
2025-06-23 01:45,8938.593
2025-06-23 02:00,8938.593
2025-06-23 02:15,8938.593
2025-06-23 02:30,8938.593
2025-06-23 02:45,8938.624
2025-06-23 03:00,8938.624
2025-06-23 03:15,8938.624
2025-06-23 03:30,8938.624
2025-06-23 03:45,8938.624
2025-06-23 04:00,8938.624
2025-06-23 04:15,8938.657
2025-06-23 04:30,8938.664
2025-06-23 04:45,8938.664
2025-06-23 05:00,8938.664
2025-06-23 05:15,8938.664
2025-06-23 05:30,8938.664
2025-06-23 05:45,8938.664
2025-06-23 06:00,8938.664
2025-06-23 06:15,8938.664
2025-06-23 06:30,8938.664
2025-06-23 06:45,8938.689
2025-06-23 07:00,8938.696
2025-06-23 07:15,8938.696
2025-06-23 07:30,8938.696
2025-06-23 07:45,8938.696
2025-06-23 08:00,8938.696
2025-06-23 08:15,8938.736
2025-06-23 08:30,8938.736
2025-06-23 08:45,8938.736
2025-06-23 09:00,8938.736
2025-06-23 09:15,8938.859
2025-06-23 09:30,8938.859
2025-06-23 09:45,8938.859
2025-06-23 10:00,8938.859
2025-06-23 10:15,8938.859
2025-06-23 10:30,8938.859
2025-06-23 10:45,8938.859
2025-06-23 11:00,8938.859
2025-06-23 11:15,8938.911
2025-06-23 11:30,8938.911
2025-06-23 11:45,8938.911
2025-06-23 12:00,8938.911
2025-06-23 12:15,8938.911
2025-06-23 12:30,8938.911
2025-06-23 12:45,8938.911
2025-06-23 13:00,8938.911
2025-06-23 13:15,8938.911
2025-06-23 13:30,8938.911
2025-06-23 13:45,8938.911
2025-06-23 14:00,8938.934
2025-06-23 14:15,8938.959
2025-06-23 14:30,8938.959
2025-06-23 14:45,8938.959
2025-06-23 15:00,8939.045
2025-06-23 15:15,8939.045
2025-06-23 15:30,8939.045
2025-06-23 15:45,8939.045
2025-06-23 16:00,8939.045
2025-06-23 16:15,8939.045
2025-06-23 16:30,8939.045
2025-06-23 16:45,8939.045
2025-06-23 17:00,8939.045
2025-06-23 17:15,8939.093
2025-06-23 17:30,8939.093
2025-06-23 17:45,8939.093
2025-06-23 18:00,8939.093
2025-06-23 18:15,8939.093
2025-06-23 18:30,8939.220
2025-06-23 18:45,8939.220
2025-06-23 19:00,8939.220
2025-06-23 19:15,8939.220
2025-06-23 19:30,8939.220
2025-06-23 19:45,8939.220
2025-06-23 20:00,8939.220
2025-06-23 20:15,8939.220
2025-06-23 20:30,8939.281
2025-06-23 20:45,8939.281
2025-06-23 21:00,8939.281
2025-06-23 21:15,8939.281
2025-06-23 21:30,8939.281
2025-06-23 21:45,8939.281
2025-06-23 22:00,8939.342
2025-06-23 22:15,8939.825
2025-06-23 22:30,8939.871
2025-06-23 22:45,8939.871
2025-06-23 23:00,8939.871
2025-06-23 23:15,8939.871
2025-06-23 23:30,8939.871
2025-06-23 23:45,8939.871
2025-06-24 00:00,8939.871
2025-06-24 00:15,8939.871
2025-06-24 00:30,8939.895
2025-06-24 00:45,8939.900
2025-06-24 01:00,8939.900
2025-06-24 01:15,8939.900
2025-06-24 01:30,8939.900
2025-06-24 01:45,8939.900
2025-06-24 02:00,8939.900
2025-06-24 02:15,8939.941
2025-06-24 02:30,8939.941
2025-06-24 02:45,8939.941
2025-06-24 03:00,8939.941
2025-06-24 03:15,8939.941
2025-06-24 03:30,8939.941
2025-06-24 03:45,8939.941
2025-06-24 04:00,8939.941
2025-06-24 04:15,8939.941
2025-06-24 04:30,8939.941
2025-06-24 04:45,8939.973
2025-06-24 05:00,8939.973
2025-06-24 05:15,8939.973
2025-06-24 05:30,8939.973
2025-06-24 05:45,8939.973
2025-06-24 06:00,8940.007
2025-06-24 06:15,8940.007
2025-06-24 06:30,8940.007
2025-06-24 06:45,8940.007
2025-06-24 07:00,8940.007
2025-06-24 07:15,8940.007
2025-06-24 07:30,8940.007
2025-06-24 07:45,8940.035
2025-06-24 08:00,8940.035
2025-06-24 08:15,8940.035
2025-06-24 08:30,8940.035
2025-06-24 08:45,8940.126
2025-06-24 09:00,8940.180
2025-06-24 09:15,8940.180
2025-06-24 09:30,8940.180
2025-06-24 09:45,8940.180
2025-06-24 10:00,8940.180
2025-06-24 10:15,8940.180
2025-06-24 10:30,8940.180
2025-06-24 10:45,8940.180
2025-06-24 11:00,8940.180
2025-06-24 11:15,8940.212
2025-06-24 11:30,8940.212
2025-06-24 11:45,8940.212
2025-06-24 12:00,8940.212
2025-06-24 12:15,8940.212
2025-06-24 12:30,8940.215
2025-06-24 12:45,8940.246
2025-06-24 13:00,8940.246
2025-06-24 13:15,8940.246
2025-06-24 13:30,8940.246
2025-06-24 13:45,8940.246
2025-06-24 14:00,8940.246
2025-06-24 14:15,8940.274
2025-06-24 14:30,8940.274
2025-06-24 14:45,8940.274
2025-06-24 15:00,8940.274
2025-06-24 15:15,8940.274
2025-06-24 15:30,8940.274
2025-06-24 15:45,8940.274
2025-06-24 16:00,8940.317
2025-06-24 16:15,8940.317
2025-06-24 16:30,8940.317
2025-06-24 16:45,8940.317
2025-06-24 17:00,8940.317
2025-06-24 17:15,8940.343
2025-06-24 17:30,8940.368
2025-06-24 17:45,8940.370
2025-06-24 18:00,8940.376
2025-06-24 18:15,8940.377
2025-06-24 18:30,8940.409
2025-06-24 18:45,8940.409
2025-06-24 19:00,8940.409
2025-06-24 19:15,8940.409
2025-06-24 19:30,8940.409
2025-06-24 19:45,8940.409
2025-06-24 20:00,8940.443
2025-06-24 20:15,8940.443
2025-06-24 20:30,8940.443
2025-06-24 20:45,8940.443
2025-06-24 21:00,8940.443
2025-06-24 21:15,8940.443
2025-06-24 21:30,8940.443
2025-06-24 21:45,8940.466
2025-06-24 22:00,8940.472
2025-06-24 22:15,8940.472
2025-06-24 22:30,8940.528
2025-06-24 22:45,8940.528
2025-06-24 23:00,8940.528
2025-06-24 23:15,8940.528
2025-06-24 23:30,8940.528
2025-06-24 23:45,8940.528
2025-06-25 00:00,8940.528
2025-06-25 00:15,8940.528
2025-06-25 00:30,8940.528
2025-06-25 00:45,8940.528
2025-06-25 01:00,8940.528
2025-06-25 01:15,8940.528
2025-06-25 01:30,8940.528
2025-06-25 01:45,8940.528
2025-06-25 02:00,8940.528
2025-06-25 02:15,8940.528
2025-06-25 02:30,8940.528
2025-06-25 02:45,8940.528
2025-06-25 03:00,8940.528
2025-06-25 03:15,8940.528
2025-06-25 03:30,8940.528
2025-06-25 03:45,8940.528
2025-06-25 04:00,8940.528
2025-06-25 04:15,8940.528
2025-06-25 04:30,8940.528
2025-06-25 04:45,8940.528
2025-06-25 05:00,8940.589
2025-06-25 05:15,8940.589
2025-06-25 05:30,8940.589
2025-06-25 05:45,8940.589
2025-06-25 06:00,8940.589
2025-06-25 06:15,8940.589
2025-06-25 06:30,8940.589
2025-06-25 06:45,8940.589
2025-06-25 07:00,8940.589
2025-06-25 07:15,8940.589
2025-06-25 07:30,8940.589
2025-06-25 07:45,8940.589
2025-06-25 08:00,8940.589
2025-06-25 08:15,8940.637
2025-06-25 08:30,8940.637
2025-06-25 08:45,8940.741
2025-06-25 09:00,8940.741
2025-06-25 09:15,8940.741
2025-06-25 09:30,8940.741
2025-06-25 09:45,8940.741
2025-06-25 10:00,8940.741
2025-06-25 10:15,8940.741
2025-06-25 10:30,8940.741
2025-06-25 10:45,8940.741
2025-06-25 11:00,8940.741
2025-06-25 11:15,8940.795
2025-06-25 11:30,8940.795
2025-06-25 11:45,8940.795
2025-06-25 12:00,8940.795
2025-06-25 12:15,8940.795
2025-06-25 12:30,8940.795
2025-06-25 12:45,8940.795
2025-06-25 13:00,8940.795
2025-06-25 13:15,8940.795
2025-06-25 13:30,8940.795
2025-06-25 13:45,8940.795
2025-06-25 14:00,8940.795
2025-06-25 14:15,8940.795
2025-06-25 14:30,8940.842
2025-06-25 14:45,8940.842
2025-06-25 15:00,8940.842
2025-06-25 15:15,8940.842
2025-06-25 15:30,8940.842
2025-06-25 15:45,8940.842
2025-06-25 16:00,8940.850
2025-06-25 16:15,8940.900
2025-06-25 16:30,8941.067
2025-06-25 16:45,8941.067
2025-06-25 17:00,8941.067
2025-06-25 17:15,8941.100
2025-06-25 17:30,8941.100
2025-06-25 17:45,8941.100
2025-06-25 18:00,8941.100
2025-06-25 18:15,8941.100
2025-06-25 18:30,8941.126
2025-06-25 18:45,8941.126
2025-06-25 19:00,8941.126
2025-06-25 19:15,8941.126
2025-06-25 19:30,8941.126
2025-06-25 19:45,8941.224
2025-06-25 20:00,8941.224
2025-06-25 20:15,8941.224
2025-06-25 20:30,8941.224
2025-06-25 20:45,8941.224
2025-06-25 21:00,8941.224
2025-06-25 21:15,8941.224
2025-06-25 21:30,8941.224
2025-06-25 21:45,8941.224
2025-06-25 22:00,8941.254
2025-06-25 22:15,8941.254
2025-06-25 22:30,8941.254
2025-06-25 22:45,8941.254
2025-06-25 23:00,8941.254
2025-06-25 23:15,8941.254
2025-06-25 23:30,8941.254
2025-06-25 23:45,8941.296
2025-06-26 00:00,8941.296
2025-06-26 00:15,8941.296
2025-06-26 00:30,8941.296
2025-06-26 00:45,8941.296
2025-06-26 01:00,8941.296
2025-06-26 01:15,8941.296
2025-06-26 01:30,8941.296
2025-06-26 01:45,8941.296
2025-06-26 02:00,8941.296
2025-06-26 02:15,8941.327
2025-06-26 02:30,8941.327
2025-06-26 02:45,8941.327
2025-06-26 03:00,8941.327
2025-06-26 03:15,8941.327
2025-06-26 03:30,8941.337
2025-06-26 03:45,8941.361
2025-06-26 04:00,8941.361
2025-06-26 04:15,8941.361
2025-06-26 04:30,8941.361
2025-06-26 04:45,8941.361
2025-06-26 05:00,8941.361
2025-06-26 05:15,8941.361
2025-06-26 05:30,8941.361
2025-06-26 05:45,8941.392
2025-06-26 06:00,8941.392
2025-06-26 06:15,8941.392
2025-06-26 06:30,8941.392
2025-06-26 06:45,8941.392
2025-06-26 07:00,8941.392
2025-06-26 07:15,8941.392
2025-06-26 07:30,8941.435
2025-06-26 07:45,8941.435
2025-06-26 08:00,8941.435
2025-06-26 08:15,8941.435
2025-06-26 08:30,8941.435
2025-06-26 08:45,8941.435
2025-06-26 09:00,8941.435
2025-06-26 09:15,8941.468
2025-06-26 09:30,8941.571
2025-06-26 09:45,8941.571
2025-06-26 10:00,8941.571
2025-06-26 10:15,8941.612
2025-06-26 10:30,8941.612
2025-06-26 10:45,8941.612
2025-06-26 11:00,8941.612
2025-06-26 11:15,8941.612
2025-06-26 11:30,8941.612
2025-06-26 11:45,8941.612
2025-06-26 12:00,8941.612
2025-06-26 12:15,8941.612
2025-06-26 12:30,8941.612
2025-06-26 12:45,8941.612
2025-06-26 13:00,8941.612
2025-06-26 13:15,8941.645
2025-06-26 13:30,8941.645
2025-06-26 13:45,8941.645
2025-06-26 14:00,8941.645
2025-06-26 14:15,8941.661
2025-06-26 14:30,8941.671
2025-06-26 14:45,8941.671
2025-06-26 15:00,8941.671
2025-06-26 15:15,8941.671
2025-06-26 15:30,8941.671
2025-06-26 15:45,8941.671
2025-06-26 16:00,8941.701
2025-06-26 16:15,8941.701
2025-06-26 16:30,8941.701
2025-06-26 16:45,8941.701
2025-06-26 17:00,8941.701
2025-06-26 17:15,8941.737
2025-06-26 17:30,8941.785
2025-06-26 17:45,8941.785
2025-06-26 18:00,8941.785
2025-06-26 18:15,8941.785
2025-06-26 18:30,8941.785
2025-06-26 18:45,8941.785
2025-06-26 19:00,8941.821
2025-06-26 19:15,8941.821
2025-06-26 19:30,8941.821
2025-06-26 19:45,8941.821
2025-06-26 20:00,8941.821
2025-06-26 20:15,8941.821
2025-06-26 20:30,8941.848
2025-06-26 20:45,8941.848
2025-06-26 21:00,8941.848
2025-06-26 21:15,8941.848
2025-06-26 21:30,8941.848
2025-06-26 21:45,8941.848
2025-06-26 22:00,8941.848
2025-06-26 22:15,8941.892
2025-06-26 22:30,8941.892
2025-06-26 22:45,8941.892
2025-06-26 23:00,8941.892
2025-06-26 23:15,8941.892
2025-06-26 23:30,8941.892
2025-06-26 23:45,8941.892
2025-06-27 00:00,8941.892
2025-06-27 00:15,8941.892
2025-06-27 00:30,8941.892
2025-06-27 00:45,8941.923
2025-06-27 01:00,8941.923
2025-06-27 01:15,8941.923
2025-06-27 01:30,8941.923
2025-06-27 01:45,8941.923
2025-06-27 02:00,8941.923
2025-06-27 02:15,8941.962
2025-06-27 02:30,8941.962
2025-06-27 02:45,8941.962
2025-06-27 03:00,8941.962
2025-06-27 03:15,8941.962
2025-06-27 03:30,8941.962
2025-06-27 03:45,8941.962
2025-06-27 04:00,8941.962
2025-06-27 04:15,8941.962
2025-06-27 04:30,8941.994
2025-06-27 04:45,8941.994
2025-06-27 05:00,8941.994
2025-06-27 05:15,8941.994
2025-06-27 05:30,8941.994
2025-06-27 05:45,8941.994
2025-06-27 06:00,8942.031
2025-06-27 06:15,8942.031
2025-06-27 06:30,8942.031
2025-06-27 06:45,8942.031
2025-06-27 07:00,8942.031
2025-06-27 07:15,8942.031
2025-06-27 07:30,8942.031
2025-06-27 07:45,8942.031
2025-06-27 08:00,8942.031
2025-06-27 08:15,8942.062
2025-06-27 08:30,8942.062
2025-06-27 08:45,8942.233
2025-06-27 09:00,8942.233
2025-06-27 09:15,8942.233
2025-06-27 09:30,8942.233
2025-06-27 09:45,8942.233
2025-06-27 10:00,8942.233
2025-06-27 10:15,8942.233
2025-06-27 10:30,8942.233
2025-06-27 10:45,8942.233
2025-06-27 11:00,8942.266
2025-06-27 11:15,8942.266
2025-06-27 11:30,8942.266
2025-06-27 11:45,8942.266
2025-06-27 12:00,8942.266
2025-06-27 12:15,8942.266
2025-06-27 12:30,8942.301
2025-06-27 12:45,8942.301
2025-06-27 13:00,8942.301
2025-06-27 13:15,8942.301
2025-06-27 13:30,8942.301
2025-06-27 13:45,8942.301
2025-06-27 14:00,8942.301
2025-06-27 14:15,8942.301
2025-06-27 14:30,8942.328
2025-06-27 14:45,8942.332
2025-06-27 15:00,8942.332
2025-06-27 15:15,8942.332
2025-06-27 15:30,8942.332
2025-06-27 15:45,8942.332
2025-06-27 16:00,8942.361
2025-06-27 16:15,8942.368
2025-06-27 16:30,8942.368
2025-06-27 16:45,8942.368
2025-06-27 17:00,8942.368
2025-06-27 17:15,8942.368
2025-06-27 17:30,8942.417
2025-06-27 17:45,8942.417
2025-06-27 18:00,8942.417
2025-06-27 18:15,8942.448
2025-06-27 18:30,8942.448
2025-06-27 18:45,8942.448
2025-06-27 19:00,8942.448
2025-06-27 19:15,8942.448
2025-06-27 19:30,8942.448
2025-06-27 19:45,8942.483
2025-06-27 20:00,8942.489
2025-06-27 20:15,8942.489
2025-06-27 20:30,8942.489
2025-06-27 20:45,8942.489
2025-06-27 21:00,8942.489
2025-06-27 21:15,8942.489
2025-06-27 21:30,8942.489
2025-06-27 21:45,8942.489
2025-06-27 22:00,8942.489
2025-06-27 22:15,8942.521
2025-06-27 22:30,8942.521
2025-06-27 22:45,8942.521
2025-06-27 23:00,8942.521
2025-06-27 23:15,8942.521
2025-06-27 23:30,8942.521
2025-06-27 23:45,8942.554
2025-06-28 00:00,8942.554
2025-06-28 00:15,8942.554
2025-06-28 00:30,8942.554
2025-06-28 00:45,8942.554
2025-06-28 01:00,8942.554
2025-06-28 01:15,8942.554
2025-06-28 01:30,8942.584
2025-06-28 01:45,8942.584
2025-06-28 02:00,8942.584
2025-06-28 02:15,8942.584
2025-06-28 02:30,8942.584
2025-06-28 02:45,8942.584
2025-06-28 03:00,8942.584
2025-06-28 03:15,8942.584
2025-06-28 03:30,8942.627
2025-06-28 03:45,8942.627
2025-06-28 04:00,8942.627
2025-06-28 04:15,8942.627
2025-06-28 04:30,8942.627
2025-06-28 04:45,8942.627
2025-06-28 05:00,8942.627
2025-06-28 05:15,8942.627
2025-06-28 05:30,8942.627
2025-06-28 05:45,8942.627
2025-06-28 06:00,8942.659
2025-06-28 06:15,8942.659
2025-06-28 06:30,8942.659
2025-06-28 06:45,8942.659
2025-06-28 07:00,8942.659
2025-06-28 07:15,8942.686
2025-06-28 07:30,8942.686
2025-06-28 07:45,8942.686
2025-06-28 08:00,8942.686
2025-06-28 08:15,8942.686
2025-06-28 08:30,8942.686
2025-06-28 08:45,8942.686
2025-06-28 09:00,8942.716
2025-06-28 09:15,8942.716
2025-06-28 09:30,8942.716
2025-06-28 09:45,8942.716
2025-06-28 10:00,8942.716
2025-06-28 10:15,8942.716
2025-06-28 10:30,8942.748
2025-06-28 10:45,8942.748
2025-06-28 11:00,8942.748
2025-06-28 11:15,8942.748
2025-06-28 11:30,8942.748
2025-06-28 11:45,8942.748
2025-06-28 12:00,8942.776
2025-06-28 12:15,8942.776
2025-06-28 12:30,8942.776
2025-06-28 12:45,8942.776
2025-06-28 13:00,8942.776
2025-06-28 13:15,8942.776
2025-06-28 13:30,8942.776
2025-06-28 13:45,8942.812
2025-06-28 14:00,8942.812
2025-06-28 14:15,8942.812
2025-06-28 14:30,8942.812
2025-06-28 14:45,8942.812
2025-06-28 15:00,8942.812
2025-06-28 15:15,8942.812
2025-06-28 15:30,8942.812
2025-06-28 15:45,8942.812
2025-06-28 16:00,8942.836
2025-06-28 16:15,8942.836
2025-06-28 16:30,8942.836
2025-06-28 16:45,8942.836
2025-06-28 17:00,8942.836
2025-06-28 17:15,8942.836
2025-06-28 17:30,8942.836
2025-06-28 17:45,8942.879
2025-06-28 18:00,8942.879
2025-06-28 18:15,8942.879
2025-06-28 18:30,8942.879
2025-06-28 18:45,8943.456
2025-06-28 19:00,8943.959
2025-06-28 19:15,8944.106
2025-06-28 19:30,8944.106
2025-06-28 19:45,8944.136
2025-06-28 20:00,8944.165
2025-06-28 20:15,8944.165
2025-06-28 20:30,8944.165
2025-06-28 20:45,8944.165
2025-06-28 21:00,8944.165
2025-06-28 21:15,8944.165
2025-06-28 21:30,8944.165
2025-06-28 21:45,8944.165
2025-06-28 22:00,8944.225
2025-06-28 22:15,8944.225
2025-06-28 22:30,8944.225
2025-06-28 22:45,8944.225
2025-06-28 23:00,8944.225
2025-06-28 23:15,8944.225
2025-06-28 23:30,8944.225
2025-06-28 23:45,8944.331
2025-06-29 00:00,8944.331
2025-06-29 00:15,8944.331
2025-06-29 00:30,8944.331
2025-06-29 00:45,8944.331
2025-06-29 01:00,8944.352
2025-06-29 01:15,8944.372
2025-06-29 01:30,8944.372
2025-06-29 01:45,8944.372
2025-06-29 02:00,8944.372
2025-06-29 02:15,8944.372
2025-06-29 02:30,8944.372
2025-06-29 02:45,8944.372
2025-06-29 03:00,8944.372
2025-06-29 03:15,8944.372
2025-06-29 03:30,8944.372
2025-06-29 03:45,8944.372
2025-06-29 04:00,8944.410
2025-06-29 04:15,8944.417
2025-06-29 04:30,8944.417
2025-06-29 04:45,8944.417
2025-06-29 05:00,8944.417
2025-06-29 05:15,8944.417
2025-06-29 05:30,8944.417
2025-06-29 05:45,8944.417
2025-06-29 06:00,8944.417
2025-06-29 06:15,8944.417
2025-06-29 06:30,8944.417
2025-06-29 06:45,8944.449
2025-06-29 07:00,8944.449
2025-06-29 07:15,8944.449
2025-06-29 07:30,8944.449
2025-06-29 07:45,8944.449
2025-06-29 08:00,8944.449
2025-06-29 08:15,8944.485
2025-06-29 08:30,8944.485
2025-06-29 08:45,8944.485
2025-06-29 09:00,8944.485
2025-06-29 09:15,8944.539
2025-06-29 09:30,8944.539
2025-06-29 09:45,8944.539
2025-06-29 10:00,8944.539
2025-06-29 10:15,8944.539
2025-06-29 10:30,8944.539
2025-06-29 10:45,8944.539
2025-06-29 11:00,8944.539
2025-06-29 11:15,8944.539
2025-06-29 11:30,8944.583
2025-06-29 11:45,8944.583
2025-06-29 12:00,8944.583
2025-06-29 12:15,8944.583
2025-06-29 12:30,8944.583
2025-06-29 12:45,8944.583
2025-06-29 13:00,8944.583
2025-06-29 13:15,8944.583
2025-06-29 13:30,8944.583
2025-06-29 13:45,8944.583
2025-06-29 14:00,8944.583
2025-06-29 14:15,8944.583
2025-06-29 14:30,8944.629
2025-06-29 14:45,8944.629
2025-06-29 15:00,8944.629
2025-06-29 15:15,8944.629
2025-06-29 15:30,8944.629
2025-06-29 15:45,8944.629
2025-06-29 16:00,8944.629
2025-06-29 16:15,8944.629
2025-06-29 16:30,8944.629
2025-06-29 16:45,8944.652
2025-06-29 17:00,8944.652
2025-06-29 17:15,8944.660
2025-06-29 17:30,8944.660
2025-06-29 17:45,8944.660
2025-06-29 18:00,8944.660
2025-06-29 18:15,8944.660
2025-06-29 18:30,8944.696
2025-06-29 18:45,8944.703
2025-06-29 19:00,8944.703
2025-06-29 19:15,8944.703
2025-06-29 19:30,8944.703
2025-06-29 19:45,8944.703
2025-06-29 20:00,8944.703
2025-06-29 20:15,8944.703
2025-06-29 20:30,8944.703
2025-06-29 20:45,8944.703
2025-06-29 21:00,8944.703
2025-06-29 21:15,8944.734
2025-06-29 21:30,8944.734
2025-06-29 21:45,8944.734
2025-06-29 22:00,8944.734
2025-06-29 22:15,8944.872
2025-06-29 22:30,8944.891
2025-06-29 22:45,8944.891
2025-06-29 23:00,8944.891
2025-06-29 23:15,8944.891
2025-06-29 23:30,8944.891
2025-06-29 23:45,8944.891
2025-06-30 00:00,8944.891
2025-06-30 00:15,8944.891
2025-06-30 00:30,8944.891
2025-06-30 00:45,8944.891
2025-06-30 01:00,8944.922
2025-06-30 01:15,8944.922
2025-06-30 01:30,8944.922
2025-06-30 01:45,8944.922
2025-06-30 02:00,8944.922
2025-06-30 02:15,8944.937
2025-06-30 02:30,8944.955
2025-06-30 02:45,8944.955
2025-06-30 03:00,8944.955
2025-06-30 03:15,8944.955
2025-06-30 03:30,8944.955
2025-06-30 03:45,8944.955
2025-06-30 04:00,8944.955
2025-06-30 04:15,8944.955
2025-06-30 04:30,8944.985
2025-06-30 04:45,8944.985
2025-06-30 05:00,8944.985
2025-06-30 05:15,8944.985
2025-06-30 05:30,8944.985
2025-06-30 05:45,8944.985
2025-06-30 06:00,8944.985
2025-06-30 06:15,8945.019
2025-06-30 06:30,8945.027
2025-06-30 06:45,8945.027
2025-06-30 07:00,8945.027
2025-06-30 07:15,8945.027
2025-06-30 07:30,8945.027
2025-06-30 07:45,8945.027
2025-06-30 08:00,8945.027
2025-06-30 08:15,8945.027
2025-06-30 08:30,8945.027
2025-06-30 08:45,8945.223
2025-06-30 09:00,8945.223
2025-06-30 09:15,8945.223
2025-06-30 09:30,8945.223
2025-06-30 09:45,8945.223
2025-06-30 10:00,8945.223
2025-06-30 10:15,8945.223
2025-06-30 10:30,8945.223
2025-06-30 10:45,8945.223
2025-06-30 11:00,8945.223
2025-06-30 11:15,8945.253
2025-06-30 11:30,8945.253
2025-06-30 11:45,8945.253
2025-06-30 12:00,8945.253
2025-06-30 12:15,8945.253
2025-06-30 12:30,8945.253
2025-06-30 12:45,8945.253
2025-06-30 13:00,8945.287
2025-06-30 13:15,8945.287
2025-06-30 13:30,8945.287
2025-06-30 13:45,8945.287
2025-06-30 14:00,8945.287
2025-06-30 14:15,8945.287
2025-06-30 14:30,8945.287
2025-06-30 14:45,8945.312
2025-06-30 15:00,8945.312
2025-06-30 15:15,8945.312
2025-06-30 15:30,8945.312
2025-06-30 15:45,8945.312
2025-06-30 16:00,8945.328
2025-06-30 16:15,8945.408
2025-06-30 16:30,8945.452
2025-06-30 16:45,8945.490
2025-06-30 17:00,8945.518
2025-06-30 17:15,8945.518
2025-06-30 17:30,8945.519
2025-06-30 17:45,8945.519
2025-06-30 18:00,8945.519
2025-06-30 18:15,8945.519
2025-06-30 18:30,8945.519
2025-06-30 18:45,8945.519
2025-06-30 19:00,8945.519
2025-06-30 19:15,8945.519
2025-06-30 19:30,8945.519
2025-06-30 19:45,8945.519
2025-06-30 20:00,8945.672
2025-06-30 20:15,8945.672
2025-06-30 20:30,8945.672
2025-06-30 20:45,8945.672
2025-06-30 21:00,8945.672
2025-06-30 21:15,8945.672
2025-06-30 21:30,8945.672
2025-06-30 21:45,8945.704
2025-06-30 22:00,8945.704
2025-06-30 22:15,8945.704
2025-06-30 22:30,8945.704
2025-06-30 22:45,8945.704
2025-06-30 23:00,8945.704
2025-06-30 23:15,8945.704
2025-06-30 23:30,8945.747
2025-06-30 23:45,8945.747
2025-07-01 00:00,8945.747
2025-07-01 00:15,8945.747
2025-07-01 00:30,8945.747
2025-07-01 00:45,8945.747
2025-07-01 01:00,8945.747
2025-07-01 01:15,8945.747
2025-07-01 01:30,8945.747
2025-07-01 01:45,8945.747
2025-07-01 02:00,8945.747
2025-07-01 02:15,8945.779
2025-07-01 02:30,8945.779
2025-07-01 02:45,8945.779
2025-07-01 03:00,8945.779
2025-07-01 03:15,8945.779
2025-07-01 03:30,8945.806
2025-07-01 03:45,8945.806
2025-07-01 04:00,8945.806
2025-07-01 04:15,8945.806
2025-07-01 04:30,8945.806
2025-07-01 04:45,8945.806
2025-07-01 05:00,8945.806
2025-07-01 05:15,8945.816
2025-07-01 05:30,8945.836
2025-07-01 05:45,8945.836
2025-07-01 06:00,8945.836
2025-07-01 06:15,8945.836
2025-07-01 06:30,8945.836
2025-07-01 06:45,8945.836
2025-07-01 07:00,8945.863
2025-07-01 07:15,8945.965
2025-07-01 07:30,8946.224
2025-07-01 07:45,8946.271
2025-07-01 08:00,8946.271
2025-07-01 08:15,8946.271
2025-07-01 08:30,8946.271
2025-07-01 08:45,8946.356
2025-07-01 09:00,8946.356
2025-07-01 09:15,8946.356
2025-07-01 09:30,8946.356
2025-07-01 09:45,8946.356
2025-07-01 10:00,8946.356
2025-07-01 10:15,8946.356
2025-07-01 10:30,8946.390
2025-07-01 10:45,8946.390
2025-07-01 11:00,8946.390
2025-07-01 11:15,8946.390
2025-07-01 11:30,8946.390
2025-07-01 11:45,8946.390
2025-07-01 12:00,8946.390
2025-07-01 12:15,8946.390
2025-07-01 12:30,8946.390
2025-07-01 12:45,8946.416
2025-07-01 13:00,8946.416
2025-07-01 13:15,8946.416
2025-07-01 13:30,8946.416
2025-07-01 13:45,8946.416
2025-07-01 14:00,8946.416
2025-07-01 14:15,8946.416
2025-07-01 14:30,8946.451
2025-07-01 14:45,8946.458
2025-07-01 15:00,8946.458
2025-07-01 15:15,8946.458
2025-07-01 15:30,8946.458
2025-07-01 15:45,8946.458
2025-07-01 16:00,8946.458
2025-07-01 16:15,8946.458
2025-07-01 16:30,8946.458
2025-07-01 16:45,8946.458
2025-07-01 17:00,8946.458
2025-07-01 17:15,8946.458
2025-07-01 17:30,8946.490
2025-07-01 17:45,8946.490
2025-07-01 18:00,8946.490
2025-07-01 18:15,8946.490
2025-07-01 18:30,8946.490
2025-07-01 18:45,8946.490
2025-07-01 19:00,8946.516
2025-07-01 19:15,8946.516
2025-07-01 19:30,8946.516
2025-07-01 19:45,8946.516
2025-07-01 20:00,8946.516
2025-07-01 20:15,8946.516
2025-07-01 20:30,8946.516
2025-07-01 20:45,8946.545
2025-07-01 21:00,8946.545
2025-07-01 21:15,8946.545
2025-07-01 21:30,8946.545
2025-07-01 21:45,8946.545
2025-07-01 22:00,8946.545
2025-07-01 22:15,8946.545
2025-07-01 22:30,8946.616
2025-07-01 22:45,8946.616
2025-07-01 23:00,8946.616
2025-07-01 23:15,8946.616
2025-07-01 23:30,8946.616
2025-07-01 23:45,8946.616
2025-07-02 00:00,8946.616
2025-07-02 00:15,8946.616
2025-07-02 00:30,8946.868
2025-07-02 00:45,8946.868
2025-07-02 01:00,8946.868
2025-07-02 01:15,8946.868
2025-07-02 01:30,8946.868
2025-07-02 01:45,8946.868
2025-07-02 02:00,8946.868
2025-07-02 02:15,8946.868
2025-07-02 02:30,8946.868
2025-07-02 02:45,8946.868
2025-07-02 03:00,8946.868
2025-07-02 03:15,8946.868
2025-07-02 03:30,8946.928
2025-07-02 03:45,8946.928
2025-07-02 04:00,8946.928
2025-07-02 04:15,8946.928
2025-07-02 04:30,8946.928
2025-07-02 04:45,8946.928
2025-07-02 05:00,8946.928
2025-07-02 05:15,8946.928
2025-07-02 05:30,8946.928
2025-07-02 05:45,8946.928
2025-07-02 06:00,8946.928
2025-07-02 06:15,8946.928
2025-07-02 06:30,8946.928
2025-07-02 06:45,8946.928
2025-07-02 07:00,8946.975
2025-07-02 07:15,8946.975
2025-07-02 07:30,8946.975
2025-07-02 07:45,8946.975
2025-07-02 08:00,8947.053
2025-07-02 08:15,8947.053
2025-07-02 08:30,8947.053
2025-07-02 08:45,8947.176
2025-07-02 09:00,8947.176
2025-07-02 09:15,8947.176
2025-07-02 09:30,8947.176
2025-07-02 09:45,8947.176
2025-07-02 10:00,8947.292
2025-07-02 10:15,8947.566
2025-07-02 10:30,8947.599
2025-07-02 10:45,8947.599
2025-07-02 11:00,8947.599
2025-07-02 11:15,8947.599
2025-07-02 11:30,8947.599
2025-07-02 11:45,8947.599
2025-07-02 12:00,8947.599
2025-07-02 12:15,8947.599
2025-07-02 12:30,8947.599
2025-07-02 12:45,8947.599
2025-07-02 13:00,8947.630
2025-07-02 13:15,8947.630
2025-07-02 13:30,8947.630
2025-07-02 13:45,8947.630
2025-07-02 14:00,8947.630
2025-07-02 14:15,8947.630
2025-07-02 14:30,8947.630
2025-07-02 14:45,8947.662
2025-07-02 15:00,8947.662
2025-07-02 15:15,8947.662
2025-07-02 15:30,8947.662
2025-07-02 15:45,8947.662
2025-07-02 16:00,8947.662
2025-07-02 16:15,8947.662
2025-07-02 16:30,8947.662
2025-07-02 16:45,8947.687
2025-07-02 17:00,8947.687
2025-07-02 17:15,8947.687
2025-07-02 17:30,8947.687
2025-07-02 17:45,8947.687
2025-07-02 18:00,8947.687
2025-07-02 18:15,8947.687
2025-07-02 18:30,8947.688
2025-07-02 18:45,8947.728
2025-07-02 19:00,8947.815
2025-07-02 19:15,8947.815
2025-07-02 19:30,8947.815
2025-07-02 19:45,8947.815
2025-07-02 20:00,8947.815
2025-07-02 20:15,8947.815
2025-07-02 20:30,8947.815
2025-07-02 20:45,8947.815
2025-07-02 21:00,8947.815
2025-07-02 21:15,8947.815
2025-07-02 21:30,8947.874
2025-07-02 21:45,8947.874
2025-07-02 22:00,8947.874
2025-07-02 22:15,8947.874
2025-07-02 22:30,8947.874
2025-07-02 22:45,8947.874
2025-07-02 23:00,8947.874
2025-07-02 23:15,8947.976
2025-07-02 23:30,8948.209
2025-07-02 23:45,8948.209
2025-07-03 00:00,8948.209
2025-07-03 00:15,8948.209
2025-07-03 00:30,8948.209
2025-07-03 00:45,8948.209
2025-07-03 01:00,8948.209
2025-07-03 01:15,8948.209
2025-07-03 01:30,8948.232
2025-07-03 01:45,8948.239
2025-07-03 02:00,8948.239
2025-07-03 02:15,8948.239
2025-07-03 02:30,8948.239
2025-07-03 02:45,8948.239
2025-07-03 03:00,8948.239
2025-07-03 03:15,8948.275
2025-07-03 03:30,8948.275
2025-07-03 03:45,8948.275
2025-07-03 04:00,8948.275
2025-07-03 04:15,8948.275
2025-07-03 04:30,8948.275
2025-07-03 04:45,8948.275
2025-07-03 05:00,8948.275
2025-07-03 05:15,8948.275
2025-07-03 05:30,8948.275
2025-07-03 05:45,8948.305
2025-07-03 06:00,8948.305
2025-07-03 06:15,8948.305
2025-07-03 06:30,8948.305
2025-07-03 06:45,8948.305
2025-07-03 07:00,8948.305
2025-07-03 07:15,8948.332
2025-07-03 07:30,8948.346
2025-07-03 07:45,8948.346
2025-07-03 08:00,8948.437
2025-07-03 08:15,8948.437
2025-07-03 08:30,8948.437
2025-07-03 08:45,8948.437
2025-07-03 09:00,8948.437
2025-07-03 09:15,8948.437
2025-07-03 09:30,8948.638
2025-07-03 09:45,8948.658
2025-07-03 10:00,8948.658
2025-07-03 10:15,8948.658
2025-07-03 10:30,8948.658
2025-07-03 10:45,8948.658
2025-07-03 11:00,8948.658
2025-07-03 11:15,8948.658
2025-07-03 11:30,8948.658
2025-07-03 11:45,8948.658
2025-07-03 12:00,8948.658
2025-07-03 12:15,8948.690
2025-07-03 12:30,8948.690
2025-07-03 12:45,8948.690
2025-07-03 13:00,8948.690
2025-07-03 13:15,8948.690
2025-07-03 13:30,8948.716
2025-07-03 13:45,8948.716
2025-07-03 14:00,8948.716
2025-07-03 14:15,8948.716
2025-07-03 14:30,8948.716
2025-07-03 14:45,8948.716
2025-07-03 15:00,8948.716
2025-07-03 15:15,8948.716
2025-07-03 15:30,8948.745
2025-07-03 15:45,8948.745
2025-07-03 16:00,8948.745
2025-07-03 16:15,8948.745
2025-07-03 16:30,8948.760
2025-07-03 16:45,8948.780
2025-07-03 17:00,8948.787
2025-07-03 17:15,8948.787
2025-07-03 17:30,8948.787
2025-07-03 17:45,8948.900
2025-07-03 18:00,8948.900
2025-07-03 18:15,8948.900
2025-07-03 18:30,8948.900
2025-07-03 18:45,8948.900
2025-07-03 19:00,8948.900
2025-07-03 19:15,8948.900
2025-07-03 19:30,8948.900
2025-07-03 19:45,8948.927
2025-07-03 20:00,8948.927
2025-07-03 20:15,8948.927
2025-07-03 20:30,8948.932
2025-07-03 20:45,8948.932
2025-07-03 21:00,8948.932
2025-07-03 21:15,8948.932
2025-07-03 21:30,8948.973
2025-07-03 21:45,8948.973
2025-07-03 22:00,8948.973
2025-07-03 22:15,8948.973
2025-07-03 22:30,8948.973
2025-07-03 22:45,8948.973
2025-07-03 23:00,8948.973
2025-07-03 23:15,8948.973
2025-07-03 23:30,8948.973
2025-07-03 23:45,8948.973
2025-07-04 00:00,8949.003
2025-07-04 00:15,8949.003
2025-07-04 00:30,8949.003
2025-07-04 00:45,8949.003
2025-07-04 01:00,8949.003
2025-07-04 01:15,8949.003
2025-07-04 01:30,8949.043
2025-07-04 01:45,8949.043
2025-07-04 02:00,8949.043
2025-07-04 02:15,8949.043
2025-07-04 02:30,8949.043
2025-07-04 02:45,8949.043
2025-07-04 03:00,8949.043
2025-07-04 03:15,8949.043
2025-07-04 03:30,8949.043
2025-07-04 03:45,8949.043
2025-07-04 04:00,8949.074
2025-07-04 04:15,8949.074
2025-07-04 04:30,8949.074
2025-07-04 04:45,8949.074
2025-07-04 05:00,8949.074
2025-07-04 05:15,8949.074
2025-07-04 05:30,8949.107
2025-07-04 05:45,8949.107
2025-07-04 06:00,8949.107
2025-07-04 06:15,8949.107
2025-07-04 06:30,8949.107
2025-07-04 06:45,8949.107
2025-07-04 07:00,8949.107
2025-07-04 07:15,8949.125
2025-07-04 07:30,8949.135
2025-07-04 07:45,8949.135
2025-07-04 08:00,8949.236
2025-07-04 08:15,8949.236
2025-07-04 08:30,8949.293
2025-07-04 08:45,8949.300
2025-07-04 09:00,8949.300
2025-07-04 09:15,8949.300
2025-07-04 09:30,8949.300
2025-07-04 09:45,8949.300
2025-07-04 10:00,8949.300
2025-07-04 10:15,8949.300
2025-07-04 10:30,8949.300
2025-07-04 10:45,8949.300
2025-07-04 11:00,8949.300
2025-07-04 11:15,8949.300
2025-07-04 11:30,8949.300
2025-07-04 11:45,8949.345
2025-07-04 12:00,8949.345
2025-07-04 12:15,8949.345
2025-07-04 12:30,8949.345
2025-07-04 12:45,8949.345
2025-07-04 13:00,8949.345
2025-07-04 13:15,8949.345
2025-07-04 13:30,8949.345
2025-07-04 13:45,8949.345
2025-07-04 14:00,8949.345
2025-07-04 14:15,8949.370
2025-07-04 14:30,8949.377
2025-07-04 14:45,8949.377
2025-07-04 15:00,8949.377
2025-07-04 15:15,8949.377
2025-07-04 15:30,8949.377
2025-07-04 15:45,8949.401
2025-07-04 16:00,8949.411
2025-07-04 16:15,8949.411
2025-07-04 16:30,8949.411
2025-07-04 16:45,8949.411
2025-07-04 17:00,8949.411
2025-07-04 17:15,8949.411
2025-07-04 17:30,8949.411
2025-07-04 17:45,8949.411
2025-07-04 18:00,8949.442
2025-07-04 18:15,8949.442
2025-07-04 18:30,8949.442
2025-07-04 18:45,8949.442
2025-07-04 19:00,8949.442
2025-07-04 19:15,8949.444
2025-07-04 19:30,8949.766
2025-07-04 19:45,8949.766
2025-07-04 20:00,8949.766
2025-07-04 20:15,8949.766
2025-07-04 20:30,8949.884
2025-07-04 20:45,8949.884
2025-07-04 21:00,8949.884
2025-07-04 21:15,8949.884
2025-07-04 21:30,8949.884
2025-07-04 21:45,8949.884
2025-07-04 22:00,8950.059
2025-07-04 22:15,8950.482
2025-07-04 22:30,8950.482
2025-07-04 22:45,8950.482
2025-07-04 23:00,8950.482
2025-07-04 23:15,8950.482
2025-07-04 23:30,8950.482
2025-07-04 23:45,8950.482
2025-07-05 00:00,8950.482
2025-07-05 00:15,8950.482
2025-07-05 00:30,8950.482
2025-07-05 00:45,8950.512
2025-07-05 01:00,8950.512
2025-07-05 01:15,8950.512
2025-07-05 01:30,8950.512
2025-07-05 01:45,8950.512
2025-07-05 02:00,8950.512
2025-07-05 02:15,8950.550
2025-07-05 02:30,8950.550
2025-07-05 02:45,8950.550
2025-07-05 03:00,8950.550
2025-07-05 03:15,8950.550
2025-07-05 03:30,8950.550
2025-07-05 03:45,8950.550
2025-07-05 04:00,8950.550
2025-07-05 04:15,8950.550
2025-07-05 04:30,8950.550
2025-07-05 04:45,8950.580
2025-07-05 05:00,8950.580
2025-07-05 05:15,8950.580
2025-07-05 05:30,8950.580
2025-07-05 05:45,8950.580
2025-07-05 06:00,8950.599
2025-07-05 06:15,8950.618
2025-07-05 06:30,8950.618
2025-07-05 06:45,8950.618
2025-07-05 07:00,8950.618
2025-07-05 07:15,8950.618
2025-07-05 07:30,8950.618
2025-07-05 07:45,8950.618
2025-07-05 08:00,8950.618
2025-07-05 08:15,8950.618
2025-07-05 08:30,8950.648
2025-07-05 08:45,8950.648
2025-07-05 09:00,8950.648
2025-07-05 09:15,8950.648
2025-07-05 09:30,8950.755
2025-07-05 09:45,8950.755
2025-07-05 10:00,8950.755
2025-07-05 10:15,8950.755
2025-07-05 10:30,8950.755
2025-07-05 10:45,8950.755
2025-07-05 11:00,8950.755
2025-07-05 11:15,8950.755
2025-07-05 11:30,8950.820
2025-07-05 11:45,8950.856
2025-07-05 12:00,8950.856
2025-07-05 12:15,8950.856
2025-07-05 12:30,8950.856
2025-07-05 12:45,8950.856
2025-07-05 13:00,8950.856
2025-07-05 13:15,8950.856
2025-07-05 13:30,8950.856
2025-07-05 13:45,8950.856
2025-07-05 14:00,8950.856
2025-07-05 14:15,8950.888
2025-07-05 14:30,8950.888
2025-07-05 14:45,8950.888
2025-07-05 15:00,8950.888
2025-07-05 15:15,8950.888
2025-07-05 15:30,8950.920
2025-07-05 15:45,8950.920
2025-07-05 16:00,8950.920
2025-07-05 16:15,8950.920
2025-07-05 16:30,8950.920
2025-07-05 16:45,8950.920
2025-07-05 17:00,8950.920
2025-07-05 17:15,8951.536
2025-07-05 17:30,8951.790
2025-07-05 17:45,8951.790
2025-07-05 18:00,8951.790
2025-07-05 18:15,8951.790
2025-07-05 18:30,8951.790
2025-07-05 18:45,8951.790
2025-07-05 19:00,8951.790
2025-07-05 19:15,8951.790
2025-07-05 19:30,8951.790
2025-07-05 19:45,8951.821
2025-07-05 20:00,8951.821
2025-07-05 20:15,8951.821
2025-07-05 20:30,8951.821
2025-07-05 20:45,8951.821
2025-07-05 21:00,8951.821
2025-07-05 21:15,8951.855
2025-07-05 21:30,8951.855
2025-07-05 21:45,8951.855
2025-07-05 22:00,8951.855
2025-07-05 22:15,8951.855
2025-07-05 22:30,8951.855
2025-07-05 22:45,8951.855
2025-07-05 23:00,8951.855
2025-07-05 23:15,8951.855
2025-07-05 23:30,8951.886
2025-07-05 23:45,8951.886
2025-07-06 00:00,8951.886
2025-07-06 00:15,8951.886
2025-07-06 00:30,8951.886
2025-07-06 00:45,8951.886
2025-07-06 01:00,8951.925
2025-07-06 01:15,8951.925
2025-07-06 01:30,8951.925
2025-07-06 01:45,8951.925
2025-07-06 02:00,8951.925
2025-07-06 02:15,8951.925
2025-07-06 02:30,8951.925
2025-07-06 02:45,8951.925
2025-07-06 03:00,8951.925
2025-07-06 03:15,8951.925
2025-07-06 03:30,8951.955
2025-07-06 03:45,8951.955
2025-07-06 04:00,8951.955
2025-07-06 04:15,8951.955
2025-07-06 04:30,8951.955
2025-07-06 04:45,8951.955
2025-07-06 05:00,8951.995
2025-07-06 05:15,8951.995
2025-07-06 05:30,8951.995
2025-07-06 05:45,8951.995
2025-07-06 06:00,8951.995
2025-07-06 06:15,8951.995
2025-07-06 06:30,8951.995
2025-07-06 06:45,8951.995
2025-07-06 07:00,8951.995
2025-07-06 07:15,8951.995
2025-07-06 07:30,8952.026
2025-07-06 07:45,8952.026
2025-07-06 08:00,8952.026
2025-07-06 08:15,8952.026
2025-07-06 08:30,8952.026
2025-07-06 08:45,8952.026
2025-07-06 09:00,8952.067
2025-07-06 09:15,8952.140
2025-07-06 09:30,8952.140
2025-07-06 09:45,8952.140
2025-07-06 10:00,8952.140
2025-07-06 10:15,8952.140
2025-07-06 10:30,8952.140
2025-07-06 10:45,8952.140
2025-07-06 11:00,8952.140
2025-07-06 11:15,8952.140
2025-07-06 11:30,8952.183
2025-07-06 11:45,8952.318
2025-07-06 12:00,8952.318
2025-07-06 12:15,8952.318
2025-07-06 12:30,8952.318
2025-07-06 12:45,8952.318
2025-07-06 13:00,8952.318
2025-07-06 13:15,8952.318
2025-07-06 13:30,8952.318
2025-07-06 13:45,8952.318
2025-07-06 14:00,8952.318
2025-07-06 14:15,8952.318
2025-07-06 14:30,8952.318
2025-07-06 14:45,8952.365
2025-07-06 15:00,8952.365
2025-07-06 15:15,8952.365
2025-07-06 15:30,8952.365
2025-07-06 15:45,8952.365
2025-07-06 16:00,8952.365
2025-07-06 16:15,8952.365
2025-07-06 16:30,8952.365
2025-07-06 16:45,8952.365
2025-07-06 17:00,8952.365
2025-07-06 17:15,8952.365
2025-07-06 17:30,8952.398
2025-07-06 17:45,8952.398
2025-07-06 18:00,8952.398
2025-07-06 18:15,8952.398
2025-07-06 18:30,8952.398
2025-07-06 18:45,8952.398
2025-07-06 19:00,8952.433
2025-07-06 19:15,8952.433
2025-07-06 19:30,8952.433
2025-07-06 19:45,8952.433
2025-07-06 20:00,8952.433
2025-07-06 20:15,8952.433
2025-07-06 20:30,8952.618
2025-07-06 20:45,8953.082
2025-07-06 21:00,8953.087
2025-07-06 21:15,8953.087
2025-07-06 21:30,8953.087
2025-07-06 21:45,8953.087
2025-07-06 22:00,8953.087
2025-07-06 22:15,8953.087
2025-07-06 22:30,8953.087
2025-07-06 22:45,8953.087
2025-07-06 23:00,8953.087
2025-07-06 23:15,8953.117
2025-07-06 23:30,8953.117
2025-07-06 23:45,8953.117
2025-07-07 00:00,8953.117
2025-07-07 00:15,8953.117
2025-07-07 00:30,8953.117
2025-07-07 00:45,8953.150
2025-07-07 01:00,8953.150
2025-07-07 01:15,8953.150
2025-07-07 01:30,8953.150
2025-07-07 01:45,8953.150
2025-07-07 02:00,8953.150
2025-07-07 02:15,8953.150
2025-07-07 02:30,8953.150
2025-07-07 02:45,8953.179
2025-07-07 03:00,8953.179
2025-07-07 03:15,8953.179
2025-07-07 03:30,8953.179
2025-07-07 03:45,8953.179
2025-07-07 04:00,8953.179
2025-07-07 04:15,8953.179
2025-07-07 04:30,8953.221
2025-07-07 04:45,8953.221
2025-07-07 05:00,8953.221
2025-07-07 05:15,8953.221
2025-07-07 05:30,8953.221
2025-07-07 05:45,8953.221
2025-07-07 06:00,8953.221
2025-07-07 06:15,8953.221
2025-07-07 06:30,8953.221
2025-07-07 06:45,8953.221
2025-07-07 07:00,8953.221
2025-07-07 07:15,8953.254
2025-07-07 07:30,8953.254
2025-07-07 07:45,8953.254
2025-07-07 08:00,8953.375
2025-07-07 08:15,8953.389
2025-07-07 08:30,8953.389
2025-07-07 08:45,8953.389
2025-07-07 09:00,8953.389
2025-07-07 09:15,8953.389
2025-07-07 09:30,8953.389
2025-07-07 09:45,8953.389
2025-07-07 10:00,8953.389
2025-07-07 10:15,8953.389
2025-07-07 10:30,8953.389
2025-07-07 10:45,8953.421
2025-07-07 11:00,8953.421
2025-07-07 11:15,8953.421
2025-07-07 11:30,8953.421
2025-07-07 11:45,8953.421
2025-07-07 12:00,8953.448
2025-07-07 12:15,8953.448
2025-07-07 12:30,8953.448
2025-07-07 12:45,8953.448
2025-07-07 13:00,8953.448
2025-07-07 13:15,8953.448
2025-07-07 13:30,8953.478
2025-07-07 13:45,8953.478
2025-07-07 14:00,8953.574
2025-07-07 14:15,8953.574
2025-07-07 14:30,8953.574
2025-07-07 14:45,8953.574
2025-07-07 15:00,8953.574
2025-07-07 15:15,8953.616
2025-07-07 15:30,8953.616
2025-07-07 15:45,8953.616
2025-07-07 16:00,8953.616
2025-07-07 16:15,8953.616
2025-07-07 16:30,8953.616
2025-07-07 16:45,8953.616
2025-07-07 17:00,8953.616
2025-07-07 17:15,8953.616
2025-07-07 17:30,8953.616
2025-07-07 17:45,8953.616
2025-07-07 18:00,8953.655
2025-07-07 18:15,8953.655
2025-07-07 18:30,8953.655
2025-07-07 18:45,8953.655
2025-07-07 19:00,8953.672
2025-07-07 19:15,8953.680
2025-07-07 19:30,8953.680
2025-07-07 19:45,8953.680
2025-07-07 20:00,8953.680
2025-07-07 20:15,8953.680
2025-07-07 20:30,8953.680
2025-07-07 20:45,8953.680
2025-07-07 21:00,8953.685
2025-07-07 21:15,8953.718
2025-07-07 21:30,8953.718
2025-07-07 21:45,8953.718
2025-07-07 22:00,8953.718
2025-07-07 22:15,8953.718
2025-07-07 22:30,8953.718
2025-07-07 22:45,8953.740
2025-07-07 23:00,8953.740
2025-07-07 23:15,8953.740
2025-07-07 23:30,8953.740
2025-07-07 23:45,8953.740
2025-07-08 00:00,8953.740
2025-07-08 00:15,8953.740
2025-07-08 00:30,8953.740
2025-07-08 00:45,8953.786
2025-07-08 01:00,8953.786
2025-07-08 01:15,8953.786
2025-07-08 01:30,8953.786
2025-07-08 01:45,8953.786
2025-07-08 02:00,8953.786
2025-07-08 02:15,8953.786
2025-07-08 02:30,8953.786
2025-07-08 02:45,8953.786
2025-07-08 03:00,8953.786
2025-07-08 03:15,8953.786
2025-07-08 03:30,8953.811
2025-07-08 03:45,8953.818
2025-07-08 04:00,8953.818
2025-07-08 04:15,8953.818
2025-07-08 04:30,8953.818
2025-07-08 04:45,8953.851
2025-07-08 05:00,8953.851
2025-07-08 05:15,8953.851
2025-07-08 05:30,8953.851
2025-07-08 05:45,8953.851
2025-07-08 06:00,8953.851
2025-07-08 06:15,8953.851
2025-07-08 06:30,8953.879
2025-07-08 06:45,8953.879
2025-07-08 07:00,8953.879
2025-07-08 07:15,8953.879
2025-07-08 07:30,8953.879
2025-07-08 07:45,8953.879
2025-07-08 08:00,8953.900
2025-07-08 08:15,8953.994
2025-07-08 08:30,8953.994
2025-07-08 08:45,8953.994
2025-07-08 09:00,8953.994
2025-07-08 09:15,8954.031
2025-07-08 09:30,8954.031
2025-07-08 09:45,8954.031
2025-07-08 10:00,8954.031
2025-07-08 10:15,8954.076
2025-07-08 10:30,8954.076
2025-07-08 10:45,8954.116
2025-07-08 11:00,8954.116
2025-07-08 11:15,8954.116
2025-07-08 11:30,8954.116
2025-07-08 11:45,8954.116
2025-07-08 12:00,8954.116
2025-07-08 12:15,8954.116
2025-07-08 12:30,8954.116
2025-07-08 12:45,8954.116
2025-07-08 13:00,8954.116
2025-07-08 13:15,8954.116
2025-07-08 13:30,8954.116
2025-07-08 13:45,8954.170
2025-07-08 14:00,8954.170
2025-07-08 14:15,8954.170
2025-07-08 14:30,8954.170
2025-07-08 14:45,8954.170
2025-07-08 15:00,8954.170
2025-07-08 15:15,8954.170
2025-07-08 15:30,8954.170
2025-07-08 15:45,8954.170
2025-07-08 16:00,8954.170
2025-07-08 16:15,8954.170
2025-07-08 16:30,8954.170
2025-07-08 16:45,8954.216
2025-07-08 17:00,8954.216
2025-07-08 17:15,8954.216
2025-07-08 17:30,8954.216
2025-07-08 17:45,8954.216
2025-07-08 18:00,8954.216
2025-07-08 18:15,8954.216
2025-07-08 18:30,8954.216
2025-07-08 18:45,8954.216
2025-07-08 19:00,8954.216
2025-07-08 19:15,8954.216
2025-07-08 19:30,8954.248
2025-07-08 19:45,8954.248
2025-07-08 20:00,8954.305
2025-07-08 20:15,8954.355
2025-07-08 20:30,8954.464
2025-07-08 20:45,8954.464
2025-07-08 21:00,8954.464
2025-07-08 21:15,8954.464
2025-07-08 21:30,8954.464
2025-07-08 21:45,8954.464
2025-07-08 22:00,8954.513
2025-07-08 22:15,8954.513
2025-07-08 22:30,8954.555
2025-07-08 22:45,8954.555
2025-07-08 23:00,8954.555
2025-07-08 23:15,8954.555
2025-07-08 23:30,8954.555
2025-07-08 23:45,8954.555
2025-07-09 00:00,8954.555
2025-07-09 00:15,8954.555
2025-07-09 00:30,8954.555
2025-07-09 00:45,8954.555
2025-07-09 01:00,8954.555
2025-07-09 01:15,8954.555
2025-07-09 01:30,8954.555
2025-07-09 01:45,8954.555
2025-07-09 02:00,8954.555
2025-07-09 02:15,8954.555
2025-07-09 02:30,8954.555
2025-07-09 02:45,8954.555
2025-07-09 03:00,8954.555
2025-07-09 03:15,8954.555
2025-07-09 03:30,8954.555
2025-07-09 03:45,8954.555
2025-07-09 04:00,8954.555
2025-07-09 04:15,8954.555
2025-07-09 04:30,8954.555
2025-07-09 04:45,8954.614
2025-07-09 05:00,8954.615
2025-07-09 05:15,8954.615
2025-07-09 05:30,8954.615
2025-07-09 05:45,8954.615
2025-07-09 06:00,8954.615
2025-07-09 06:15,8954.615
2025-07-09 06:30,8954.615
2025-07-09 06:45,8954.615
2025-07-09 07:00,8954.615
2025-07-09 07:15,8954.615
2025-07-09 07:30,8954.615
2025-07-09 07:45,8954.615
2025-07-09 08:00,8954.615
2025-07-09 08:15,8954.662
2025-07-09 08:30,8954.662
2025-07-09 08:45,8954.761
2025-07-09 09:00,8954.761
2025-07-09 09:15,8954.761
2025-07-09 09:30,8954.761
2025-07-09 09:45,8954.761
2025-07-09 10:00,8954.761
2025-07-09 10:15,8954.761
2025-07-09 10:30,8954.761
2025-07-09 10:45,8954.761
2025-07-09 11:00,8954.761
2025-07-09 11:15,8954.815
2025-07-09 11:30,8954.815
2025-07-09 11:45,8954.815
2025-07-09 12:00,8954.815
2025-07-09 12:15,8954.815
2025-07-09 12:30,8954.815
2025-07-09 12:45,8954.815
2025-07-09 13:00,8954.815
2025-07-09 13:15,8954.815
2025-07-09 13:30,8954.815
2025-07-09 13:45,8954.815
2025-07-09 14:00,8954.815
2025-07-09 14:15,8954.815
2025-07-09 14:30,8954.863
2025-07-09 14:45,8954.863
2025-07-09 15:00,8954.863
2025-07-09 15:15,8954.863
2025-07-09 15:30,8954.863
2025-07-09 15:45,8954.863
2025-07-09 16:00,8954.863
2025-07-09 16:15,8954.863
2025-07-09 16:30,8954.863
2025-07-09 16:45,8954.863
2025-07-09 17:00,8954.878
2025-07-09 17:15,8954.962
2025-07-09 17:30,8954.962
2025-07-09 17:45,8954.962
2025-07-09 18:00,8954.962
2025-07-09 18:15,8954.962
2025-07-09 18:30,8955.092
2025-07-09 18:45,8955.174
2025-07-09 19:00,8955.174
2025-07-09 19:15,8955.174
2025-07-09 19:30,8955.174
2025-07-09 19:45,8955.174
2025-07-09 20:00,8955.174
2025-07-09 20:15,8955.174
2025-07-09 20:30,8955.174
2025-07-09 20:45,8955.174
2025-07-09 21:00,8955.174
2025-07-09 21:15,8955.174
2025-07-09 21:30,8955.215
2025-07-09 21:45,8955.215
2025-07-09 22:00,8955.215
2025-07-09 22:15,8955.215
2025-07-09 22:30,8955.215
2025-07-09 22:45,8955.239
2025-07-09 23:00,8955.239
2025-07-09 23:15,8955.239
2025-07-09 23:30,8955.239
2025-07-09 23:45,8955.239
2025-07-10 00:00,8955.239
2025-07-10 00:15,8955.239
2025-07-10 00:30,8955.239
2025-07-10 00:45,8955.277
2025-07-10 01:00,8955.277
2025-07-10 01:15,8955.277
2025-07-10 01:30,8955.277
2025-07-10 01:45,8955.277
2025-07-10 02:00,8955.277
2025-07-10 02:15,8955.277
2025-07-10 02:30,8955.301
2025-07-10 02:45,8955.301
2025-07-10 03:00,8955.301
2025-07-10 03:15,8955.301
2025-07-10 03:30,8955.301
2025-07-10 03:45,8955.301
2025-07-10 04:00,8955.301
2025-07-10 04:15,8955.346
2025-07-10 04:30,8955.346
2025-07-10 04:45,8955.346
2025-07-10 05:00,8955.346
2025-07-10 05:15,8955.346
2025-07-10 05:30,8955.346
2025-07-10 05:45,8955.346
2025-07-10 06:00,8955.346
2025-07-10 06:15,8955.346
2025-07-10 06:30,8955.346
2025-07-10 06:45,8955.346
2025-07-10 07:00,8955.377
2025-07-10 07:15,8955.379
2025-07-10 07:30,8955.379
2025-07-10 07:45,8955.379
2025-07-10 08:00,8955.501
2025-07-10 08:15,8955.501
2025-07-10 08:30,8955.501
2025-07-10 08:45,8955.629
2025-07-10 09:00,8955.629
2025-07-10 09:15,8955.629
2025-07-10 09:30,8955.629
2025-07-10 09:45,8955.629
2025-07-10 10:00,8955.629
2025-07-10 10:15,8955.694
2025-07-10 10:30,8955.694
2025-07-10 10:45,8955.694
2025-07-10 11:00,8955.694
2025-07-10 11:15,8955.694
2025-07-10 11:30,8955.694
2025-07-10 11:45,8955.694
2025-07-10 12:00,8955.694
2025-07-10 12:15,8955.694
2025-07-10 12:30,8955.694
2025-07-10 12:45,8955.694
2025-07-10 13:00,8955.726
2025-07-10 13:15,8955.741
2025-07-10 13:30,8955.741
2025-07-10 13:45,8955.741
2025-07-10 14:00,8955.741
2025-07-10 14:15,8955.741
2025-07-10 14:30,8955.741
2025-07-10 14:45,8955.741
2025-07-10 15:00,8955.741
2025-07-10 15:15,8955.741
2025-07-10 15:30,8955.761
2025-07-10 15:45,8955.772
2025-07-10 16:00,8955.772
2025-07-10 16:15,8955.772
2025-07-10 16:30,8955.772
2025-07-10 16:45,8955.772
2025-07-10 17:00,8955.809
2025-07-10 17:15,8955.809
2025-07-10 17:30,8955.809
2025-07-10 17:45,8955.809
2025-07-10 18:00,8955.809
2025-07-10 18:15,8955.809
2025-07-10 18:30,8955.809
2025-07-10 18:45,8955.809
2025-07-10 19:00,8955.809
2025-07-10 19:15,8955.840
2025-07-10 19:30,8955.899
2025-07-10 19:45,8955.899
2025-07-10 20:00,8955.899
2025-07-10 20:15,8955.899
2025-07-10 20:30,8955.899
2025-07-10 20:45,8955.926
2025-07-10 21:00,8955.926
2025-07-10 21:15,8955.926
2025-07-10 21:30,8955.926
2025-07-10 21:45,8955.926
2025-07-10 22:00,8955.926
2025-07-10 22:15,8955.926
2025-07-10 22:30,8955.956
2025-07-10 22:45,8955.956
2025-07-10 23:00,8955.956
2025-07-10 23:15,8955.956
2025-07-10 23:30,8955.956
2025-07-10 23:45,8955.983
2025-07-11 00:00,8955.983
2025-07-11 00:15,8955.983
2025-07-11 00:30,8955.983
2025-07-11 00:45,8955.983
2025-07-11 01:00,8955.983
2025-07-11 01:15,8955.983
2025-07-11 01:30,8956.019
2025-07-11 01:45,8956.019
2025-07-11 02:00,8956.019
2025-07-11 02:15,8956.019
2025-07-11 02:30,8956.019
2025-07-11 02:45,8956.019
2025-07-11 03:00,8956.019
2025-07-11 03:15,8956.019
2025-07-11 03:30,8956.046
2025-07-11 03:45,8956.046
2025-07-11 04:00,8956.046
2025-07-11 04:15,8956.046
2025-07-11 04:30,8956.046
2025-07-11 04:45,8956.046
2025-07-11 05:00,8956.046
2025-07-11 05:15,8956.090
2025-07-11 05:30,8956.090
2025-07-11 05:45,8956.090
2025-07-11 06:00,8956.090
2025-07-11 06:15,8956.090
2025-07-11 06:30,8956.090
2025-07-11 06:45,8956.090
2025-07-11 07:00,8956.090
2025-07-11 07:15,8956.090
2025-07-11 07:30,8956.090
2025-07-11 07:45,8956.090
2025-07-11 08:00,8956.121
2025-07-11 08:15,8956.121
2025-07-11 08:30,8956.121
2025-07-11 08:45,8956.121
2025-07-11 09:00,8956.121
2025-07-11 09:15,8956.197
2025-07-11 09:30,8956.223
2025-07-11 09:45,8956.223
2025-07-11 10:00,8956.223
2025-07-11 10:15,8956.453
2025-07-11 10:30,8956.949
2025-07-11 10:45,8956.949
2025-07-11 11:00,8956.949
2025-07-11 11:15,8956.949
2025-07-11 11:30,8956.949
2025-07-11 11:45,8956.949
2025-07-11 12:00,8956.949
2025-07-11 12:15,8956.949
2025-07-11 12:30,8956.949
2025-07-11 12:45,8956.973
2025-07-11 13:00,8956.980
2025-07-11 13:15,8956.980
2025-07-11 13:30,8956.980
2025-07-11 13:45,8956.980
2025-07-11 14:00,8956.980
2025-07-11 14:15,8957.015
2025-07-11 14:30,8957.015
2025-07-11 14:45,8957.015
2025-07-11 15:00,8957.015
2025-07-11 15:15,8957.015
2025-07-11 15:30,8957.015
2025-07-11 15:45,8957.015
2025-07-11 16:00,8957.015
2025-07-11 16:15,8957.043
2025-07-11 16:30,8957.045
2025-07-11 16:45,8957.045
2025-07-11 17:00,8957.128
2025-07-11 17:15,8957.173
2025-07-11 17:30,8957.199
2025-07-11 17:45,8957.204
2025-07-11 18:00,8957.247
2025-07-11 18:15,8957.247
2025-07-11 18:30,8957.247
2025-07-11 18:45,8957.247
2025-07-11 19:00,8957.247
2025-07-11 19:15,8957.247
2025-07-11 19:30,8957.247
2025-07-11 19:45,8957.247
2025-07-11 20:00,8957.247
2025-07-11 20:15,8957.247
2025-07-11 20:30,8957.247
2025-07-11 20:45,8957.279
2025-07-11 21:00,8957.279
2025-07-11 21:15,8957.339
2025-07-11 21:30,8957.368
2025-07-11 21:45,8957.368
2025-07-11 22:00,8957.368
2025-07-11 22:15,8957.368
2025-07-11 22:30,8957.368
2025-07-11 22:45,8957.368
2025-07-11 23:00,8957.398
2025-07-11 23:15,8957.398
2025-07-11 23:30,8957.398
2025-07-11 23:45,8957.398
2025-07-12 00:00,8957.398
2025-07-12 00:15,8957.398
2025-07-12 00:30,8957.398
2025-07-12 00:45,8957.414
2025-07-12 01:00,8957.438
2025-07-12 01:15,8957.438
2025-07-12 01:30,8957.438
2025-07-12 01:45,8957.438
2025-07-12 02:00,8957.438
2025-07-12 02:15,8957.438
2025-07-12 02:30,8957.438
2025-07-12 02:45,8957.438
2025-07-12 03:00,8957.438
2025-07-12 03:15,8957.469
2025-07-12 03:30,8957.469
2025-07-12 03:45,8957.469
2025-07-12 04:00,8957.469
2025-07-12 04:15,8957.469
2025-07-12 04:30,8957.482
2025-07-12 04:45,8957.503
2025-07-12 05:00,8957.503
2025-07-12 05:15,8957.503
2025-07-12 05:30,8957.503
2025-07-12 05:45,8957.503
2025-07-12 06:00,8957.503
2025-07-12 06:15,8957.503
2025-07-12 06:30,8957.503
2025-07-12 06:45,8957.535
2025-07-12 07:00,8957.535
2025-07-12 07:15,8957.535
2025-07-12 07:30,8957.535
2025-07-12 07:45,8957.535
2025-07-12 08:00,8957.535
2025-07-12 08:15,8957.571
2025-07-12 08:30,8957.576
2025-07-12 08:45,8957.576
2025-07-12 09:00,8957.657
2025-07-12 09:15,8957.657
2025-07-12 09:30,8957.657
2025-07-12 09:45,8957.657
2025-07-12 10:00,8957.657
2025-07-12 10:15,8957.657
2025-07-12 10:30,8957.657
2025-07-12 10:45,8957.657
2025-07-12 11:00,8957.657
2025-07-12 11:15,8957.686
2025-07-12 11:30,8958.052
2025-07-12 11:45,8958.052
2025-07-12 12:00,8958.052
2025-07-12 12:15,8958.052
2025-07-12 12:30,8958.052
2025-07-12 12:45,8958.052
2025-07-12 13:00,8958.052
2025-07-12 13:15,8958.052
2025-07-12 13:30,8958.052
2025-07-12 13:45,8958.081
2025-07-12 14:00,8958.081
2025-07-12 14:15,8958.081
2025-07-12 14:30,8958.081
2025-07-12 14:45,8958.081
2025-07-12 15:00,8958.081
2025-07-12 15:15,8958.117
2025-07-12 15:30,8958.117
2025-07-12 15:45,8958.117
2025-07-12 16:00,8958.117
2025-07-12 16:15,8958.117
2025-07-12 16:30,8958.117
2025-07-12 16:45,8958.117
2025-07-12 17:00,8958.117
2025-07-12 17:15,8958.117
2025-07-12 17:30,8958.148
2025-07-12 17:45,8958.148
2025-07-12 18:00,8958.148
2025-07-12 18:15,8958.148
2025-07-12 18:30,8958.148
2025-07-12 18:45,8958.148
2025-07-12 19:00,8958.189
2025-07-12 19:15,8958.189
2025-07-12 19:30,8958.189
2025-07-12 19:45,8958.189
2025-07-12 20:00,8958.189
2025-07-12 20:15,8958.189
2025-07-12 20:30,8958.189
2025-07-12 20:45,8958.189
2025-07-12 21:00,8958.189
2025-07-12 21:15,8958.189
2025-07-12 21:30,8958.220
2025-07-12 21:45,8958.220
2025-07-12 22:00,8958.220
2025-07-12 22:15,8958.220
2025-07-12 22:30,8958.220
2025-07-12 22:45,8958.220
2025-07-12 23:00,8958.254
2025-07-12 23:15,8958.254
2025-07-12 23:30,8958.254
2025-07-12 23:45,8958.254
2025-07-13 00:00,8958.254
2025-07-13 00:15,8958.254
2025-07-13 00:30,8958.254
2025-07-13 00:45,8958.254
2025-07-13 01:00,8958.284
2025-07-13 01:15,8958.284
2025-07-13 01:30,8958.284
2025-07-13 01:45,8958.284
2025-07-13 02:00,8958.284
2025-07-13 02:15,8958.284
2025-07-13 02:30,8958.284
2025-07-13 02:45,8958.326
2025-07-13 03:00,8958.326
2025-07-13 03:15,8958.326
2025-07-13 03:30,8958.326
2025-07-13 03:45,8958.326
2025-07-13 04:00,8958.326
2025-07-13 04:15,8958.326
2025-07-13 04:30,8958.326
2025-07-13 04:45,8958.326
2025-07-13 05:00,8958.326
2025-07-13 05:15,8958.326
2025-07-13 05:30,8958.358
2025-07-13 05:45,8958.358
2025-07-13 06:00,8958.358
2025-07-13 06:15,8958.358
2025-07-13 06:30,8958.358
2025-07-13 06:45,8958.392
2025-07-13 07:00,8958.392
2025-07-13 07:15,8958.392
2025-07-13 07:30,8958.392
2025-07-13 07:45,8958.392
2025-07-13 08:00,8958.392
2025-07-13 08:15,8958.392
2025-07-13 08:30,8958.419
2025-07-13 08:45,8958.419
2025-07-13 09:00,8958.419
2025-07-13 09:15,8958.552
2025-07-13 09:30,8958.561
2025-07-13 09:45,8958.561
2025-07-13 10:00,8958.561
2025-07-13 10:15,8958.561
2025-07-13 10:30,8958.561
2025-07-13 10:45,8958.561
2025-07-13 11:00,8958.561
2025-07-13 11:15,8958.561
2025-07-13 11:30,8958.561
2025-07-13 11:45,8958.593
2025-07-13 12:00,8958.593
2025-07-13 12:15,8958.593
2025-07-13 12:30,8958.593
2025-07-13 12:45,8958.593
2025-07-13 13:00,8958.593
2025-07-13 13:15,8958.714
2025-07-13 13:30,8958.714
2025-07-13 13:45,8958.714
2025-07-13 14:00,8958.714
2025-07-13 14:15,8958.714
2025-07-13 14:30,8958.714
2025-07-13 14:45,8958.714
2025-07-13 15:00,8958.714
2025-07-13 15:15,8958.739
2025-07-13 15:30,8958.768
2025-07-13 15:45,8958.768
2025-07-13 16:00,8958.768
2025-07-13 16:15,8958.768
2025-07-13 16:30,8958.768
2025-07-13 16:45,8958.768
2025-07-13 17:00,8958.768
2025-07-13 17:15,8958.768
2025-07-13 17:30,8958.768
2025-07-13 17:45,8958.768
2025-07-13 18:00,8958.768
2025-07-13 18:15,8958.768
2025-07-13 18:30,8958.815
2025-07-13 18:45,8958.815
2025-07-13 19:00,8958.815
2025-07-13 19:15,8958.815
2025-07-13 19:30,8958.815
2025-07-13 19:45,8958.815
2025-07-13 20:00,8958.815
2025-07-13 20:15,8958.815
2025-07-13 20:30,8958.815
2025-07-13 20:45,8958.815
2025-07-13 21:00,8958.815
2025-07-13 21:15,8958.847
2025-07-13 21:30,8958.847
2025-07-13 21:45,8958.847
2025-07-13 22:00,8958.847
2025-07-13 22:15,8958.847
2025-07-13 22:30,8958.864
2025-07-13 22:45,8958.881
2025-07-13 23:00,8958.881
2025-07-13 23:15,8958.881
2025-07-13 23:30,8958.881
2025-07-13 23:45,8958.881
2025-07-14 00:00,8958.881
2025-07-14 00:15,8958.881
2025-07-14 00:30,8958.908
2025-07-14 00:45,8958.908
2025-07-14 01:00,8958.908
2025-07-14 01:15,8958.908
2025-07-14 01:30,8958.908
2025-07-14 01:45,8958.908
2025-07-14 02:00,8958.908
2025-07-14 02:15,8958.951
2025-07-14 02:30,8958.951
2025-07-14 02:45,8958.951
2025-07-14 03:00,8958.951
2025-07-14 03:15,8958.951
2025-07-14 03:30,8958.951
2025-07-14 03:45,8958.951
2025-07-14 04:00,8958.951
2025-07-14 04:15,8958.951
2025-07-14 04:30,8958.951
2025-07-14 04:45,8958.951
2025-07-14 05:00,8958.984
2025-07-14 05:15,8958.984
2025-07-14 05:30,8958.984
2025-07-14 05:45,8958.984
2025-07-14 06:00,8958.984
2025-07-14 06:15,8958.984
2025-07-14 06:30,8959.016
2025-07-14 06:45,8959.016
2025-07-14 07:00,8959.016
2025-07-14 07:15,8959.016
2025-07-14 07:30,8959.016
2025-07-14 07:45,8959.016
2025-07-14 08:00,8959.044
2025-07-14 08:15,8959.044
2025-07-14 08:30,8959.220
2025-07-14 08:45,8959.220
2025-07-14 09:00,8959.220
2025-07-14 09:15,8959.220
2025-07-14 09:30,8959.220
2025-07-14 09:45,8959.220
2025-07-14 10:00,8959.220
2025-07-14 10:15,8959.220
2025-07-14 10:30,8959.220
2025-07-14 10:45,8959.220
2025-07-14 11:00,8959.220
2025-07-14 11:15,8959.220
2025-07-14 11:30,8959.267
2025-07-14 11:45,8959.267
2025-07-14 12:00,8959.267
2025-07-14 12:15,8959.267
2025-07-14 12:30,8959.267
2025-07-14 12:45,8959.267
2025-07-14 13:00,8959.267
2025-07-14 13:15,8959.267
2025-07-14 13:30,8959.267
2025-07-14 13:45,8959.292
2025-07-14 14:00,8959.292
2025-07-14 14:15,8959.292
2025-07-14 14:30,8959.292
2025-07-14 14:45,8959.292
2025-07-14 15:00,8959.292
2025-07-14 15:15,8959.292
2025-07-14 15:30,8959.336
2025-07-14 15:45,8959.336
2025-07-14 16:00,8959.426
2025-07-14 16:15,8959.434
2025-07-14 16:30,8959.434
2025-07-14 16:45,8959.434
2025-07-14 17:00,8959.434
2025-07-14 17:15,8959.434
2025-07-14 17:30,8959.434
2025-07-14 17:45,8959.434
2025-07-14 18:00,8959.434
2025-07-14 18:15,8959.487
2025-07-14 18:30,8959.487
2025-07-14 18:45,8959.487
2025-07-14 19:00,8959.487
2025-07-14 19:15,8959.487
2025-07-14 19:30,8959.487
2025-07-14 19:45,8959.487
2025-07-14 20:00,8959.487
2025-07-14 20:15,8959.487
2025-07-14 20:30,8959.487
2025-07-14 20:45,8959.487
2025-07-14 21:00,8959.487
2025-07-14 21:15,8959.534
2025-07-14 21:30,8959.534
2025-07-14 21:45,8959.534
2025-07-14 22:00,8959.534
2025-07-14 22:15,8959.534
2025-07-14 22:30,8959.534
2025-07-14 22:45,8959.534
2025-07-14 23:00,8959.534
2025-07-14 23:15,8959.534
2025-07-14 23:30,8959.534
2025-07-14 23:45,8959.565
2025-07-15 00:00,8959.565
2025-07-15 00:15,8959.565
2025-07-15 00:30,8959.565
2025-07-15 00:45,8959.565
2025-07-15 01:00,8959.565
2025-07-15 01:15,8959.565
2025-07-15 01:30,8959.606
2025-07-15 01:45,8959.606
2025-07-15 02:00,8959.606
2025-07-15 02:15,8959.606
2025-07-15 02:30,8959.606
2025-07-15 02:45,8959.606
2025-07-15 03:00,8959.606
2025-07-15 03:15,8959.606
2025-07-15 03:30,8959.606
2025-07-15 03:45,8959.606
2025-07-15 04:00,8959.638
2025-07-15 04:15,8959.638
2025-07-15 04:30,8959.638
2025-07-15 04:45,8959.638
2025-07-15 05:00,8959.638
2025-07-15 05:15,8959.638
2025-07-15 05:30,8959.671
2025-07-15 05:45,8959.671
2025-07-15 06:00,8959.671
2025-07-15 06:15,8959.671
2025-07-15 06:30,8959.671
2025-07-15 06:45,8959.671
2025-07-15 07:00,8959.671
2025-07-15 07:15,8959.671
2025-07-15 07:30,8959.702
2025-07-15 07:45,8959.702
2025-07-15 08:00,8959.702
2025-07-15 08:15,8959.702
2025-07-15 08:30,8959.702
2025-07-15 08:45,8959.702
2025-07-15 09:00,8959.771
2025-07-15 09:15,8959.845
2025-07-15 09:30,8959.845
2025-07-15 09:45,8959.845
2025-07-15 10:00,8959.845
2025-07-15 10:15,8959.845
2025-07-15 10:30,8959.845
2025-07-15 10:45,8959.845
2025-07-15 11:00,8959.845
2025-07-15 11:15,8959.845
2025-07-15 11:30,8959.845
2025-07-15 11:45,8959.845
2025-07-15 12:00,8959.891
2025-07-15 12:15,8959.891
2025-07-15 12:30,8959.891
2025-07-15 12:45,8959.891
2025-07-15 13:00,8959.891
2025-07-15 13:15,8959.891
2025-07-15 13:30,8959.891
2025-07-15 13:45,8959.891
2025-07-15 14:00,8959.914
2025-07-15 14:15,8959.914
2025-07-15 14:30,8959.914
2025-07-15 14:45,8959.914
2025-07-15 15:00,8959.914
2025-07-15 15:15,8959.914
2025-07-15 15:30,8959.914
2025-07-15 15:45,8959.957
2025-07-15 16:00,8959.957
2025-07-15 16:15,8959.957
2025-07-15 16:30,8959.957
2025-07-15 16:45,8959.957
2025-07-15 17:00,8959.957
2025-07-15 17:15,8959.957
2025-07-15 17:30,8959.957
2025-07-15 17:45,8959.957
2025-07-15 18:00,8959.957
2025-07-15 18:15,8959.957
2025-07-15 18:30,8959.990
2025-07-15 18:45,8959.990
2025-07-15 19:00,8959.990
2025-07-15 19:15,8959.990
2025-07-15 19:30,8959.990
2025-07-15 19:45,8960.062
2025-07-15 20:00,8960.062
2025-07-15 20:15,8960.062
2025-07-15 20:30,8960.062
2025-07-15 20:45,8960.062
2025-07-15 21:00,8960.062
2025-07-15 21:15,8960.062
2025-07-15 21:30,8960.062
2025-07-15 21:45,8960.062
2025-07-15 22:00,8960.094
2025-07-15 22:15,8960.094
2025-07-15 22:30,8960.102
2025-07-15 22:45,8960.147
2025-07-15 23:00,8960.147
2025-07-15 23:15,8960.147
2025-07-15 23:30,8960.147
2025-07-15 23:45,8960.147
2025-07-16 00:00,8960.147
2025-07-16 00:15,8960.147
2025-07-16 00:30,8960.147
2025-07-16 00:45,8960.147
2025-07-16 01:00,8960.147
2025-07-16 01:15,8960.147
2025-07-16 01:30,8960.147
2025-07-16 01:45,8960.147
2025-07-16 02:00,8960.147
2025-07-16 02:15,8960.147
2025-07-16 02:30,8960.147
2025-07-16 02:45,8960.147
2025-07-16 03:00,8960.147
2025-07-16 03:15,8960.147
2025-07-16 03:30,8960.147
2025-07-16 03:45,8960.147
2025-07-16 04:00,8960.147
2025-07-16 04:15,8960.147
2025-07-16 04:30,8960.147
2025-07-16 04:45,8960.147
2025-07-16 05:00,8960.207
2025-07-16 05:15,8960.207
2025-07-16 05:30,8960.207
2025-07-16 05:45,8960.207
2025-07-16 06:00,8960.207
2025-07-16 06:15,8960.207
2025-07-16 06:30,8960.207
2025-07-16 06:45,8960.207
2025-07-16 07:00,8960.207
2025-07-16 07:15,8960.207
2025-07-16 07:30,8960.207
2025-07-16 07:45,8960.207
2025-07-16 08:00,8960.207
2025-07-16 08:15,8960.218
2025-07-16 08:30,8960.254
2025-07-16 08:45,8960.254
2025-07-16 09:00,8960.254
2025-07-16 09:15,8960.356
2025-07-16 09:30,8960.356
2025-07-16 09:45,8960.356
2025-07-16 10:00,8960.356
2025-07-16 10:15,8960.356
2025-07-16 10:30,8960.356
2025-07-16 10:45,8960.356
2025-07-16 11:00,8960.356
2025-07-16 11:15,8960.356
2025-07-16 11:30,8960.548
2025-07-16 11:45,8960.548
2025-07-16 12:00,8960.548
2025-07-16 12:15,8960.548
2025-07-16 12:30,8960.548
2025-07-16 12:45,8960.548
2025-07-16 13:00,8960.548
2025-07-16 13:15,8960.558
2025-07-16 13:30,8960.658
2025-07-16 13:45,8960.681
2025-07-16 14:00,8960.681
2025-07-16 14:15,8960.681
2025-07-16 14:30,8960.727
2025-07-16 14:45,8960.727
2025-07-16 15:00,8960.727
2025-07-16 15:15,8960.727
2025-07-16 15:30,8960.727
2025-07-16 15:45,8960.727
2025-07-16 16:00,8960.727
2025-07-16 16:15,8960.727
2025-07-16 16:30,8960.727
2025-07-16 16:45,8960.755
2025-07-16 17:00,8960.759
2025-07-16 17:15,8960.759
2025-07-16 17:30,8960.759
2025-07-16 17:45,8960.759
2025-07-16 18:00,8960.759
2025-07-16 18:15,8960.793
2025-07-16 18:30,8960.793
2025-07-16 18:45,8960.793
2025-07-16 19:00,8960.793
2025-07-16 19:15,8960.840
2025-07-16 19:30,8960.893
2025-07-16 19:45,8960.893
2025-07-16 20:00,8960.893
2025-07-16 20:15,8960.893
2025-07-16 20:30,8960.893
2025-07-16 20:45,8960.920
2025-07-16 21:00,8960.935
2025-07-16 21:15,8960.935
2025-07-16 21:30,8960.935
2025-07-16 21:45,8960.935
2025-07-16 22:00,8960.935
2025-07-16 22:15,8960.935
2025-07-16 22:30,8960.935
2025-07-16 22:45,8960.935
2025-07-16 23:00,8960.935
2025-07-16 23:15,8960.935
2025-07-16 23:30,8960.967
2025-07-16 23:45,8960.967
2025-07-17 00:00,8960.967
2025-07-17 00:15,8960.967
2025-07-17 00:30,8960.967
2025-07-17 00:45,8960.993
2025-07-17 01:00,8960.993
2025-07-17 01:15,8960.993
2025-07-17 01:30,8960.993
2025-07-17 01:45,8960.993
2025-07-17 02:00,8960.993
2025-07-17 02:15,8960.993
2025-07-17 02:30,8961.023
2025-07-17 02:45,8961.023
2025-07-17 03:00,8961.023
2025-07-17 03:15,8961.023
2025-07-17 03:30,8961.023
2025-07-17 03:45,8961.023
2025-07-17 04:00,8961.051
2025-07-17 04:15,8961.051
2025-07-17 04:30,8961.051
2025-07-17 04:45,8961.051
2025-07-17 05:00,8961.051
2025-07-17 05:15,8961.051
2025-07-17 05:30,8961.079
2025-07-17 05:45,8961.079
2025-07-17 06:00,8961.079
2025-07-17 06:15,8961.079
2025-07-17 06:30,8961.079
2025-07-17 06:45,8961.079
2025-07-17 07:00,8961.079
2025-07-17 07:15,8961.115
2025-07-17 07:30,8961.115
2025-07-17 07:45,8961.115
2025-07-17 08:00,8961.115
2025-07-17 08:15,8961.115
2025-07-17 08:30,8961.115
2025-07-17 08:45,8961.315
2025-07-17 09:00,8961.322
2025-07-17 09:15,8961.322
2025-07-17 09:30,8961.322
2025-07-17 09:45,8961.322
2025-07-17 10:00,8961.322
2025-07-17 10:15,8961.322
2025-07-17 10:30,8961.322
2025-07-17 10:45,8961.322
2025-07-17 11:00,8961.322
2025-07-17 11:15,8961.322
2025-07-17 11:30,8961.368
2025-07-17 11:45,8961.368
2025-07-17 12:00,8961.368
2025-07-17 12:15,8961.368
2025-07-17 12:30,8961.368
2025-07-17 12:45,8961.368
2025-07-17 13:00,8961.368
2025-07-17 13:15,8961.368
2025-07-17 13:30,8961.391
2025-07-17 13:45,8961.391
2025-07-17 14:00,8961.391
2025-07-17 14:15,8961.391
2025-07-17 14:30,8961.391
2025-07-17 14:45,8961.391
2025-07-17 15:00,8961.391
2025-07-17 15:15,8961.427
2025-07-17 15:30,8961.435
2025-07-17 15:45,8961.435
2025-07-17 16:00,8961.435
2025-07-17 16:15,8961.435
2025-07-17 16:30,8961.435
2025-07-17 16:45,8961.435
2025-07-17 17:00,8961.435
2025-07-17 17:15,8961.435
2025-07-17 17:30,8961.435
2025-07-17 17:45,8961.435
2025-07-17 18:00,8961.435
2025-07-17 18:15,8961.481
2025-07-17 18:30,8961.481
2025-07-17 18:45,8961.481
2025-07-17 19:00,8961.481
2025-07-17 19:15,8961.481
2025-07-17 19:30,8961.481
2025-07-17 19:45,8961.481
2025-07-17 20:00,8961.502
2025-07-17 20:15,8961.502
2025-07-17 20:30,8961.502
2025-07-17 20:45,8961.502
2025-07-17 21:00,8961.502
2025-07-17 21:15,8961.502
2025-07-17 21:30,8961.502
2025-07-17 21:45,8961.502
2025-07-17 22:00,8961.547
2025-07-17 22:15,8961.547
2025-07-17 22:30,8961.547
2025-07-17 22:45,8961.547
2025-07-17 23:00,8961.547
2025-07-17 23:15,8961.547
2025-07-17 23:30,8961.547
2025-07-17 23:45,8961.547
2025-07-18 00:00,8961.547
2025-07-18 00:15,8961.547
2025-07-18 00:30,8961.547
2025-07-18 00:45,8961.593
2025-07-18 01:00,8961.593
2025-07-18 01:15,8961.593
2025-07-18 01:30,8961.593
2025-07-18 01:45,8961.593
2025-07-18 02:00,8961.593
2025-07-18 02:15,8961.593
2025-07-18 02:30,8961.593
2025-07-18 02:45,8961.617
2025-07-18 03:00,8961.617
2025-07-18 03:15,8961.617
2025-07-18 03:30,8961.617
2025-07-18 03:45,8961.617
2025-07-18 04:00,8961.617
2025-07-18 04:15,8961.617
2025-07-18 04:30,8961.617
2025-07-18 04:45,8961.661
2025-07-18 05:00,8961.661
2025-07-18 05:15,8961.661
2025-07-18 05:30,8961.661
2025-07-18 05:45,8961.661
2025-07-18 06:00,8961.661
2025-07-18 06:15,8961.661
2025-07-18 06:30,8961.661
2025-07-18 06:45,8961.661
2025-07-18 07:00,8961.661
2025-07-18 07:15,8961.661
2025-07-18 07:30,8961.693
2025-07-18 07:45,8961.773
2025-07-18 08:00,8961.873
2025-07-18 08:15,8961.873
2025-07-18 08:30,8961.873
2025-07-18 08:45,8961.873
2025-07-18 09:00,8961.873
2025-07-18 09:15,8961.873
2025-07-18 09:30,8961.873
2025-07-18 09:45,8961.873
2025-07-18 10:00,8961.873
2025-07-18 10:15,8961.903
2025-07-18 10:30,8961.903
2025-07-18 10:45,8961.903
2025-07-18 11:00,8961.903
2025-07-18 11:15,8961.903
2025-07-18 11:30,8961.903
2025-07-18 11:45,8961.939
2025-07-18 12:00,8961.939
2025-07-18 12:15,8961.939
2025-07-18 12:30,8961.939
2025-07-18 12:45,8961.939
2025-07-18 13:00,8961.939
2025-07-18 13:15,8961.939
2025-07-18 13:30,8961.939
2025-07-18 13:45,8961.939
2025-07-18 14:00,8961.971
2025-07-18 14:15,8961.971
2025-07-18 14:30,8961.971
2025-07-18 14:45,8961.971
2025-07-18 15:00,8961.971
2025-07-18 15:15,8961.971
2025-07-18 15:30,8962.029
2025-07-18 15:45,8962.182
2025-07-18 16:00,8962.254
2025-07-18 16:15,8962.333
2025-07-18 16:30,8962.445
2025-07-18 16:45,8962.509
2025-07-18 17:00,8962.545
2025-07-18 17:15,8962.565
2025-07-18 17:30,8962.601
2025-07-18 17:45,8962.601
2025-07-18 18:00,8962.644
2025-07-18 18:15,8962.658
2025-07-18 18:30,8962.658
2025-07-18 18:45,8962.658
2025-07-18 19:00,8962.658
2025-07-18 19:15,8962.658
2025-07-18 19:30,8962.658
2025-07-18 19:45,8962.658
2025-07-18 20:00,8962.658
2025-07-18 20:15,8962.736
2025-07-18 20:30,8962.736
2025-07-18 20:45,8962.736
2025-07-18 21:00,8962.736
2025-07-18 21:15,8962.736
2025-07-18 21:30,8962.774
2025-07-18 21:45,8962.774
2025-07-18 22:00,8962.774
2025-07-18 22:15,8963.051
2025-07-18 22:30,8963.051
2025-07-18 22:45,8963.051
2025-07-18 23:00,8963.051
2025-07-18 23:15,8963.051
2025-07-18 23:30,8963.051
2025-07-18 23:45,8963.110
2025-07-19 00:00,8963.110
2025-07-19 00:15,8963.110
2025-07-19 00:30,8963.110
2025-07-19 00:45,8963.110
2025-07-19 01:00,8963.110
2025-07-19 01:15,8963.110
2025-07-19 01:30,8963.110
2025-07-19 01:45,8963.110
2025-07-19 02:00,8963.110
2025-07-19 02:15,8963.110
2025-07-19 02:30,8963.110
2025-07-19 02:45,8963.156
2025-07-19 03:00,8963.156
2025-07-19 03:15,8963.156
2025-07-19 03:30,8963.156
2025-07-19 03:45,8963.156
2025-07-19 04:00,8963.156
2025-07-19 04:15,8963.156
2025-07-19 04:30,8963.156
2025-07-19 04:45,8963.156
2025-07-19 05:00,8963.156
2025-07-19 05:15,8963.156
2025-07-19 05:30,8963.178
2025-07-19 05:45,8963.188
2025-07-19 06:00,8963.188
2025-07-19 06:15,8963.188
2025-07-19 06:30,8963.188
2025-07-19 06:45,8963.215
2025-07-19 07:00,8963.215
2025-07-19 07:15,8963.215
2025-07-19 07:30,8963.215
2025-07-19 07:45,8963.215
2025-07-19 08:00,8963.215
2025-07-19 08:15,8963.215
2025-07-19 08:30,8963.244
2025-07-19 08:45,8963.244
2025-07-19 09:00,8963.244
2025-07-19 09:15,8963.352
2025-07-19 09:30,8963.352
2025-07-19 09:45,8963.352
2025-07-19 10:00,8963.352
2025-07-19 10:15,8963.468
2025-07-19 10:30,8963.468
2025-07-19 10:45,8963.468
2025-07-19 11:00,8963.468
2025-07-19 11:15,8963.468
2025-07-19 11:30,8963.468
2025-07-19 11:45,8963.468
2025-07-19 12:00,8963.516
2025-07-19 12:15,8963.516
2025-07-19 12:30,8963.516
2025-07-19 12:45,8963.516
2025-07-19 13:00,8963.516
2025-07-19 13:15,8963.516
2025-07-19 13:30,8963.516
2025-07-19 13:45,8963.516
2025-07-19 14:00,8963.516
2025-07-19 14:15,8963.516
2025-07-19 14:30,8963.516
2025-07-19 14:45,8963.516
2025-07-19 15:00,8963.516
2025-07-19 15:15,8963.563
2025-07-19 15:30,8963.712
2025-07-19 15:45,8963.719
2025-07-19 16:00,8963.719
2025-07-19 16:15,8963.719
2025-07-19 16:30,8963.719
2025-07-19 16:45,8963.719
2025-07-19 17:00,8963.719
2025-07-19 17:15,8963.752
2025-07-19 17:30,8963.752
2025-07-19 17:45,8963.752
2025-07-19 18:00,8963.851
2025-07-19 18:15,8963.914
2025-07-19 18:30,8963.935
2025-07-19 18:45,8963.935
2025-07-19 19:00,8963.935
2025-07-19 19:15,8963.959
2025-07-19 19:30,8963.959
2025-07-19 19:45,8963.959
2025-07-19 20:00,8963.959
2025-07-19 20:15,8963.959
2025-07-19 20:30,8963.959
2025-07-19 20:45,8963.959
2025-07-19 21:00,8963.959
2025-07-19 21:15,8964.001
2025-07-19 21:30,8964.001
2025-07-19 21:45,8964.001
2025-07-19 22:00,8964.001
2025-07-19 22:15,8964.001
2025-07-19 22:30,8964.001
2025-07-19 22:45,8964.001
2025-07-19 23:00,8964.001
2025-07-19 23:15,8964.001
2025-07-19 23:30,8964.001
2025-07-19 23:45,8964.001
2025-07-20 00:00,8964.033
2025-07-20 00:15,8964.033
2025-07-20 00:30,8964.033
2025-07-20 00:45,8964.033
2025-07-20 01:00,8964.033
2025-07-20 01:15,8964.049
2025-07-20 01:30,8964.067
2025-07-20 01:45,8964.067
2025-07-20 02:00,8964.067
2025-07-20 02:15,8964.067
2025-07-20 02:30,8964.067
2025-07-20 02:45,8964.067
2025-07-20 03:00,8964.067
2025-07-20 03:15,8964.093
2025-07-20 03:30,8964.093
2025-07-20 03:45,8964.093
2025-07-20 04:00,8964.093
2025-07-20 04:15,8964.093
2025-07-20 04:30,8964.093
2025-07-20 04:45,8964.093
2025-07-20 05:00,8964.135
2025-07-20 05:15,8964.135
2025-07-20 05:30,8964.135
2025-07-20 05:45,8964.135
2025-07-20 06:00,8964.135
2025-07-20 06:15,8964.135
2025-07-20 06:30,8964.135
2025-07-20 06:45,8964.135
2025-07-20 07:00,8964.135
2025-07-20 07:15,8964.135
2025-07-20 07:30,8964.135
2025-07-20 07:45,8964.167
2025-07-20 08:00,8964.167
2025-07-20 08:15,8964.167
2025-07-20 08:30,8964.167
2025-07-20 08:45,8964.167
2025-07-20 09:00,8964.167
2025-07-20 09:15,8964.271
2025-07-20 09:30,8964.285
2025-07-20 09:45,8964.285
2025-07-20 10:00,8964.285
2025-07-20 10:15,8964.285
2025-07-20 10:30,8964.285
2025-07-20 10:45,8964.285
2025-07-20 11:00,8964.285
2025-07-20 11:15,8964.349
2025-07-20 11:30,8964.349
2025-07-20 11:45,8964.349
2025-07-20 12:00,8964.349
2025-07-20 12:15,8964.349
2025-07-20 12:30,8964.349
2025-07-20 12:45,8964.349
2025-07-20 13:00,8964.349
2025-07-20 13:15,8964.349
2025-07-20 13:30,8964.349
2025-07-20 13:45,8964.349
2025-07-20 14:00,8964.349
2025-07-20 14:15,8964.349
2025-07-20 14:30,8964.394
2025-07-20 14:45,8964.394
2025-07-20 15:00,8964.394
2025-07-20 15:15,8964.394
2025-07-20 15:30,8964.394
2025-07-20 15:45,8964.394
2025-07-20 16:00,8964.394
2025-07-20 16:15,8964.394
2025-07-20 16:30,8964.394
2025-07-20 16:45,8964.394
2025-07-20 17:00,8964.422
2025-07-20 17:15,8964.422
2025-07-20 17:30,8964.431
2025-07-20 17:45,8964.455
2025-07-20 18:00,8964.465
2025-07-20 18:15,8964.465
2025-07-20 18:30,8964.506
2025-07-20 18:45,8964.518
2025-07-20 19:00,8964.525
2025-07-20 19:15,8964.525
2025-07-20 19:30,8964.525
2025-07-20 19:45,8964.525
2025-07-20 20:00,8964.525
2025-07-20 20:15,8964.525
2025-07-20 20:30,8964.525
2025-07-20 20:45,8964.525
2025-07-20 21:00,8964.525
2025-07-20 21:15,8964.556
2025-07-20 21:30,8964.556
2025-07-20 21:45,8964.556
2025-07-20 22:00,8964.556
2025-07-20 22:15,8964.556
2025-07-20 22:30,8964.590
2025-07-20 22:45,8964.590
2025-07-20 23:00,8964.590
2025-07-20 23:15,8964.590
2025-07-20 23:30,8964.590
2025-07-20 23:45,8964.590
2025-07-21 00:00,8964.590
2025-07-21 00:15,8964.590
2025-07-21 00:30,8964.590
2025-07-21 00:45,8964.618
2025-07-21 01:00,8964.618
2025-07-21 01:15,8964.618
2025-07-21 01:30,8964.618
2025-07-21 01:45,8964.618
2025-07-21 02:00,8964.618
2025-07-21 02:15,8964.618
2025-07-21 02:30,8964.660
2025-07-21 02:45,8964.660
2025-07-21 03:00,8964.660
2025-07-21 03:15,8964.660
2025-07-21 03:30,8964.660
2025-07-21 03:45,8964.660
2025-07-21 04:00,8964.660
2025-07-21 04:15,8964.660
2025-07-21 04:30,8964.660
2025-07-21 04:45,8964.660
2025-07-21 05:00,8964.660
2025-07-21 05:15,8964.660
2025-07-21 05:30,8964.693
2025-07-21 05:45,8964.693
2025-07-21 06:00,8964.693
2025-07-21 06:15,8964.693
2025-07-21 06:30,8964.693
2025-07-21 06:45,8964.722
2025-07-21 07:00,8964.722
2025-07-21 07:15,8964.722
2025-07-21 07:30,8964.722
2025-07-21 07:45,8964.722
2025-07-21 08:00,8964.722
2025-07-21 08:15,8964.722
2025-07-21 08:30,8964.750
2025-07-21 08:45,8964.750
2025-07-21 09:00,8964.962
2025-07-21 09:15,8964.962
2025-07-21 09:30,8964.962
2025-07-21 09:45,8964.962
2025-07-21 10:00,8964.962
2025-07-21 10:15,8964.962
2025-07-21 10:30,8964.962
2025-07-21 10:45,8964.962
2025-07-21 11:00,8964.962
2025-07-21 11:15,8964.962
2025-07-21 11:30,8964.962
2025-07-21 11:45,8964.962
2025-07-21 12:00,8965.009
2025-07-21 12:15,8965.087
2025-07-21 12:30,8965.087
2025-07-21 12:45,8965.087
2025-07-21 13:00,8965.087
2025-07-21 13:15,8965.087
2025-07-21 13:30,8965.087
2025-07-21 13:45,8965.087
2025-07-21 14:00,8965.087
2025-07-21 14:15,8965.144
2025-07-21 14:30,8965.151
2025-07-21 14:45,8965.151
2025-07-21 15:00,8965.151
2025-07-21 15:15,8965.151
2025-07-21 15:30,8965.151
2025-07-21 15:45,8965.151
2025-07-21 16:00,8965.151
2025-07-21 16:15,8965.151
2025-07-21 16:30,8965.151
2025-07-21 16:45,8965.151
2025-07-21 17:00,8965.151
2025-07-21 17:15,8965.159
2025-07-21 17:30,8965.215
2025-07-21 17:45,8965.275
2025-07-21 18:00,8965.275
2025-07-21 18:15,8965.275
2025-07-21 18:30,8965.275
2025-07-21 18:45,8965.275
2025-07-21 19:00,8965.275
2025-07-21 19:15,8965.275
2025-07-21 19:30,8965.275
2025-07-21 19:45,8965.275
2025-07-21 20:00,8965.275
2025-07-21 20:15,8965.275
2025-07-21 20:30,8965.307
2025-07-21 20:45,8965.307
2025-07-21 21:00,8965.307
2025-07-21 21:15,8965.307
2025-07-21 21:30,8965.307
2025-07-21 21:45,8965.338
2025-07-21 22:00,8965.341
2025-07-21 22:15,8965.341
2025-07-21 22:30,8965.341
2025-07-21 22:45,8965.341
2025-07-21 23:00,8965.341
2025-07-21 23:15,8965.341
2025-07-21 23:30,8965.341
2025-07-21 23:45,8965.369
2025-07-22 00:00,8965.369
2025-07-22 00:15,8965.369
2025-07-22 00:30,8965.369
2025-07-22 00:45,8965.369
2025-07-22 01:00,8965.369
2025-07-22 01:15,8965.369
2025-07-22 01:30,8965.369
2025-07-22 01:45,8965.413
2025-07-22 02:00,8965.413
2025-07-22 02:15,8965.413
2025-07-22 02:30,8965.413
2025-07-22 02:45,8965.413
2025-07-22 03:00,8965.413
2025-07-22 03:15,8965.413
2025-07-22 03:30,8965.413
2025-07-22 03:45,8965.413
2025-07-22 04:00,8965.413
2025-07-22 04:15,8965.418
2025-07-22 04:30,8965.445
2025-07-22 04:45,8965.445
2025-07-22 05:00,8965.445
2025-07-22 05:15,8965.445
2025-07-22 05:30,8965.445
2025-07-22 05:45,8965.478
2025-07-22 06:00,8965.478
2025-07-22 06:15,8965.478
2025-07-22 06:30,8965.478
2025-07-22 06:45,8965.478
2025-07-22 07:00,8965.478
2025-07-22 07:15,8965.478
2025-07-22 07:30,8965.505
2025-07-22 07:45,8965.505
2025-07-22 08:00,8965.505
2025-07-22 08:15,8965.505
2025-07-22 08:30,8965.505
2025-07-22 08:45,8965.505
2025-07-22 09:00,8965.674
2025-07-22 09:15,8965.674
2025-07-22 09:30,8965.674
2025-07-22 09:45,8965.674
2025-07-22 10:00,8965.674
2025-07-22 10:15,8965.674
2025-07-22 10:30,8965.674
2025-07-22 10:45,8965.674
2025-07-22 11:00,8965.674
2025-07-22 11:15,8965.674
2025-07-22 11:30,8965.674
2025-07-22 11:45,8965.706
2025-07-22 12:00,8965.706
2025-07-22 12:15,8965.706
2025-07-22 12:30,8965.706
2025-07-22 12:45,8965.706
2025-07-22 13:00,8965.734
2025-07-22 13:15,8965.734
2025-07-22 13:30,8965.734
2025-07-22 13:45,8965.734
2025-07-22 14:00,8965.734
2025-07-22 14:15,8965.734
2025-07-22 14:30,8965.759
2025-07-22 14:45,8965.763
2025-07-22 15:00,8965.763
2025-07-22 15:15,8965.763
2025-07-22 15:30,8965.763
2025-07-22 15:45,8965.763
2025-07-22 16:00,8965.763
2025-07-22 16:15,8965.798
2025-07-22 16:30,8965.798
2025-07-22 16:45,8965.798
2025-07-22 17:00,8965.798
2025-07-22 17:15,8965.798
2025-07-22 17:30,8965.798
2025-07-22 17:45,8965.823
2025-07-22 18:00,8965.869
2025-07-22 18:15,8965.871
2025-07-22 18:30,8965.871
2025-07-22 18:45,8965.871
2025-07-22 19:00,8965.871
2025-07-22 19:15,8965.871
2025-07-22 19:30,8965.871
2025-07-22 19:45,8965.915
2025-07-22 20:00,8965.915
2025-07-22 20:15,8965.915
2025-07-22 20:30,8965.915
2025-07-22 20:45,8965.915
2025-07-22 21:00,8965.915
2025-07-22 21:15,8965.915
2025-07-22 21:30,8965.915
2025-07-22 21:45,8965.915
2025-07-22 22:00,8965.915
2025-07-22 22:15,8965.946
2025-07-22 22:30,8965.994
2025-07-22 22:45,8965.994
2025-07-22 23:00,8965.994
2025-07-22 23:15,8965.994
2025-07-22 23:30,8965.994
2025-07-22 23:45,8965.994
2025-07-23 00:00,8965.994
2025-07-23 00:15,8965.994
2025-07-23 00:30,8965.994
2025-07-23 00:45,8965.994
2025-07-23 01:00,8965.994
2025-07-23 01:15,8965.994
2025-07-23 01:30,8965.994
2025-07-23 01:45,8965.994
2025-07-23 02:00,8965.994
2025-07-23 02:15,8965.994
2025-07-23 02:30,8965.994
2025-07-23 02:45,8965.994
2025-07-23 03:00,8965.994
2025-07-23 03:15,8965.994
2025-07-23 03:30,8965.994
2025-07-23 03:45,8965.994
2025-07-23 04:00,8965.994
2025-07-23 04:15,8965.994
2025-07-23 04:30,8965.994
2025-07-23 04:45,8965.994
2025-07-23 05:00,8965.994
2025-07-23 05:15,8966.053
2025-07-23 05:30,8966.053
2025-07-23 05:45,8966.053
2025-07-23 06:00,8966.053
2025-07-23 06:15,8966.053
2025-07-23 06:30,8966.053
2025-07-23 06:45,8966.053
2025-07-23 07:00,8966.053
2025-07-23 07:15,8966.053
2025-07-23 07:30,8966.053
2025-07-23 07:45,8966.053
2025-07-23 08:00,8966.053
2025-07-23 08:15,8966.193
2025-07-23 08:30,8966.193
2025-07-23 08:45,8966.193
2025-07-23 09:00,8966.193
2025-07-23 09:15,8966.193
2025-07-23 09:30,8966.193
2025-07-23 09:45,8966.193
2025-07-23 10:00,8966.193
2025-07-23 10:15,8966.193
2025-07-23 10:30,8966.193
2025-07-23 10:45,8966.193
2025-07-23 11:00,8966.193
2025-07-23 11:15,8966.231
2025-07-23 11:30,8966.231
2025-07-23 11:45,8966.231
2025-07-23 12:00,8966.252
2025-07-23 12:15,8966.255
2025-07-23 12:30,8966.255
2025-07-23 12:45,8966.255
2025-07-23 13:00,8966.255
2025-07-23 13:15,8966.255
2025-07-23 13:30,8966.255
2025-07-23 13:45,8966.255
2025-07-23 14:00,8966.407
2025-07-23 14:15,8966.701
2025-07-23 14:30,8966.701
2025-07-23 14:45,8966.701
2025-07-23 15:00,8966.701
2025-07-23 15:15,8966.701
2025-07-23 15:30,8966.701
2025-07-23 15:45,8966.701
2025-07-23 16:00,8966.701
2025-07-23 16:15,8966.701
2025-07-23 16:30,8966.701
2025-07-23 16:45,8966.733
2025-07-23 17:00,8966.791
2025-07-23 17:15,8966.801
2025-07-23 17:30,8966.810
2025-07-23 17:45,8966.818
2025-07-23 18:00,8966.860
2025-07-23 18:15,8966.868
2025-07-23 18:30,8966.876
2025-07-23 18:45,8966.879
2025-07-23 19:00,8966.879
2025-07-23 19:15,8966.879
2025-07-23 19:30,8966.879
2025-07-23 19:45,8966.879
2025-07-23 20:00,8966.907
2025-07-23 20:15,8966.907
2025-07-23 20:30,8966.907
2025-07-23 20:45,8966.907
2025-07-23 21:00,8966.907
2025-07-23 21:15,8966.907
2025-07-23 21:30,8966.907
2025-07-23 21:45,8966.907
2025-07-23 22:00,8966.950
2025-07-23 22:15,8966.950
2025-07-23 22:30,8966.950
2025-07-23 22:45,8966.950
2025-07-23 23:00,8966.950
2025-07-23 23:15,8966.950
2025-07-23 23:30,8966.950
2025-07-23 23:45,8966.950
2025-07-24 00:00,8966.950
2025-07-24 00:15,8966.950
2025-07-24 00:30,8966.950
2025-07-24 00:45,8966.983
2025-07-24 01:00,8966.983
2025-07-24 01:15,8966.983
2025-07-24 01:30,8966.983
2025-07-24 01:45,8966.983
2025-07-24 02:00,8967.010
2025-07-24 02:15,8967.010
2025-07-24 02:30,8967.010
2025-07-24 02:45,8967.010
2025-07-24 03:00,8967.010
2025-07-24 03:15,8967.010
2025-07-24 03:30,8967.038
2025-07-24 03:45,8967.038
2025-07-24 04:00,8967.038
2025-07-24 04:15,8967.038
2025-07-24 04:30,8967.038
2025-07-24 04:45,8967.038
2025-07-24 05:00,8967.059
2025-07-24 05:15,8967.067
2025-07-24 05:30,8967.067
2025-07-24 05:45,8967.067
2025-07-24 06:00,8967.067
2025-07-24 06:15,8967.067
2025-07-24 06:30,8967.067
2025-07-24 06:45,8967.095
2025-07-24 07:00,8967.095
2025-07-24 07:15,8967.095
2025-07-24 07:30,8967.095
2025-07-24 07:45,8967.095
2025-07-24 08:00,8967.095
2025-07-24 08:15,8967.130
2025-07-24 08:30,8967.130
2025-07-24 08:45,8967.207
2025-07-24 09:00,8967.346
2025-07-24 09:15,8967.440
2025-07-24 09:30,8967.440
2025-07-24 09:45,8967.440
2025-07-24 10:00,8967.440
2025-07-24 10:15,8967.440
2025-07-24 10:30,8967.440
2025-07-24 10:45,8967.440
2025-07-24 11:00,8967.440
2025-07-24 11:15,8967.440
2025-07-24 11:30,8967.440
2025-07-24 11:45,8967.440
2025-07-24 12:00,8967.480
2025-07-24 12:15,8967.480
2025-07-24 12:30,8967.480
2025-07-24 12:45,8967.480
2025-07-24 13:00,8967.480
2025-07-24 13:15,8967.480
2025-07-24 13:30,8967.501
2025-07-24 13:45,8967.501
2025-07-24 14:00,8967.501
2025-07-24 14:15,8967.501
2025-07-24 14:30,8967.501
2025-07-24 14:45,8967.501
2025-07-24 15:00,8967.501
2025-07-24 15:15,8967.501
2025-07-24 15:30,8967.501
2025-07-24 15:45,8967.546
2025-07-24 16:00,8967.546
2025-07-24 16:15,8967.546
2025-07-24 16:30,8967.546
2025-07-24 16:45,8967.546
2025-07-24 17:00,8967.546
2025-07-24 17:15,8967.546
2025-07-24 17:30,8967.546
2025-07-24 17:45,8967.546
2025-07-24 18:00,8967.546
2025-07-24 18:15,8967.546
2025-07-24 18:30,8967.546
2025-07-24 18:45,8967.592
2025-07-24 19:00,8967.592
2025-07-24 19:15,8967.592
2025-07-24 19:30,8967.592
2025-07-24 19:45,8967.592
2025-07-24 20:00,8967.592
2025-07-24 20:15,8967.592
2025-07-24 20:30,8967.592
2025-07-24 20:45,8967.592
2025-07-24 21:00,8967.615
2025-07-24 21:15,8967.615
2025-07-24 21:30,8967.615
2025-07-24 21:45,8967.615
2025-07-24 22:00,8967.615
2025-07-24 22:15,8967.615
2025-07-24 22:30,8967.615
2025-07-24 22:45,8967.658
2025-07-24 23:00,8967.658
2025-07-24 23:15,8967.658
2025-07-24 23:30,8967.658
2025-07-24 23:45,8967.658
2025-07-25 00:00,8967.658
2025-07-25 00:15,8967.658
2025-07-25 00:30,8967.658
2025-07-25 00:45,8967.658
2025-07-25 01:00,8967.658
2025-07-25 01:15,8967.658
2025-07-25 01:30,8967.690
2025-07-25 01:45,8967.690
2025-07-25 02:00,8967.690
2025-07-25 02:15,8967.690
2025-07-25 02:30,8967.690
2025-07-25 02:45,8967.690
2025-07-25 03:00,8967.724
2025-07-25 03:15,8967.724
2025-07-25 03:30,8967.724
2025-07-25 03:45,8967.724
2025-07-25 04:00,8967.724
2025-07-25 04:15,8967.724
2025-07-25 04:30,8967.748
2025-07-25 04:45,8967.749
2025-07-25 05:00,8967.749
2025-07-25 05:15,8967.749
2025-07-25 05:30,8967.749
2025-07-25 05:45,8967.749
2025-07-25 06:00,8967.749
2025-07-25 06:15,8967.749
2025-07-25 06:30,8967.791
2025-07-25 06:45,8967.791
2025-07-25 07:00,8967.791
2025-07-25 07:15,8967.791
2025-07-25 07:30,8967.791
2025-07-25 07:45,8967.791
2025-07-25 08:00,8967.791
2025-07-25 08:15,8967.887
2025-07-25 08:30,8967.887
2025-07-25 08:45,8967.887
2025-07-25 09:00,8967.887
2025-07-25 09:15,8967.887
2025-07-25 09:30,8967.921
2025-07-25 09:45,8967.921
2025-07-25 10:00,8967.921
2025-07-25 10:15,8967.921
2025-07-25 10:30,8967.921
2025-07-25 10:45,8967.921
2025-07-25 11:00,8967.921
2025-07-25 11:15,8967.921
2025-07-25 11:30,8967.951
2025-07-25 11:45,8967.951
2025-07-25 12:00,8967.951
2025-07-25 12:15,8967.951
2025-07-25 12:30,8967.951
2025-07-25 12:45,8967.951
2025-07-25 13:00,8967.951
2025-07-25 13:15,8967.993
2025-07-25 13:30,8967.993
2025-07-25 13:45,8967.993
2025-07-25 14:00,8967.993
2025-07-25 14:15,8967.993
2025-07-25 14:30,8967.993
2025-07-25 14:45,8967.993
2025-07-25 15:00,8967.993
2025-07-25 15:15,8967.993
2025-07-25 15:30,8967.993
2025-07-25 15:45,8967.993
2025-07-25 16:00,8968.024
2025-07-25 16:15,8968.057
2025-07-25 16:30,8968.067
2025-07-25 16:45,8968.102
2025-07-25 17:00,8968.119
2025-07-25 17:15,8968.153
2025-07-25 17:30,8968.153
2025-07-25 17:45,8968.153
2025-07-25 18:00,8968.153
2025-07-25 18:15,8968.153
2025-07-25 18:30,8968.153
2025-07-25 18:45,8968.153
2025-07-25 19:00,8968.153
2025-07-25 19:15,8968.180
2025-07-25 19:30,8968.180
2025-07-25 19:45,8968.180
2025-07-25 20:00,8968.180
2025-07-25 20:15,8968.180
2025-07-25 20:30,8968.180
2025-07-25 20:45,8968.180
2025-07-25 21:00,8968.195
2025-07-25 21:15,8968.223
2025-07-25 21:30,8968.223
2025-07-25 21:45,8968.223
2025-07-25 22:00,8968.223
2025-07-25 22:15,8968.223
2025-07-25 22:30,8968.223
2025-07-25 22:45,8968.223
2025-07-25 23:00,8968.223
2025-07-25 23:15,8968.223
2025-07-25 23:30,8968.223
2025-07-25 23:45,8968.223
2025-07-26 00:00,8968.255
2025-07-26 00:15,8968.255
2025-07-26 00:30,8968.255
2025-07-26 00:45,8968.255
2025-07-26 01:00,8968.255
2025-07-26 01:15,8968.286
2025-07-26 01:30,8968.286
2025-07-26 01:45,8968.286
2025-07-26 02:00,8968.286
2025-07-26 02:15,8968.286
2025-07-26 02:30,8968.286
2025-07-26 02:45,8968.286
2025-07-26 03:00,8968.314
2025-07-26 03:15,8968.314
2025-07-26 03:30,8968.314
2025-07-26 03:45,8968.314
2025-07-26 04:00,8968.314
2025-07-26 04:15,8968.314
2025-07-26 04:30,8968.349
2025-07-26 04:45,8968.349
2025-07-26 05:00,8968.349
2025-07-26 05:15,8968.349
2025-07-26 05:30,8968.349
2025-07-26 05:45,8968.349
2025-07-26 06:00,8968.349
2025-07-26 06:15,8968.349
2025-07-26 06:30,8968.378
2025-07-26 06:45,8968.378
2025-07-26 07:00,8968.378
2025-07-26 07:15,8968.378
2025-07-26 07:30,8968.378
2025-07-26 07:45,8968.378
2025-07-26 08:00,8968.378
2025-07-26 08:15,8968.405
2025-07-26 08:30,8968.420
2025-07-26 08:45,8968.420
2025-07-26 09:00,8968.440
2025-07-26 09:15,8968.510
2025-07-26 09:30,8968.510
2025-07-26 09:45,8968.510
2025-07-26 10:00,8968.510
2025-07-26 10:15,8968.510
2025-07-26 10:30,8968.510
2025-07-26 10:45,8968.510
2025-07-26 11:00,8968.510
2025-07-26 11:15,8968.510
2025-07-26 11:30,8968.563
2025-07-26 11:45,8968.563
2025-07-26 12:00,8968.563
2025-07-26 12:15,8968.563
2025-07-26 12:30,8968.563
2025-07-26 12:45,8968.563
2025-07-26 13:00,8968.563
2025-07-26 13:15,8968.563
2025-07-26 13:30,8968.563
2025-07-26 13:45,8968.563
2025-07-26 14:00,8968.563
2025-07-26 14:15,8968.563
2025-07-26 14:30,8968.563
2025-07-26 14:45,8968.609
2025-07-26 15:00,8968.609
2025-07-26 15:15,8968.609
2025-07-26 15:30,8968.723
2025-07-26 15:45,8968.723
2025-07-26 16:00,8968.723
2025-07-26 16:15,8968.723
2025-07-26 16:30,8968.723
2025-07-26 16:45,8968.723
2025-07-26 17:00,8968.723
2025-07-26 17:15,8968.723
2025-07-26 17:30,8968.723
2025-07-26 17:45,8968.756
2025-07-26 18:00,8968.781
2025-07-26 18:15,8968.781
2025-07-26 18:30,8968.781
2025-07-26 18:45,8968.781
2025-07-26 19:00,8968.781
2025-07-26 19:15,8968.781
2025-07-26 19:30,8968.781
2025-07-26 19:45,8968.781
2025-07-26 20:00,8968.781
2025-07-26 20:15,8968.781
2025-07-26 20:30,8968.781
2025-07-26 20:45,8968.781
2025-07-26 21:00,8968.828
2025-07-26 21:15,8968.828
2025-07-26 21:30,8968.828
2025-07-26 21:45,8968.828
2025-07-26 22:00,8968.828
2025-07-26 22:15,8968.828
2025-07-26 22:30,8968.828
2025-07-26 22:45,8968.828
2025-07-26 23:00,8968.828
2025-07-26 23:15,8968.828
2025-07-26 23:30,8968.828
2025-07-26 23:45,8968.828
2025-07-27 00:00,8968.869
2025-07-27 00:15,8968.869
2025-07-27 00:30,8968.869
2025-07-27 00:45,8968.869
2025-07-27 01:00,8968.887
2025-07-27 01:15,8968.894
2025-07-27 01:30,8968.894
2025-07-27 01:45,8968.894
2025-07-27 02:00,8968.894
2025-07-27 02:15,8968.894
2025-07-27 02:30,8968.894
2025-07-27 02:45,8968.894
2025-07-27 03:00,8968.894
2025-07-27 03:15,8968.938
2025-07-27 03:30,8968.938
2025-07-27 03:45,8968.938
2025-07-27 04:00,8968.938
2025-07-27 04:15,8968.938
2025-07-27 04:30,8968.938
2025-07-27 04:45,8968.938
2025-07-27 05:00,8968.938
2025-07-27 05:15,8968.938
2025-07-27 05:30,8968.939
2025-07-27 05:45,8968.970
2025-07-27 06:00,8968.970
2025-07-27 06:15,8968.970
2025-07-27 06:30,8968.970
2025-07-27 06:45,8968.970
2025-07-27 07:00,8968.989
2025-07-27 07:15,8969.006
2025-07-27 07:30,8969.006
2025-07-27 07:45,8969.006
2025-07-27 08:00,8969.006
2025-07-27 08:15,8969.006
2025-07-27 08:30,8969.006
2025-07-27 08:45,8969.006
2025-07-27 09:00,8969.006
2025-07-27 09:15,8969.095
2025-07-27 09:30,8969.095
2025-07-27 09:45,8969.095
2025-07-27 10:00,8969.095
2025-07-27 10:15,8969.095
2025-07-27 10:30,8969.095
2025-07-27 10:45,8969.095
2025-07-27 11:00,8969.095
2025-07-27 11:15,8969.095
2025-07-27 11:30,8969.095
2025-07-27 11:45,8969.127
2025-07-27 12:00,8969.127
2025-07-27 12:15,8969.127
2025-07-27 12:30,8969.127
2025-07-27 12:45,8969.127
2025-07-27 13:00,8969.161
2025-07-27 13:15,8969.161
2025-07-27 13:30,8969.161
2025-07-27 13:45,8969.161
2025-07-27 14:00,8969.161
2025-07-27 14:15,8969.161
2025-07-27 14:30,8969.161
2025-07-27 14:45,8969.190
2025-07-27 15:00,8969.190
2025-07-27 15:15,8969.190
2025-07-27 15:30,8969.190
2025-07-27 15:45,8969.190
2025-07-27 16:00,8969.190
2025-07-27 16:15,8969.190
2025-07-27 16:30,8969.216
2025-07-27 16:45,8969.233
2025-07-27 17:00,8969.233
2025-07-27 17:15,8969.233
2025-07-27 17:30,8969.233
2025-07-27 17:45,8969.233
2025-07-27 18:00,8969.233
2025-07-27 18:15,8969.233
2025-07-27 18:30,8969.233
2025-07-27 18:45,8969.233
2025-07-27 19:00,8969.265
2025-07-27 19:15,8969.265
2025-07-27 19:30,8969.265
2025-07-27 19:45,8969.265
2025-07-27 20:00,8969.265
2025-07-27 20:15,8969.265
2025-07-27 20:30,8969.299
2025-07-27 20:45,8969.299
2025-07-27 21:00,8969.299
2025-07-27 21:15,8969.299
2025-07-27 21:30,8969.299
2025-07-27 21:45,8969.323
2025-07-27 22:00,8969.855
2025-07-27 22:15,8970.006
2025-07-27 22:30,8970.006
2025-07-27 22:45,8970.006
2025-07-27 23:00,8970.218
2025-07-27 23:15,8970.218
2025-07-27 23:30,8970.218
2025-07-27 23:45,8970.218
2025-07-28 00:00,8970.218
2025-07-28 00:15,8970.218
2025-07-28 00:30,8970.218
2025-07-28 00:45,8970.218
2025-07-28 01:00,8970.270
2025-07-28 01:15,8970.270
2025-07-28 01:30,8970.270
2025-07-28 01:45,8970.270
2025-07-28 02:00,8970.270
2025-07-28 02:15,8970.270
2025-07-28 02:30,8970.270
2025-07-28 02:45,8970.270
2025-07-28 03:00,8970.270
2025-07-28 03:15,8970.270
2025-07-28 03:30,8970.270
2025-07-28 03:45,8970.270
2025-07-28 04:00,8970.270
2025-07-28 04:15,8970.316
2025-07-28 04:30,8970.316
2025-07-28 04:45,8970.316
2025-07-28 05:00,8970.316
2025-07-28 05:15,8970.316
2025-07-28 05:30,8970.316
2025-07-28 05:45,8970.316
2025-07-28 06:00,8970.316
2025-07-28 06:15,8970.316
2025-07-28 06:30,8970.316
2025-07-28 06:45,8970.346
2025-07-28 07:00,8970.346
2025-07-28 07:15,8970.352
2025-07-28 07:30,8970.457
2025-07-28 07:45,8970.457
2025-07-28 08:00,8970.457
2025-07-28 08:15,8970.457
2025-07-28 08:30,8970.457
2025-07-28 08:45,8970.457
2025-07-28 09:00,8970.457
2025-07-28 09:15,8970.457
2025-07-28 09:30,8970.457
2025-07-28 09:45,8970.460
2025-07-28 10:00,8970.488
2025-07-28 10:15,8970.488
2025-07-28 10:30,8970.488
2025-07-28 10:45,8970.488
2025-07-28 11:00,8970.488
2025-07-28 11:15,8970.521
2025-07-28 11:30,8970.521
2025-07-28 11:45,8970.521
2025-07-28 12:00,8970.521
2025-07-28 12:15,8970.521
2025-07-28 12:30,8970.521
2025-07-28 12:45,8970.549
2025-07-28 13:00,8970.549
2025-07-28 13:15,8970.549
2025-07-28 13:30,8970.549
2025-07-28 13:45,8970.549
2025-07-28 14:00,8970.549
2025-07-28 14:15,8970.549
2025-07-28 14:30,8970.585
2025-07-28 14:45,8970.585
2025-07-28 15:00,8970.585
2025-07-28 15:15,8970.585
2025-07-28 15:30,8970.585
2025-07-28 15:45,8970.603
2025-07-28 16:00,8970.619
2025-07-28 16:15,8970.623
2025-07-28 16:30,8970.654
2025-07-28 16:45,8970.654
2025-07-28 17:00,8970.680
2025-07-28 17:15,8970.735
2025-07-28 17:30,8970.740
2025-07-28 17:45,8970.740
2025-07-28 18:00,8970.740
2025-07-28 18:15,8970.782
2025-07-28 18:30,8970.782
2025-07-28 18:45,8970.782
2025-07-28 19:00,8970.782
2025-07-28 19:15,8970.782
2025-07-28 19:30,8970.782
2025-07-28 19:45,8970.782
2025-07-28 20:00,8970.782
2025-07-28 20:15,8970.782
2025-07-28 20:30,8970.782
2025-07-28 20:45,8970.798
2025-07-28 21:00,8970.814
2025-07-28 21:15,8970.814
2025-07-28 21:30,8970.940
2025-07-28 21:45,8970.940
2025-07-28 22:00,8970.940
2025-07-28 22:15,8970.940
2025-07-28 22:30,8970.940
2025-07-28 22:45,8970.940
2025-07-28 23:00,8970.940
2025-07-28 23:15,8970.940
2025-07-28 23:30,8970.972
2025-07-28 23:45,8970.972
2025-07-29 00:00,8970.972
2025-07-29 00:15,8970.972
2025-07-29 00:30,8970.972
2025-07-29 00:45,8970.972
2025-07-29 01:00,8970.997
2025-07-29 01:15,8971.006
2025-07-29 01:30,8971.006
2025-07-29 01:45,8971.006
2025-07-29 02:00,8971.006
2025-07-29 02:15,8971.006
2025-07-29 02:30,8971.006
2025-07-29 02:45,8971.006
2025-07-29 03:00,8971.006
2025-07-29 03:15,8971.035
2025-07-29 03:30,8971.035
2025-07-29 03:45,8971.035
2025-07-29 04:00,8971.035
2025-07-29 04:15,8971.035
2025-07-29 04:30,8971.035
2025-07-29 04:45,8971.077
2025-07-29 05:00,8971.077
2025-07-29 05:15,8971.077
2025-07-29 05:30,8971.077
2025-07-29 05:45,8971.077
2025-07-29 06:00,8971.077
2025-07-29 06:15,8971.077
2025-07-29 06:30,8971.077
2025-07-29 06:45,8971.077
2025-07-29 07:00,8971.077
2025-07-29 07:15,8971.109
2025-07-29 07:30,8971.109
2025-07-29 07:45,8971.109
2025-07-29 08:00,8971.218
2025-07-29 08:15,8971.218
2025-07-29 08:30,8971.218
2025-07-29 08:45,8971.218
2025-07-29 09:00,8971.218
2025-07-29 09:15,8971.218
2025-07-29 09:30,8971.218
2025-07-29 09:45,8971.328
2025-07-29 10:00,8971.328
2025-07-29 10:15,8971.328
2025-07-29 10:30,8971.328
2025-07-29 10:45,8971.328
2025-07-29 11:00,8971.328
2025-07-29 11:15,8971.328
2025-07-29 11:30,8971.333
2025-07-29 11:45,8971.353
2025-07-29 12:00,8971.353
2025-07-29 12:15,8971.365
2025-07-29 12:30,8971.365
2025-07-29 12:45,8971.365
2025-07-29 13:00,8971.365
2025-07-29 13:15,8971.365
2025-07-29 13:30,8971.409
2025-07-29 13:45,8971.409
2025-07-29 14:00,8971.409
2025-07-29 14:15,8971.409
2025-07-29 14:30,8971.409
2025-07-29 14:45,8971.409
2025-07-29 15:00,8971.409
2025-07-29 15:15,8971.409
2025-07-29 15:30,8971.409
2025-07-29 15:45,8971.409
2025-07-29 16:00,8971.433
2025-07-29 16:15,8971.441
2025-07-29 16:30,8971.441
2025-07-29 16:45,8971.491
2025-07-29 17:00,8971.554
2025-07-29 17:15,8971.629
2025-07-29 17:30,8971.629
2025-07-29 17:45,8971.629
2025-07-29 18:00,8971.629
2025-07-29 18:15,8971.629
2025-07-29 18:30,8971.629
2025-07-29 18:45,8971.629
2025-07-29 19:00,8971.658
2025-07-29 19:15,8971.658
2025-07-29 19:30,8971.658
2025-07-29 19:45,8971.658
2025-07-29 20:00,8971.755
2025-07-29 20:15,8972.162
2025-07-29 20:30,8972.443
2025-07-29 20:45,8972.567
2025-07-29 21:00,8972.567
2025-07-29 21:15,8972.567
2025-07-29 21:30,8972.567
2025-07-29 21:45,8972.567
2025-07-29 22:00,8972.567
2025-07-29 22:15,8972.567
2025-07-29 22:30,8972.647
2025-07-29 22:45,8972.647
2025-07-29 23:00,8972.647
2025-07-29 23:15,8972.647
2025-07-29 23:30,8972.647
2025-07-29 23:45,8972.647
2025-07-30 00:00,8972.647
2025-07-30 00:15,8972.647
2025-07-30 00:30,8972.647
2025-07-30 00:45,8972.647
2025-07-30 01:00,8972.647
2025-07-30 01:15,8972.647
2025-07-30 01:30,8972.647
2025-07-30 01:45,8972.647
2025-07-30 02:00,8972.647
2025-07-30 02:15,8972.647
2025-07-30 02:30,8972.647
2025-07-30 02:45,8972.647
2025-07-30 03:00,8972.647
2025-07-30 03:15,8972.647
2025-07-30 03:30,8972.647
2025-07-30 03:45,8972.647
2025-07-30 04:00,8972.647
2025-07-30 04:15,8972.647
2025-07-30 04:30,8972.647
2025-07-30 04:45,8972.647
2025-07-30 05:00,8972.647
2025-07-30 05:15,8972.707
2025-07-30 05:30,8972.707
2025-07-30 05:45,8972.707
2025-07-30 06:00,8972.707
2025-07-30 06:15,8972.707
2025-07-30 06:30,8972.707
2025-07-30 06:45,8972.707
2025-07-30 07:00,8972.707
2025-07-30 07:15,8972.707
2025-07-30 07:30,8972.707
2025-07-30 07:45,8972.707
2025-07-30 08:00,8972.707
2025-07-30 08:15,8972.707
2025-07-30 08:30,8972.850
2025-07-30 08:45,8972.850
2025-07-30 09:00,8972.850
2025-07-30 09:15,8972.850
2025-07-30 09:30,8972.850
2025-07-30 09:45,8972.850
2025-07-30 10:00,8972.850
2025-07-30 10:15,8972.850
2025-07-30 10:30,8972.850
2025-07-30 10:45,8972.850
2025-07-30 11:00,8972.850
2025-07-30 11:15,8972.896
2025-07-30 11:30,8972.896
2025-07-30 11:45,8972.896
2025-07-30 12:00,8972.896
2025-07-30 12:15,8972.896
2025-07-30 12:30,8972.896
2025-07-30 12:45,8972.896
2025-07-30 13:00,8972.896
2025-07-30 13:15,8972.896
2025-07-30 13:30,8972.928
2025-07-30 13:45,8972.928
2025-07-30 14:00,8972.928
2025-07-30 14:15,8972.928
2025-07-30 14:30,8972.928
2025-07-30 14:45,8972.928
2025-07-30 15:00,8972.963
2025-07-30 15:15,8972.970
2025-07-30 15:30,8972.970
2025-07-30 15:45,8972.970
2025-07-30 16:00,8972.970
2025-07-30 16:15,8972.970
2025-07-30 16:30,8972.970
2025-07-30 16:45,8972.970
2025-07-30 17:00,8972.970
2025-07-30 17:15,8972.970
2025-07-30 17:30,8973.049
2025-07-30 17:45,8973.068
2025-07-30 18:00,8973.068
2025-07-30 18:15,8973.068
2025-07-30 18:30,8973.068
2025-07-30 18:45,8973.068
2025-07-30 19:00,8973.104
2025-07-30 19:15,8973.104
2025-07-30 19:30,8973.104
2025-07-30 19:45,8973.189
2025-07-30 20:00,8973.691
2025-07-30 20:15,8974.063
2025-07-30 20:30,8974.063
2025-07-30 20:45,8974.063
2025-07-30 21:00,8974.063
2025-07-30 21:15,8974.063
2025-07-30 21:30,8974.063
2025-07-30 21:45,8974.063
2025-07-30 22:00,8974.063
2025-07-30 22:15,8974.063
2025-07-30 22:30,8974.093
2025-07-30 22:45,8974.093
2025-07-30 23:00,8974.093
2025-07-30 23:15,8974.093
2025-07-30 23:30,8974.093
2025-07-30 23:45,8974.093
2025-07-31 00:00,8974.130
2025-07-31 00:15,8974.130
2025-07-31 00:30,8974.130
2025-07-31 00:45,8974.130
2025-07-31 01:00,8974.130
2025-07-31 01:15,8974.130
2025-07-31 01:30,8974.130
2025-07-31 01:45,8974.130
2025-07-31 02:00,8974.130
2025-07-31 02:15,8974.161
2025-07-31 02:30,8974.161
2025-07-31 02:45,8974.161
2025-07-31 03:00,8974.161
2025-07-31 03:15,8974.161
2025-07-31 03:30,8974.161
2025-07-31 03:45,8974.202
2025-07-31 04:00,8974.202
2025-07-31 04:15,8974.202
2025-07-31 04:30,8974.202
2025-07-31 04:45,8974.202
2025-07-31 05:00,8974.202
2025-07-31 05:15,8974.202
2025-07-31 05:30,8974.202
2025-07-31 05:45,8974.202
2025-07-31 06:00,8974.233
2025-07-31 06:15,8974.233
2025-07-31 06:30,8974.233
2025-07-31 06:45,8974.233
2025-07-31 07:00,8974.233
2025-07-31 07:15,8974.233
2025-07-31 07:30,8974.266
2025-07-31 07:45,8974.266
2025-07-31 08:00,8974.266
2025-07-31 08:15,8974.266
2025-07-31 08:30,8974.266
2025-07-31 08:45,8974.266
2025-07-31 09:00,8974.266
2025-07-31 09:15,8974.366
2025-07-31 09:30,8974.366
2025-07-31 09:45,8974.366
2025-07-31 10:00,8974.366
2025-07-31 10:15,8974.401
2025-07-31 10:30,8974.404
2025-07-31 10:45,8974.404
2025-07-31 11:00,8974.404
2025-07-31 11:15,8974.693
2025-07-31 11:30,8974.989
2025-07-31 11:45,8974.989
2025-07-31 12:00,8974.989
2025-07-31 12:15,8974.989
2025-07-31 12:30,8974.989
2025-07-31 12:45,8974.989
2025-07-31 13:00,8974.989
2025-07-31 13:15,8974.989
2025-07-31 13:30,8975.075
2025-07-31 13:45,8975.082
2025-07-31 14:00,8975.082
2025-07-31 14:15,8975.082
2025-07-31 14:30,8975.082
2025-07-31 14:45,8975.082
2025-07-31 15:00,8975.082
2025-07-31 15:15,8975.082
2025-07-31 15:30,8975.082
2025-07-31 15:45,8975.082
2025-07-31 16:00,8975.082
2025-07-31 16:15,8975.114
2025-07-31 16:30,8975.114
2025-07-31 16:45,8975.151
2025-07-31 17:00,8975.155
2025-07-31 17:15,8975.182
2025-07-31 17:30,8975.182
2025-07-31 17:45,8975.182
2025-07-31 18:00,8975.182
2025-07-31 18:15,8975.182
2025-07-31 18:30,8975.182
2025-07-31 18:45,8975.182
2025-07-31 19:00,8975.211
2025-07-31 19:15,8975.211
2025-07-31 19:30,8975.211
2025-07-31 19:45,8975.211
2025-07-31 20:00,8975.211
2025-07-31 20:15,8975.211
2025-07-31 20:30,8975.247
2025-07-31 20:45,8975.247
2025-07-31 21:00,8975.247
2025-07-31 21:15,8975.247
2025-07-31 21:30,8975.247
2025-07-31 21:45,8975.247
2025-07-31 22:00,8975.274
2025-07-31 22:15,8975.274
2025-07-31 22:30,8975.274
2025-07-31 22:45,8975.274
2025-07-31 23:00,8975.274
2025-07-31 23:15,8975.274
2025-07-31 23:30,8975.274
2025-07-31 23:45,8975.274
2025-08-01 00:00,8975.317
2025-08-01 00:15,8975.317
2025-08-01 00:30,8975.317
2025-08-01 00:45,8975.317
2025-08-01 01:00,8975.317
2025-08-01 01:15,8975.317
2025-08-01 01:30,8975.317
2025-08-01 01:45,8975.317
2025-08-01 02:00,8975.317
2025-08-01 02:15,8975.317
2025-08-01 02:30,8975.349
2025-08-01 02:45,8975.349
2025-08-01 03:00,8975.349
2025-08-01 03:15,8975.349
2025-08-01 03:30,8975.349
2025-08-01 03:45,8975.349
2025-08-01 04:00,8975.383
2025-08-01 04:15,8975.383
2025-08-01 04:30,8975.383
2025-08-01 04:45,8975.383
2025-08-01 05:00,8975.383
2025-08-01 05:15,8975.383
2025-08-01 05:30,8975.410
2025-08-01 05:45,8975.410
2025-08-01 06:00,8975.410
2025-08-01 06:15,8975.410
2025-08-01 06:30,8975.410
2025-08-01 06:45,8975.410
2025-08-01 07:00,8975.410
2025-08-01 07:15,8975.434
2025-08-01 07:30,8975.455
2025-08-01 07:45,8975.455
2025-08-01 08:00,8975.455
2025-08-01 08:15,8975.455
2025-08-01 08:30,8975.455
2025-08-01 08:45,8975.586
2025-08-01 09:00,8975.586
2025-08-01 09:15,8975.586
2025-08-01 09:30,8975.586
2025-08-01 09:45,8975.586
2025-08-01 10:00,8975.586
2025-08-01 10:15,8975.586
2025-08-01 10:30,8975.634
2025-08-01 10:45,8975.634
2025-08-01 11:00,8975.634
2025-08-01 11:15,8975.634
2025-08-01 11:30,8975.634
2025-08-01 11:45,8975.634
2025-08-01 12:00,8975.634
2025-08-01 12:15,8975.634
2025-08-01 12:30,8975.634
2025-08-01 12:45,8975.634
2025-08-01 13:00,8975.634
2025-08-01 13:15,8975.634
2025-08-01 13:30,8975.680
2025-08-01 13:45,8975.680
2025-08-01 14:00,8975.680
2025-08-01 14:15,8975.680
2025-08-01 14:30,8975.680
2025-08-01 14:45,8975.680
2025-08-01 15:00,8975.680
2025-08-01 15:15,8975.680
2025-08-01 15:30,8975.680
2025-08-01 15:45,8975.680
2025-08-01 16:00,8975.712
2025-08-01 16:15,8975.712
2025-08-01 16:30,8975.712
2025-08-01 16:45,8975.712
2025-08-01 17:00,8975.712
2025-08-01 17:15,8975.732
2025-08-01 17:30,8975.746
2025-08-01 17:45,8975.746
2025-08-01 18:00,8975.746
2025-08-01 18:15,8975.746
2025-08-01 18:30,8975.746
2025-08-01 18:45,8975.746
2025-08-01 19:00,8975.746
2025-08-01 19:15,8975.778
2025-08-01 19:30,8975.778
2025-08-01 19:45,8975.778
2025-08-01 20:00,8975.778
2025-08-01 20:15,8975.778
2025-08-01 20:30,8975.778
2025-08-01 20:45,8975.778
2025-08-01 21:00,8975.816
2025-08-01 21:15,8975.816
2025-08-01 21:30,8975.816
2025-08-01 21:45,8975.816
2025-08-01 22:00,8975.816
2025-08-01 22:15,8975.816
2025-08-01 22:30,8975.816
2025-08-01 22:45,8975.816
2025-08-01 23:00,8975.816
2025-08-01 23:15,8975.847
2025-08-01 23:30,8975.847
2025-08-01 23:45,8975.847
2025-08-02 00:00,8975.847
2025-08-02 00:15,8975.847
2025-08-02 00:30,8975.847
2025-08-02 00:45,8975.889
2025-08-02 01:00,8975.889
2025-08-02 01:15,8975.889
2025-08-02 01:30,8975.889
2025-08-02 01:45,8975.889
2025-08-02 02:00,8975.889
2025-08-02 02:15,8975.889
2025-08-02 02:30,8975.889
2025-08-02 02:45,8975.889
2025-08-02 03:00,8975.889
2025-08-02 03:15,8975.921
2025-08-02 03:30,8975.921
2025-08-02 03:45,8975.921
2025-08-02 04:00,8975.921
2025-08-02 04:15,8975.921
2025-08-02 04:30,8975.952
2025-08-02 04:45,8975.952
2025-08-02 05:00,8975.952
2025-08-02 05:15,8975.952
2025-08-02 05:30,8975.952
2025-08-02 05:45,8975.952
2025-08-02 06:00,8975.952
2025-08-02 06:15,8975.980
2025-08-02 06:30,8975.980
2025-08-02 06:45,8975.980
2025-08-02 07:00,8975.980
2025-08-02 07:15,8975.980
2025-08-02 07:30,8975.980
2025-08-02 07:45,8976.015
2025-08-02 08:00,8976.015
2025-08-02 08:15,8976.015
2025-08-02 08:30,8976.015
2025-08-02 08:45,8976.015
2025-08-02 09:00,8976.015
2025-08-02 09:15,8976.107
2025-08-02 09:30,8976.188
2025-08-02 09:45,8976.278
2025-08-02 10:00,8976.383
2025-08-02 10:15,8976.383
2025-08-02 10:30,8976.383
2025-08-02 10:45,8976.383
2025-08-02 11:00,8976.383
2025-08-02 11:15,8976.415
2025-08-02 11:30,8976.816
2025-08-02 11:45,8976.869
2025-08-02 12:00,8976.869
2025-08-02 12:15,8976.869
2025-08-02 12:30,8976.869
2025-08-02 12:45,8976.869
2025-08-02 13:00,8976.869
2025-08-02 13:15,8976.898
2025-08-02 13:30,8976.898
2025-08-02 13:45,8976.898
2025-08-02 14:00,8976.898
2025-08-02 14:15,8976.898
2025-08-02 14:30,8976.898
2025-08-02 14:45,8976.942
2025-08-02 15:00,8976.942
2025-08-02 15:15,8976.942
2025-08-02 15:30,8976.942
2025-08-02 15:45,8976.942
2025-08-02 16:00,8976.942
2025-08-02 16:15,8976.942
2025-08-02 16:30,8976.942
2025-08-02 16:45,8976.942
2025-08-02 17:00,8976.942
2025-08-02 17:15,8976.942
2025-08-02 17:30,8976.986
2025-08-02 17:45,8976.986
2025-08-02 18:00,8976.986
2025-08-02 18:15,8976.986
2025-08-02 18:30,8976.986
2025-08-02 18:45,8976.986
2025-08-02 19:00,8977.026
2025-08-02 19:15,8977.075
2025-08-02 19:30,8977.075
2025-08-02 19:45,8977.129
2025-08-02 20:00,8977.129
2025-08-02 20:15,8977.129
2025-08-02 20:30,8977.129
2025-08-02 20:45,8977.143
2025-08-02 21:00,8977.156
2025-08-02 21:15,8977.156
2025-08-02 21:30,8977.156
2025-08-02 21:45,8977.156
2025-08-02 22:00,8977.156
2025-08-02 22:15,8977.156
2025-08-02 22:30,8977.156
2025-08-02 22:45,8977.186
2025-08-02 23:00,8977.200
2025-08-02 23:15,8977.200
2025-08-02 23:30,8977.200
2025-08-02 23:45,8977.200
2025-08-03 00:00,8977.200
2025-08-03 00:15,8977.200
2025-08-03 00:30,8977.200
2025-08-03 00:45,8977.200
2025-08-03 01:00,8977.200
2025-08-03 01:15,8977.232
2025-08-03 01:30,8977.232
2025-08-03 01:45,8977.232
2025-08-03 02:00,8977.232
2025-08-03 02:15,8977.232
2025-08-03 02:30,8977.232
2025-08-03 02:45,8977.267
2025-08-03 03:00,8977.267
2025-08-03 03:15,8977.267
2025-08-03 03:30,8977.267
2025-08-03 03:45,8977.267
2025-08-03 04:00,8977.267
2025-08-03 04:15,8977.267
2025-08-03 04:30,8977.267
2025-08-03 04:45,8977.298
2025-08-03 05:00,8977.298
2025-08-03 05:15,8977.298
2025-08-03 05:30,8977.298
2025-08-03 05:45,8977.298
2025-08-03 06:00,8977.298
2025-08-03 06:15,8977.325
2025-08-03 06:30,8977.340
2025-08-03 06:45,8977.340
2025-08-03 07:00,8977.340
2025-08-03 07:15,8977.340
2025-08-03 07:30,8977.340
2025-08-03 07:45,8977.340
2025-08-03 08:00,8977.340
2025-08-03 08:15,8977.340
2025-08-03 08:30,8977.340
2025-08-03 08:45,8977.340
2025-08-03 09:00,8977.372
2025-08-03 09:15,8977.372
2025-08-03 09:30,8977.474
2025-08-03 09:45,8977.474
2025-08-03 10:00,8977.474
2025-08-03 10:15,8977.474
2025-08-03 10:30,8977.474
2025-08-03 10:45,8977.474
2025-08-03 11:00,8977.474
2025-08-03 11:15,8977.501
2025-08-03 11:30,8977.501
2025-08-03 11:45,8977.501
2025-08-03 12:00,8977.501
2025-08-03 12:15,8977.527
2025-08-03 12:30,8977.600
2025-08-03 12:45,8977.662
2025-08-03 13:00,8977.682
2025-08-03 13:15,8977.688
2025-08-03 13:30,8977.694
2025-08-03 13:45,8977.700
2025-08-03 14:00,8977.706
2025-08-03 14:15,8977.769
2025-08-03 14:30,8977.817
2025-08-03 14:45,8977.823
2025-08-03 15:00,8977.829
2025-08-03 15:15,8977.833
2025-08-03 15:30,8977.837
2025-08-03 15:45,8977.872
2025-08-03 16:00,8977.872
2025-08-03 16:15,8977.872
2025-08-03 16:30,8977.872
2025-08-03 16:45,8977.872
2025-08-03 17:00,8977.872
2025-08-03 17:15,8977.872
2025-08-03 17:30,8977.910
2025-08-03 17:45,8978.059
2025-08-03 18:00,8978.147
2025-08-03 18:15,8978.147
2025-08-03 18:30,8978.147
2025-08-03 18:45,8978.147
2025-08-03 19:00,8978.147
2025-08-03 19:15,8978.147
2025-08-03 19:30,8978.189
2025-08-03 19:45,8978.365
2025-08-03 20:00,8978.500
2025-08-03 20:15,8978.500
2025-08-03 20:30,8978.500
2025-08-03 20:45,8978.500
2025-08-03 21:00,8978.500
2025-08-03 21:15,8978.500
2025-08-03 21:30,8978.500
2025-08-03 21:45,8978.782
2025-08-03 22:00,8979.108
2025-08-03 22:15,8979.211
2025-08-03 22:30,8979.211
2025-08-03 22:45,8979.321
2025-08-03 23:00,8979.335
2025-08-03 23:15,8979.335
2025-08-03 23:30,8979.335
2025-08-03 23:45,8979.335
2025-08-04 00:00,8979.335
2025-08-04 00:15,8979.335
2025-08-04 00:30,8979.335
2025-08-04 00:45,8979.335
2025-08-04 01:00,8979.335
2025-08-04 01:15,8979.335
2025-08-04 01:30,8979.335
2025-08-04 01:45,8979.367
2025-08-04 02:00,8979.367
2025-08-04 02:15,8979.367
2025-08-04 02:30,8979.367
2025-08-04 02:45,8979.393
2025-08-04 03:00,8979.393
2025-08-04 03:15,8979.393
2025-08-04 03:30,8979.393
2025-08-04 03:45,8979.393
2025-08-04 04:00,8979.393
2025-08-04 04:15,8979.393
2025-08-04 04:30,8979.397
2025-08-04 04:45,8979.430
2025-08-04 05:00,8979.430
2025-08-04 05:15,8979.430
2025-08-04 05:30,8979.430
2025-08-04 05:45,8979.430
2025-08-04 06:00,8979.430
2025-08-04 06:15,8979.455
2025-08-04 06:30,8979.455
2025-08-04 06:45,8979.455
2025-08-04 07:00,8979.455
2025-08-04 07:15,8979.455
2025-08-04 07:30,8979.455
2025-08-04 07:45,8979.455
2025-08-04 08:00,8979.455
2025-08-04 08:15,8979.500
2025-08-04 08:30,8979.500
2025-08-04 08:45,8979.584
2025-08-04 09:00,8979.584
2025-08-04 09:15,8979.584
2025-08-04 09:30,8979.584
2025-08-04 09:45,8979.584
2025-08-04 10:00,8979.584
2025-08-04 10:15,8979.584
2025-08-04 10:30,8979.584
2025-08-04 10:45,8979.584
2025-08-04 11:00,8979.584
2025-08-04 11:15,8979.646
2025-08-04 11:30,8979.646
2025-08-04 11:45,8979.646
2025-08-04 12:00,8979.646
2025-08-04 12:15,8979.646
2025-08-04 12:30,8979.646
2025-08-04 12:45,8979.646
2025-08-04 13:00,8979.646
2025-08-04 13:15,8979.646
2025-08-04 13:30,8979.646
2025-08-04 13:45,8979.646
2025-08-04 14:00,8979.646
2025-08-04 14:15,8979.646
2025-08-04 14:30,8979.695
2025-08-04 14:45,8979.695
2025-08-04 15:00,8979.695
2025-08-04 15:15,8979.695
2025-08-04 15:30,8979.818
2025-08-04 15:45,8979.818
2025-08-04 16:00,8979.818
2025-08-04 16:15,8979.818
2025-08-04 16:30,8979.818
2025-08-04 16:45,8979.818
2025-08-04 17:00,8979.881
2025-08-04 17:15,8979.930
2025-08-04 17:30,8980.013
2025-08-04 17:45,8980.036
2025-08-04 18:00,8980.036
2025-08-04 18:15,8980.036
2025-08-04 18:30,8980.036
2025-08-04 18:45,8980.036
2025-08-04 19:00,8980.036
2025-08-04 19:15,8980.036
2025-08-04 19:30,8980.036
2025-08-04 19:45,8980.122
2025-08-04 20:00,8980.122
2025-08-04 20:15,8980.122
2025-08-04 20:30,8980.122
2025-08-04 20:45,8980.122
2025-08-04 21:00,8980.122
2025-08-04 21:15,8980.122
2025-08-04 21:30,8980.122
2025-08-04 21:45,8980.122
2025-08-04 22:00,8980.122
2025-08-04 22:15,8980.154
2025-08-04 22:30,8980.154
2025-08-04 22:45,8980.154
2025-08-04 23:00,8980.154
2025-08-04 23:15,8980.154
2025-08-04 23:30,8980.154
2025-08-04 23:45,8980.190
2025-08-05 00:00,8980.190
2025-08-05 00:15,8980.190
2025-08-05 00:30,8980.190
2025-08-05 00:45,8980.190
2025-08-05 01:00,8980.190
2025-08-05 01:15,8980.190
2025-08-05 01:30,8980.190
2025-08-05 01:45,8980.190
2025-08-05 02:00,8980.222
2025-08-05 02:15,8980.222
2025-08-05 02:30,8980.222
2025-08-05 02:45,8980.222
2025-08-05 03:00,8980.222
2025-08-05 03:15,8980.222
2025-08-05 03:30,8980.259
2025-08-05 03:45,8980.259
2025-08-05 04:00,8980.259
2025-08-05 04:15,8980.259
2025-08-05 04:30,8980.259
2025-08-05 04:45,8980.259
2025-08-05 05:00,8980.259
2025-08-05 05:15,8980.259
2025-08-05 05:30,8980.259
2025-08-05 05:45,8980.290
2025-08-05 06:00,8980.290
2025-08-05 06:15,8980.290
2025-08-05 06:30,8980.290
2025-08-05 06:45,8980.290
2025-08-05 07:00,8980.290
2025-08-05 07:15,8980.325
2025-08-05 07:30,8980.325
2025-08-05 07:45,8980.325
2025-08-05 08:00,8980.325
2025-08-05 08:15,8980.325
2025-08-05 08:30,8980.325
2025-08-05 08:45,8980.445
2025-08-05 09:00,8980.445
2025-08-05 09:15,8980.445
2025-08-05 09:30,8980.445
2025-08-05 09:45,8980.445
2025-08-05 10:00,8980.480
2025-08-05 10:15,8980.563
2025-08-05 10:30,8980.563
2025-08-05 10:45,8980.563
2025-08-05 11:00,8980.563
2025-08-05 11:15,8980.596
2025-08-05 11:30,8980.596
2025-08-05 11:45,8980.596
2025-08-05 12:00,8980.596
2025-08-05 12:15,8980.658
2025-08-05 12:30,8980.658
2025-08-05 12:45,8980.658
2025-08-05 13:00,8980.658
2025-08-05 13:15,8980.691
2025-08-05 13:30,8980.691
2025-08-05 13:45,8980.691
2025-08-05 14:00,8980.691
2025-08-05 14:15,8980.726
2025-08-05 14:30,8980.866
2025-08-05 14:45,8980.866
2025-08-05 15:00,8980.866
2025-08-05 15:15,8980.866
2025-08-05 15:30,8980.899
2025-08-05 15:45,8980.899
2025-08-05 16:00,8980.899
2025-08-05 16:15,8980.899
2025-08-05 16:30,8980.933
2025-08-05 16:45,8980.933
2025-08-05 17:00,8980.933
2025-08-05 17:15,8980.993
2025-08-05 17:30,8980.993
2025-08-05 17:45,8980.993
2025-08-05 18:00,8980.993
2025-08-05 18:15,8981.025
2025-08-05 18:30,8981.025
2025-08-05 18:45,8981.025
2025-08-05 19:00,8981.058
2025-08-05 19:15,8981.058
2025-08-05 19:30,8981.058
2025-08-05 19:45,8981.058
2025-08-05 20:00,8981.154
2025-08-05 20:15,8981.154
2025-08-05 20:30,8981.154
2025-08-05 20:45,8981.154
2025-08-05 21:00,8981.154
2025-08-05 21:15,8981.154
2025-08-05 21:30,8981.154
2025-08-05 21:45,8981.154
2025-08-05 22:00,8981.154
2025-08-05 22:15,8981.154
2025-08-05 22:30,8981.230
2025-08-05 22:45,8981.230
2025-08-05 23:00,8981.230
2025-08-05 23:15,8981.230
2025-08-05 23:30,8981.230
2025-08-05 23:45,8981.230
2025-08-06 00:00,8981.230
2025-08-06 00:15,8981.230
2025-08-06 00:30,8981.230
2025-08-06 00:45,8981.230
2025-08-06 01:00,8981.230
2025-08-06 01:15,8981.230
2025-08-06 01:30,8981.230
2025-08-06 01:45,8981.230
2025-08-06 02:00,8981.230
2025-08-06 02:15,8981.230
2025-08-06 02:30,8981.230
2025-08-06 02:45,8981.230
2025-08-06 03:00,8981.230
2025-08-06 03:15,8981.230
2025-08-06 03:30,8981.230
2025-08-06 03:45,8981.230
2025-08-06 04:00,8981.230
2025-08-06 04:15,8981.230
2025-08-06 04:30,8981.230
2025-08-06 04:45,8981.230
2025-08-06 05:00,8981.290
2025-08-06 05:15,8981.290
2025-08-06 05:30,8981.290
2025-08-06 05:45,8981.290
2025-08-06 06:00,8981.290
2025-08-06 06:15,8981.290
2025-08-06 06:30,8981.290
2025-08-06 06:45,8981.290
2025-08-06 07:00,8981.290
2025-08-06 07:15,8981.290
2025-08-06 07:30,8981.290
2025-08-06 07:45,8981.432
2025-08-06 08:00,8981.432
2025-08-06 08:15,8981.432
2025-08-06 08:30,8981.432
2025-08-06 08:45,8981.541
2025-08-06 09:00,8981.981
2025-08-06 09:15,8982.043
2025-08-06 09:30,8982.043
2025-08-06 09:45,8982.043
2025-08-06 10:00,8982.043
2025-08-06 10:15,8982.043
2025-08-06 10:30,8982.043
2025-08-06 10:45,8982.043
2025-08-06 11:00,8982.043
2025-08-06 11:15,8982.043
2025-08-06 11:30,8982.043
2025-08-06 11:45,8982.043
2025-08-06 12:00,8982.089
2025-08-06 12:15,8982.089
2025-08-06 12:30,8982.089
2025-08-06 12:45,8982.089
2025-08-06 13:00,8982.089
2025-08-06 13:15,8982.089
2025-08-06 13:30,8982.089
2025-08-06 13:45,8982.089
2025-08-06 14:00,8982.089
2025-08-06 14:15,8982.089
2025-08-06 14:30,8982.120
2025-08-06 14:45,8982.120
2025-08-06 15:00,8982.120
2025-08-06 15:15,8982.120
2025-08-06 15:30,8982.120
2025-08-06 15:45,8982.120
2025-08-06 16:00,8982.154
2025-08-06 16:15,8982.154
2025-08-06 16:30,8982.154
2025-08-06 16:45,8982.154
2025-08-06 17:00,8982.222
2025-08-06 17:15,8982.270
2025-08-06 17:30,8982.306
2025-08-06 17:45,8982.334
2025-08-06 18:00,8982.334
2025-08-06 18:15,8982.334
2025-08-06 18:30,8982.334
2025-08-06 18:45,8982.334
2025-08-06 19:00,8982.334
2025-08-06 19:15,8982.467
2025-08-06 19:30,8982.467
2025-08-06 19:45,8982.467
2025-08-06 20:00,8982.467
2025-08-06 20:15,8982.467
2025-08-06 20:30,8982.489
2025-08-06 20:45,8982.540
2025-08-06 21:00,8982.540
2025-08-06 21:15,8982.540
2025-08-06 21:30,8982.540
2025-08-06 21:45,8982.540
2025-08-06 22:00,8982.540
2025-08-06 22:15,8982.588
2025-08-06 22:30,8982.588
2025-08-06 22:45,8982.588
2025-08-06 23:00,8982.588
2025-08-06 23:15,8982.588
2025-08-06 23:30,8982.588
2025-08-06 23:45,8982.588
2025-08-07 00:00,8982.588
2025-08-07 00:15,8982.588
2025-08-07 00:30,8982.588
2025-08-07 00:45,8982.588
2025-08-07 01:00,8982.588
2025-08-07 01:15,8982.636
2025-08-07 01:30,8982.636
2025-08-07 01:45,8982.636
2025-08-07 02:00,8982.636
2025-08-07 02:15,8982.636
2025-08-07 02:30,8982.636
2025-08-07 02:45,8982.636
2025-08-07 03:00,8982.636
2025-08-07 03:15,8982.636
2025-08-07 03:30,8982.636
2025-08-07 03:45,8982.667
2025-08-07 04:00,8982.667
2025-08-07 04:15,8982.667
2025-08-07 04:30,8982.667
2025-08-07 04:45,8982.667
2025-08-07 05:00,8982.667
2025-08-07 05:15,8982.690
2025-08-07 05:30,8982.708
2025-08-07 05:45,8982.708
2025-08-07 06:00,8982.708
2025-08-07 06:15,8982.708
2025-08-07 06:30,8982.708
2025-08-07 06:45,8982.708
2025-08-07 07:00,8982.708
2025-08-07 07:15,8982.708
2025-08-07 07:30,8982.708
2025-08-07 07:45,8982.739
2025-08-07 08:00,8982.739
2025-08-07 08:15,8982.739
2025-08-07 08:30,8982.839
2025-08-07 08:45,8982.955
2025-08-07 09:00,8983.091
2025-08-07 09:15,8983.197
2025-08-07 09:30,8983.197
2025-08-07 09:45,8983.197
2025-08-07 10:00,8983.197
2025-08-07 10:15,8983.197
2025-08-07 10:30,8983.197
2025-08-07 10:45,8983.197
2025-08-07 11:00,8983.197
2025-08-07 11:15,8983.197
2025-08-07 11:30,8983.229
2025-08-07 11:45,8983.243
2025-08-07 12:00,8983.243
2025-08-07 12:15,8983.243
2025-08-07 12:30,8983.243
2025-08-07 12:45,8983.243
2025-08-07 13:00,8983.243
2025-08-07 13:15,8983.243
2025-08-07 13:30,8983.243
2025-08-07 13:45,8983.243
2025-08-07 14:00,8983.243
2025-08-07 14:15,8983.276
2025-08-07 14:30,8983.276
2025-08-07 14:45,8983.276
2025-08-07 15:00,8983.276
2025-08-07 15:15,8983.276
2025-08-07 15:30,8983.276
2025-08-07 15:45,8983.310
2025-08-07 16:00,8983.310
2025-08-07 16:15,8983.310
2025-08-07 16:30,8983.310
2025-08-07 16:45,8983.310
2025-08-07 17:00,8983.310
2025-08-07 17:15,8983.310
2025-08-07 17:30,8983.341
2025-08-07 17:45,8983.341
2025-08-07 18:00,8983.341
2025-08-07 18:15,8983.341
2025-08-07 18:30,8983.341
2025-08-07 18:45,8983.341
2025-08-07 19:00,8983.341
2025-08-07 19:15,8983.376
2025-08-07 19:30,8983.383
2025-08-07 19:45,8983.472
2025-08-07 20:00,8983.600
2025-08-07 20:15,8983.729
2025-08-07 20:30,8983.729
2025-08-07 20:45,8983.729
2025-08-07 21:00,8983.729
2025-08-07 21:15,8983.729
2025-08-07 21:30,8983.729
2025-08-07 21:45,8983.729
2025-08-07 22:00,8983.763
2025-08-07 22:15,8983.772
2025-08-07 22:30,8983.772
2025-08-07 22:45,8984.019
2025-08-07 23:00,8984.302
2025-08-07 23:15,8984.302
2025-08-07 23:30,8984.302
2025-08-07 23:45,8984.302
2025-08-08 00:00,8984.302
2025-08-08 00:15,8984.302
2025-08-08 00:30,8984.302
2025-08-08 00:45,8984.302
2025-08-08 01:00,8984.302
2025-08-08 01:15,8984.302
2025-08-08 01:30,8984.302
2025-08-08 01:45,8984.302
2025-08-08 02:00,8984.348
2025-08-08 02:15,8984.348
2025-08-08 02:30,8984.348
2025-08-08 02:45,8984.348
2025-08-08 03:00,8984.348
2025-08-08 03:15,8984.348
2025-08-08 03:30,8984.348
2025-08-08 03:45,8984.348
2025-08-08 04:00,8984.348
2025-08-08 04:15,8984.348
2025-08-08 04:30,8984.380
2025-08-08 04:45,8984.380
2025-08-08 05:00,8984.380
2025-08-08 05:15,8984.380
2025-08-08 05:30,8984.380
2025-08-08 05:45,8984.380
2025-08-08 06:00,8984.414
2025-08-08 06:15,8984.414
2025-08-08 06:30,8984.414
2025-08-08 06:45,8984.414
2025-08-08 07:00,8984.414
2025-08-08 07:15,8984.414
2025-08-08 07:30,8984.414
2025-08-08 07:45,8984.414
2025-08-08 08:00,8984.414
2025-08-08 08:15,8984.445
2025-08-08 08:30,8984.445
2025-08-08 08:45,8984.533
2025-08-08 09:00,8984.540
2025-08-08 09:15,8984.540
2025-08-08 09:30,8984.540
2025-08-08 09:45,8984.540
2025-08-08 10:00,8984.837
2025-08-08 10:15,8984.837
2025-08-08 10:30,8984.837
2025-08-08 10:45,8984.837
2025-08-08 11:00,8984.837
2025-08-08 11:15,8984.837
2025-08-08 11:30,8984.837
2025-08-08 11:45,8984.837
2025-08-08 12:00,8984.837
2025-08-08 12:15,8984.868
2025-08-08 12:30,8984.868
2025-08-08 12:45,8984.958
2025-08-08 13:00,8984.958
2025-08-08 13:15,8984.958
2025-08-08 13:30,8984.958
2025-08-08 13:45,8984.958
2025-08-08 14:00,8984.958
2025-08-08 14:15,8984.958
2025-08-08 14:30,8984.958
2025-08-08 14:45,8984.958
2025-08-08 15:00,8984.986
2025-08-08 15:15,8985.019
2025-08-08 15:30,8985.019
2025-08-08 15:45,8985.019
2025-08-08 16:00,8985.019
2025-08-08 16:15,8985.019
2025-08-08 16:30,8985.056
2025-08-08 16:45,8985.061
2025-08-08 17:00,8985.061
2025-08-08 17:15,8985.061
2025-08-08 17:30,8985.061
2025-08-08 17:45,8985.061
2025-08-08 18:00,8985.061
2025-08-08 18:15,8985.061
2025-08-08 18:30,8985.061
2025-08-08 18:45,8985.061
2025-08-08 19:00,8985.061
2025-08-08 19:15,8985.061
2025-08-08 19:30,8985.106
2025-08-08 19:45,8985.106
2025-08-08 20:00,8985.106
2025-08-08 20:15,8985.106
2025-08-08 20:30,8985.106
2025-08-08 20:45,8985.106
2025-08-08 21:00,8985.106
2025-08-08 21:15,8985.106
2025-08-08 21:30,8985.106
2025-08-08 21:45,8985.131
2025-08-08 22:00,8985.131
2025-08-08 22:15,8985.151
2025-08-08 22:30,8985.265
2025-08-08 22:45,8985.265
2025-08-08 23:00,8985.265
2025-08-08 23:15,8985.265
2025-08-08 23:30,8985.265
2025-08-08 23:45,8985.265
2025-08-09 00:00,8985.265
2025-08-09 00:15,8985.292
2025-08-09 00:30,8985.292
2025-08-09 00:45,8985.292
2025-08-09 01:00,8985.292
2025-08-09 01:15,8985.292
2025-08-09 01:30,8985.292
2025-08-09 01:45,8985.292
2025-08-09 02:00,8985.335
2025-08-09 02:15,8985.335
2025-08-09 02:30,8985.335
2025-08-09 02:45,8985.335
2025-08-09 03:00,8985.335
2025-08-09 03:15,8985.335
2025-08-09 03:30,8985.335
2025-08-09 03:45,8985.335
2025-08-09 04:00,8985.335
2025-08-09 04:15,8985.335
2025-08-09 04:30,8985.335
2025-08-09 04:45,8985.356
2025-08-09 05:00,8985.369
2025-08-09 05:15,8985.369
2025-08-09 05:30,8985.369
2025-08-09 05:45,8985.369
2025-08-09 06:00,8985.394
2025-08-09 06:15,8985.394
2025-08-09 06:30,8985.394
2025-08-09 06:45,8985.394
2025-08-09 07:00,8985.394
2025-08-09 07:15,8985.394
2025-08-09 07:30,8985.394
2025-08-09 07:45,8985.396
2025-08-09 08:00,8985.431
2025-08-09 08:15,8985.431
2025-08-09 08:30,8985.431
2025-08-09 08:45,8985.526
2025-08-09 09:00,8985.545
2025-08-09 09:15,8985.545
2025-08-09 09:30,8985.545
2025-08-09 09:45,8985.545
2025-08-09 10:00,8985.545
2025-08-09 10:15,8985.545
2025-08-09 10:30,8985.587
2025-08-09 10:45,8985.587
2025-08-09 11:00,8985.587
2025-08-09 11:15,8985.587
2025-08-09 11:30,8985.620
2025-08-09 11:45,8985.620
2025-08-09 12:00,8985.620
2025-08-09 12:15,8985.620
2025-08-09 12:30,8985.620
2025-08-09 12:45,8985.620
2025-08-09 13:00,8985.620
2025-08-09 13:15,8985.620
2025-08-09 13:30,8985.620
2025-08-09 13:45,8985.620
2025-08-09 14:00,8985.676
2025-08-09 14:15,8985.676
2025-08-09 14:30,8985.676
2025-08-09 14:45,8985.676
2025-08-09 15:00,8985.676
2025-08-09 15:15,8985.676
2025-08-09 15:30,8985.676
2025-08-09 15:45,8985.676
2025-08-09 16:00,8985.676
2025-08-09 16:15,8985.676
2025-08-09 16:30,8985.676
2025-08-09 16:45,8985.676
2025-08-09 17:00,8985.676
2025-08-09 17:15,8985.708
2025-08-09 17:30,8985.722
2025-08-09 17:45,8985.722
2025-08-09 18:00,8985.722
2025-08-09 18:15,8985.722
2025-08-09 18:30,8985.793
2025-08-09 18:45,8985.902
2025-08-09 19:00,8985.902
2025-08-09 19:15,8985.902
2025-08-09 19:30,8985.902
2025-08-09 19:45,8985.924
2025-08-09 20:00,8985.933
2025-08-09 20:15,8985.933
2025-08-09 20:30,8985.933
2025-08-09 20:45,8985.933
2025-08-09 21:00,8985.933
2025-08-09 21:15,8985.968
2025-08-09 21:30,8985.975
2025-08-09 21:45,8985.975
2025-08-09 22:00,8985.975
2025-08-09 22:15,8986.081
2025-08-09 22:30,8986.081
2025-08-09 22:45,8986.081
2025-08-09 23:00,8986.081
2025-08-09 23:15,8986.081
2025-08-09 23:30,8986.081
2025-08-09 23:45,8986.081
2025-08-10 00:00,8986.081
2025-08-10 00:15,8986.081
2025-08-10 00:30,8986.133
2025-08-10 00:45,8986.133
2025-08-10 01:00,8986.133
2025-08-10 01:15,8986.133
2025-08-10 01:30,8986.133
2025-08-10 01:45,8986.133
2025-08-10 02:00,8986.133
2025-08-10 02:15,8986.133
2025-08-10 02:30,8986.133
2025-08-10 02:45,8986.133
2025-08-10 03:00,8986.133
2025-08-10 03:15,8986.133
2025-08-10 03:30,8986.133
2025-08-10 03:45,8986.179
2025-08-10 04:00,8986.179
2025-08-10 04:15,8986.179
2025-08-10 04:30,8986.179
2025-08-10 04:45,8986.179
2025-08-10 05:00,8986.179
2025-08-10 05:15,8986.179
2025-08-10 05:30,8986.179
2025-08-10 05:45,8986.179
2025-08-10 06:00,8986.179
2025-08-10 06:15,8986.211
2025-08-10 06:30,8986.211
2025-08-10 06:45,8986.211
2025-08-10 07:00,8986.211
2025-08-10 07:15,8986.211
2025-08-10 07:30,8986.211
2025-08-10 07:45,8986.231
2025-08-10 08:00,8986.245
2025-08-10 08:15,8986.245
2025-08-10 08:30,8986.245
2025-08-10 08:45,8986.245
2025-08-10 09:00,8986.245
2025-08-10 09:15,8986.364
2025-08-10 09:30,8986.364
2025-08-10 09:45,8986.364
2025-08-10 10:00,8986.364
2025-08-10 10:15,8986.364
2025-08-10 10:30,8986.364
2025-08-10 10:45,8986.406
2025-08-10 11:00,8986.406
2025-08-10 11:15,8986.406
2025-08-10 11:30,8986.406
2025-08-10 11:45,8986.406
2025-08-10 12:00,8986.406
2025-08-10 12:15,8986.406
2025-08-10 12:30,8986.406
2025-08-10 12:45,8986.406
2025-08-10 13:00,8986.406
2025-08-10 13:15,8986.417
2025-08-10 13:30,8986.507
2025-08-10 13:45,8986.532
2025-08-10 14:00,8986.532
2025-08-10 14:15,8986.532
2025-08-10 14:30,8986.557
2025-08-10 14:45,8986.557
2025-08-10 15:00,8986.557
2025-08-10 15:15,8986.557
2025-08-10 15:30,8986.557
2025-08-10 15:45,8986.557
2025-08-10 16:00,8986.557
2025-08-10 16:15,8986.557
2025-08-10 16:30,8986.593
2025-08-10 16:45,8986.593
2025-08-10 17:00,8986.593
2025-08-10 17:15,8986.593
2025-08-10 17:30,8986.593
2025-08-10 17:45,8986.593
2025-08-10 18:00,8986.619
2025-08-10 18:15,8986.619
2025-08-10 18:30,8986.619
2025-08-10 18:45,8986.619
2025-08-10 19:00,8986.619
2025-08-10 19:15,8986.619
2025-08-10 19:30,8986.619
2025-08-10 19:45,8986.662
2025-08-10 20:00,8986.662
2025-08-10 20:15,8986.662
2025-08-10 20:30,8986.662
2025-08-10 20:45,8986.662
2025-08-10 21:00,8986.662
2025-08-10 21:15,8986.662
2025-08-10 21:30,8986.662
2025-08-10 21:45,8986.662
2025-08-10 22:00,8986.662
2025-08-10 22:15,8986.694
2025-08-10 22:30,8986.694
2025-08-10 22:45,8986.694
2025-08-10 23:00,8986.694
2025-08-10 23:15,8986.694
2025-08-10 23:30,8986.694
2025-08-10 23:45,8986.731
2025-08-11 00:00,8986.731
2025-08-11 00:15,8986.731
2025-08-11 00:30,8986.731
2025-08-11 00:45,8986.731
2025-08-11 01:00,8986.731
2025-08-11 01:15,8986.731
2025-08-11 01:30,8986.731
2025-08-11 01:45,8986.731
2025-08-11 02:00,8986.762
2025-08-11 02:15,8986.762
2025-08-11 02:30,8986.762
2025-08-11 02:45,8986.762
2025-08-11 03:00,8986.762
2025-08-11 03:15,8986.762
2025-08-11 03:30,8986.762
2025-08-11 03:45,8986.800
2025-08-11 04:00,8986.800
2025-08-11 04:15,8986.800
2025-08-11 04:30,8986.800
2025-08-11 04:45,8986.800
2025-08-11 05:00,8986.800
2025-08-11 05:15,8986.800
2025-08-11 05:30,8986.800
2025-08-11 05:45,8986.800
2025-08-11 06:00,8986.831
2025-08-11 06:15,8986.831
2025-08-11 06:30,8986.831
2025-08-11 06:45,8986.831
2025-08-11 07:00,8986.831
2025-08-11 07:15,8986.831
2025-08-11 07:30,8986.865
2025-08-11 07:45,8986.865
2025-08-11 08:00,8986.865
2025-08-11 08:15,8986.865
2025-08-11 08:30,8986.865
2025-08-11 08:45,8987.004
2025-08-11 09:00,8987.004
2025-08-11 09:15,8987.004
2025-08-11 09:30,8987.004
2025-08-11 09:45,8987.004
2025-08-11 10:00,8987.004
2025-08-11 10:15,8987.047
2025-08-11 10:30,8987.055
2025-08-11 10:45,8987.055
2025-08-11 11:00,8987.055
2025-08-11 11:15,8987.055
2025-08-11 11:30,8987.055
2025-08-11 11:45,8987.055
2025-08-11 12:00,8987.055
2025-08-11 12:15,8987.055
2025-08-11 12:30,8987.055
2025-08-11 12:45,8987.055
2025-08-11 13:00,8987.055
2025-08-11 13:15,8987.055
2025-08-11 13:30,8987.100
2025-08-11 13:45,8987.100
2025-08-11 14:00,8987.100
2025-08-11 14:15,8987.100
2025-08-11 14:30,8987.100
2025-08-11 14:45,8987.100
2025-08-11 15:00,8987.100
2025-08-11 15:15,8987.100
2025-08-11 15:30,8987.100
2025-08-11 15:45,8987.100
2025-08-11 16:00,8987.100
2025-08-11 16:15,8987.132
2025-08-11 16:30,8987.132
2025-08-11 16:45,8987.132
2025-08-11 17:00,8987.132
2025-08-11 17:15,8987.132
2025-08-11 17:30,8987.132
2025-08-11 17:45,8987.166
2025-08-11 18:00,8987.166
2025-08-11 18:15,8987.166
2025-08-11 18:30,8987.166
2025-08-11 18:45,8987.166
2025-08-11 19:00,8987.166
2025-08-11 19:15,8987.258
2025-08-11 19:30,8987.258
2025-08-11 19:45,8987.258
2025-08-11 20:00,8987.258
2025-08-11 20:15,8987.258
2025-08-11 20:30,8987.258
2025-08-11 20:45,8987.258
2025-08-11 21:00,8987.284
2025-08-11 21:15,8987.284
2025-08-11 21:30,8987.284
2025-08-11 21:45,8987.284
2025-08-11 22:00,8987.284
2025-08-11 22:15,8987.284
2025-08-11 22:30,8987.284
2025-08-11 22:45,8987.313
2025-08-11 23:00,8987.327
2025-08-11 23:15,8987.327
2025-08-11 23:30,8987.327
2025-08-11 23:45,8987.327
2025-08-12 00:00,8987.327
2025-08-12 00:15,8987.327
2025-08-12 00:30,8987.327
2025-08-12 00:45,8987.327
2025-08-12 01:00,8987.327
2025-08-12 01:15,8987.327
2025-08-12 01:30,8987.359
2025-08-12 01:45,8987.359
2025-08-12 02:00,8987.359
2025-08-12 02:15,8987.359
2025-08-12 02:30,8987.359
2025-08-12 02:45,8987.359
2025-08-12 03:00,8987.392
2025-08-12 03:15,8987.392
2025-08-12 03:30,8987.392
2025-08-12 03:45,8987.392
2025-08-12 04:00,8987.392
2025-08-12 04:15,8987.392
2025-08-12 04:30,8987.392
2025-08-12 04:45,8987.419
2025-08-12 05:00,8987.419
2025-08-12 05:15,8987.419
2025-08-12 05:30,8987.419
2025-08-12 05:45,8987.419
2025-08-12 06:00,8987.419
2025-08-12 06:15,8987.454
2025-08-12 06:30,8987.454
2025-08-12 06:45,8987.454
2025-08-12 07:00,8987.454
2025-08-12 07:15,8987.454
2025-08-12 07:30,8987.454
2025-08-12 07:45,8987.454
2025-08-12 08:00,8987.454
2025-08-12 08:15,8987.454
2025-08-12 08:30,8987.483
2025-08-12 08:45,8987.483
2025-08-12 09:00,8987.483
2025-08-12 09:15,8987.598
2025-08-12 09:30,8987.598
2025-08-12 09:45,8987.598
2025-08-12 10:00,8987.598
2025-08-12 10:15,8987.598
2025-08-12 10:30,8987.598
2025-08-12 10:45,8987.598
2025-08-12 11:00,8987.598
2025-08-12 11:15,8987.598
2025-08-12 11:30,8987.598
2025-08-12 11:45,8987.629
2025-08-12 12:00,8987.629
2025-08-12 12:15,8987.629
2025-08-12 12:30,8987.629
2025-08-12 12:45,8987.728
2025-08-12 13:00,8987.728
2025-08-12 13:15,8987.728
2025-08-12 13:30,8987.728
2025-08-12 13:45,8987.728
2025-08-12 14:00,8987.728
2025-08-12 14:15,8987.728
2025-08-12 14:30,8987.728
2025-08-12 14:45,8987.728
2025-08-12 15:00,8987.728
2025-08-12 15:15,8987.728
2025-08-12 15:30,8987.733
2025-08-12 15:45,8987.760
2025-08-12 16:00,8987.760
2025-08-12 16:15,8987.760
2025-08-12 16:30,8987.760
2025-08-12 16:45,8987.773
2025-08-12 17:00,8987.786
2025-08-12 17:15,8987.786
2025-08-12 17:30,8987.786
2025-08-12 17:45,8987.786
2025-08-12 18:00,8987.786
2025-08-12 18:15,8987.786
2025-08-12 18:30,8987.786
2025-08-12 18:45,8987.786
2025-08-12 19:00,8987.814
2025-08-12 19:15,8987.814
2025-08-12 19:30,8987.814
2025-08-12 19:45,8987.814
2025-08-12 20:00,8987.814
2025-08-12 20:15,8987.814
2025-08-12 20:30,8987.841
2025-08-12 20:45,8987.841
2025-08-12 21:00,8987.841
2025-08-12 21:15,8987.841
2025-08-12 21:30,8987.841
2025-08-12 21:45,8987.841
2025-08-12 22:00,8987.869
2025-08-12 22:15,8987.869
2025-08-12 22:30,8987.922
2025-08-12 22:45,8987.922
2025-08-12 23:00,8987.922
2025-08-12 23:15,8987.922
2025-08-12 23:30,8987.922
2025-08-12 23:45,8987.922
2025-08-13 00:00,8987.922
2025-08-13 00:15,8987.922
2025-08-13 00:30,8987.922
2025-08-13 00:45,8987.922
2025-08-13 01:00,8987.922
2025-08-13 01:15,8987.922
2025-08-13 01:30,8987.922
2025-08-13 01:45,8987.922
2025-08-13 02:00,8987.922
2025-08-13 02:15,8987.922
2025-08-13 02:30,8987.922
2025-08-13 02:45,8987.922
2025-08-13 03:00,8987.922
2025-08-13 03:15,8987.922
2025-08-13 03:30,8987.922
2025-08-13 03:45,8987.922
2025-08-13 04:00,8987.922
2025-08-13 04:15,8987.922
2025-08-13 04:30,8987.922
2025-08-13 04:45,8987.922
2025-08-13 05:00,8987.922
2025-08-13 05:15,8987.981
2025-08-13 05:30,8987.981
2025-08-13 05:45,8987.981
2025-08-13 06:00,8987.981
2025-08-13 06:15,8987.981
2025-08-13 06:30,8987.981
2025-08-13 06:45,8987.981
2025-08-13 07:00,8987.981
2025-08-13 07:15,8987.981
2025-08-13 07:30,8987.981
2025-08-13 07:45,8987.981
2025-08-13 08:00,8987.981
2025-08-13 08:15,8987.981
2025-08-13 08:30,8987.981
2025-08-13 08:45,8988.028
2025-08-13 09:00,8988.113
2025-08-13 09:15,8988.113
2025-08-13 09:30,8988.113
2025-08-13 09:45,8988.113
2025-08-13 10:00,8988.113
2025-08-13 10:15,8988.113
2025-08-13 10:30,8988.113
2025-08-13 10:45,8988.113
2025-08-13 11:00,8988.113
2025-08-13 11:15,8988.113
2025-08-13 11:30,8988.113
2025-08-13 11:45,8988.174
2025-08-13 12:00,8988.174
2025-08-13 12:15,8988.174
2025-08-13 12:30,8988.174
2025-08-13 12:45,8988.174
2025-08-13 13:00,8988.174
2025-08-13 13:15,8988.174
2025-08-13 13:30,8988.174
2025-08-13 13:45,8988.174
2025-08-13 14:00,8988.174
2025-08-13 14:15,8988.174
2025-08-13 14:30,8988.174
2025-08-13 14:45,8988.174
2025-08-13 15:00,8988.174
2025-08-13 15:15,8988.220
2025-08-13 15:30,8988.246
2025-08-13 15:45,8988.272
2025-08-13 16:00,8988.272
2025-08-13 16:15,8988.272
2025-08-13 16:30,8988.305
2025-08-13 16:45,8988.348
2025-08-13 17:00,8988.352
2025-08-13 17:15,8988.352
2025-08-13 17:30,8988.352
2025-08-13 17:45,8988.352
2025-08-13 18:00,8988.352
2025-08-13 18:15,8988.384
2025-08-13 18:30,8988.384
2025-08-13 18:45,8988.384
2025-08-13 19:00,8988.384
2025-08-13 19:15,8988.384
2025-08-13 19:30,8988.410
2025-08-13 19:45,8988.410
2025-08-13 20:00,8988.410
2025-08-13 20:15,8988.410
2025-08-13 20:30,8988.410
2025-08-13 20:45,8988.410
2025-08-13 21:00,8988.410
2025-08-13 21:15,8988.410
2025-08-13 21:30,8988.439
2025-08-13 21:45,8988.439
2025-08-13 22:00,8988.439
2025-08-13 22:15,8988.439
2025-08-13 22:30,8988.439
2025-08-13 22:45,8988.439
2025-08-13 23:00,8988.472
2025-08-13 23:15,8988.472
2025-08-13 23:30,8988.472
2025-08-13 23:45,8988.472
2025-08-14 00:00,8988.472
2025-08-14 00:15,8988.472
2025-08-14 00:30,8988.500
2025-08-14 00:45,8988.500
2025-08-14 01:00,8988.500
2025-08-14 01:15,8988.500
2025-08-14 01:30,8988.500
2025-08-14 01:45,8988.500
2025-08-14 02:00,8988.500
2025-08-14 02:15,8988.534
2025-08-14 02:30,8988.534
2025-08-14 02:45,8988.534
2025-08-14 03:00,8988.534
2025-08-14 03:15,8988.534
2025-08-14 03:30,8988.534
2025-08-14 03:45,8988.534
2025-08-14 04:00,8988.558
2025-08-14 04:15,8988.558
2025-08-14 04:30,8988.558
2025-08-14 04:45,8988.558
2025-08-14 05:00,8988.558
2025-08-14 05:15,8988.558
2025-08-14 05:30,8988.558
2025-08-14 05:45,8988.558
2025-08-14 06:00,8988.601
2025-08-14 06:15,8988.601
2025-08-14 06:30,8988.601
2025-08-14 06:45,8988.601
2025-08-14 07:00,8988.601
2025-08-14 07:15,8988.601
2025-08-14 07:30,8988.601
2025-08-14 07:45,8988.601
2025-08-14 08:00,8988.601
2025-08-14 08:15,8988.601
2025-08-14 08:30,8988.752
2025-08-14 08:45,8988.827
2025-08-14 09:00,8988.827
2025-08-14 09:15,8988.827
2025-08-14 09:30,8988.827
2025-08-14 09:45,8988.827
2025-08-14 10:00,8988.827
2025-08-14 10:15,8988.827
2025-08-14 10:30,8988.827
2025-08-14 10:45,8988.828
2025-08-14 11:00,8988.828
2025-08-14 11:15,8988.828
2025-08-14 11:30,8988.828
2025-08-14 11:45,8988.881
2025-08-14 12:00,8988.881
2025-08-14 12:15,8988.881
2025-08-14 12:30,8988.881
2025-08-14 12:45,8988.881
2025-08-14 13:00,8988.881
2025-08-14 13:15,8988.881
2025-08-14 13:30,8988.881
2025-08-14 13:45,8988.881
2025-08-14 14:00,8988.881
2025-08-14 14:15,8988.881
2025-08-14 14:30,8988.881
2025-08-14 14:45,8988.881
2025-08-14 15:00,8988.881
2025-08-14 15:15,8988.927
2025-08-14 15:30,8988.927
2025-08-14 15:45,8988.927
2025-08-14 16:00,8988.927
2025-08-14 16:15,8988.927
2025-08-14 16:30,8988.927
2025-08-14 16:45,8988.927
2025-08-14 17:00,8988.927
2025-08-14 17:15,8988.976
2025-08-14 17:30,8988.996
2025-08-14 17:45,8988.996
2025-08-14 18:00,8988.996
2025-08-14 18:15,8989.028
2025-08-14 18:30,8989.028
2025-08-14 18:45,8989.028
2025-08-14 19:00,8989.028
2025-08-14 19:15,8989.028
2025-08-14 19:30,8989.042
2025-08-14 19:45,8989.053
2025-08-14 20:00,8989.053
2025-08-14 20:15,8989.053
2025-08-14 20:30,8989.053
2025-08-14 20:45,8989.053
2025-08-14 21:00,8989.053
2025-08-14 21:15,8989.151
2025-08-14 21:30,8989.151
2025-08-14 21:45,8989.151
2025-08-14 22:00,8989.151
2025-08-14 22:15,8989.151
2025-08-14 22:30,8989.151
2025-08-14 22:45,8989.151
2025-08-14 23:00,8989.220
2025-08-14 23:15,8989.220
2025-08-14 23:30,8989.220
2025-08-14 23:45,8989.228
2025-08-15 00:00,8989.256
2025-08-15 00:15,8989.256
2025-08-15 00:30,8989.256
2025-08-15 00:45,8989.256
2025-08-15 01:00,8989.256
2025-08-15 01:15,8989.256
2025-08-15 01:30,8989.256
2025-08-15 01:45,8989.295
2025-08-15 02:00,8989.295
2025-08-15 02:15,8989.295
2025-08-15 02:30,8989.295
2025-08-15 02:45,8989.295
2025-08-15 03:00,8989.295
2025-08-15 03:15,8989.295
2025-08-15 03:30,8989.295
2025-08-15 03:45,8989.295
2025-08-15 04:00,8989.324
2025-08-15 04:15,8989.324
2025-08-15 04:30,8989.324
2025-08-15 04:45,8989.324
2025-08-15 05:00,8989.324
2025-08-15 05:15,8989.324
2025-08-15 05:30,8989.324
2025-08-15 05:45,8989.364
2025-08-15 06:00,8989.364
2025-08-15 06:15,8989.364
2025-08-15 06:30,8989.364
2025-08-15 06:45,8989.364
2025-08-15 07:00,8989.364
2025-08-15 07:15,8989.364
2025-08-15 07:30,8989.364
2025-08-15 07:45,8989.364
2025-08-15 08:00,8989.364
2025-08-15 08:15,8989.394
2025-08-15 08:30,8989.394
2025-08-15 08:45,8989.394
2025-08-15 09:00,8989.394
2025-08-15 09:15,8989.394
2025-08-15 09:30,8989.491
2025-08-15 09:45,8989.491
2025-08-15 10:00,8989.491
2025-08-15 10:15,8989.491
2025-08-15 10:30,8989.491
2025-08-15 10:45,8989.491
2025-08-15 11:00,8989.491
2025-08-15 11:15,8989.491
2025-08-15 11:30,8989.491
2025-08-15 11:45,8989.491
2025-08-15 12:00,8989.491
2025-08-15 12:15,8989.491
2025-08-15 12:30,8989.537
2025-08-15 12:45,8989.537
2025-08-15 13:00,8989.537
2025-08-15 13:15,8989.537
2025-08-15 13:30,8989.537
2025-08-15 13:45,8989.537
2025-08-15 14:00,8989.537
2025-08-15 14:15,8989.537
2025-08-15 14:30,8989.537
2025-08-15 14:45,8989.537
2025-08-15 15:00,8989.565
2025-08-15 15:15,8989.565
2025-08-15 15:30,8989.565
2025-08-15 15:45,8989.565
2025-08-15 16:00,8989.565
2025-08-15 16:15,8989.565
2025-08-15 16:30,8989.606
2025-08-15 16:45,8989.606
2025-08-15 17:00,8989.606
2025-08-15 17:15,8989.606
2025-08-15 17:30,8989.655
2025-08-15 17:45,8989.716
2025-08-15 18:00,8989.752
2025-08-15 18:15,8989.752
2025-08-15 18:30,8989.752
2025-08-15 18:45,8989.752
2025-08-15 19:00,8989.752
2025-08-15 19:15,8989.782
2025-08-15 19:30,8989.782
2025-08-15 19:45,8989.782
2025-08-15 20:00,8989.782
2025-08-15 20:15,8989.782
2025-08-15 20:30,8989.782
2025-08-15 20:45,8989.816
2025-08-15 21:00,8989.816
2025-08-15 21:15,8989.816
2025-08-15 21:30,8989.816
2025-08-15 21:45,8989.816
2025-08-15 22:00,8989.816
2025-08-15 22:15,8989.816
2025-08-15 22:30,8989.841
2025-08-15 22:45,8989.841
2025-08-15 23:00,8989.841
2025-08-15 23:15,8989.841
2025-08-15 23:30,8989.841
2025-08-15 23:45,8989.841
2025-08-16 00:00,8989.841
2025-08-16 00:15,8989.841
2025-08-16 00:30,8989.870
2025-08-16 00:45,8989.884
2025-08-16 01:00,8989.884
2025-08-16 01:15,8989.884
2025-08-16 01:30,8989.884
2025-08-16 01:45,8989.884
2025-08-16 02:00,8989.884
2025-08-16 02:15,8989.884
2025-08-16 02:30,8989.884
2025-08-16 02:45,8989.884
2025-08-16 03:00,8989.884
2025-08-16 03:15,8989.915
2025-08-16 03:30,8989.915
2025-08-16 03:45,8989.915
2025-08-16 04:00,8989.915
2025-08-16 04:15,8989.915
2025-08-16 04:30,8989.915
2025-08-16 04:45,8989.949
2025-08-16 05:00,8989.949
2025-08-16 05:15,8989.949
2025-08-16 05:30,8989.949
2025-08-16 05:45,8989.949
2025-08-16 06:00,8989.949
2025-08-16 06:15,8989.949
2025-08-16 06:30,8989.975
2025-08-16 06:45,8989.975
2025-08-16 07:00,8989.975
2025-08-16 07:15,8989.975
2025-08-16 07:30,8989.975
2025-08-16 07:45,8989.975
2025-08-16 08:00,8989.975
2025-08-16 08:15,8989.975
2025-08-16 08:30,8990.017
2025-08-16 08:45,8990.017
2025-08-16 09:00,8990.017
2025-08-16 09:15,8990.093
2025-08-16 09:30,8990.093
2025-08-16 09:45,8990.141
2025-08-16 10:00,8990.204
2025-08-16 10:15,8990.204
2025-08-16 10:30,8990.204
2025-08-16 10:45,8990.204
2025-08-16 11:00,8990.204
2025-08-16 11:15,8990.204
2025-08-16 11:30,8990.204
2025-08-16 11:45,8990.204
2025-08-16 12:00,8990.204
2025-08-16 12:15,8990.204
2025-08-16 12:30,8990.235
2025-08-16 12:45,8990.235
2025-08-16 13:00,8990.235
2025-08-16 13:15,8990.235
2025-08-16 13:30,8990.235
2025-08-16 13:45,8990.235
2025-08-16 14:00,8990.268
2025-08-16 14:15,8990.268
2025-08-16 14:30,8990.268
2025-08-16 14:45,8990.268
2025-08-16 15:00,8990.268
2025-08-16 15:15,8990.268
2025-08-16 15:30,8990.268
2025-08-16 15:45,8990.268
2025-08-16 16:00,8990.298
2025-08-16 16:15,8990.298
2025-08-16 16:30,8990.298
2025-08-16 16:45,8990.298
2025-08-16 17:00,8990.298
2025-08-16 17:15,8990.298
2025-08-16 17:30,8990.323
2025-08-16 17:45,8990.350
2025-08-16 18:00,8990.372
2025-08-16 18:15,8990.379
2025-08-16 18:30,8990.379
2025-08-16 18:45,8990.379
2025-08-16 19:00,8990.379
2025-08-16 19:15,8990.379
2025-08-16 19:30,8990.379
2025-08-16 19:45,8990.379
2025-08-16 20:00,8990.379
2025-08-16 20:15,8990.379
2025-08-16 20:30,8990.410
2025-08-16 20:45,8990.410
2025-08-16 21:00,8990.410
2025-08-16 21:15,8990.410
2025-08-16 21:30,8990.410
2025-08-16 21:45,8990.410
2025-08-16 22:00,8990.445
2025-08-16 22:15,8990.445
2025-08-16 22:30,8990.445
2025-08-16 22:45,8990.445
2025-08-16 23:00,8990.445
2025-08-16 23:15,8990.445
2025-08-16 23:30,8990.445
2025-08-16 23:45,8990.473
2025-08-17 00:00,8990.473
2025-08-17 00:15,8990.473
2025-08-17 00:30,8990.473
2025-08-17 00:45,8990.473
2025-08-17 01:00,8990.473
2025-08-17 01:15,8990.473
2025-08-17 01:30,8990.473
2025-08-17 01:45,8990.516
2025-08-17 02:00,8990.516
2025-08-17 02:15,8990.516
2025-08-17 02:30,8990.516
2025-08-17 02:45,8990.516
2025-08-17 03:00,8990.516
2025-08-17 03:15,8990.516
2025-08-17 03:30,8990.516
2025-08-17 03:45,8990.516
2025-08-17 04:00,8990.516
2025-08-17 04:15,8990.516
2025-08-17 04:30,8990.548
2025-08-17 04:45,8990.548
2025-08-17 05:00,8990.548
2025-08-17 05:15,8990.548
2025-08-17 05:30,8990.548
2025-08-17 05:45,8990.582
2025-08-17 06:00,8990.582
2025-08-17 06:15,8990.582
2025-08-17 06:30,8990.582
2025-08-17 06:45,8990.582
2025-08-17 07:00,8990.582
2025-08-17 07:15,8990.582
2025-08-17 07:30,8990.609
2025-08-17 07:45,8990.609
2025-08-17 08:00,8990.609
2025-08-17 08:15,8990.609
2025-08-17 08:30,8990.609
2025-08-17 08:45,8990.609
2025-08-17 09:00,8990.609
2025-08-17 09:15,8990.705
2025-08-17 09:30,8990.713
2025-08-17 09:45,8990.713
2025-08-17 10:00,8990.713
2025-08-17 10:15,8990.713
2025-08-17 10:30,8990.713
2025-08-17 10:45,8990.713
2025-08-17 11:00,8990.713
2025-08-17 11:15,8990.713
2025-08-17 11:30,8990.713
2025-08-17 11:45,8990.713
2025-08-17 12:00,8990.713
2025-08-17 12:15,8990.758
2025-08-17 12:30,8990.758
2025-08-17 12:45,8991.183
2025-08-17 13:00,8991.256
2025-08-17 13:15,8991.256
2025-08-17 13:30,8991.256
2025-08-17 13:45,8991.256
2025-08-17 14:00,8991.256
2025-08-17 14:15,8991.256
2025-08-17 14:30,8991.256
2025-08-17 14:45,8991.299
2025-08-17 15:00,8991.334
2025-08-17 15:15,8991.339
2025-08-17 15:30,8991.339
2025-08-17 15:45,8991.371
2025-08-17 16:00,8991.371
2025-08-17 16:15,8991.371
2025-08-17 16:30,8991.371
2025-08-17 16:45,8991.371
2025-08-17 17:00,8991.397
2025-08-17 17:15,8991.397
2025-08-17 17:30,8991.416
2025-08-17 17:45,8991.416
2025-08-17 18:00,8991.416
2025-08-17 18:15,8991.416
2025-08-17 18:30,8991.416
2025-08-17 18:45,8991.445
2025-08-17 19:00,8991.445
2025-08-17 19:15,8991.445
2025-08-17 19:30,8991.445
2025-08-17 19:45,8991.445
2025-08-17 20:00,8991.445
2025-08-17 20:15,8991.473
2025-08-17 20:30,8991.473
2025-08-17 20:45,8991.473
2025-08-17 21:00,8991.473
2025-08-17 21:15,8991.473
2025-08-17 21:30,8991.473
2025-08-17 21:45,8991.501
2025-08-17 22:00,8991.501
2025-08-17 22:15,8991.501
2025-08-17 22:30,8991.501
2025-08-17 22:45,8991.501
2025-08-17 23:00,8991.501
2025-08-17 23:15,8991.529
2025-08-17 23:30,8991.529
2025-08-17 23:45,8991.529
2025-08-18 00:00,8991.529
2025-08-18 00:15,8991.529
2025-08-18 00:30,8991.529
2025-08-18 00:45,8991.558
2025-08-18 01:00,8991.558
2025-08-18 01:15,8991.558
2025-08-18 01:30,8991.558
2025-08-18 01:45,8991.558
2025-08-18 02:00,8991.558
2025-08-18 02:15,8991.558
2025-08-18 02:30,8991.593
2025-08-18 02:45,8991.593
2025-08-18 03:00,8991.593
2025-08-18 03:15,8991.593
2025-08-18 03:30,8991.593
2025-08-18 03:45,8991.593
2025-08-18 04:00,8991.593
2025-08-18 04:15,8991.616
2025-08-18 04:30,8991.616
2025-08-18 04:45,8991.616
2025-08-18 05:00,8991.616
2025-08-18 05:15,8991.616
2025-08-18 05:30,8991.616
2025-08-18 05:45,8991.616
2025-08-18 06:00,8991.616
2025-08-18 06:15,8991.660
2025-08-18 06:30,8991.660
2025-08-18 06:45,8991.660
2025-08-18 07:00,8991.660
2025-08-18 07:15,8991.660
2025-08-18 07:30,8991.660
2025-08-18 07:45,8991.660
2025-08-18 08:00,8991.660
2025-08-18 08:15,8991.849
2025-08-18 08:30,8991.849
2025-08-18 08:45,8991.849
2025-08-18 09:00,8991.849
2025-08-18 09:15,8991.849
2025-08-18 09:30,8991.849
2025-08-18 09:45,8991.876
2025-08-18 10:00,8991.876
2025-08-18 10:15,8991.876
2025-08-18 10:30,8991.876
2025-08-18 10:45,8991.876
2025-08-18 11:00,8991.876
2025-08-18 11:15,8991.909
2025-08-18 11:30,8991.909
2025-08-18 11:45,8991.909
2025-08-18 12:00,8991.909
2025-08-18 12:15,8991.909
2025-08-18 12:30,8991.909
2025-08-18 12:45,8991.935
2025-08-18 13:00,8991.935
2025-08-18 13:15,8991.935
2025-08-18 13:30,8991.935
2025-08-18 13:45,8991.935
2025-08-18 14:00,8991.935
2025-08-18 14:15,8991.935
2025-08-18 14:30,8991.935
2025-08-18 14:45,8991.971
2025-08-18 15:00,8991.971
2025-08-18 15:15,8991.971
2025-08-18 15:30,8991.971
2025-08-18 15:45,8991.971
2025-08-18 16:00,8992.023
2025-08-18 16:15,8992.058
2025-08-18 16:30,8992.058
2025-08-18 16:45,8992.058
2025-08-18 17:00,8992.088
2025-08-18 17:15,8992.088
2025-08-18 17:30,8992.088
2025-08-18 17:45,8992.088
2025-08-18 18:00,8992.088
2025-08-18 18:15,8992.088
2025-08-18 18:30,8992.122
2025-08-18 18:45,8992.137
2025-08-18 19:00,8992.137
2025-08-18 19:15,8992.137
2025-08-18 19:30,8992.137
2025-08-18 19:45,8992.137
2025-08-18 20:00,8992.137
2025-08-18 20:15,8992.137
2025-08-18 20:30,8992.137
2025-08-18 20:45,8992.168
2025-08-18 21:00,8992.168
2025-08-18 21:15,8992.168
2025-08-18 21:30,8992.168
2025-08-18 21:45,8992.168
2025-08-18 22:00,8992.168
2025-08-18 22:15,8992.168
2025-08-18 22:30,8992.202
2025-08-18 22:45,8992.202
2025-08-18 23:00,8992.202
2025-08-18 23:15,8992.202
2025-08-18 23:30,8992.202
2025-08-18 23:45,8992.202
2025-08-19 00:00,8992.202
2025-08-19 00:15,8992.202
2025-08-19 00:30,8992.232
2025-08-19 00:45,8992.232
2025-08-19 01:00,8992.232
2025-08-19 01:15,8992.232
2025-08-19 01:30,8992.232
2025-08-19 01:45,8992.232
2025-08-19 02:00,8992.232
2025-08-19 02:15,8992.274
2025-08-19 02:30,8992.274
2025-08-19 02:45,8992.274
2025-08-19 03:00,8992.274
2025-08-19 03:15,8992.274
2025-08-19 03:30,8992.274
2025-08-19 03:45,8992.274
2025-08-19 04:00,8992.274
2025-08-19 04:15,8992.274
2025-08-19 04:30,8992.274
2025-08-19 04:45,8992.274
2025-08-19 05:00,8992.306
2025-08-19 05:15,8992.306
2025-08-19 05:30,8992.306
2025-08-19 05:45,8992.306
2025-08-19 06:00,8992.306
2025-08-19 06:15,8992.340
2025-08-19 06:30,8992.340
2025-08-19 06:45,8992.340
2025-08-19 07:00,8992.340
2025-08-19 07:15,8992.340
2025-08-19 07:30,8992.340
2025-08-19 07:45,8992.340
2025-08-19 08:00,8992.367
2025-08-19 08:15,8992.367
2025-08-19 08:30,8992.367
2025-08-19 08:45,8992.492
2025-08-19 09:00,8992.492
2025-08-19 09:15,8992.492
2025-08-19 09:30,8992.492
2025-08-19 09:45,8992.492
2025-08-19 10:00,8992.492
2025-08-19 10:15,8992.492
2025-08-19 10:30,8992.492
2025-08-19 10:45,8992.523
2025-08-19 11:00,8992.523
2025-08-19 11:15,8992.523
2025-08-19 11:30,8992.523
2025-08-19 11:45,8992.523
2025-08-19 12:00,8992.523
2025-08-19 12:15,8992.523
2025-08-19 12:30,8992.562
2025-08-19 12:45,8992.562
2025-08-19 13:00,8992.562
2025-08-19 13:15,8992.562
2025-08-19 13:30,8992.562
2025-08-19 13:45,8992.562
2025-08-19 14:00,8992.562
2025-08-19 14:15,8992.562
2025-08-19 14:30,8992.562
2025-08-19 14:45,8992.562
2025-08-19 15:00,8992.593
2025-08-19 15:15,8992.593
2025-08-19 15:30,8992.593
2025-08-19 15:45,8992.593
2025-08-19 16:00,8992.593
2025-08-19 16:15,8992.603
2025-08-19 16:30,8992.628
2025-08-19 16:45,8992.628
2025-08-19 17:00,8992.628
2025-08-19 17:15,8992.632
2025-08-19 17:30,8992.638
2025-08-19 17:45,8992.638
2025-08-19 18:00,8992.638
2025-08-19 18:15,8992.638
2025-08-19 18:30,8992.638
2025-08-19 18:45,8992.669
2025-08-19 19:00,8992.669
2025-08-19 19:15,8992.669
2025-08-19 19:30,8992.669
2025-08-19 19:45,8992.669
2025-08-19 20:00,8992.669
2025-08-19 20:15,8992.711
2025-08-19 20:30,8992.711
2025-08-19 20:45,8992.711
2025-08-19 21:00,8992.711
2025-08-19 21:15,8992.711
2025-08-19 21:30,8992.711
2025-08-19 21:45,8992.711
2025-08-19 22:00,8992.711
2025-08-19 22:15,8992.711
2025-08-19 22:30,8992.779
2025-08-19 22:45,8992.779
2025-08-19 23:00,8992.779
2025-08-19 23:15,8992.779
2025-08-19 23:30,8992.779
2025-08-19 23:45,8992.779
2025-08-20 00:00,8992.779
2025-08-20 00:15,8992.779
2025-08-20 00:30,8992.779
2025-08-20 00:45,8992.779
2025-08-20 01:00,8992.779
2025-08-20 01:15,8992.779
2025-08-20 01:30,8992.779
2025-08-20 01:45,8992.779
2025-08-20 02:00,8992.779
2025-08-20 02:15,8992.779
2025-08-20 02:30,8992.779
2025-08-20 02:45,8992.779
2025-08-20 03:00,8992.779
2025-08-20 03:15,8992.779
2025-08-20 03:30,8992.779
2025-08-20 03:45,8992.779
2025-08-20 04:00,8992.779
2025-08-20 04:15,8992.779
2025-08-20 04:30,8992.779
2025-08-20 04:45,8992.779
2025-08-20 05:00,8992.779
2025-08-20 05:15,8992.821
2025-08-20 05:30,8992.838
2025-08-20 05:45,8992.838
2025-08-20 06:00,8992.838
2025-08-20 06:15,8992.838
2025-08-20 06:30,8992.838
2025-08-20 06:45,8992.838
2025-08-20 07:00,8992.838
2025-08-20 07:15,8992.838
2025-08-20 07:30,8992.838
2025-08-20 07:45,8992.838
2025-08-20 08:00,8992.838
2025-08-20 08:15,8992.838
2025-08-20 08:30,8992.838
2025-08-20 08:45,8992.879
2025-08-20 09:00,8992.886
2025-08-20 09:15,8992.967
2025-08-20 09:30,8992.967
2025-08-20 09:45,8992.967
2025-08-20 10:00,8992.967
2025-08-20 10:15,8992.967
2025-08-20 10:30,8992.967
2025-08-20 10:45,8992.967
2025-08-20 11:00,8992.979
2025-08-20 11:15,8993.103
2025-08-20 11:30,8993.103
2025-08-20 11:45,8993.103
2025-08-20 12:00,8993.103
2025-08-20 12:15,8993.103
2025-08-20 12:30,8993.103
2025-08-20 12:45,8993.103
2025-08-20 13:00,8993.103
2025-08-20 13:15,8993.103
2025-08-20 13:30,8993.103
2025-08-20 13:45,8993.103
2025-08-20 14:00,8993.116
2025-08-20 14:15,8993.166
2025-08-20 14:30,8993.166
2025-08-20 14:45,8993.168
2025-08-20 15:00,8993.195
2025-08-20 15:15,8993.216
2025-08-20 15:30,8993.228
2025-08-20 15:45,8993.240
2025-08-20 16:00,8993.253
2025-08-20 16:15,8993.265
2025-08-20 16:30,8993.272
2025-08-20 16:45,8993.272
2025-08-20 17:00,8993.305
2025-08-20 17:15,8993.305
2025-08-20 17:30,8993.305
2025-08-20 17:45,8993.379
2025-08-20 18:00,8993.449
2025-08-20 18:15,8993.499
2025-08-20 18:30,8993.536
2025-08-20 18:45,8993.536
2025-08-20 19:00,8993.536
2025-08-20 19:15,8993.536
2025-08-20 19:30,8993.536
2025-08-20 19:45,8993.536
2025-08-20 20:00,8993.564
2025-08-20 20:15,8993.564
2025-08-20 20:30,8993.564
2025-08-20 20:45,8993.564
2025-08-20 21:00,8993.564
2025-08-20 21:15,8993.564
2025-08-20 21:30,8993.564
2025-08-20 21:45,8993.605
2025-08-20 22:00,8993.605
2025-08-20 22:15,8993.605
2025-08-20 22:30,8993.605
2025-08-20 22:45,8993.605
2025-08-20 23:00,8993.605
2025-08-20 23:15,8993.605
2025-08-20 23:30,8993.605
2025-08-20 23:45,8993.605
2025-08-21 00:00,8993.635
2025-08-21 00:15,8993.635
2025-08-21 00:30,8993.635
2025-08-21 00:45,8993.635
2025-08-21 01:00,8993.635
2025-08-21 01:15,8993.635
2025-08-21 01:30,8993.635
2025-08-21 01:45,8993.677
2025-08-21 02:00,8993.677
2025-08-21 02:15,8993.677
2025-08-21 02:30,8993.677
2025-08-21 02:45,8993.677
2025-08-21 03:00,8993.677
2025-08-21 03:15,8993.677
2025-08-21 03:30,8993.677
2025-08-21 03:45,8993.677
2025-08-21 04:00,8993.677
2025-08-21 04:15,8993.709
2025-08-21 04:30,8993.709
2025-08-21 04:45,8993.709
2025-08-21 05:00,8993.709
2025-08-21 05:15,8993.709
2025-08-21 05:30,8993.709
2025-08-21 05:45,8993.743
2025-08-21 06:00,8993.743
2025-08-21 06:15,8993.743
2025-08-21 06:30,8993.743
2025-08-21 06:45,8993.743
2025-08-21 07:00,8993.743
2025-08-21 07:15,8993.743
2025-08-21 07:30,8993.743
2025-08-21 07:45,8993.771
2025-08-21 08:00,8993.863
2025-08-21 08:15,8993.863
2025-08-21 08:30,8993.863
2025-08-21 08:45,8993.863
2025-08-21 09:00,8993.863
2025-08-21 09:15,8993.900
2025-08-21 09:30,8993.914
2025-08-21 09:45,8993.914
2025-08-21 10:00,8993.914
2025-08-21 10:15,8993.940
2025-08-21 10:30,8993.940
2025-08-21 10:45,8993.940
2025-08-21 11:00,8993.940
2025-08-21 11:15,8993.940
2025-08-21 11:30,8993.966
2025-08-21 11:45,8994.014
2025-08-21 12:00,8994.018
2025-08-21 12:15,8994.018
2025-08-21 12:30,8994.071
2025-08-21 12:45,8994.071
2025-08-21 13:00,8994.071
2025-08-21 13:15,8994.071
2025-08-21 13:30,8994.071
2025-08-21 13:45,8994.071
2025-08-21 14:00,8994.071
2025-08-21 14:15,8994.071
2025-08-21 14:30,8994.071
2025-08-21 14:45,8994.071
2025-08-21 15:00,8994.071
2025-08-21 15:15,8994.071
2025-08-21 15:30,8994.071
2025-08-21 15:45,8994.117
2025-08-21 16:00,8994.117
2025-08-21 16:15,8994.117
2025-08-21 16:30,8994.117
2025-08-21 16:45,8994.117
2025-08-21 17:00,8994.117
2025-08-21 17:15,8994.117
2025-08-21 17:30,8994.117
2025-08-21 17:45,8994.117
2025-08-21 18:00,8994.117
2025-08-21 18:15,8994.167
2025-08-21 18:30,8994.224
2025-08-21 18:45,8994.255
2025-08-21 19:00,8994.260
2025-08-21 19:15,8994.260
2025-08-21 19:30,8994.295
2025-08-21 19:45,8994.295
2025-08-21 20:00,8994.400
2025-08-21 20:15,8994.400
2025-08-21 20:30,8994.400
2025-08-21 20:45,8994.400
2025-08-21 21:00,8994.400
2025-08-21 21:15,8994.400
2025-08-21 21:30,8994.400
2025-08-21 21:45,8994.400
2025-08-21 22:00,8994.444
2025-08-21 22:15,8994.444
2025-08-21 22:30,8994.444
2025-08-21 22:45,8994.444
2025-08-21 23:00,8994.444
2025-08-21 23:15,8994.444
2025-08-21 23:30,8994.444
2025-08-21 23:45,8994.444
2025-08-22 00:00,8994.444
2025-08-22 00:15,8994.444
2025-08-22 00:30,8994.444
2025-08-22 00:45,8994.444
2025-08-22 01:00,8994.489
2025-08-22 01:15,8994.489
2025-08-22 01:30,8994.489
2025-08-22 01:45,8994.489
2025-08-22 02:00,8994.489
2025-08-22 02:15,8994.489
2025-08-22 02:30,8994.489
2025-08-22 02:45,8994.489
2025-08-22 03:00,8994.489
2025-08-22 03:15,8994.516
2025-08-22 03:30,8994.516
2025-08-22 03:45,8994.516
2025-08-22 04:00,8994.516
2025-08-22 04:15,8994.516
2025-08-22 04:30,8994.516
2025-08-22 04:45,8994.530
2025-08-22 05:00,8994.559
2025-08-22 05:15,8994.559
2025-08-22 05:30,8994.559
2025-08-22 05:45,8994.559
2025-08-22 06:00,8994.559
2025-08-22 06:15,8994.559
2025-08-22 06:30,8994.559
2025-08-22 06:45,8994.559
2025-08-22 07:00,8994.559
2025-08-22 07:15,8994.559
2025-08-22 07:30,8994.591
2025-08-22 07:45,8994.591
2025-08-22 08:00,8994.591
2025-08-22 08:15,8994.591
2025-08-22 08:30,8994.591
2025-08-22 08:45,8994.625
2025-08-22 09:00,8994.625
2025-08-22 09:15,8994.625
2025-08-22 09:30,8994.714
2025-08-22 09:45,8994.714
2025-08-22 10:00,8994.714
2025-08-22 10:15,8994.714
2025-08-22 10:30,8994.714
2025-08-22 10:45,8994.714
2025-08-22 11:00,8994.714
2025-08-22 11:15,8994.714
2025-08-22 11:30,8994.759
2025-08-22 11:45,8994.759
2025-08-22 12:00,8994.759
2025-08-22 12:15,8994.759
2025-08-22 12:30,8994.759
2025-08-22 12:45,8994.759
2025-08-22 13:00,8994.759
2025-08-22 13:15,8994.759
2025-08-22 13:30,8994.759
2025-08-22 13:45,8994.759
2025-08-22 14:00,8994.759
2025-08-22 14:15,8994.759
2025-08-22 14:30,8994.806
2025-08-22 14:45,8994.806
2025-08-22 15:00,8994.806
2025-08-22 15:15,8994.806
2025-08-22 15:30,8994.806
2025-08-22 15:45,8994.806
2025-08-22 16:00,8994.806
2025-08-22 16:15,8994.806
2025-08-22 16:30,8994.806
2025-08-22 16:45,8994.806
2025-08-22 17:00,8994.838
2025-08-22 17:15,8994.838
2025-08-22 17:30,8994.838
2025-08-22 17:45,8994.838
2025-08-22 18:00,8994.838
2025-08-22 18:15,8994.873
2025-08-22 18:30,8994.873
2025-08-22 18:45,8994.873
2025-08-22 19:00,8994.873
2025-08-22 19:15,8994.873
2025-08-22 19:30,8994.873
2025-08-22 19:45,8994.873
2025-08-22 20:00,8994.901
2025-08-22 20:15,8994.901
2025-08-22 20:30,8994.901
2025-08-22 20:45,8994.901
2025-08-22 21:00,8994.901
2025-08-22 21:15,8994.901
2025-08-22 21:30,8994.901
2025-08-22 21:45,8994.901
2025-08-22 22:00,8994.946
2025-08-22 22:15,8994.946
2025-08-22 22:30,8994.946
2025-08-22 22:45,8994.946
2025-08-22 23:00,8994.946
2025-08-22 23:15,8994.946
2025-08-22 23:30,8994.946
2025-08-22 23:45,8994.946
2025-08-23 00:00,8994.946
2025-08-23 00:15,8994.984
2025-08-23 00:30,8994.994
2025-08-23 00:45,8994.994
2025-08-23 01:00,8994.994
2025-08-23 01:15,8994.994
2025-08-23 01:30,8995.028
2025-08-23 01:45,8995.028
2025-08-23 02:00,8995.028
2025-08-23 02:15,8995.028
2025-08-23 02:30,8995.028
2025-08-23 02:45,8995.028
2025-08-23 03:00,8995.028
2025-08-23 03:15,8995.028
2025-08-23 03:30,8995.028
2025-08-23 03:45,8995.059
2025-08-23 04:00,8995.059
2025-08-23 04:15,8995.059
2025-08-23 04:30,8995.059
2025-08-23 04:45,8995.059
2025-08-23 05:00,8995.094
2025-08-23 05:15,8995.094
2025-08-23 05:30,8995.094
2025-08-23 05:45,8995.094
2025-08-23 06:00,8995.094
2025-08-23 06:15,8995.094
2025-08-23 06:30,8995.094
2025-08-23 06:45,8995.120
2025-08-23 07:00,8995.120
2025-08-23 07:15,8995.120
2025-08-23 07:30,8995.120
2025-08-23 07:45,8995.120
2025-08-23 08:00,8995.120
2025-08-23 08:15,8995.120
2025-08-23 08:30,8995.150
2025-08-23 08:45,8995.164
2025-08-23 09:00,8995.249
2025-08-23 09:15,8995.249
2025-08-23 09:30,8995.249
2025-08-23 09:45,8995.249
2025-08-23 10:00,8995.249
2025-08-23 10:15,8995.249
2025-08-23 10:30,8995.249
2025-08-23 10:45,8995.249
2025-08-23 11:00,8995.249
2025-08-23 11:15,8995.249
2025-08-23 11:30,8995.301
2025-08-23 11:45,8995.301
2025-08-23 12:00,8995.301
2025-08-23 12:15,8995.301
2025-08-23 12:30,8995.301
2025-08-23 12:45,8995.301
2025-08-23 13:00,8995.430
2025-08-23 13:15,8995.430
2025-08-23 13:30,8995.430
2025-08-23 13:45,8995.430
2025-08-23 14:00,8995.430
2025-08-23 14:15,8995.430
2025-08-23 14:30,8995.430
2025-08-23 14:45,8995.482
2025-08-23 15:00,8995.482
2025-08-23 15:15,8995.482
2025-08-23 15:30,8995.482
2025-08-23 15:45,8995.482
2025-08-23 16:00,8995.482
2025-08-23 16:15,8995.482
2025-08-23 16:30,8995.910
2025-08-23 16:45,8996.091
2025-08-23 17:00,8996.091
2025-08-23 17:15,8996.091
2025-08-23 17:30,8996.091
2025-08-23 17:45,8996.091
2025-08-23 18:00,8996.091
2025-08-23 18:15,8996.091
2025-08-23 18:30,8996.091
2025-08-23 18:45,8996.091
2025-08-23 19:00,8996.123
2025-08-23 19:15,8996.123
2025-08-23 19:30,8996.123
2025-08-23 19:45,8996.123
2025-08-23 20:00,8996.123
2025-08-23 20:15,8996.157
2025-08-23 20:30,8996.157
2025-08-23 20:45,8996.157
2025-08-23 21:00,8996.157
2025-08-23 21:15,8996.157
2025-08-23 21:30,8996.157
2025-08-23 21:45,8996.157
2025-08-23 22:00,8996.186
2025-08-23 22:15,8996.186
2025-08-23 22:30,8996.186
2025-08-23 22:45,8996.186
2025-08-23 23:00,8996.186
2025-08-23 23:15,8996.186
2025-08-23 23:30,8996.186
2025-08-23 23:45,8996.229
2025-08-24 00:00,8996.229
2025-08-24 00:15,8996.229
2025-08-24 00:30,8996.229
2025-08-24 00:45,8996.229
2025-08-24 01:00,8996.229
2025-08-24 01:15,8996.229
2025-08-24 01:30,8996.259
2025-08-24 01:45,8996.259
2025-08-24 02:00,8996.259
2025-08-24 02:15,8996.259
2025-08-24 02:30,8996.259
2025-08-24 02:45,8996.259
2025-08-24 03:00,8996.259
2025-08-24 03:15,8996.303
2025-08-24 03:30,8996.303
2025-08-24 03:45,8996.303
2025-08-24 04:00,8996.303
2025-08-24 04:15,8996.303
2025-08-24 04:30,8996.303
2025-08-24 04:45,8996.303
2025-08-24 05:00,8996.303
2025-08-24 05:15,8996.303
2025-08-24 05:30,8996.303
2025-08-24 05:45,8996.303
2025-08-24 06:00,8996.303
2025-08-24 06:15,8996.350
2025-08-24 06:30,8996.350
2025-08-24 06:45,8996.350
2025-08-24 07:00,8996.350
2025-08-24 07:15,8996.350
2025-08-24 07:30,8996.350
2025-08-24 07:45,8996.350
2025-08-24 08:00,8996.361
2025-08-24 08:15,8996.441
2025-08-24 08:30,8996.479
2025-08-24 08:45,8996.479
2025-08-24 09:00,8996.555
2025-08-24 09:15,8996.568
2025-08-24 09:30,8996.568
2025-08-24 09:45,8996.568
2025-08-24 10:00,8996.568
2025-08-24 10:15,8996.568
2025-08-24 10:30,8996.568
2025-08-24 10:45,8996.568
2025-08-24 11:00,8996.568
2025-08-24 11:15,8996.568
2025-08-24 11:30,8996.605
2025-08-24 11:45,8996.605
2025-08-24 12:00,8996.605
2025-08-24 12:15,8996.605
2025-08-24 12:30,8996.605
2025-08-24 12:45,8996.639
2025-08-24 13:00,8996.639
2025-08-24 13:15,8996.639
2025-08-24 13:30,8996.639
2025-08-24 13:45,8996.639
2025-08-24 14:00,8996.639
2025-08-24 14:15,8996.639
2025-08-24 14:30,8996.668
2025-08-24 14:45,8996.668
2025-08-24 15:00,8996.668
2025-08-24 15:15,8996.668
2025-08-24 15:30,8996.668
2025-08-24 15:45,8996.668
2025-08-24 16:00,8996.705
2025-08-24 16:15,8996.705
2025-08-24 16:30,8996.811
2025-08-24 16:45,8996.811
2025-08-24 17:00,8996.811
2025-08-24 17:15,8996.811
2025-08-24 17:30,8996.811
2025-08-24 17:45,8996.852
2025-08-24 18:00,8996.852
2025-08-24 18:15,8996.852
2025-08-24 18:30,8996.852
2025-08-24 18:45,8996.852
2025-08-24 19:00,8996.852
2025-08-24 19:15,8996.852
2025-08-24 19:30,8996.852
2025-08-24 19:45,8996.891
2025-08-24 20:00,8996.891
2025-08-24 20:15,8996.891
2025-08-24 20:30,8996.891
2025-08-24 20:45,8996.891
2025-08-24 21:00,8996.925
2025-08-24 21:15,8996.925
2025-08-24 21:30,8996.925
2025-08-24 21:45,8996.925
2025-08-24 22:00,8996.925
2025-08-24 22:15,8996.925
2025-08-24 22:30,8996.955
2025-08-24 22:45,8996.955
2025-08-24 23:00,8996.955
2025-08-24 23:15,8996.955
2025-08-24 23:30,8996.955
2025-08-24 23:45,8996.955
2025-08-25 00:00,8996.955
2025-08-25 00:15,8996.996
2025-08-25 00:30,8996.996
2025-08-25 00:45,8996.996
2025-08-25 01:00,8996.996
2025-08-25 01:15,8996.996
2025-08-25 01:30,8996.996
2025-08-25 01:45,8996.996
2025-08-25 02:00,8996.996
2025-08-25 02:15,8996.996
2025-08-25 02:30,8997.027
2025-08-25 02:45,8997.027
2025-08-25 03:00,8997.027
2025-08-25 03:15,8997.027
2025-08-25 03:30,8997.027
2025-08-25 03:45,8997.027
2025-08-25 04:00,8997.068
2025-08-25 04:15,8997.068
2025-08-25 04:30,8997.068
2025-08-25 04:45,8997.068
2025-08-25 05:00,8997.068
2025-08-25 05:15,8997.068
2025-08-25 05:30,8997.068
2025-08-25 05:45,8997.068
2025-08-25 06:00,8997.068
2025-08-25 06:15,8997.099
2025-08-25 06:30,8997.099
2025-08-25 06:45,8997.099
2025-08-25 07:00,8997.188
2025-08-25 07:15,8997.188
2025-08-25 07:30,8997.239
2025-08-25 07:45,8997.239
2025-08-25 08:00,8997.239
2025-08-25 08:15,8997.342
2025-08-25 08:30,8997.342
2025-08-25 08:45,8997.342
2025-08-25 09:00,8997.342
2025-08-25 09:15,8997.342
2025-08-25 09:30,8997.342
2025-08-25 09:45,8997.342
2025-08-25 10:00,8997.342
2025-08-25 10:15,8997.342
2025-08-25 10:30,8997.402
2025-08-25 10:45,8997.402
2025-08-25 11:00,8997.402
2025-08-25 11:15,8997.402
2025-08-25 11:30,8997.402
2025-08-25 11:45,8997.402
2025-08-25 12:00,8997.402
2025-08-25 12:15,8997.402
2025-08-25 12:30,8997.402
2025-08-25 12:45,8997.402
2025-08-25 13:00,8997.402
2025-08-25 13:15,8997.402
2025-08-25 13:30,8997.402
2025-08-25 13:45,8997.450
2025-08-25 14:00,8997.450
2025-08-25 14:15,8997.450
2025-08-25 14:30,8997.450
2025-08-25 14:45,8997.450
2025-08-25 15:00,8997.450
2025-08-25 15:15,8997.450
2025-08-25 15:30,8997.450
2025-08-25 15:45,8997.450
2025-08-25 16:00,8997.450
2025-08-25 16:15,8997.450
2025-08-25 16:30,8997.497
2025-08-25 16:45,8997.497
2025-08-25 17:00,8997.552
2025-08-25 17:15,8997.583
2025-08-25 17:30,8997.599
2025-08-25 17:45,8997.599
2025-08-25 18:00,8997.599
2025-08-25 18:15,8997.599
2025-08-25 18:30,8997.627
2025-08-25 18:45,8997.627
2025-08-25 19:00,8997.627
2025-08-25 19:15,8997.627
2025-08-25 19:30,8997.627
2025-08-25 19:45,8997.627
2025-08-25 20:00,8997.627
2025-08-25 20:15,8997.671
2025-08-25 20:30,8997.671
2025-08-25 20:45,8997.671
2025-08-25 21:00,8997.671
2025-08-25 21:15,8997.671
2025-08-25 21:30,8997.671
2025-08-25 21:45,8997.671
2025-08-25 22:00,8997.671
2025-08-25 22:15,8997.772
2025-08-25 22:30,8998.261
2025-08-25 22:45,8998.268
2025-08-25 23:00,8998.268
2025-08-25 23:15,8998.268
2025-08-25 23:30,8998.268
2025-08-25 23:45,8998.268
2025-08-26 00:00,8998.268
2025-08-26 00:15,8998.268
2025-08-26 00:30,8998.268
2025-08-26 00:45,8998.299
2025-08-26 01:00,8998.299
2025-08-26 01:15,8998.299
2025-08-26 01:30,8998.299
2025-08-26 01:45,8998.299
2025-08-26 02:00,8998.299
2025-08-26 02:15,8998.334
2025-08-26 02:30,8998.334
2025-08-26 02:45,8998.334
2025-08-26 03:00,8998.334
2025-08-26 03:15,8998.334
2025-08-26 03:30,8998.334
2025-08-26 03:45,8998.334
2025-08-26 04:00,8998.334
2025-08-26 04:15,8998.366
2025-08-26 04:30,8998.366
2025-08-26 04:45,8998.366
2025-08-26 05:00,8998.366
2025-08-26 05:15,8998.366
2025-08-26 05:30,8998.366
2025-08-26 05:45,8998.366
2025-08-26 06:00,8998.409
2025-08-26 06:15,8998.409
2025-08-26 06:30,8998.409
2025-08-26 06:45,8998.409
2025-08-26 07:00,8998.409
2025-08-26 07:15,8998.483
2025-08-26 07:30,8998.483
2025-08-26 07:45,8998.610
2025-08-26 08:00,8998.610
2025-08-26 08:15,8998.610
2025-08-26 08:30,8998.610
2025-08-26 08:45,8998.610
2025-08-26 09:00,8998.610
2025-08-26 09:15,8998.714
2025-08-26 09:30,8998.714
2025-08-26 09:45,8998.714
2025-08-26 10:00,8998.714
2025-08-26 10:15,8998.714
2025-08-26 10:30,8998.749
2025-08-26 10:45,8998.749
2025-08-26 11:00,8998.749
2025-08-26 11:15,8998.749
2025-08-26 11:30,8998.749
2025-08-26 11:45,8998.749
2025-08-26 12:00,8998.788
2025-08-26 12:15,8998.788
2025-08-26 12:30,8998.788
2025-08-26 12:45,8998.788
2025-08-26 13:00,8998.788
2025-08-26 13:15,8998.788
2025-08-26 13:30,8998.788
2025-08-26 13:45,8998.829
2025-08-26 14:00,8998.829
2025-08-26 14:15,8998.829
2025-08-26 14:30,8998.829
2025-08-26 14:45,8998.829
2025-08-26 15:00,8998.829
2025-08-26 15:15,8998.829
2025-08-26 15:30,8998.829
2025-08-26 15:45,8998.829
2025-08-26 16:00,8998.861
2025-08-26 16:15,8998.861
2025-08-26 16:30,8998.861
2025-08-26 16:45,8998.861
2025-08-26 17:00,8998.861
2025-08-26 17:15,8998.861
2025-08-26 17:30,8998.899
2025-08-26 17:45,8998.958
2025-08-26 18:00,8999.002
2025-08-26 18:15,8999.002
2025-08-26 18:30,8999.002
2025-08-26 18:45,8999.002
2025-08-26 19:00,8999.002
2025-08-26 19:15,8999.002
2025-08-26 19:30,8999.002
2025-08-26 19:45,8999.002
2025-08-26 20:00,8999.033
2025-08-26 20:15,8999.033
2025-08-26 20:30,8999.033
2025-08-26 20:45,8999.033
2025-08-26 21:00,8999.033
2025-08-26 21:15,8999.066
2025-08-26 21:30,8999.066
2025-08-26 21:45,8999.066
2025-08-26 22:00,8999.066
2025-08-26 22:15,8999.066
2025-08-26 22:30,8999.130
2025-08-26 22:45,8999.130
2025-08-26 23:00,8999.130
2025-08-26 23:15,8999.130
2025-08-26 23:30,8999.130
2025-08-26 23:45,8999.130
2025-08-27 00:00,8999.130
2025-08-27 00:15,8999.130
2025-08-27 00:30,8999.130
2025-08-27 00:45,8999.130
2025-08-27 01:00,8999.130
2025-08-27 01:15,8999.130
2025-08-27 01:30,8999.130
2025-08-27 01:45,8999.130
2025-08-27 02:00,8999.130
2025-08-27 02:15,8999.130
2025-08-27 02:30,8999.130
2025-08-27 02:45,8999.130
2025-08-27 03:00,8999.130
2025-08-27 03:15,8999.130
2025-08-27 03:30,8999.130
2025-08-27 03:45,8999.130
2025-08-27 04:00,8999.130
2025-08-27 04:15,8999.130
2025-08-27 04:30,8999.130
2025-08-27 04:45,8999.130
2025-08-27 05:00,8999.130
2025-08-27 05:15,8999.190
2025-08-27 05:30,8999.190
2025-08-27 05:45,8999.190
2025-08-27 06:00,8999.190
2025-08-27 06:15,8999.190
2025-08-27 06:30,8999.190
2025-08-27 06:45,8999.190
2025-08-27 07:00,8999.190
2025-08-27 07:15,8999.190
2025-08-27 07:30,8999.190
2025-08-27 07:45,8999.296
2025-08-27 08:00,8999.351
2025-08-27 08:15,8999.351
2025-08-27 08:30,8999.351
2025-08-27 08:45,8999.351
2025-08-27 09:00,8999.351
2025-08-27 09:15,8999.351
2025-08-27 09:30,8999.351
2025-08-27 09:45,8999.351
2025-08-27 10:00,8999.351
2025-08-27 10:15,8999.351
2025-08-27 10:30,8999.384
2025-08-27 10:45,8999.384
2025-08-27 11:00,8999.384
2025-08-27 11:15,8999.384
2025-08-27 11:30,8999.384
2025-08-27 11:45,8999.412
2025-08-27 12:00,8999.412
2025-08-27 12:15,8999.412
2025-08-27 12:30,8999.412
2025-08-27 12:45,8999.412
2025-08-27 13:00,8999.412
2025-08-27 13:15,8999.441
2025-08-27 13:30,8999.441
2025-08-27 13:45,8999.441
2025-08-27 14:00,8999.441
2025-08-27 14:15,8999.441
2025-08-27 14:30,8999.441
2025-08-27 14:45,8999.471
2025-08-27 15:00,8999.471
2025-08-27 15:15,8999.471
2025-08-27 15:30,8999.471
2025-08-27 15:45,8999.471
2025-08-27 16:00,8999.471
2025-08-27 16:15,8999.509
2025-08-27 16:30,8999.512
2025-08-27 16:45,8999.559
2025-08-27 17:00,8999.563
2025-08-27 17:15,8999.563
2025-08-27 17:30,8999.563
2025-08-27 17:45,8999.600
2025-08-27 18:00,8999.600
2025-08-27 18:15,8999.696
2025-08-27 18:30,8999.696
2025-08-27 18:45,8999.696
2025-08-27 19:00,8999.696
2025-08-27 19:15,8999.696
2025-08-27 19:30,9000.117
2025-08-27 19:45,9000.271
2025-08-27 20:00,9000.271
2025-08-27 20:15,9000.271
2025-08-27 20:30,9000.271
2025-08-27 20:45,9000.271
2025-08-27 21:00,9000.271
2025-08-27 21:15,9000.271
2025-08-27 21:30,9000.271
2025-08-27 21:45,9000.271
2025-08-27 22:00,9000.271
2025-08-27 22:15,9000.271
2025-08-27 22:30,9000.332
2025-08-27 22:45,9000.332
2025-08-27 23:00,9000.332
2025-08-27 23:15,9000.332
2025-08-27 23:30,9000.332
2025-08-27 23:45,9000.332
2025-08-28 00:00,9000.332
2025-08-28 00:15,9000.332
2025-08-28 00:30,9000.332
2025-08-28 00:45,9000.332
2025-08-28 01:00,9000.332
2025-08-28 01:15,9000.332
2025-08-28 01:30,9000.332
2025-08-28 01:45,9000.379
2025-08-28 02:00,9000.379
2025-08-28 02:15,9000.379
2025-08-28 02:30,9000.379
2025-08-28 02:45,9000.379
2025-08-28 03:00,9000.379
2025-08-28 03:15,9000.379
2025-08-28 03:30,9000.379
2025-08-28 03:45,9000.379
2025-08-28 04:00,9000.379
2025-08-28 04:15,9000.409
2025-08-28 04:30,9000.409
2025-08-28 04:45,9000.409
2025-08-28 05:00,9000.409
2025-08-28 05:15,9000.409
2025-08-28 05:30,9000.409
2025-08-28 05:45,9000.451
2025-08-28 06:00,9000.451
2025-08-28 06:15,9000.451
2025-08-28 06:30,9000.451
2025-08-28 06:45,9000.451
2025-08-28 07:00,9000.451
2025-08-28 07:15,9000.451
2025-08-28 07:30,9000.451
2025-08-28 07:45,9000.451
2025-08-28 08:00,9000.451
2025-08-28 08:15,9000.483
2025-08-28 08:30,9000.570
2025-08-28 08:45,9000.637
2025-08-28 09:00,9000.637
2025-08-28 09:15,9000.637
2025-08-28 09:30,9000.637
2025-08-28 09:45,9000.637
2025-08-28 10:00,9000.637
2025-08-28 10:15,9000.637
2025-08-28 10:30,9000.637
2025-08-28 10:45,9000.665
2025-08-28 11:00,9000.665
2025-08-28 11:15,9000.665
2025-08-28 11:30,9000.665
2025-08-28 11:45,9000.718
2025-08-28 12:00,9000.718
2025-08-28 12:15,9000.718
2025-08-28 12:30,9000.718
2025-08-28 12:45,9000.718
2025-08-28 13:00,9000.718
2025-08-28 13:15,9000.718
2025-08-28 13:30,9000.718
2025-08-28 13:45,9000.718
2025-08-28 14:00,9000.718
2025-08-28 14:15,9000.750
2025-08-28 14:30,9000.750
2025-08-28 14:45,9000.750
2025-08-28 15:00,9000.750
2025-08-28 15:15,9000.750
2025-08-28 15:30,9000.750
2025-08-28 15:45,9000.784
2025-08-28 16:00,9000.784
2025-08-28 16:15,9000.794
2025-08-28 16:30,9000.807
2025-08-28 16:45,9000.862
2025-08-28 17:00,9000.900
2025-08-28 17:15,9000.912
2025-08-28 17:30,9000.925
2025-08-28 17:45,9000.955
2025-08-28 18:00,9000.974
2025-08-28 18:15,9000.974
2025-08-28 18:30,9000.974
2025-08-28 18:45,9000.974
2025-08-28 19:00,9000.974
2025-08-28 19:15,9000.974
2025-08-28 19:30,9001.016
2025-08-28 19:45,9001.016
2025-08-28 20:00,9001.016
2025-08-28 20:15,9001.016
2025-08-28 20:30,9001.016
2025-08-28 20:45,9001.016
2025-08-28 21:00,9001.152
2025-08-28 21:15,9001.630
2025-08-28 21:30,9001.651
2025-08-28 21:45,9001.651
2025-08-28 22:00,9001.651
2025-08-28 22:15,9001.651
2025-08-28 22:30,9001.651
2025-08-28 22:45,9001.651
2025-08-28 23:00,9001.651
2025-08-28 23:15,9001.651
2025-08-28 23:30,9001.651
2025-08-28 23:45,9001.680
2025-08-29 00:00,9001.680
2025-08-29 00:15,9001.680
2025-08-29 00:30,9001.680
2025-08-29 00:45,9001.680
2025-08-29 01:00,9001.680
2025-08-29 01:15,9001.722
2025-08-29 01:30,9001.722
2025-08-29 01:45,9001.722
2025-08-29 02:00,9001.722
2025-08-29 02:15,9001.722
2025-08-29 02:30,9001.722
2025-08-29 02:45,9001.722
2025-08-29 03:00,9001.722
2025-08-29 03:15,9001.722
2025-08-29 03:30,9001.722
2025-08-29 03:45,9001.753
2025-08-29 04:00,9001.753
2025-08-29 04:15,9001.753
2025-08-29 04:30,9001.753
2025-08-29 04:45,9001.753
2025-08-29 05:00,9001.753
2025-08-29 05:15,9001.788
2025-08-29 05:30,9001.788
2025-08-29 05:45,9001.788
2025-08-29 06:00,9001.788
2025-08-29 06:15,9001.788
2025-08-29 06:30,9001.788
2025-08-29 06:45,9001.788
2025-08-29 07:00,9001.788
2025-08-29 07:15,9001.819
2025-08-29 07:30,9001.819
2025-08-29 07:45,9001.819
2025-08-29 08:00,9001.819
2025-08-29 08:15,9001.901
2025-08-29 08:30,9001.969
2025-08-29 08:45,9001.969
2025-08-29 09:00,9001.969
2025-08-29 09:15,9001.969
2025-08-29 09:30,9001.969
2025-08-29 09:45,9001.969
2025-08-29 10:00,9001.969
2025-08-29 10:15,9001.969
2025-08-29 10:30,9001.969
2025-08-29 10:45,9001.969
2025-08-29 11:00,9001.969
2025-08-29 11:15,9002.023
2025-08-29 11:30,9002.023
2025-08-29 11:45,9002.023
2025-08-29 12:00,9002.023
2025-08-29 12:15,9002.023
2025-08-29 12:30,9002.023
2025-08-29 12:45,9002.023
2025-08-29 13:00,9002.023
2025-08-29 13:15,9002.023
2025-08-29 13:30,9002.023
2025-08-29 13:45,9002.023
2025-08-29 14:00,9002.023
2025-08-29 14:15,9002.023
2025-08-29 14:30,9002.062
2025-08-29 14:45,9002.070
2025-08-29 15:00,9002.070
2025-08-29 15:15,9002.070
2025-08-29 15:30,9002.070
2025-08-29 15:45,9002.070
2025-08-29 16:00,9002.070
2025-08-29 16:15,9002.070
2025-08-29 16:30,9002.070
2025-08-29 16:45,9002.070
2025-08-29 17:00,9002.070
2025-08-29 17:15,9002.070
2025-08-29 17:30,9002.103
2025-08-29 17:45,9002.103
2025-08-29 18:00,9002.103
2025-08-29 18:15,9002.103
2025-08-29 18:30,9002.124
2025-08-29 18:45,9002.135
2025-08-29 19:00,9002.135
2025-08-29 19:15,9002.135
2025-08-29 19:30,9002.135
2025-08-29 19:45,9002.135
2025-08-29 20:00,9002.135
2025-08-29 20:15,9002.164
2025-08-29 20:30,9002.164
2025-08-29 20:45,9002.164
2025-08-29 21:00,9002.164
2025-08-29 21:15,9002.164
2025-08-29 21:30,9002.164
2025-08-29 21:45,9002.185
2025-08-29 22:00,9002.199
2025-08-29 22:15,9002.199
2025-08-29 22:30,9002.199
2025-08-29 22:45,9002.199
2025-08-29 23:00,9002.199
2025-08-29 23:15,9002.199
2025-08-29 23:30,9002.199
2025-08-29 23:45,9002.473
2025-08-30 00:00,9002.828
2025-08-30 00:15,9002.828
2025-08-30 00:30,9002.828
2025-08-30 00:45,9002.828
2025-08-30 01:00,9002.828
2025-08-30 01:15,9002.828
2025-08-30 01:30,9002.828
2025-08-30 01:45,9002.828
2025-08-30 02:00,9002.828
2025-08-30 02:15,9002.855
2025-08-30 02:30,9002.857
2025-08-30 02:45,9002.857
2025-08-30 03:00,9002.857
2025-08-30 03:15,9002.857
2025-08-30 03:30,9002.857
2025-08-30 03:45,9002.898
2025-08-30 04:00,9002.898
2025-08-30 04:15,9002.898
2025-08-30 04:30,9002.898
2025-08-30 04:45,9002.898
2025-08-30 05:00,9002.898
2025-08-30 05:15,9002.898
2025-08-30 05:30,9002.898
2025-08-30 05:45,9002.898
2025-08-30 06:00,9002.898
2025-08-30 06:15,9002.930
2025-08-30 06:30,9002.930
2025-08-30 06:45,9002.930
2025-08-30 07:00,9002.930
2025-08-30 07:15,9002.930
2025-08-30 07:30,9002.961
2025-08-30 07:45,9002.964
2025-08-30 08:00,9002.964
2025-08-30 08:15,9002.964
2025-08-30 08:30,9002.964
2025-08-30 08:45,9002.964
2025-08-30 09:00,9002.964
2025-08-30 09:15,9002.964
2025-08-30 09:30,9002.995
2025-08-30 09:45,9002.995
2025-08-30 10:00,9002.995
2025-08-30 10:15,9002.995
2025-08-30 10:30,9002.995
2025-08-30 10:45,9002.995
2025-08-30 11:00,9002.995
2025-08-30 11:15,9003.038
2025-08-30 11:30,9003.038
2025-08-30 11:45,9003.038
2025-08-30 12:00,9003.038
2025-08-30 12:15,9003.038
2025-08-30 12:30,9003.038
2025-08-30 12:45,9003.038
2025-08-30 13:00,9003.038
2025-08-30 13:15,9003.038
2025-08-30 13:30,9003.038
2025-08-30 13:45,9003.038
2025-08-30 14:00,9003.071
2025-08-30 14:15,9003.071
2025-08-30 14:30,9003.071
2025-08-30 14:45,9003.071
2025-08-30 15:00,9003.071
2025-08-30 15:15,9003.106
2025-08-30 15:30,9003.106
2025-08-30 15:45,9003.106
2025-08-30 16:00,9003.106
2025-08-30 16:15,9003.106
2025-08-30 16:30,9003.106
2025-08-30 16:45,9003.106
2025-08-30 17:00,9003.134
2025-08-30 17:15,9003.134
2025-08-30 17:30,9003.134
2025-08-30 17:45,9003.134
2025-08-30 18:00,9003.134
2025-08-30 18:15,9003.134
2025-08-30 18:30,9003.134
2025-08-30 18:45,9003.178
2025-08-30 19:00,9003.178
2025-08-30 19:15,9003.178
2025-08-30 19:30,9003.178
2025-08-30 19:45,9003.178
2025-08-30 20:00,9003.178
2025-08-30 20:15,9003.178
2025-08-30 20:30,9003.178
2025-08-30 20:45,9003.178
2025-08-30 21:00,9003.178
2025-08-30 21:15,9003.210
2025-08-30 21:30,9003.210
2025-08-30 21:45,9003.210
2025-08-30 22:00,9003.210
2025-08-30 22:15,9003.210
2025-08-30 22:30,9003.243
2025-08-30 22:45,9003.243
2025-08-30 23:00,9003.243
2025-08-30 23:15,9003.243
2025-08-30 23:30,9003.243
2025-08-30 23:45,9003.243
2025-08-31 00:00,9003.243
2025-08-31 00:15,9003.271
2025-08-31 00:30,9003.271
2025-08-31 00:45,9003.271
2025-08-31 01:00,9003.271
2025-08-31 01:15,9003.271
2025-08-31 01:30,9003.271
2025-08-31 01:45,9003.271
2025-08-31 02:00,9003.315
2025-08-31 02:15,9003.315
2025-08-31 02:30,9003.315
2025-08-31 02:45,9003.315
2025-08-31 03:00,9003.315
2025-08-31 03:15,9003.315
2025-08-31 03:30,9003.315
2025-08-31 03:45,9003.315
2025-08-31 04:00,9003.315
2025-08-31 04:15,9003.315
2025-08-31 04:30,9003.347
2025-08-31 04:45,9003.347
2025-08-31 05:00,9003.347
2025-08-31 05:15,9003.347
2025-08-31 05:30,9003.347
2025-08-31 05:45,9003.382
2025-08-31 06:00,9003.382
2025-08-31 06:15,9003.382
2025-08-31 06:30,9003.382
2025-08-31 06:45,9003.382
2025-08-31 07:00,9003.382
2025-08-31 07:15,9003.382
2025-08-31 07:30,9003.382
2025-08-31 07:45,9003.413
2025-08-31 08:00,9003.413
2025-08-31 08:15,9003.413
2025-08-31 08:30,9003.413
2025-08-31 08:45,9003.413
2025-08-31 09:00,9003.413
2025-08-31 09:15,9003.413
2025-08-31 09:30,9003.456
2025-08-31 09:45,9003.456
2025-08-31 10:00,9003.456
2025-08-31 10:15,9003.456
2025-08-31 10:30,9003.456
2025-08-31 10:45,9003.456
2025-08-31 11:00,9003.456
2025-08-31 11:15,9003.456
2025-08-31 11:30,9003.456
2025-08-31 11:45,9003.488
2025-08-31 12:00,9003.488
2025-08-31 12:15,9003.488
2025-08-31 12:30,9003.488
2025-08-31 12:45,9003.488
2025-08-31 13:00,9003.488
2025-08-31 13:15,9003.522
2025-08-31 13:30,9003.522
2025-08-31 13:45,9003.522
2025-08-31 14:00,9003.522
2025-08-31 14:15,9003.522
2025-08-31 14:30,9003.522
2025-08-31 14:45,9003.522
2025-08-31 15:00,9003.522
2025-08-31 15:15,9003.553
2025-08-31 15:30,9003.553
2025-08-31 15:45,9003.553
2025-08-31 16:00,9003.553
2025-08-31 16:15,9003.553
2025-08-31 16:30,9003.553
2025-08-31 16:45,9003.588
2025-08-31 17:00,9003.590
2025-08-31 17:15,9003.622
2025-08-31 17:30,9003.622
2025-08-31 17:45,9003.622
2025-08-31 18:00,9003.622
2025-08-31 18:15,9003.622
2025-08-31 18:30,9003.622
2025-08-31 18:45,9003.622
2025-08-31 19:00,9003.652
2025-08-31 19:15,9003.652
2025-08-31 19:30,9003.652
2025-08-31 19:45,9003.652
2025-08-31 20:00,9003.652
2025-08-31 20:15,9003.652
2025-08-31 20:30,9003.694
2025-08-31 20:45,9003.694
2025-08-31 21:00,9003.694
2025-08-31 21:15,9003.694
2025-08-31 21:30,9003.694
2025-08-31 21:45,9003.694
2025-08-31 22:00,9003.694
2025-08-31 22:15,9003.694
2025-08-31 22:30,9003.694
2025-08-31 22:45,9003.694
2025-08-31 23:00,9003.726
2025-08-31 23:15,9003.726
2025-08-31 23:30,9003.726
2025-08-31 23:45,9003.726
2025-09-01 00:00,9003.726
2025-09-01 00:15,9003.760
2025-09-01 00:30,9003.760
2025-09-01 00:45,9003.760
2025-09-01 01:00,9003.760
2025-09-01 01:15,9003.760
2025-09-01 01:30,9003.760
2025-09-01 01:45,9003.786
2025-09-01 02:00,9003.786
2025-09-01 02:15,9003.786
2025-09-01 02:30,9003.786
2025-09-01 02:45,9003.786
2025-09-01 03:00,9003.786
2025-09-01 03:15,9003.786
2025-09-01 03:30,9003.786
2025-09-01 03:45,9003.830
2025-09-01 04:00,9003.830
2025-09-01 04:15,9003.830
2025-09-01 04:30,9003.830
2025-09-01 04:45,9003.830
2025-09-01 05:00,9003.830
2025-09-01 05:15,9003.830
2025-09-01 05:30,9003.830
2025-09-01 05:45,9003.830
2025-09-01 06:00,9003.830
2025-09-01 06:15,9003.863
2025-09-01 06:30,9003.863
2025-09-01 06:45,9003.863
2025-09-01 07:00,9003.863
2025-09-01 07:15,9003.863
2025-09-01 07:30,9003.897
2025-09-01 07:45,9003.897
2025-09-01 08:00,9003.897
2025-09-01 08:15,9003.897
2025-09-01 08:30,9003.897
2025-09-01 08:45,9003.897
2025-09-01 09:00,9003.925
2025-09-01 09:15,9003.925
2025-09-01 09:30,9003.925
2025-09-01 09:45,9003.925
2025-09-01 10:00,9003.925
2025-09-01 10:15,9003.925
2025-09-01 10:30,9003.925
2025-09-01 10:45,9003.942
2025-09-01 11:00,9003.969
2025-09-01 11:15,9003.969
2025-09-01 11:30,9003.969
2025-09-01 11:45,9003.969
2025-09-01 12:00,9003.969
2025-09-01 12:15,9003.969
2025-09-01 12:30,9003.969
2025-09-01 12:45,9003.969
2025-09-01 13:00,9003.969
2025-09-01 13:15,9003.969
2025-09-01 13:30,9004.001
2025-09-01 13:45,9004.001
2025-09-01 14:00,9004.001
2025-09-01 14:15,9004.001
2025-09-01 14:30,9004.001
2025-09-01 14:45,9004.036
2025-09-01 15:00,9004.036
2025-09-01 15:15,9004.036
2025-09-01 15:30,9004.036
2025-09-01 15:45,9004.036
2025-09-01 16:00,9004.036
2025-09-01 16:15,9004.036
2025-09-01 16:30,9004.064
2025-09-01 16:45,9004.064
2025-09-01 17:00,9004.064
2025-09-01 17:15,9004.064
2025-09-01 17:30,9004.064
2025-09-01 17:45,9004.064
2025-09-01 18:00,9004.064
2025-09-01 18:15,9004.108
2025-09-01 18:30,9004.108
2025-09-01 18:45,9004.108
2025-09-01 19:00,9004.108
2025-09-01 19:15,9004.108
2025-09-01 19:30,9004.108
2025-09-01 19:45,9004.108
2025-09-01 20:00,9004.108
2025-09-01 20:15,9004.108
2025-09-01 20:30,9004.108
2025-09-01 20:45,9004.108
2025-09-01 21:00,9004.141
2025-09-01 21:15,9004.141
2025-09-01 21:30,9004.141
2025-09-01 21:45,9004.141
2025-09-01 22:00,9004.175
2025-09-01 22:15,9004.175
2025-09-01 22:30,9004.175
2025-09-01 22:45,9004.175
2025-09-01 23:00,9004.175
2025-09-01 23:15,9004.175
2025-09-01 23:30,9004.175
2025-09-01 23:45,9004.202
2025-09-02 00:00,9004.202
2025-09-02 00:15,9004.202
2025-09-02 00:30,9004.202
2025-09-02 00:45,9004.202
2025-09-02 01:00,9004.202
2025-09-02 01:15,9004.202
2025-09-02 01:30,9004.246
2025-09-02 01:45,9004.246
2025-09-02 02:00,9004.246
2025-09-02 02:15,9004.246
2025-09-02 02:30,9004.246
2025-09-02 02:45,9004.246
2025-09-02 03:00,9004.246
2025-09-02 03:15,9004.246
2025-09-02 03:30,9004.246
2025-09-02 03:45,9004.246
2025-09-02 04:00,9004.278
2025-09-02 04:15,9004.278
2025-09-02 04:30,9004.278
2025-09-02 04:45,9004.278
2025-09-02 05:00,9004.278
2025-09-02 05:15,9004.313
2025-09-02 05:30,9004.313
2025-09-02 05:45,9004.313
2025-09-02 06:00,9004.313
2025-09-02 06:15,9004.313
2025-09-02 06:30,9004.313
2025-09-02 06:45,9004.335
2025-09-02 07:00,9004.342
2025-09-02 07:15,9004.342
2025-09-02 07:30,9004.342
2025-09-02 07:45,9004.342
2025-09-02 08:00,9004.795
2025-09-02 08:15,9004.814
2025-09-02 08:30,9004.814
2025-09-02 08:45,9004.814
2025-09-02 09:00,9004.814
2025-09-02 09:15,9004.814
2025-09-02 09:30,9004.814
2025-09-02 09:45,9004.814
2025-09-02 10:00,9004.814
2025-09-02 10:15,9004.844
2025-09-02 10:30,9004.844
2025-09-02 10:45,9004.844
2025-09-02 11:00,9004.844
2025-09-02 11:15,9004.844
2025-09-02 11:30,9004.844
2025-09-02 11:45,9004.887
2025-09-02 12:00,9004.887
2025-09-02 12:15,9004.887
2025-09-02 12:30,9004.887
2025-09-02 12:45,9004.887
2025-09-02 13:00,9004.887
2025-09-02 13:15,9004.887
2025-09-02 13:30,9004.887
2025-09-02 13:45,9004.887
2025-09-02 14:00,9004.887
2025-09-02 14:15,9004.919
2025-09-02 14:30,9004.919
2025-09-02 14:45,9004.919
2025-09-02 15:00,9004.919
2025-09-02 15:15,9004.919
2025-09-02 15:30,9004.939
2025-09-02 15:45,9004.954
2025-09-02 16:00,9004.954
2025-09-02 16:15,9004.954
2025-09-02 16:30,9004.954
2025-09-02 16:45,9004.954
2025-09-02 17:00,9004.954
2025-09-02 17:15,9004.954
2025-09-02 17:30,9004.983
2025-09-02 17:45,9004.983
2025-09-02 18:00,9004.983
2025-09-02 18:15,9004.983
2025-09-02 18:30,9004.983
2025-09-02 18:45,9004.983
2025-09-02 19:00,9004.983
2025-09-02 19:15,9005.027
2025-09-02 19:30,9005.027
2025-09-02 19:45,9005.027
2025-09-02 20:00,9005.027
2025-09-02 20:15,9005.027
2025-09-02 20:30,9005.027
2025-09-02 20:45,9005.027
2025-09-02 21:00,9005.027
2025-09-02 21:15,9005.027
2025-09-02 21:30,9005.027
2025-09-02 21:45,9005.059
2025-09-02 22:00,9005.059
2025-09-02 22:15,9005.059
2025-09-02 22:30,9005.121
2025-09-02 22:45,9005.121
2025-09-02 23:00,9005.121
2025-09-02 23:15,9005.121
2025-09-02 23:30,9005.121
2025-09-02 23:45,9005.121
2025-09-03 00:00,9005.121
2025-09-03 00:15,9005.121
2025-09-03 00:30,9005.121
2025-09-03 00:45,9005.121
2025-09-03 01:00,9005.121
2025-09-03 01:15,9005.121
2025-09-03 01:30,9005.121
2025-09-03 01:45,9005.121
2025-09-03 02:00,9005.121
2025-09-03 02:15,9005.121
2025-09-03 02:30,9005.121
2025-09-03 02:45,9005.121
2025-09-03 03:00,9005.121
2025-09-03 03:15,9005.121
2025-09-03 03:30,9005.121
2025-09-03 03:45,9005.121
2025-09-03 04:00,9005.121
2025-09-03 04:15,9005.121
2025-09-03 04:30,9005.121
2025-09-03 04:45,9005.182
2025-09-03 05:00,9005.182
2025-09-03 05:15,9005.182
2025-09-03 05:30,9005.182
2025-09-03 05:45,9005.182
2025-09-03 06:00,9005.182
2025-09-03 06:15,9005.182
2025-09-03 06:30,9005.182
2025-09-03 06:45,9005.182
2025-09-03 07:00,9005.182
2025-09-03 07:15,9005.182
2025-09-03 07:30,9005.182
2025-09-03 07:45,9005.182
2025-09-03 08:00,9005.231
2025-09-03 08:15,9005.231
2025-09-03 08:30,9005.231
2025-09-03 08:45,9005.231
2025-09-03 09:00,9005.231
2025-09-03 09:15,9005.231
2025-09-03 09:30,9005.231
2025-09-03 09:45,9005.231
2025-09-03 10:00,9005.231
2025-09-03 10:15,9005.231
2025-09-03 10:30,9005.265
2025-09-03 10:45,9005.265
2025-09-03 11:00,9005.265
2025-09-03 11:15,9005.265
2025-09-03 11:30,9005.265
2025-09-03 11:45,9005.292
2025-09-03 12:00,9005.292
2025-09-03 12:15,9005.292
2025-09-03 12:30,9005.292
2025-09-03 12:45,9005.292
2025-09-03 13:00,9005.292
2025-09-03 13:15,9005.321
2025-09-03 13:30,9005.321
2025-09-03 13:45,9005.321
2025-09-03 14:00,9005.321
2025-09-03 14:15,9005.321
2025-09-03 14:30,9005.350
2025-09-03 14:45,9005.350
2025-09-03 15:00,9005.350
2025-09-03 15:15,9005.350
2025-09-03 15:30,9005.350
2025-09-03 15:45,9005.350
2025-09-03 16:00,9005.379
2025-09-03 16:15,9005.379
2025-09-03 16:30,9005.379
2025-09-03 16:45,9005.379
2025-09-03 17:00,9005.379
2025-09-03 17:15,9005.412
2025-09-03 17:30,9005.412
2025-09-03 17:45,9005.412
2025-09-03 18:00,9005.412
2025-09-03 18:15,9005.412
2025-09-03 18:30,9005.412
2025-09-03 18:45,9005.447
2025-09-03 19:00,9005.447
2025-09-03 19:15,9005.447
2025-09-03 19:30,9005.556
2025-09-03 19:45,9005.708
2025-09-03 20:00,9005.899
2025-09-03 20:15,9005.899
2025-09-03 20:30,9005.899
2025-09-03 20:45,9005.899
2025-09-03 21:00,9005.899
2025-09-03 21:15,9005.899
2025-09-03 21:30,9005.899
2025-09-03 21:45,9005.899
2025-09-03 22:00,9005.930
2025-09-03 22:15,9005.930
2025-09-03 22:30,9005.930
2025-09-03 22:45,9005.930
2025-09-03 23:00,9005.951
2025-09-03 23:15,9005.959
2025-09-03 23:30,9005.959
2025-09-03 23:45,9005.959
2025-09-04 00:00,9005.959
2025-09-04 00:15,9005.959
2025-09-04 00:30,9005.988
2025-09-04 00:45,9005.988
2025-09-04 01:00,9005.988
2025-09-04 01:15,9005.988
2025-09-04 01:30,9005.988
2025-09-04 01:45,9005.988
2025-09-04 02:00,9006.006
2025-09-04 02:15,9006.023
2025-09-04 02:30,9006.023
2025-09-04 02:45,9006.023
2025-09-04 03:00,9006.023
2025-09-04 03:15,9006.023
2025-09-04 03:30,9006.023
2025-09-04 03:45,9006.050
2025-09-04 04:00,9006.050
2025-09-04 04:15,9006.050
2025-09-04 04:30,9006.050
2025-09-04 04:45,9006.050
2025-09-04 05:00,9006.050
2025-09-04 05:15,9006.050
2025-09-04 05:30,9006.094
2025-09-04 05:45,9006.094
2025-09-04 06:00,9006.094
2025-09-04 06:15,9006.094
2025-09-04 06:30,9006.094
2025-09-04 06:45,9006.094
2025-09-04 07:00,9006.094
2025-09-04 07:15,9006.094
2025-09-04 07:30,9006.094
2025-09-04 07:45,9006.094
2025-09-04 08:00,9006.126
2025-09-04 08:15,9006.126
2025-09-04 08:30,9006.126
2025-09-04 08:45,9006.126
2025-09-04 09:00,9006.126
2025-09-04 09:15,9006.164
2025-09-04 09:30,9006.164
2025-09-04 09:45,9006.164
2025-09-04 10:00,9006.164
2025-09-04 10:15,9006.164
2025-09-04 10:30,9006.164
2025-09-04 10:45,9006.164
2025-09-04 11:00,9006.193
2025-09-04 11:15,9006.193
2025-09-04 11:30,9006.193
2025-09-04 11:45,9006.193
2025-09-04 12:00,9006.193
2025-09-04 12:15,9006.193
2025-09-04 12:30,9006.193
2025-09-04 12:45,9006.237
2025-09-04 13:00,9006.237
2025-09-04 13:15,9006.237
2025-09-04 13:30,9006.237
2025-09-04 13:45,9006.237
2025-09-04 14:00,9006.237
2025-09-04 14:15,9006.237
2025-09-04 14:30,9006.237
2025-09-04 14:45,9006.237
2025-09-04 15:00,9006.237
2025-09-04 15:15,9006.269
2025-09-04 15:30,9006.269
2025-09-04 15:45,9006.269
2025-09-04 16:00,9006.269
2025-09-04 16:15,9006.269
2025-09-04 16:30,9006.269
2025-09-04 16:45,9006.303
2025-09-04 17:00,9006.303
2025-09-04 17:15,9006.303
2025-09-04 17:30,9006.303
2025-09-04 17:45,9006.303
2025-09-04 18:00,9006.303
2025-09-04 18:15,9006.345
2025-09-04 18:30,9006.382
2025-09-04 18:45,9006.382
2025-09-04 19:00,9006.382
2025-09-04 19:15,9006.382
2025-09-04 19:30,9006.382
2025-09-04 19:45,9006.382
2025-09-04 20:00,9006.430
2025-09-04 20:15,9006.430
2025-09-04 20:30,9006.430
2025-09-04 20:45,9006.430
2025-09-04 21:00,9006.430
2025-09-04 21:15,9006.430
2025-09-04 21:30,9006.461
2025-09-04 21:45,9006.461
2025-09-04 22:00,9006.461
2025-09-04 22:15,9006.461
2025-09-04 22:30,9006.461
2025-09-04 22:45,9006.461
2025-09-04 23:00,9006.461
2025-09-04 23:15,9006.461
2025-09-04 23:30,9006.505
2025-09-04 23:45,9006.505
2025-09-05 00:00,9006.505
2025-09-05 00:15,9006.505
2025-09-05 00:30,9006.505
2025-09-05 00:45,9006.505
2025-09-05 01:00,9006.505
2025-09-05 01:15,9006.505
2025-09-05 01:30,9006.505
2025-09-05 01:45,9006.505
2025-09-05 02:00,9006.505
2025-09-05 02:15,9006.555
2025-09-05 02:30,9006.555
2025-09-05 02:45,9006.555
2025-09-05 03:00,9006.555
2025-09-05 03:15,9006.555
2025-09-05 03:30,9006.555
2025-09-05 03:45,9006.555
2025-09-05 04:00,9006.555
2025-09-05 04:15,9006.555
2025-09-05 04:30,9006.580
2025-09-05 04:45,9006.580
2025-09-05 05:00,9006.580
2025-09-05 05:15,9006.580
2025-09-05 05:30,9006.580
2025-09-05 05:45,9006.580
2025-09-05 06:00,9006.624
2025-09-05 06:15,9006.624
2025-09-05 06:30,9006.624
2025-09-05 06:45,9006.624
2025-09-05 07:00,9006.624
2025-09-05 07:15,9006.624
2025-09-05 07:30,9006.624
2025-09-05 07:45,9006.624
2025-09-05 08:00,9006.624
2025-09-05 08:15,9006.624
2025-09-05 08:30,9006.626
2025-09-05 08:45,9006.656
2025-09-05 09:00,9006.656
2025-09-05 09:15,9006.656
2025-09-05 09:30,9006.656
2025-09-05 09:45,9006.689
2025-09-05 10:00,9006.689
2025-09-05 10:15,9006.689
2025-09-05 10:30,9006.689
2025-09-05 10:45,9006.689
2025-09-05 11:00,9006.689
2025-09-05 11:15,9006.689
2025-09-05 11:30,9006.718
2025-09-05 11:45,9006.718
2025-09-05 12:00,9006.718
2025-09-05 12:15,9006.718
2025-09-05 12:30,9006.718
2025-09-05 12:45,9006.718
2025-09-05 13:00,9006.753
2025-09-05 13:15,9006.753
2025-09-05 13:30,9006.753
2025-09-05 13:45,9006.753
2025-09-05 14:00,9006.753
2025-09-05 14:15,9006.753
2025-09-05 14:30,9006.779
2025-09-05 14:45,9006.779
2025-09-05 15:00,9006.779
2025-09-05 15:15,9006.779
2025-09-05 15:30,9006.779
2025-09-05 15:45,9006.779
2025-09-05 16:00,9006.779
2025-09-05 16:15,9006.779
2025-09-05 16:30,9006.823
2025-09-05 16:45,9006.823
2025-09-05 17:00,9006.823
2025-09-05 17:15,9006.823
2025-09-05 17:30,9006.823
2025-09-05 17:45,9006.823
2025-09-05 18:00,9006.823
2025-09-05 18:15,9007.127
2025-09-05 18:30,9007.456
2025-09-05 18:45,9007.456
2025-09-05 19:00,9007.456
2025-09-05 19:15,9007.456
2025-09-05 19:30,9007.456
2025-09-05 19:45,9007.456
2025-09-05 20:00,9007.456
2025-09-05 20:15,9007.484
2025-09-05 20:30,9007.484
2025-09-05 20:45,9007.484
2025-09-05 21:00,9007.484
2025-09-05 21:15,9007.484
2025-09-05 21:30,9007.484
2025-09-05 21:45,9007.484
2025-09-05 22:00,9007.528
2025-09-05 22:15,9007.528
2025-09-05 22:30,9007.528
2025-09-05 22:45,9007.528
2025-09-05 23:00,9007.528
2025-09-05 23:15,9007.528
2025-09-05 23:30,9007.528
2025-09-05 23:45,9007.528
2025-09-06 00:00,9007.528
2025-09-06 00:15,9007.528
2025-09-06 00:30,9007.528
2025-09-06 00:45,9007.574
2025-09-06 01:00,9007.574
2025-09-06 01:15,9007.574
2025-09-06 01:30,9007.574
2025-09-06 01:45,9007.574
2025-09-06 02:00,9007.574
2025-09-06 02:15,9007.574
2025-09-06 02:30,9007.574
2025-09-06 02:45,9007.574
2025-09-06 03:00,9007.574
2025-09-06 03:15,9007.605
2025-09-06 03:30,9007.605
2025-09-06 03:45,9007.605
2025-09-06 04:00,9007.605
2025-09-06 04:15,9007.605
2025-09-06 04:30,9007.605
2025-09-06 04:45,9007.640
2025-09-06 05:00,9007.640
2025-09-06 05:15,9007.640
2025-09-06 05:30,9007.640
2025-09-06 05:45,9007.640
2025-09-06 06:00,9007.640
2025-09-06 06:15,9007.640
2025-09-06 06:30,9007.670
2025-09-06 06:45,9007.670
2025-09-06 07:00,9007.670
2025-09-06 07:15,9007.670
2025-09-06 07:30,9007.670
2025-09-06 07:45,9007.670
2025-09-06 08:00,9007.670
2025-09-06 08:15,9007.713
2025-09-06 08:30,9007.713
2025-09-06 08:45,9007.713
2025-09-06 09:00,9007.713
2025-09-06 09:15,9007.713
2025-09-06 09:30,9007.713
2025-09-06 09:45,9007.720
2025-09-06 10:00,9007.727
2025-09-06 10:15,9007.733
2025-09-06 10:30,9007.740
2025-09-06 10:45,9007.747
2025-09-06 11:00,9007.747
2025-09-06 11:15,9007.747
2025-09-06 11:30,9007.747
2025-09-06 11:45,9007.747
2025-09-06 12:00,9007.788
2025-09-06 12:15,9007.788
2025-09-06 12:30,9007.788
2025-09-06 12:45,9007.788
2025-09-06 13:00,9007.788
2025-09-06 13:15,9007.788
2025-09-06 13:30,9007.788
2025-09-06 13:45,9007.788
2025-09-06 14:00,9007.803
2025-09-06 14:15,9007.819
2025-09-06 14:30,9007.819
2025-09-06 14:45,9007.819
2025-09-06 15:00,9007.819
2025-09-06 15:15,9007.819
2025-09-06 15:30,9007.819
2025-09-06 15:45,9007.836
2025-09-06 16:00,9007.854
2025-09-06 16:15,9007.854
2025-09-06 16:30,9007.854
2025-09-06 16:45,9007.854
2025-09-06 17:00,9007.854
2025-09-06 17:15,9007.854
2025-09-06 17:30,9007.854
2025-09-06 17:45,9007.854
2025-09-06 18:00,9007.885
2025-09-06 18:15,9007.885
2025-09-06 18:30,9007.885
2025-09-06 18:45,9007.885
2025-09-06 19:00,9007.885
2025-09-06 19:15,9007.885
2025-09-06 19:30,9007.926
2025-09-06 19:45,9007.926
2025-09-06 20:00,9007.926
2025-09-06 20:15,9007.926
2025-09-06 20:30,9007.926
2025-09-06 20:45,9007.926
2025-09-06 21:00,9007.926
2025-09-06 21:15,9007.926
2025-09-06 21:30,9007.926
2025-09-06 21:45,9007.926
2025-09-06 22:00,9007.958
2025-09-06 22:15,9007.958
2025-09-06 22:30,9007.958
2025-09-06 22:45,9007.958
2025-09-06 23:00,9007.958
2025-09-06 23:15,9007.992
2025-09-06 23:30,9007.992
2025-09-06 23:45,9007.992
2025-09-07 00:00,9007.992
2025-09-07 00:15,9007.992
2025-09-07 00:30,9007.992
2025-09-07 00:45,9007.992
2025-09-07 01:00,9007.992
2025-09-07 01:15,9008.023
2025-09-07 01:30,9008.023
2025-09-07 01:45,9008.023
2025-09-07 02:00,9008.023
2025-09-07 02:15,9008.023
2025-09-07 02:30,9008.023
2025-09-07 02:45,9008.023
2025-09-07 03:00,9008.066
2025-09-07 03:15,9008.066
2025-09-07 03:30,9008.066
2025-09-07 03:45,9008.066
2025-09-07 04:00,9008.066
2025-09-07 04:15,9008.066
2025-09-07 04:30,9008.066
2025-09-07 04:45,9008.066
2025-09-07 05:00,9008.066
2025-09-07 05:15,9008.066
2025-09-07 05:30,9008.098
2025-09-07 05:45,9008.098
2025-09-07 06:00,9008.098
2025-09-07 06:15,9008.098
2025-09-07 06:30,9008.098
2025-09-07 06:45,9008.098
2025-09-07 07:00,9008.132
2025-09-07 07:15,9008.132
2025-09-07 07:30,9008.132
2025-09-07 07:45,9008.132
2025-09-07 08:00,9008.132
2025-09-07 08:15,9008.132
2025-09-07 08:30,9008.161
2025-09-07 08:45,9008.161
2025-09-07 09:00,9008.161
2025-09-07 09:15,9008.161
2025-09-07 09:30,9008.161
2025-09-07 09:45,9008.161
2025-09-07 10:00,9008.161
2025-09-07 10:15,9008.205
2025-09-07 10:30,9008.205
2025-09-07 10:45,9008.205
2025-09-07 11:00,9008.205
2025-09-07 11:15,9008.205
2025-09-07 11:30,9008.205
2025-09-07 11:45,9008.205
2025-09-07 12:00,9008.205
2025-09-07 12:15,9008.205
2025-09-07 12:30,9008.205
2025-09-07 12:45,9008.235
2025-09-07 13:00,9008.235
2025-09-07 13:15,9008.235
2025-09-07 13:30,9008.235
2025-09-07 13:45,9008.235
2025-09-07 14:00,9008.235
2025-09-07 14:15,9008.275
2025-09-07 14:30,9008.275
2025-09-07 14:45,9008.275
2025-09-07 15:00,9008.275
2025-09-07 15:15,9008.275
2025-09-07 15:30,9008.275
2025-09-07 15:45,9008.275
2025-09-07 16:00,9008.275
2025-09-07 16:15,9008.275
2025-09-07 16:30,9008.275
2025-09-07 16:45,9008.275
2025-09-07 17:00,9008.306
2025-09-07 17:15,9008.306
2025-09-07 17:30,9008.323
2025-09-07 17:45,9008.337
2025-09-07 18:00,9008.337
2025-09-07 18:15,9008.337
2025-09-07 18:30,9008.495
2025-09-07 18:45,9008.834
2025-09-07 19:00,9009.062
2025-09-07 19:15,9009.062
2025-09-07 19:30,9009.062
2025-09-07 19:45,9009.062
2025-09-07 20:00,9009.062
2025-09-07 20:15,9009.062
2025-09-07 20:30,9009.062
2025-09-07 20:45,9009.062
2025-09-07 21:00,9009.062
2025-09-07 21:15,9009.108
2025-09-07 21:30,9009.108
2025-09-07 21:45,9009.108
2025-09-07 22:00,9009.108
2025-09-07 22:15,9009.108
2025-09-07 22:30,9009.108
2025-09-07 22:45,9009.108
2025-09-07 23:00,9009.108
2025-09-07 23:15,9009.108
2025-09-07 23:30,9009.108
2025-09-07 23:45,9009.140
2025-09-08 00:00,9009.140
2025-09-08 00:15,9009.140
2025-09-08 00:30,9009.140
2025-09-08 00:45,9009.140
2025-09-08 01:00,9009.173
2025-09-08 01:15,9009.173
2025-09-08 01:30,9009.173
2025-09-08 01:45,9009.173
2025-09-08 02:00,9009.173
2025-09-08 02:15,9009.173
2025-09-08 02:30,9009.173
2025-09-08 02:45,9009.199
2025-09-08 03:00,9009.199
2025-09-08 03:15,9009.199
2025-09-08 03:30,9009.199
2025-09-08 03:45,9009.199
2025-09-08 04:00,9009.199
2025-09-08 04:15,9009.199
2025-09-08 04:30,9009.243
2025-09-08 04:45,9009.243
2025-09-08 05:00,9009.243
2025-09-08 05:15,9009.243
2025-09-08 05:30,9009.243
2025-09-08 05:45,9009.243
2025-09-08 06:00,9009.243
2025-09-08 06:15,9009.243
2025-09-08 06:30,9009.243
2025-09-08 06:45,9009.243
2025-09-08 07:00,9009.243
2025-09-08 07:15,9009.275
2025-09-08 07:30,9009.275
2025-09-08 07:45,9009.275
2025-09-08 08:00,9009.275
2025-09-08 08:15,9009.302
2025-09-08 08:30,9009.308
2025-09-08 08:45,9009.308
2025-09-08 09:00,9009.308
2025-09-08 09:15,9009.308
2025-09-08 09:30,9009.308
2025-09-08 09:45,9009.308
2025-09-08 10:00,9009.338
2025-09-08 10:15,9009.338
2025-09-08 10:30,9009.338
2025-09-08 10:45,9009.338
2025-09-08 11:00,9009.338
2025-09-08 11:15,9009.338
2025-09-08 11:30,9009.358
2025-09-08 11:45,9009.374
2025-09-08 12:00,9009.374
2025-09-08 12:15,9009.374
2025-09-08 12:30,9009.374
2025-09-08 12:45,9009.374
2025-09-08 13:00,9009.374
2025-09-08 13:15,9009.374
2025-09-08 13:30,9009.374
2025-09-08 13:45,9009.406
2025-09-08 14:00,9009.406
2025-09-08 14:15,9009.406
2025-09-08 14:30,9009.406
2025-09-08 14:45,9009.420
2025-09-08 15:00,9009.434
2025-09-08 15:15,9009.448
2025-09-08 15:30,9009.448
2025-09-08 15:45,9009.448
2025-09-08 16:00,9009.448
2025-09-08 16:15,9009.448
2025-09-08 16:30,9009.448
2025-09-08 16:45,9009.448
2025-09-08 17:00,9009.448
2025-09-08 17:15,9009.448
2025-09-08 17:30,9009.448
2025-09-08 17:45,9009.480
2025-09-08 18:00,9009.480
2025-09-08 18:15,9009.480
2025-09-08 18:30,9009.480
2025-09-08 18:45,9009.480
2025-09-08 19:00,9009.507
2025-09-08 19:15,9009.514
2025-09-08 19:30,9009.514
2025-09-08 19:45,9009.514
2025-09-08 20:00,9009.514
2025-09-08 20:15,9009.514
2025-09-08 20:30,9009.514
2025-09-08 20:45,9009.544
2025-09-08 21:00,9009.544
2025-09-08 21:15,9009.544
2025-09-08 21:30,9009.544
2025-09-08 21:45,9009.544
2025-09-08 22:00,9009.544
2025-09-08 22:15,9009.544
2025-09-08 22:30,9009.554
2025-09-08 22:45,9009.587
2025-09-08 23:00,9009.587
2025-09-08 23:15,9009.587
2025-09-08 23:30,9009.587
2025-09-08 23:45,9009.587
2025-09-09 00:00,9009.587
2025-09-09 00:15,9009.587
2025-09-09 00:30,9009.587
2025-09-09 00:45,9009.587
2025-09-09 01:00,9009.616
2025-09-09 01:15,9009.616
2025-09-09 01:30,9009.616
2025-09-09 01:45,9009.616
2025-09-09 02:00,9009.616
2025-09-09 02:15,9009.658
2025-09-09 02:30,9009.658
2025-09-09 02:45,9009.658
2025-09-09 03:00,9009.658
2025-09-09 03:15,9009.658
2025-09-09 03:30,9009.658
2025-09-09 03:45,9009.658
2025-09-09 04:00,9009.658
2025-09-09 04:15,9009.658
2025-09-09 04:30,9009.683
2025-09-09 04:45,9009.690
2025-09-09 05:00,9009.690
2025-09-09 05:15,9009.690
2025-09-09 05:30,9009.690
2025-09-09 05:45,9009.690
2025-09-09 06:00,9009.724
2025-09-09 06:15,9009.724
2025-09-09 06:30,9009.724
2025-09-09 06:45,9009.724
2025-09-09 07:00,9009.724
2025-09-09 07:15,9009.724
2025-09-09 07:30,9009.754
2025-09-09 07:45,9009.754
2025-09-09 08:00,9009.774
2025-09-09 08:15,9010.330
2025-09-09 08:30,9010.344
2025-09-09 08:45,9010.344
2025-09-09 09:00,9010.344
2025-09-09 09:15,9010.344
2025-09-09 09:30,9010.344
2025-09-09 09:45,9010.344
2025-09-09 10:00,9010.344
2025-09-09 10:15,9010.344
2025-09-09 10:30,9010.364
2025-09-09 10:45,9010.375
2025-09-09 11:00,9010.375
2025-09-09 11:15,9010.375
2025-09-09 11:30,9010.375
2025-09-09 11:45,9010.375
2025-09-09 12:00,9010.410
2025-09-09 12:15,9010.410
2025-09-09 12:30,9010.410
2025-09-09 12:45,9010.410
2025-09-09 13:00,9010.410
2025-09-09 13:15,9010.410
2025-09-09 13:30,9010.437
2025-09-09 13:45,9010.437
2025-09-09 14:00,9010.437
2025-09-09 14:15,9010.437
2025-09-09 14:30,9010.437
2025-09-09 14:45,9010.437
2025-09-09 15:00,9010.437
2025-09-09 15:15,9010.482
2025-09-09 15:30,9010.482
2025-09-09 15:45,9010.482
2025-09-09 16:00,9010.482
2025-09-09 16:15,9010.482
2025-09-09 16:30,9010.482
2025-09-09 16:45,9010.482
2025-09-09 17:00,9010.482
2025-09-09 17:15,9010.482
2025-09-09 17:30,9010.482
2025-09-09 17:45,9010.513
2025-09-09 18:00,9010.513
2025-09-09 18:15,9010.513
2025-09-09 18:30,9010.513
2025-09-09 18:45,9010.513
2025-09-09 19:00,9010.549
2025-09-09 19:15,9010.549
2025-09-09 19:30,9010.549
2025-09-09 19:45,9010.549
2025-09-09 20:00,9010.549
2025-09-09 20:15,9010.549
2025-09-09 20:30,9010.549
2025-09-09 20:45,9010.549
2025-09-09 21:00,9010.580
2025-09-09 21:15,9010.841
2025-09-09 21:30,9011.283
2025-09-09 21:45,9011.283
2025-09-09 22:00,9011.283
2025-09-09 22:15,9011.283
2025-09-09 22:30,9011.340
2025-09-09 22:45,9011.407
2025-09-09 23:00,9011.407
2025-09-09 23:15,9011.485
2025-09-09 23:30,9011.588
2025-09-09 23:45,9011.588
2025-09-10 00:00,9011.588
2025-09-10 00:15,9011.818
2025-09-10 00:30,9011.818
2025-09-10 00:45,9011.818
2025-09-10 01:00,9011.818
2025-09-10 01:15,9011.818
2025-09-10 01:30,9011.818
2025-09-10 01:45,9011.818
2025-09-10 02:00,9011.818
2025-09-10 02:15,9011.818
2025-09-10 02:30,9011.818
2025-09-10 02:45,9011.850
2025-09-10 03:00,9011.850
2025-09-10 03:15,9011.850
2025-09-10 03:30,9011.850
2025-09-10 03:45,9011.850
2025-09-10 04:00,9011.878
2025-09-10 04:15,9011.878
2025-09-10 04:30,9011.878
2025-09-10 04:45,9011.878
2025-09-10 05:00,9011.878
2025-09-10 05:15,9011.878
2025-09-10 05:30,9011.908
2025-09-10 05:45,9011.908
2025-09-10 06:00,9011.908
2025-09-10 06:15,9011.908
2025-09-10 06:30,9011.908
2025-09-10 06:45,9011.937
2025-09-10 07:00,9011.937
2025-09-10 07:15,9011.937
2025-09-10 07:30,9011.937
2025-09-10 07:45,9011.937
2025-09-10 08:00,9011.937
2025-09-10 08:15,9011.966
2025-09-10 08:30,9011.966
2025-09-10 08:45,9011.966
2025-09-10 09:00,9011.966
2025-09-10 09:15,9011.966
2025-09-10 09:30,9011.966
2025-09-10 09:45,9012.050
2025-09-10 10:00,9012.050
2025-09-10 10:15,9012.050
2025-09-10 10:30,9012.050
2025-09-10 10:45,9012.050
2025-09-10 11:00,9012.087
2025-09-10 11:15,9012.087
2025-09-10 11:30,9012.087
2025-09-10 11:45,9012.087
2025-09-10 12:00,9012.087
2025-09-10 12:15,9012.087
2025-09-10 12:30,9012.125
2025-09-10 12:45,9012.128
2025-09-10 13:00,9012.128
2025-09-10 13:15,9012.128
2025-09-10 13:30,9012.128
2025-09-10 13:45,9012.128
2025-09-10 14:00,9012.128
2025-09-10 14:15,9012.128
2025-09-10 14:30,9012.128
2025-09-10 14:45,9012.160
2025-09-10 15:00,9012.160
2025-09-10 15:15,9012.160
2025-09-10 15:30,9012.160
2025-09-10 15:45,9012.160
2025-09-10 16:00,9012.200
2025-09-10 16:15,9012.200
2025-09-10 16:30,9012.200
2025-09-10 16:45,9012.200
2025-09-10 17:00,9012.200
2025-09-10 17:15,9012.200
2025-09-10 17:30,9012.200
2025-09-10 17:45,9012.200
2025-09-10 18:00,9012.200
2025-09-10 18:15,9012.231
2025-09-10 18:30,9012.231
2025-09-10 18:45,9012.231
2025-09-10 19:00,9012.231
2025-09-10 19:15,9012.231
2025-09-10 19:30,9012.242
2025-09-10 19:45,9012.738
2025-09-10 20:00,9012.819
2025-09-10 20:15,9012.819
2025-09-10 20:30,9012.819
2025-09-10 20:45,9012.819
2025-09-10 21:00,9012.819
2025-09-10 21:15,9012.819
2025-09-10 21:30,9012.819
2025-09-10 21:45,9012.819
2025-09-10 22:00,9012.851
2025-09-10 22:15,9012.851
2025-09-10 22:30,9012.851
2025-09-10 22:45,9012.851
2025-09-10 23:00,9012.851
2025-09-10 23:15,9012.851
2025-09-10 23:30,9012.891
2025-09-10 23:45,9012.891
2025-09-11 00:00,9012.891
2025-09-11 00:15,9012.891
2025-09-11 00:30,9012.891
2025-09-11 00:45,9012.891
2025-09-11 01:00,9012.891
2025-09-11 01:15,9012.891
2025-09-11 01:30,9012.922
2025-09-11 01:45,9012.922
2025-09-11 02:00,9012.922
2025-09-11 02:15,9012.922
2025-09-11 02:30,9012.922
2025-09-11 02:45,9012.922
2025-09-11 03:00,9012.964
2025-09-11 03:15,9012.964
2025-09-11 03:30,9012.964
2025-09-11 03:45,9012.964
2025-09-11 04:00,9012.964
2025-09-11 04:15,9012.964
2025-09-11 04:30,9012.964
2025-09-11 04:45,9012.964
2025-09-11 05:00,9012.964
2025-09-11 05:15,9012.964
2025-09-11 05:30,9012.997
2025-09-11 05:45,9012.997
2025-09-11 06:00,9012.997
2025-09-11 06:15,9012.997
2025-09-11 06:30,9013.011
2025-09-11 06:45,9013.031
2025-09-11 07:00,9013.031
2025-09-11 07:15,9013.031
2025-09-11 07:30,9013.031
2025-09-11 07:45,9013.031
2025-09-11 08:00,9013.031
2025-09-11 08:15,9013.031
2025-09-11 08:30,9013.062
2025-09-11 08:45,9013.062
2025-09-11 09:00,9013.062
2025-09-11 09:15,9013.062
2025-09-11 09:30,9013.062
2025-09-11 09:45,9013.062
2025-09-11 10:00,9013.063
2025-09-11 10:15,9013.106
2025-09-11 10:30,9013.106
2025-09-11 10:45,9013.106
2025-09-11 11:00,9013.106
2025-09-11 11:15,9013.106
2025-09-11 11:30,9013.106
2025-09-11 11:45,9013.106
2025-09-11 12:00,9013.106
2025-09-11 12:15,9013.106
2025-09-11 12:30,9013.139
2025-09-11 12:45,9013.139
2025-09-11 13:00,9013.139
2025-09-11 13:15,9013.139
2025-09-11 13:30,9013.139
2025-09-11 13:45,9013.139
2025-09-11 14:00,9013.175
2025-09-11 14:15,9013.175
2025-09-11 14:30,9013.175
2025-09-11 14:45,9013.175
2025-09-11 15:00,9013.175
2025-09-11 15:15,9013.175
2025-09-11 15:30,9013.175
2025-09-11 15:45,9013.204
2025-09-11 16:00,9013.204
2025-09-11 16:15,9013.204
2025-09-11 16:30,9013.204
2025-09-11 16:45,9013.204
2025-09-11 17:00,9013.273
2025-09-11 17:15,9013.376
2025-09-11 17:30,9013.500
2025-09-11 17:45,9013.506
2025-09-11 18:00,9013.506
2025-09-11 18:15,9013.506
2025-09-11 18:30,9013.506
2025-09-11 18:45,9013.506
2025-09-11 19:00,9013.506
2025-09-11 19:15,9013.506
2025-09-11 19:30,9013.506
2025-09-11 19:45,9013.506
2025-09-11 20:00,9013.537
2025-09-11 20:15,9013.537
2025-09-11 20:30,9013.537
2025-09-11 20:45,9013.537
2025-09-11 21:00,9013.537
2025-09-11 21:15,9013.571
2025-09-11 21:30,9013.571
2025-09-11 21:45,9013.571
2025-09-11 22:00,9013.811
2025-09-11 22:15,9014.176
2025-09-11 22:30,9014.453
2025-09-11 22:45,9014.458
2025-09-11 23:00,9014.458
2025-09-11 23:15,9014.458
2025-09-11 23:30,9014.458
2025-09-11 23:45,9014.458
2025-09-12 00:00,9014.458
2025-09-12 00:15,9014.458
2025-09-12 00:30,9014.479
2025-09-12 00:45,9014.486
2025-09-12 01:00,9014.486
2025-09-12 01:15,9014.486
2025-09-12 01:30,9014.486
2025-09-12 01:45,9014.486
2025-09-12 02:00,9014.486
2025-09-12 02:15,9014.528
2025-09-12 02:30,9014.528
2025-09-12 02:45,9014.528
2025-09-12 03:00,9014.528
2025-09-12 03:15,9014.528
2025-09-12 03:30,9014.528
2025-09-12 03:45,9014.528
2025-09-12 04:00,9014.528
2025-09-12 04:15,9014.528
2025-09-12 04:30,9014.528
2025-09-12 04:45,9014.560
2025-09-12 05:00,9014.560
2025-09-12 05:15,9014.560
2025-09-12 05:30,9014.560
2025-09-12 05:45,9014.587
2025-09-12 06:00,9014.592
2025-09-12 06:15,9014.592
2025-09-12 06:30,9014.592
2025-09-12 06:45,9014.592
2025-09-12 07:00,9014.592
2025-09-12 07:15,9014.592
2025-09-12 07:30,9014.621
2025-09-12 07:45,9014.621
2025-09-12 08:00,9014.621
2025-09-12 08:15,9014.621
2025-09-12 08:30,9014.621
2025-09-12 08:45,9014.638
2025-09-12 09:00,9014.659
2025-09-12 09:15,9014.659
2025-09-12 09:30,9014.659
2025-09-12 09:45,9014.659
2025-09-12 10:00,9014.659
2025-09-12 10:15,9014.684
2025-09-12 10:30,9014.684
2025-09-12 10:45,9014.684
2025-09-12 11:00,9014.684
2025-09-12 11:15,9014.684
2025-09-12 11:30,9014.684
2025-09-12 11:45,9014.684
2025-09-12 12:00,9014.684
2025-09-12 12:15,9014.730
2025-09-12 12:30,9014.730
2025-09-12 12:45,9014.730
2025-09-12 13:00,9014.730
2025-09-12 13:15,9014.730
2025-09-12 13:30,9014.730
2025-09-12 13:45,9014.730
2025-09-12 14:00,9014.730
2025-09-12 14:15,9014.730
2025-09-12 14:30,9014.730
2025-09-12 14:45,9014.763
2025-09-12 15:00,9014.763
2025-09-12 15:15,9014.763
2025-09-12 15:30,9014.763
2025-09-12 15:45,9014.763
2025-09-12 16:00,9014.794
2025-09-12 16:15,9014.794
2025-09-12 16:30,9014.794
2025-09-12 16:45,9014.794
2025-09-12 17:00,9014.794
2025-09-12 17:15,9014.833
2025-09-12 17:30,9014.833
2025-09-12 17:45,9014.833
2025-09-12 18:00,9014.833
2025-09-12 18:15,9014.860
2025-09-12 18:30,9014.860
2025-09-12 18:45,9014.860
2025-09-12 19:00,9014.860
2025-09-12 19:15,9014.860
2025-09-12 19:30,9014.860
2025-09-12 19:45,9014.928
2025-09-12 20:00,9014.928
2025-09-12 20:15,9014.928
2025-09-12 20:30,9014.928
2025-09-12 20:45,9014.928
2025-09-12 21:00,9014.928
2025-09-12 21:15,9014.928
2025-09-12 21:30,9014.928
2025-09-12 21:45,9014.928
2025-09-12 22:00,9014.928
2025-09-12 22:15,9014.960
2025-09-12 22:30,9014.960
2025-09-12 22:45,9014.960
2025-09-12 23:00,9014.960
2025-09-12 23:15,9014.960
2025-09-12 23:30,9014.960
2025-09-12 23:45,9014.995
2025-09-13 00:00,9014.995
2025-09-13 00:15,9014.995
2025-09-13 00:30,9014.995
2025-09-13 00:45,9014.995
2025-09-13 01:00,9014.995
2025-09-13 01:15,9014.995
2025-09-13 01:30,9015.025
2025-09-13 01:45,9015.025
2025-09-13 02:00,9015.025
2025-09-13 02:15,9015.025
2025-09-13 02:30,9015.025
2025-09-13 02:45,9015.025
2025-09-13 03:00,9015.025
2025-09-13 03:15,9015.069
2025-09-13 03:30,9015.069
2025-09-13 03:45,9015.069
2025-09-13 04:00,9015.069
2025-09-13 04:15,9015.069
2025-09-13 04:30,9015.069
2025-09-13 04:45,9015.069
2025-09-13 05:00,9015.069
2025-09-13 05:15,9015.069
2025-09-13 05:30,9015.100
2025-09-13 05:45,9015.100
2025-09-13 06:00,9015.100
2025-09-13 06:15,9015.100
2025-09-13 06:30,9015.100
2025-09-13 06:45,9015.135
2025-09-13 07:00,9015.135
2025-09-13 07:15,9015.135
2025-09-13 07:30,9015.135
2025-09-13 07:45,9015.135
2025-09-13 08:00,9015.135
2025-09-13 08:15,9015.193
2025-09-13 08:30,9015.235
2025-09-13 08:45,9015.235
2025-09-13 09:00,9015.235
2025-09-13 09:15,9015.235
2025-09-13 09:30,9015.235
2025-09-13 09:45,9015.235
2025-09-13 10:00,9015.235
2025-09-13 10:15,9015.279
2025-09-13 10:30,9015.279
2025-09-13 10:45,9015.279
2025-09-13 11:00,9015.279
2025-09-13 11:15,9015.279
2025-09-13 11:30,9015.292
2025-09-13 11:45,9015.308
2025-09-13 12:00,9015.308
2025-09-13 12:15,9015.308
2025-09-13 12:30,9015.308
2025-09-13 12:45,9015.308
2025-09-13 13:00,9015.415
2025-09-13 13:15,9015.739
2025-09-13 13:30,9015.739
2025-09-13 13:45,9015.775
2025-09-13 14:00,9015.784
2025-09-13 14:15,9015.824
2025-09-13 14:30,9015.824
2025-09-13 14:45,9015.824
2025-09-13 15:00,9015.824
2025-09-13 15:15,9015.824
2025-09-13 15:30,9015.856
2025-09-13 15:45,9015.887
2025-09-13 16:00,9015.887
2025-09-13 16:15,9015.887
2025-09-13 16:30,9015.887
2025-09-13 16:45,9015.887
2025-09-13 17:00,9015.887
2025-09-13 17:15,9015.887
2025-09-13 17:30,9015.986
2025-09-13 17:45,9016.107
2025-09-13 18:00,9016.147
2025-09-13 18:15,9016.163
2025-09-13 18:30,9016.207
2025-09-13 18:45,9016.366
2025-09-13 19:00,9016.366
2025-09-13 19:15,9016.366
2025-09-13 19:30,9016.366
2025-09-13 19:45,9016.366
2025-09-13 20:00,9016.366
2025-09-13 20:15,9016.366
2025-09-13 20:30,9016.421
2025-09-13 20:45,9016.421
2025-09-13 21:00,9016.421
2025-09-13 21:15,9016.421
2025-09-13 21:30,9016.421
2025-09-13 21:45,9016.421
2025-09-13 22:00,9016.421
2025-09-13 22:15,9016.421
2025-09-13 22:30,9016.421
2025-09-13 22:45,9016.421
2025-09-13 23:00,9016.421
2025-09-13 23:15,9016.468
2025-09-13 23:30,9016.468
2025-09-13 23:45,9016.468
2025-09-14 00:00,9016.468
2025-09-14 00:15,9016.468
2025-09-14 00:30,9016.468
2025-09-14 00:45,9016.468
2025-09-14 01:00,9016.468
2025-09-14 01:15,9016.468
2025-09-14 01:30,9016.468
2025-09-14 01:45,9016.499
2025-09-14 02:00,9016.499
2025-09-14 02:15,9016.499
2025-09-14 02:30,9016.499
2025-09-14 02:45,9016.499
2025-09-14 03:00,9016.534
2025-09-14 03:15,9016.534
2025-09-14 03:30,9016.534
2025-09-14 03:45,9016.534
2025-09-14 04:00,9016.534
2025-09-14 04:15,9016.534
2025-09-14 04:30,9016.534
2025-09-14 04:45,9016.534
2025-09-14 05:00,9016.565
2025-09-14 05:15,9016.565
2025-09-14 05:30,9016.565
2025-09-14 05:45,9016.565
2025-09-14 06:00,9016.565
2025-09-14 06:15,9016.565
2025-09-14 06:30,9016.587
2025-09-14 06:45,9016.608
2025-09-14 07:00,9016.608
2025-09-14 07:15,9016.608
2025-09-14 07:30,9016.608
2025-09-14 07:45,9016.608
2025-09-14 08:00,9016.608
2025-09-14 08:15,9016.696
2025-09-14 08:30,9016.696
2025-09-14 08:45,9016.801
2025-09-14 09:00,9016.939
2025-09-14 09:15,9016.939
2025-09-14 09:30,9016.939
2025-09-14 09:45,9016.939
2025-09-14 10:00,9016.939
2025-09-14 10:15,9016.939
2025-09-14 10:30,9016.939
2025-09-14 10:45,9016.939
2025-09-14 11:00,9016.939
2025-09-14 11:15,9016.939
2025-09-14 11:30,9016.939
2025-09-14 11:45,9016.987
2025-09-14 12:00,9016.987
2025-09-14 12:15,9016.987
2025-09-14 12:30,9016.987
2025-09-14 12:45,9016.987
2025-09-14 13:00,9016.987
2025-09-14 13:15,9016.987
2025-09-14 13:30,9016.987
2025-09-14 13:45,9016.987
2025-09-14 14:00,9016.987
2025-09-14 14:15,9017.019
2025-09-14 14:30,9017.019
2025-09-14 14:45,9017.019
2025-09-14 15:00,9017.019
2025-09-14 15:15,9017.019
2025-09-14 15:30,9017.055
2025-09-14 15:45,9017.055
2025-09-14 16:00,9017.055
2025-09-14 16:15,9017.055
2025-09-14 16:30,9017.055
2025-09-14 16:45,9017.055
2025-09-14 17:00,9017.084
2025-09-14 17:15,9017.291
2025-09-14 17:30,9017.324
2025-09-14 17:45,9017.324
2025-09-14 18:00,9017.324
2025-09-14 18:15,9017.324
2025-09-14 18:30,9017.367
2025-09-14 18:45,9017.367
2025-09-14 19:00,9017.367
2025-09-14 19:15,9017.367
2025-09-14 19:30,9017.367
2025-09-14 19:45,9017.367
2025-09-14 20:00,9017.367
2025-09-14 20:15,9017.367
2025-09-14 20:30,9017.367
2025-09-14 20:45,9017.367
2025-09-14 21:00,9017.399
2025-09-14 21:15,9017.399
2025-09-14 21:30,9017.399
2025-09-14 21:45,9017.399
2025-09-14 22:00,9017.399
2025-09-14 22:15,9017.435
2025-09-14 22:30,9017.435
2025-09-14 22:45,9017.435
2025-09-14 23:00,9017.435
2025-09-14 23:15,9017.435
2025-09-14 23:30,9017.435
2025-09-14 23:45,9017.435
2025-09-15 00:00,9017.435
2025-09-15 00:15,9017.466
2025-09-15 00:30,9017.466
2025-09-15 00:45,9017.466
2025-09-15 01:00,9017.466
2025-09-15 01:15,9017.466
2025-09-15 01:30,9017.466
2025-09-15 01:45,9017.503
2025-09-15 02:00,9017.510
2025-09-15 02:15,9017.510
2025-09-15 02:30,9017.510
2025-09-15 02:45,9017.510
2025-09-15 03:00,9017.510
2025-09-15 03:15,9017.510
2025-09-15 03:30,9017.510
2025-09-15 03:45,9017.510
2025-09-15 04:00,9017.510
2025-09-15 04:15,9017.542
2025-09-15 04:30,9017.542
2025-09-15 04:45,9017.542
2025-09-15 05:00,9017.542
2025-09-15 05:15,9017.542
2025-09-15 05:30,9017.569
2025-09-15 05:45,9017.576
2025-09-15 06:00,9017.576
2025-09-15 06:15,9017.576
2025-09-15 06:30,9017.576
2025-09-15 06:45,9017.576
2025-09-15 07:00,9017.576
2025-09-15 07:15,9017.576
2025-09-15 07:30,9017.607
2025-09-15 07:45,9017.607
2025-09-15 08:00,9017.607
2025-09-15 08:15,9017.607
2025-09-15 08:30,9017.607
2025-09-15 08:45,9017.607
2025-09-15 09:00,9017.653
2025-09-15 09:15,9017.653
2025-09-15 09:30,9017.653
2025-09-15 09:45,9017.653
2025-09-15 10:00,9017.653
2025-09-15 10:15,9017.653
2025-09-15 10:30,9017.653
2025-09-15 10:45,9017.653
2025-09-15 11:00,9017.693
2025-09-15 11:15,9017.693
2025-09-15 11:30,9017.693
2025-09-15 11:45,9017.693
2025-09-15 12:00,9017.715
2025-09-15 12:15,9017.729
2025-09-15 12:30,9017.729
2025-09-15 12:45,9017.729
2025-09-15 13:00,9017.729
2025-09-15 13:15,9017.729
2025-09-15 13:30,9017.729
2025-09-15 13:45,9017.729
2025-09-15 14:00,9017.769
2025-09-15 14:15,9017.769
2025-09-15 14:30,9017.769
2025-09-15 14:45,9017.769
2025-09-15 15:00,9017.803
2025-09-15 15:15,9017.803
2025-09-15 15:30,9017.803
2025-09-15 15:45,9017.803
2025-09-15 16:00,9017.803
2025-09-15 16:15,9017.803
2025-09-15 16:30,9017.803
2025-09-15 16:45,9017.844
2025-09-15 17:00,9017.844
2025-09-15 17:15,9017.844
2025-09-15 17:30,9017.844
2025-09-15 17:45,9017.844
2025-09-15 18:00,9017.879
2025-09-15 18:15,9017.879
2025-09-15 18:30,9017.879
2025-09-15 18:45,9017.879
2025-09-15 19:00,9017.879
2025-09-15 19:15,9017.879
2025-09-15 19:30,9017.879
2025-09-15 19:45,9017.905
2025-09-15 20:00,9017.919
2025-09-15 20:15,9017.919
2025-09-15 20:30,9017.919
2025-09-15 20:45,9017.919
2025-09-15 21:00,9017.954
2025-09-15 21:15,9017.961
2025-09-15 21:30,9018.007
2025-09-15 21:45,9018.589
2025-09-15 22:00,9018.661
2025-09-15 22:15,9018.661
2025-09-15 22:30,9018.661
2025-09-15 22:45,9018.661
2025-09-15 23:00,9018.772
2025-09-15 23:15,9018.772
2025-09-15 23:30,9018.772
2025-09-15 23:45,9018.772
2025-09-16 00:00,9018.772
2025-09-16 00:15,9018.772
2025-09-16 00:30,9018.772
2025-09-16 00:45,9018.772
2025-09-16 01:00,9018.772
2025-09-16 01:15,9018.772
2025-09-16 01:30,9018.804
2025-09-16 01:45,9018.804
2025-09-16 02:00,9018.804
2025-09-16 02:15,9018.804
2025-09-16 02:30,9018.804
2025-09-16 02:45,9018.839
2025-09-16 03:00,9018.839
2025-09-16 03:15,9018.839
2025-09-16 03:30,9018.839
2025-09-16 03:45,9018.839
2025-09-16 04:00,9018.839
2025-09-16 04:15,9018.839
2025-09-16 04:30,9018.868
2025-09-16 04:45,9018.868
2025-09-16 05:00,9018.868
2025-09-16 05:15,9018.868
2025-09-16 05:30,9018.868
2025-09-16 05:45,9018.868
2025-09-16 06:00,9018.868
2025-09-16 06:15,9018.912
2025-09-16 06:30,9018.912
2025-09-16 06:45,9018.912
2025-09-16 07:00,9018.912
2025-09-16 07:15,9018.989
2025-09-16 07:30,9018.989
2025-09-16 07:45,9018.989
2025-09-16 08:00,9018.989
2025-09-16 08:15,9018.989
2025-09-16 08:30,9018.996
2025-09-16 08:45,9019.028
2025-09-16 09:00,9019.028
2025-09-16 09:15,9019.028
2025-09-16 09:30,9019.028
2025-09-16 09:45,9019.062
2025-09-16 10:00,9019.062
2025-09-16 10:15,9019.062
2025-09-16 10:30,9019.062
2025-09-16 10:45,9019.115
2025-09-16 11:00,9019.115
2025-09-16 11:15,9019.115
2025-09-16 11:30,9019.153
2025-09-16 11:45,9019.153
2025-09-16 12:00,9019.153
2025-09-16 12:15,9019.153
2025-09-16 12:30,9019.153
2025-09-16 12:45,9019.153
2025-09-16 13:00,9019.198
2025-09-16 13:15,9019.198
2025-09-16 13:30,9019.198
2025-09-16 13:45,9019.198
2025-09-16 14:00,9019.198
2025-09-16 14:15,9019.198
2025-09-16 14:30,9019.198
2025-09-16 14:45,9019.198
2025-09-16 15:00,9019.198
2025-09-16 15:15,9019.229
2025-09-16 15:30,9019.229
2025-09-16 15:45,9019.229
2025-09-16 16:00,9019.229
2025-09-16 16:15,9019.229
2025-09-16 16:30,9019.246
2025-09-16 16:45,9019.272
2025-09-16 17:00,9019.272
2025-09-16 17:15,9019.325
2025-09-16 17:30,9019.325
2025-09-16 17:45,9019.325
2025-09-16 18:00,9019.325
2025-09-16 18:15,9019.325
2025-09-16 18:30,9019.325
2025-09-16 18:45,9019.423
2025-09-16 19:00,9019.431
2025-09-16 19:15,9019.431
2025-09-16 19:30,9019.431
2025-09-16 19:45,9019.441
2025-09-16 20:00,9019.511
2025-09-16 20:15,9019.563
2025-09-16 20:30,9019.563
2025-09-16 20:45,9019.622
2025-09-16 21:00,9019.622
2025-09-16 21:15,9019.622
2025-09-16 21:30,9019.622
2025-09-16 21:45,9019.622
2025-09-16 22:00,9019.660
2025-09-16 22:15,9019.660
2025-09-16 22:30,9019.715
2025-09-16 22:45,9019.715
2025-09-16 23:00,9019.715
2025-09-16 23:15,9019.715
2025-09-16 23:30,9019.715
2025-09-16 23:45,9019.715
2025-09-17 00:00,9019.715
2025-09-17 00:15,9019.715
2025-09-17 00:30,9019.715
2025-09-17 00:45,9019.715
2025-09-17 01:00,9019.715
2025-09-17 01:15,9019.715
2025-09-17 01:30,9019.715
2025-09-17 01:45,9019.715
2025-09-17 02:00,9019.715
2025-09-17 02:15,9019.715
2025-09-17 02:30,9019.715
2025-09-17 02:45,9019.715
2025-09-17 03:00,9019.715
2025-09-17 03:15,9019.715
2025-09-17 03:30,9019.715
2025-09-17 03:45,9019.715
2025-09-17 04:00,9019.715
2025-09-17 04:15,9019.786
2025-09-17 04:30,9019.786
2025-09-17 04:45,9019.786
2025-09-17 05:00,9019.786
2025-09-17 05:15,9019.786
2025-09-17 05:30,9019.786
2025-09-17 05:45,9019.786
2025-09-17 06:00,9019.786
2025-09-17 06:15,9019.786
2025-09-17 06:30,9019.786
2025-09-17 06:45,9019.786
2025-09-17 07:00,9019.786
2025-09-17 07:15,9019.786
2025-09-17 07:30,9019.842
2025-09-17 07:45,9019.842
2025-09-17 08:00,9019.842
2025-09-17 08:15,9019.842
2025-09-17 08:30,9019.842
2025-09-17 08:45,9019.842
2025-09-17 09:00,9019.842
2025-09-17 09:15,9019.842
2025-09-17 09:30,9019.842
2025-09-17 09:45,9019.842
2025-09-17 10:00,9019.842
2025-09-17 10:15,9019.842
2025-09-17 10:30,9019.888
2025-09-17 10:45,9019.888
2025-09-17 11:00,9019.888
2025-09-17 11:15,9019.940
2025-09-17 11:30,9019.940
2025-09-17 11:45,9019.940
2025-09-17 12:00,9019.940
2025-09-17 12:15,9019.940
2025-09-17 12:30,9019.940
2025-09-17 12:45,9019.978
2025-09-17 13:00,9019.978
2025-09-17 13:15,9019.978
2025-09-17 13:30,9019.978
2025-09-17 13:45,9019.992
2025-09-17 14:00,9020.008
2025-09-17 14:15,9020.008
2025-09-17 14:30,9020.008
2025-09-17 14:45,9020.008
2025-09-17 15:00,9020.008
2025-09-17 15:15,9020.008
2025-09-17 15:30,9020.051
2025-09-17 15:45,9020.052
2025-09-17 16:00,9020.052
2025-09-17 16:15,9020.052
2025-09-17 16:30,9020.052
2025-09-17 16:45,9020.095
2025-09-17 17:00,9020.139
2025-09-17 17:15,9020.139
2025-09-17 17:30,9020.139
2025-09-17 17:45,9020.139
2025-09-17 18:00,9020.139
2025-09-17 18:15,9020.139
2025-09-17 18:30,9020.224
2025-09-17 18:45,9020.248
2025-09-17 19:00,9020.248
2025-09-17 19:15,9020.270
2025-09-17 19:30,9020.801
2025-09-17 19:45,9021.023
2025-09-17 20:00,9021.023
2025-09-17 20:15,9021.023
2025-09-17 20:30,9021.023
2025-09-17 20:45,9021.023
2025-09-17 21:00,9021.023
2025-09-17 21:15,9021.023
2025-09-17 21:30,9021.023
2025-09-17 21:45,9021.023
2025-09-17 22:00,9021.054
2025-09-17 22:15,9021.054
2025-09-17 22:30,9021.054
2025-09-17 22:45,9021.054
2025-09-17 23:00,9021.054
2025-09-17 23:15,9021.090
2025-09-17 23:30,9021.090
2025-09-17 23:45,9021.090
2025-09-18 00:00,9021.090
2025-09-18 00:15,9021.090
2025-09-18 00:30,9021.090
2025-09-18 00:45,9021.090
2025-09-18 01:00,9021.129
2025-09-18 01:15,9021.129
2025-09-18 01:30,9021.129
2025-09-18 01:45,9021.129
2025-09-18 02:00,9021.129
2025-09-18 02:15,9021.129
2025-09-18 02:30,9021.172
2025-09-18 02:45,9021.172
2025-09-18 03:00,9021.172
2025-09-18 03:15,9021.172
2025-09-18 03:30,9021.172
2025-09-18 03:45,9021.172
2025-09-18 04:00,9021.172
2025-09-18 04:15,9021.172
2025-09-18 04:30,9021.172
2025-09-18 04:45,9021.212
2025-09-18 05:00,9021.212
2025-09-18 05:15,9021.212
2025-09-18 05:30,9021.213
2025-09-18 05:45,9021.245
2025-09-18 06:00,9021.245
2025-09-18 06:15,9021.245
2025-09-18 06:30,9021.245
2025-09-18 06:45,9021.245
2025-09-18 07:00,9021.245
2025-09-18 07:15,9021.285
2025-09-18 07:30,9021.285
2025-09-18 07:45,9021.285
2025-09-18 08:00,9021.285
2025-09-18 08:15,9021.285
2025-09-18 08:30,9021.285
2025-09-18 08:45,9021.328
2025-09-18 09:00,9021.328
2025-09-18 09:15,9021.328
2025-09-18 09:30,9021.328
2025-09-18 09:45,9021.364
2025-09-18 10:00,9021.364
2025-09-18 10:15,9021.364
2025-09-18 10:30,9021.364
2025-09-18 10:45,9021.364
2025-09-18 11:00,9021.364
2025-09-18 11:15,9021.364
2025-09-18 11:30,9021.364
2025-09-18 11:45,9021.427
2025-09-18 12:00,9021.427
2025-09-18 12:15,9021.427
2025-09-18 12:30,9021.427
2025-09-18 12:45,9021.427
2025-09-18 13:00,9021.427
2025-09-18 13:15,9021.427
2025-09-18 13:30,9021.427
2025-09-18 13:45,9021.427
2025-09-18 14:00,9021.427
2025-09-18 14:15,9021.427
2025-09-18 14:30,9021.427
2025-09-18 14:45,9021.482
2025-09-18 15:00,9021.482
2025-09-18 15:15,9021.482
2025-09-18 15:30,9021.482
2025-09-18 15:45,9021.482
2025-09-18 16:00,9021.482
2025-09-18 16:15,9021.482
2025-09-18 16:30,9021.482
2025-09-18 16:45,9021.482
2025-09-18 17:00,9021.482
2025-09-18 17:15,9021.482
2025-09-18 17:30,9021.547
2025-09-18 17:45,9021.605
2025-09-18 18:00,9021.685
2025-09-18 18:15,9021.685
2025-09-18 18:30,9021.685
2025-09-18 18:45,9021.685
2025-09-18 19:00,9021.685
2025-09-18 19:15,9021.713
2025-09-18 19:30,9021.713
2025-09-18 19:45,9021.713
2025-09-18 20:00,9021.713
2025-09-18 20:15,9021.713
2025-09-18 20:30,9021.713
2025-09-18 20:45,9021.713
2025-09-18 21:00,9021.736
2025-09-18 21:15,9021.758
2025-09-18 21:30,9021.758
2025-09-18 21:45,9021.758
2025-09-18 22:00,9021.758
2025-09-18 22:15,9021.758
2025-09-18 22:30,9021.888
2025-09-18 22:45,9022.377
2025-09-18 23:00,9022.458
2025-09-18 23:15,9022.458
2025-09-18 23:30,9022.458
2025-09-18 23:45,9022.458
2025-09-19 00:00,9022.458
2025-09-19 00:15,9022.458
2025-09-19 00:30,9022.458
2025-09-19 00:45,9022.458
2025-09-19 01:00,9022.487
2025-09-19 01:15,9022.489
2025-09-19 01:30,9022.489
2025-09-19 01:45,9022.489
2025-09-19 02:00,9022.489
2025-09-19 02:15,9022.489
2025-09-19 02:30,9022.523
2025-09-19 02:45,9022.523
2025-09-19 03:00,9022.523
2025-09-19 03:15,9022.523
2025-09-19 03:30,9022.523
2025-09-19 03:45,9022.523
2025-09-19 04:00,9022.523
2025-09-19 04:15,9022.523
2025-09-19 04:30,9022.553
2025-09-19 04:45,9022.553
2025-09-19 05:00,9022.553
2025-09-19 05:15,9022.553
2025-09-19 05:30,9022.553
2025-09-19 05:45,9022.553
2025-09-19 06:00,9022.593
2025-09-19 06:15,9022.593
2025-09-19 06:30,9022.593
2025-09-19 06:45,9022.593
2025-09-19 07:00,9022.593
2025-09-19 07:15,9022.593
2025-09-19 07:30,9022.593
2025-09-19 07:45,9022.593
2025-09-19 08:00,9022.620
2025-09-19 08:15,9022.620
2025-09-19 08:30,9022.620
2025-09-19 08:45,9022.620
2025-09-19 09:00,9022.620
2025-09-19 09:15,9022.620
2025-09-19 09:30,9022.666
2025-09-19 09:45,9022.666
2025-09-19 10:00,9022.666
2025-09-19 10:15,9022.666
2025-09-19 10:30,9022.666
2025-09-19 10:45,9022.666
2025-09-19 11:00,9022.666
2025-09-19 11:15,9022.666
2025-09-19 11:30,9022.666
2025-09-19 11:45,9022.666
2025-09-19 12:00,9022.666
2025-09-19 12:15,9022.728
2025-09-19 12:30,9022.728
2025-09-19 12:45,9022.728
2025-09-19 13:00,9022.728
2025-09-19 13:15,9022.728
2025-09-19 13:30,9022.728
2025-09-19 13:45,9022.728
2025-09-19 14:00,9022.728
2025-09-19 14:15,9022.728
2025-09-19 14:30,9022.728
2025-09-19 14:45,9022.728
2025-09-19 15:00,9022.728
2025-09-19 15:15,9022.768
2025-09-19 15:30,9022.776
2025-09-19 15:45,9022.776
2025-09-19 16:00,9022.776
2025-09-19 16:15,9022.776
2025-09-19 16:30,9022.776
2025-09-19 16:45,9022.776
2025-09-19 17:00,9022.776
2025-09-19 17:15,9022.776
2025-09-19 17:30,9022.776
2025-09-19 17:45,9022.776
2025-09-19 18:00,9022.807
2025-09-19 18:15,9022.807
2025-09-19 18:30,9022.807
2025-09-19 18:45,9022.807
2025-09-19 19:00,9022.807
2025-09-19 19:15,9022.841
2025-09-19 19:30,9022.841
2025-09-19 19:45,9022.841
2025-09-19 20:00,9022.841
2025-09-19 20:15,9022.841
2025-09-19 20:30,9022.841
2025-09-19 20:45,9022.863
2025-09-19 21:00,9022.870
2025-09-19 21:15,9022.870
2025-09-19 21:30,9022.870
2025-09-19 21:45,9022.870
2025-09-19 22:00,9022.870
2025-09-19 22:15,9022.870
2025-09-19 22:30,9022.911
2025-09-19 22:45,9022.911
2025-09-19 23:00,9022.911
2025-09-19 23:15,9022.911
2025-09-19 23:30,9022.911
2025-09-19 23:45,9022.911
2025-09-20 00:00,9022.911
2025-09-20 00:15,9022.911
2025-09-20 00:30,9022.911
2025-09-20 00:45,9022.942
2025-09-20 01:00,9022.942
2025-09-20 01:15,9022.942
2025-09-20 01:30,9022.942
2025-09-20 01:45,9022.942
2025-09-20 02:00,9022.942
2025-09-20 02:15,9022.985
2025-09-20 02:30,9022.985
2025-09-20 02:45,9022.985
2025-09-20 03:00,9022.985
2025-09-20 03:15,9022.985
2025-09-20 03:30,9022.985
2025-09-20 03:45,9022.985
2025-09-20 04:00,9022.985
2025-09-20 04:15,9022.985
2025-09-20 04:30,9023.009
2025-09-20 04:45,9023.017
2025-09-20 05:00,9023.017
2025-09-20 05:15,9023.017
2025-09-20 05:30,9023.017
2025-09-20 05:45,9023.017
2025-09-20 06:00,9023.051
2025-09-20 06:15,9023.051
2025-09-20 06:30,9023.051
2025-09-20 06:45,9023.051
2025-09-20 07:00,9023.051
2025-09-20 07:15,9023.051
2025-09-20 07:30,9023.080
2025-09-20 07:45,9023.080
2025-09-20 08:00,9023.080
2025-09-20 08:15,9023.080
2025-09-20 08:30,9023.080
2025-09-20 08:45,9023.080
2025-09-20 09:00,9023.080
2025-09-20 09:15,9023.262
2025-09-20 09:30,9023.262
2025-09-20 09:45,9023.262
2025-09-20 10:00,9023.262
2025-09-20 10:15,9023.262
2025-09-20 10:30,9023.262
2025-09-20 10:45,9023.262
2025-09-20 11:00,9023.262
2025-09-20 11:15,9023.262
2025-09-20 11:30,9023.400
2025-09-20 11:45,9023.400
2025-09-20 12:00,9023.400
2025-09-20 12:15,9023.400
2025-09-20 12:30,9023.400
2025-09-20 12:45,9023.400
2025-09-20 13:00,9023.400
2025-09-20 13:15,9023.400
2025-09-20 13:30,9023.400
2025-09-20 13:45,9023.400
2025-09-20 14:00,9023.432
2025-09-20 14:15,9023.432
2025-09-20 14:30,9023.432
2025-09-20 14:45,9023.432
2025-09-20 15:00,9023.432
2025-09-20 15:15,9023.467
2025-09-20 15:30,9023.467
2025-09-20 15:45,9023.467
2025-09-20 16:00,9023.467
2025-09-20 16:15,9023.467
2025-09-20 16:30,9023.467
2025-09-20 16:45,9023.467
2025-09-20 17:00,9023.467
2025-09-20 17:15,9023.495
2025-09-20 17:30,9023.495
2025-09-20 17:45,9023.495
2025-09-20 18:00,9023.495
2025-09-20 18:15,9023.495
2025-09-20 18:30,9023.495
2025-09-20 18:45,9023.495
2025-09-20 19:00,9023.539
2025-09-20 19:15,9023.539
2025-09-20 19:30,9023.539
2025-09-20 19:45,9023.539
2025-09-20 20:00,9023.539
2025-09-20 20:15,9023.539
2025-09-20 20:30,9023.539
2025-09-20 20:45,9023.539
2025-09-20 21:00,9023.539
2025-09-20 21:15,9023.539
2025-09-20 21:30,9023.560
2025-09-20 21:45,9023.570
2025-09-20 22:00,9023.570
2025-09-20 22:15,9023.570
2025-09-20 22:30,9023.570
2025-09-20 22:45,9023.602
2025-09-20 23:00,9023.602
2025-09-20 23:15,9023.602
2025-09-20 23:30,9023.602
2025-09-20 23:45,9023.602
2025-09-21 00:00,9023.602
2025-09-21 00:15,9023.602
2025-09-21 00:30,9023.631
2025-09-21 00:45,9023.631
2025-09-21 01:00,9023.631
2025-09-21 01:15,9023.631
2025-09-21 01:30,9023.631
2025-09-21 01:45,9023.631
2025-09-21 02:00,9023.666
2025-09-21 02:15,9023.666
2025-09-21 02:30,9023.666
2025-09-21 02:45,9023.666
2025-09-21 03:00,9023.666
2025-09-21 03:15,9023.666
2025-09-21 03:30,9023.666
2025-09-21 03:45,9023.689
2025-09-21 04:00,9023.697
2025-09-21 04:15,9023.697
2025-09-21 04:30,9023.697
2025-09-21 04:45,9023.697
2025-09-21 05:00,9023.697
2025-09-21 05:15,9023.697
2025-09-21 05:30,9023.697
2025-09-21 05:45,9023.740
2025-09-21 06:00,9023.740
2025-09-21 06:15,9023.740
2025-09-21 06:30,9023.740
2025-09-21 06:45,9023.740
2025-09-21 07:00,9023.740
2025-09-21 07:15,9023.740
2025-09-21 07:30,9023.740
2025-09-21 07:45,9023.740
2025-09-21 08:00,9023.740
2025-09-21 08:15,9023.771
2025-09-21 08:30,9023.771
2025-09-21 08:45,9023.771
2025-09-21 09:00,9023.924
2025-09-21 09:15,9023.924
2025-09-21 09:30,9023.924
2025-09-21 09:45,9023.924
2025-09-21 10:00,9023.924
2025-09-21 10:15,9023.924
2025-09-21 10:30,9023.924
2025-09-21 10:45,9023.924
2025-09-21 11:00,9023.924
2025-09-21 11:15,9023.955
2025-09-21 11:30,9023.955
2025-09-21 11:45,9023.955
2025-09-21 12:00,9023.955
2025-09-21 12:15,9023.955
2025-09-21 12:30,9023.990
2025-09-21 12:45,9023.990
2025-09-21 13:00,9023.990
2025-09-21 13:15,9023.990
2025-09-21 13:30,9023.990
2025-09-21 13:45,9023.990
2025-09-21 14:00,9023.990
2025-09-21 14:15,9024.019
2025-09-21 14:30,9024.019
2025-09-21 14:45,9024.019
2025-09-21 15:00,9024.019
2025-09-21 15:15,9024.019
2025-09-21 15:30,9024.019
2025-09-21 15:45,9024.019
2025-09-21 16:00,9024.063
2025-09-21 16:15,9024.063
2025-09-21 16:30,9024.063
2025-09-21 16:45,9024.063
2025-09-21 17:00,9024.063
2025-09-21 17:15,9024.063
2025-09-21 17:30,9024.063
2025-09-21 17:45,9024.063
2025-09-21 18:00,9024.063
2025-09-21 18:15,9024.063
2025-09-21 18:30,9024.094
2025-09-21 18:45,9024.094
2025-09-21 19:00,9024.094
2025-09-21 19:15,9024.094
2025-09-21 19:30,9024.094
2025-09-21 19:45,9024.129
2025-09-21 20:00,9024.129
2025-09-21 20:15,9024.129
2025-09-21 20:30,9024.129
2025-09-21 20:45,9024.129
2025-09-21 21:00,9024.129
2025-09-21 21:15,9024.129
2025-09-21 21:30,9024.159
2025-09-21 21:45,9024.159
2025-09-21 22:00,9024.159
2025-09-21 22:15,9024.159
2025-09-21 22:30,9024.159
2025-09-21 22:45,9024.159
2025-09-21 23:00,9024.159
2025-09-21 23:15,9024.203
2025-09-21 23:30,9024.203
2025-09-21 23:45,9024.203
2025-09-22 00:00,9024.203
2025-09-22 00:15,9024.203
2025-09-22 00:30,9024.203
2025-09-22 00:45,9024.203
2025-09-22 01:00,9024.203
2025-09-22 01:15,9024.203
2025-09-22 01:30,9024.203
2025-09-22 01:45,9024.234
2025-09-22 02:00,9024.234
2025-09-22 02:15,9024.234
2025-09-22 02:30,9024.308
2025-09-22 02:45,9024.308
2025-09-22 03:00,9024.358
2025-09-22 03:15,9024.412
2025-09-22 03:30,9024.412
2025-09-22 03:45,9024.412
2025-09-22 04:00,9024.471
2025-09-22 04:15,9024.471
2025-09-22 04:30,9024.471
2025-09-22 04:45,9024.529
2025-09-22 05:00,9024.529
2025-09-22 05:15,9024.568
2025-09-22 05:30,9024.568
2025-09-22 05:45,9024.616
2025-09-22 06:00,9024.616
2025-09-22 06:15,9024.616
2025-09-22 06:30,9024.667
2025-09-22 06:45,9024.748
2025-09-22 07:00,9024.748
2025-09-22 07:15,9024.748
2025-09-22 07:30,9024.748
2025-09-22 07:45,9024.748
2025-09-22 08:00,9024.748
2025-09-22 08:15,9024.748
2025-09-22 08:30,9024.748
2025-09-22 08:45,9024.748
2025-09-22 09:00,9024.785
2025-09-22 09:15,9024.994
2025-09-22 09:30,9025.001
2025-09-22 09:45,9025.001
2025-09-22 10:00,9025.001
2025-09-22 10:15,9025.001
2025-09-22 10:30,9025.001
2025-09-22 10:45,9025.001
2025-09-22 11:00,9025.001
2025-09-22 11:15,9025.001
2025-09-22 11:30,9025.001
2025-09-22 11:45,9025.001
2025-09-22 12:00,9025.050
2025-09-22 12:15,9025.050
2025-09-22 12:30,9025.050
2025-09-22 12:45,9025.050
2025-09-22 13:00,9025.050
2025-09-22 13:15,9025.050
2025-09-22 13:30,9025.050
2025-09-22 13:45,9025.050
2025-09-22 14:00,9025.077
2025-09-22 14:15,9025.077
2025-09-22 14:30,9025.077
2025-09-22 14:45,9025.077
2025-09-22 15:00,9025.077
2025-09-22 15:15,9025.077
2025-09-22 15:30,9025.077
2025-09-22 15:45,9025.122
2025-09-22 16:00,9025.122
2025-09-22 16:15,9025.122
2025-09-22 16:30,9025.122
2025-09-22 16:45,9025.122
2025-09-22 17:00,9025.122
2025-09-22 17:15,9025.122
2025-09-22 17:30,9025.122
2025-09-22 17:45,9025.122
2025-09-22 18:00,9025.122
2025-09-22 18:15,9025.122
2025-09-22 18:30,9025.154
2025-09-22 18:45,9025.154
2025-09-22 19:00,9025.154
2025-09-22 19:15,9025.154
2025-09-22 19:30,9025.181
2025-09-22 19:45,9025.181
2025-09-22 20:00,9025.181
2025-09-22 20:15,9025.181
2025-09-22 20:30,9025.181
2025-09-22 20:45,9025.181
2025-09-22 21:00,9025.226
2025-09-22 21:15,9025.226
2025-09-22 21:30,9025.226
2025-09-22 21:45,9025.226
2025-09-22 22:00,9025.226
2025-09-22 22:15,9025.252
2025-09-22 22:30,9025.252
2025-09-22 22:45,9025.252
2025-09-22 23:00,9025.252
2025-09-22 23:15,9025.252
2025-09-22 23:30,9025.333
2025-09-22 23:45,9025.387
2025-09-23 00:00,9025.387
2025-09-23 00:15,9025.387
2025-09-23 00:30,9025.432
2025-09-23 00:45,9025.442
2025-09-23 01:00,9025.442
2025-09-23 01:15,9025.442
2025-09-23 01:30,9025.501
2025-09-23 01:45,9025.501
2025-09-23 02:00,9025.501
2025-09-23 02:15,9025.544
2025-09-23 02:30,9025.569
2025-09-23 02:45,9025.569
2025-09-23 03:00,9025.569
2025-09-23 03:15,9025.569
2025-09-23 03:30,9025.569
2025-09-23 03:45,9025.602
2025-09-23 04:00,9025.602
2025-09-23 04:15,9025.602
2025-09-23 04:30,9025.602
2025-09-23 04:45,9025.602
2025-09-23 05:00,9025.602
2025-09-23 05:15,9025.630
2025-09-23 05:30,9025.630
2025-09-23 05:45,9025.630
2025-09-23 06:00,9025.630
2025-09-23 06:15,9025.630
2025-09-23 06:30,9025.630
2025-09-23 06:45,9025.630
2025-09-23 07:00,9025.664
2025-09-23 07:15,9025.664
2025-09-23 07:30,9025.664
2025-09-23 07:45,9025.664
2025-09-23 08:00,9025.664
2025-09-23 08:15,9025.664
2025-09-23 08:30,9025.745
2025-09-23 08:45,9025.762
2025-09-23 09:00,9025.762
2025-09-23 09:15,9025.762
2025-09-23 09:30,9025.762
2025-09-23 09:45,9025.762
2025-09-23 10:00,9025.803
2025-09-23 10:15,9025.803
2025-09-23 10:30,9025.803
2025-09-23 10:45,9025.803
2025-09-23 11:00,9026.031
2025-09-23 11:15,9026.032
2025-09-23 11:30,9026.032
2025-09-23 11:45,9026.032
2025-09-23 12:00,9026.032
2025-09-23 12:15,9026.032
2025-09-23 12:30,9026.032
2025-09-23 12:45,9026.032
2025-09-23 13:00,9026.032
2025-09-23 13:15,9026.032
2025-09-23 13:30,9026.070
2025-09-23 13:45,9026.070
2025-09-23 14:00,9026.070
2025-09-23 14:15,9026.070
2025-09-23 14:30,9026.074
2025-09-23 14:45,9026.104
2025-09-23 15:00,9026.104
2025-09-23 15:15,9026.104
2025-09-23 15:30,9026.144
2025-09-23 15:45,9026.219
2025-09-23 16:00,9026.221
2025-09-23 16:15,9026.221
2025-09-23 16:30,9026.251
2025-09-23 16:45,9026.251
2025-09-23 17:00,9026.251
2025-09-23 17:15,9026.251
2025-09-23 17:30,9026.251
2025-09-23 17:45,9026.251
2025-09-23 18:00,9026.287
2025-09-23 18:15,9026.287
2025-09-23 18:30,9026.287
2025-09-23 18:45,9026.287
2025-09-23 19:00,9026.287
2025-09-23 19:15,9026.287
2025-09-23 19:30,9026.287
2025-09-23 19:45,9026.325
2025-09-23 20:00,9026.325
2025-09-23 20:15,9026.806
2025-09-23 20:30,9027.105
2025-09-23 20:45,9027.105
2025-09-23 21:00,9027.105
2025-09-23 21:15,9027.105
2025-09-23 21:30,9027.105
2025-09-23 21:45,9027.105
2025-09-23 22:00,9027.314
2025-09-23 22:15,9027.321
2025-09-23 22:30,9027.373
2025-09-23 22:45,9027.373
2025-09-23 23:00,9027.373
2025-09-23 23:15,9027.373
2025-09-23 23:30,9027.373
2025-09-23 23:45,9027.373
2025-09-24 00:00,9027.373
2025-09-24 00:15,9027.373
2025-09-24 00:30,9027.373
2025-09-24 00:45,9027.373
2025-09-24 01:00,9027.373
2025-09-24 01:15,9027.373
2025-09-24 01:30,9027.373
2025-09-24 01:45,9027.373
2025-09-24 02:00,9027.373
2025-09-24 02:15,9027.373
2025-09-24 02:30,9027.373
2025-09-24 02:45,9027.373
2025-09-24 03:00,9027.373
2025-09-24 03:15,9027.373
2025-09-24 03:30,9027.373
2025-09-24 03:45,9027.373
2025-09-24 04:00,9027.433
2025-09-24 04:15,9027.433
2025-09-24 04:30,9027.433
2025-09-24 04:45,9027.555
2025-09-24 05:00,9027.555
2025-09-24 05:15,9027.555
2025-09-24 05:30,9027.605
2025-09-24 05:45,9027.605
2025-09-24 06:00,9027.605
2025-09-24 06:15,9027.605
2025-09-24 06:30,9027.605
2025-09-24 06:45,9027.605
2025-09-24 07:00,9027.605
2025-09-24 07:15,9027.605
2025-09-24 07:30,9027.605
2025-09-24 07:45,9027.605
2025-09-24 08:00,9027.664
2025-09-24 08:15,9027.757
2025-09-24 08:30,9027.850
2025-09-24 08:45,9027.899
2025-09-24 09:00,9027.899
2025-09-24 09:15,9027.899
2025-09-24 09:30,9027.899
2025-09-24 09:45,9027.899
2025-09-24 10:00,9027.899
2025-09-24 10:15,9027.899
2025-09-24 10:30,9027.899
2025-09-24 10:45,9027.951
2025-09-24 11:00,9027.951
2025-09-24 11:15,9027.951
2025-09-24 11:30,9027.951
2025-09-24 11:45,9027.951
2025-09-24 12:00,9027.951
2025-09-24 12:15,9027.951
2025-09-24 12:30,9027.951
2025-09-24 12:45,9027.951
2025-09-24 13:00,9027.951
2025-09-24 13:15,9027.951
2025-09-24 13:30,9027.951
2025-09-24 13:45,9027.965
2025-09-24 14:00,9028.024
2025-09-24 14:15,9028.036
2025-09-24 14:30,9028.048
2025-09-24 14:45,9028.060
2025-09-24 15:00,9028.061
2025-09-24 15:15,9028.061
2025-09-24 15:30,9028.122
2025-09-24 15:45,9028.206
2025-09-24 16:00,9028.206
2025-09-24 16:15,9028.206
2025-09-24 16:30,9028.206
2025-09-24 16:45,9028.227
2025-09-24 17:00,9028.284
2025-09-24 17:15,9028.345
2025-09-24 17:30,9028.345
2025-09-24 17:45,9028.345
2025-09-24 18:00,9028.345
2025-09-24 18:15,9028.345
2025-09-24 18:30,9028.345
2025-09-24 18:45,9028.345
2025-09-24 19:00,9028.345
2025-09-24 19:15,9028.345
2025-09-24 19:30,9028.345
2025-09-24 19:45,9028.435
2025-09-24 20:00,9028.650
2025-09-24 20:15,9028.650
2025-09-24 20:30,9028.650
2025-09-24 20:45,9028.650
2025-09-24 21:00,9028.650
2025-09-24 21:15,9028.650
2025-09-24 21:30,9028.650
2025-09-24 21:45,9028.650
2025-09-24 22:00,9028.650
2025-09-24 22:15,9028.719
2025-09-24 22:30,9028.719
2025-09-24 22:45,9028.719
2025-09-24 23:00,9028.719
2025-09-24 23:15,9028.719
2025-09-24 23:30,9028.719
2025-09-24 23:45,9028.719
2025-09-25 00:00,9028.719
2025-09-25 00:15,9028.719
2025-09-25 00:30,9028.719
2025-09-25 00:45,9028.719
2025-09-25 01:00,9028.719
2025-09-25 01:15,9028.767
2025-09-25 01:30,9028.767
2025-09-25 01:45,9028.767
2025-09-25 02:00,9028.767
2025-09-25 02:15,9028.767
2025-09-25 02:30,9028.767
2025-09-25 02:45,9028.767
2025-09-25 03:00,9028.841
2025-09-25 03:15,9028.841
2025-09-25 03:30,9028.841
2025-09-25 03:45,9028.942
2025-09-25 04:00,9028.942
2025-09-25 04:15,9028.942
2025-09-25 04:30,9028.970
2025-09-25 04:45,9029.036
2025-09-25 05:00,9029.036
2025-09-25 05:15,9029.036
2025-09-25 05:30,9029.082
2025-09-25 05:45,9029.082
2025-09-25 06:00,9029.082
2025-09-25 06:15,9029.082
2025-09-25 06:30,9029.119
2025-09-25 06:45,9029.195
2025-09-25 07:00,9029.195
2025-09-25 07:15,9029.195
2025-09-25 07:30,9029.195
2025-09-25 07:45,9029.195
2025-09-25 08:00,9029.224
2025-09-25 08:15,9029.343
2025-09-25 08:30,9029.343
2025-09-25 08:45,9029.343
2025-09-25 09:00,9029.343
2025-09-25 09:15,9029.343
2025-09-25 09:30,9029.491
2025-09-25 09:45,9029.505
2025-09-25 10:00,9029.505
2025-09-25 10:15,9029.505
2025-09-25 10:30,9029.505
2025-09-25 10:45,9029.505
2025-09-25 11:00,9029.505
2025-09-25 11:15,9029.505
2025-09-25 11:30,9029.505
2025-09-25 11:45,9029.505
2025-09-25 12:00,9029.505
2025-09-25 12:15,9029.537
2025-09-25 12:30,9029.537
2025-09-25 12:45,9029.537
2025-09-25 13:00,9029.537
2025-09-25 13:15,9029.537
2025-09-25 13:30,9029.537
2025-09-25 13:45,9029.571
2025-09-25 14:00,9029.571
2025-09-25 14:15,9029.571
2025-09-25 14:30,9029.571
2025-09-25 14:45,9029.571
2025-09-25 15:00,9029.571
2025-09-25 15:15,9029.610
2025-09-25 15:30,9029.610
2025-09-25 15:45,9029.610
2025-09-25 16:00,9029.610
2025-09-25 16:15,9029.610
2025-09-25 16:30,9029.610
2025-09-25 16:45,9029.610
2025-09-25 17:00,9029.646
2025-09-25 17:15,9029.688
2025-09-25 17:30,9029.742
2025-09-25 17:45,9029.742
2025-09-25 18:00,9029.742
2025-09-25 18:15,9029.742
2025-09-25 18:30,9029.742
2025-09-25 18:45,9029.742
2025-09-25 19:00,9029.742
2025-09-25 19:15,9029.772
2025-09-25 19:30,9029.772
2025-09-25 19:45,9029.772
2025-09-25 20:00,9029.772
2025-09-25 20:15,9029.772
2025-09-25 20:30,9029.772
2025-09-25 20:45,9029.807
2025-09-25 21:00,9029.807
2025-09-25 21:15,9029.807
2025-09-25 21:30,9029.807
2025-09-25 21:45,9029.807
2025-09-25 22:00,9029.807
2025-09-25 22:15,9029.834
2025-09-25 22:30,9030.384
2025-09-25 22:45,9030.808
2025-09-25 23:00,9030.808
2025-09-25 23:15,9030.808
2025-09-25 23:30,9030.808
2025-09-25 23:45,9030.808
2025-09-26 00:00,9030.808
2025-09-26 00:15,9030.808
2025-09-26 00:30,9030.808
2025-09-26 00:45,9030.808
2025-09-26 01:00,9030.808
2025-09-26 01:15,9030.862
2025-09-26 01:30,9030.862
2025-09-26 01:45,9030.862
2025-09-26 02:00,9030.862
2025-09-26 02:15,9030.862
2025-09-26 02:30,9030.862
2025-09-26 02:45,9030.862
2025-09-26 03:00,9030.862
2025-09-26 03:15,9030.862
2025-09-26 03:30,9030.862
2025-09-26 03:45,9030.862
2025-09-26 04:00,9030.862
2025-09-26 04:15,9030.909
2025-09-26 04:30,9030.909
2025-09-26 04:45,9030.909
2025-09-26 05:00,9030.909
2025-09-26 05:15,9030.909
2025-09-26 05:30,9030.909
2025-09-26 05:45,9030.909
2025-09-26 06:00,9030.909
2025-09-26 06:15,9030.909
2025-09-26 06:30,9030.938
2025-09-26 06:45,9030.938
2025-09-26 07:00,9031.018
2025-09-26 07:15,9031.018
2025-09-26 07:30,9031.018
2025-09-26 07:45,9031.018
2025-09-26 08:00,9031.069
2025-09-26 08:15,9031.069
2025-09-26 08:30,9031.069
2025-09-26 08:45,9031.069
2025-09-26 09:00,9031.164
2025-09-26 09:15,9031.331
2025-09-26 09:30,9031.331
2025-09-26 09:45,9031.331
2025-09-26 10:00,9031.331
2025-09-26 10:15,9031.377
2025-09-26 10:30,9031.541
2025-09-26 10:45,9031.542
2025-09-26 11:00,9031.542
2025-09-26 11:15,9031.542
2025-09-26 11:30,9031.542
2025-09-26 11:45,9031.542
2025-09-26 12:00,9031.602
2025-09-26 12:15,9031.602
2025-09-26 12:30,9031.602
2025-09-26 12:45,9031.602
2025-09-26 13:00,9031.602
2025-09-26 13:15,9031.602
2025-09-26 13:30,9031.602
2025-09-26 13:45,9031.602
2025-09-26 14:00,9031.602
2025-09-26 14:15,9031.602
2025-09-26 14:30,9031.602
2025-09-26 14:45,9031.770
2025-09-26 15:00,9031.770
2025-09-26 15:15,9031.770
2025-09-26 15:30,9031.770
2025-09-26 15:45,9031.770
2025-09-26 16:00,9031.770
2025-09-26 16:15,9031.788
2025-09-26 16:30,9031.799
2025-09-26 16:45,9031.799
2025-09-26 17:00,9031.799
2025-09-26 17:15,9031.799
2025-09-26 17:30,9031.837
2025-09-26 17:45,9031.837
2025-09-26 18:00,9031.856
2025-09-26 18:15,9031.856
2025-09-26 18:30,9031.856
2025-09-26 18:45,9031.856
2025-09-26 19:00,9031.885
2025-09-26 19:15,9031.885
2025-09-26 19:30,9031.885
2025-09-26 19:45,9031.885
2025-09-26 20:00,9031.885
2025-09-26 20:15,9031.885
2025-09-26 20:30,9031.930
2025-09-26 20:45,9031.930
2025-09-26 21:00,9031.930
2025-09-26 21:15,9031.930
2025-09-26 21:30,9031.930
2025-09-26 21:45,9031.930
2025-09-26 22:00,9031.954
2025-09-26 22:15,9031.954
2025-09-26 22:30,9031.954
2025-09-26 22:45,9031.954
2025-09-26 23:00,9031.954
2025-09-26 23:15,9031.954
2025-09-26 23:30,9031.954
2025-09-26 23:45,9031.954
2025-09-27 00:00,9032.003
2025-09-27 00:15,9032.003
2025-09-27 00:30,9032.003
2025-09-27 00:45,9032.003
2025-09-27 01:00,9032.003
2025-09-27 01:15,9032.003
2025-09-27 01:30,9032.003
2025-09-27 01:45,9032.003
2025-09-27 02:00,9032.003
2025-09-27 02:15,9032.003
2025-09-27 02:30,9032.003
2025-09-27 02:45,9032.003
2025-09-27 03:00,9032.049
2025-09-27 03:15,9032.049
2025-09-27 03:30,9032.049
2025-09-27 03:45,9032.049
2025-09-27 04:00,9032.049
2025-09-27 04:15,9032.049
2025-09-27 04:30,9032.049
2025-09-27 04:45,9032.049
2025-09-27 05:00,9032.049
2025-09-27 05:15,9032.049
2025-09-27 05:30,9032.049
2025-09-27 05:45,9032.080
2025-09-27 06:00,9032.080
2025-09-27 06:15,9032.080
2025-09-27 06:30,9032.080
2025-09-27 06:45,9032.080
2025-09-27 07:00,9032.115
2025-09-27 07:15,9032.228
2025-09-27 07:30,9032.228
2025-09-27 07:45,9032.228
2025-09-27 08:00,9032.228
2025-09-27 08:15,9032.306
2025-09-27 08:30,9032.306
2025-09-27 08:45,9032.306
2025-09-27 09:00,9032.306
2025-09-27 09:15,9032.367
2025-09-27 09:30,9032.436
2025-09-27 09:45,9032.436
2025-09-27 10:00,9032.436
2025-09-27 10:15,9032.436
2025-09-27 10:30,9032.436
2025-09-27 10:45,9032.436
2025-09-27 11:00,9032.436
2025-09-27 11:15,9032.436
2025-09-27 11:30,9032.486
2025-09-27 11:45,9032.486
2025-09-27 12:00,9032.486
2025-09-27 12:15,9032.553
2025-09-27 12:30,9032.553
2025-09-27 12:45,9032.553
2025-09-27 13:00,9032.553
2025-09-27 13:15,9032.553
2025-09-27 13:30,9032.553
2025-09-27 13:45,9032.553
2025-09-27 14:00,9032.691
2025-09-27 14:15,9032.742
2025-09-27 14:30,9032.742
2025-09-27 14:45,9032.742
2025-09-27 15:00,9032.793
2025-09-27 15:15,9032.793
2025-09-27 15:30,9032.793
2025-09-27 15:45,9032.931
2025-09-27 16:00,9033.029
2025-09-27 16:15,9033.029
2025-09-27 16:30,9033.029
2025-09-27 16:45,9033.029
2025-09-27 17:00,9033.029
2025-09-27 17:15,9033.031
2025-09-27 17:30,9033.102
2025-09-27 17:45,9033.168
2025-09-27 18:00,9033.269
2025-09-27 18:15,9033.309
2025-09-27 18:30,9033.309
2025-09-27 18:45,9033.309
2025-09-27 19:00,9033.339
2025-09-27 19:15,9033.339
2025-09-27 19:30,9033.477
2025-09-27 19:45,9033.477
2025-09-27 20:00,9033.477
2025-09-27 20:15,9033.477
2025-09-27 20:30,9033.528
2025-09-27 20:45,9033.528
2025-09-27 21:00,9033.528
2025-09-27 21:15,9033.528
2025-09-27 21:30,9033.528
2025-09-27 21:45,9033.528
2025-09-27 22:00,9033.528
2025-09-27 22:15,9033.528
2025-09-27 22:30,9033.528
2025-09-27 22:45,9033.528
2025-09-27 23:00,9033.575
2025-09-27 23:15,9033.586
2025-09-27 23:30,9033.586
2025-09-27 23:45,9033.586
2025-09-28 00:00,9033.586
2025-09-28 00:15,9033.586
2025-09-28 00:30,9033.586
2025-09-28 00:45,9033.586
2025-09-28 01:00,9033.586
2025-09-28 01:15,9033.586
2025-09-28 01:30,9033.586
2025-09-28 01:45,9033.586
2025-09-28 02:00,9033.632
2025-09-28 02:15,9033.632
2025-09-28 02:30,9033.632
2025-09-28 02:45,9033.632
2025-09-28 03:00,9033.632
2025-09-28 03:15,9033.632
2025-09-28 03:30,9033.632
2025-09-28 03:45,9033.632
2025-09-28 04:00,9033.632
2025-09-28 04:15,9033.632
2025-09-28 04:30,9033.663
2025-09-28 04:45,9033.663
2025-09-28 05:00,9033.663
2025-09-28 05:15,9033.663
2025-09-28 05:30,9033.734
2025-09-28 05:45,9033.786
2025-09-28 06:00,9033.786
2025-09-28 06:15,9033.786
2025-09-28 06:30,9033.786
2025-09-28 06:45,9033.848
2025-09-28 07:00,9033.848
2025-09-28 07:15,9033.848
2025-09-28 07:30,9033.848
2025-09-28 07:45,9033.848
2025-09-28 08:00,9033.886
2025-09-28 08:15,9033.968
2025-09-28 08:30,9034.012
2025-09-28 08:45,9034.183
2025-09-28 09:00,9034.524
2025-09-28 09:15,9035.134
2025-09-28 09:30,9035.296
2025-09-28 09:45,9035.329
2025-09-28 10:00,9035.358
2025-09-28 10:15,9035.358
2025-09-28 10:30,9035.358
2025-09-28 10:45,9035.358
2025-09-28 11:00,9035.358
2025-09-28 11:15,9035.396
2025-09-28 11:30,9035.396
2025-09-28 11:45,9035.396
2025-09-28 12:00,9035.396
2025-09-28 12:15,9035.396
2025-09-28 12:30,9035.396
2025-09-28 12:45,9035.406
2025-09-28 13:00,9035.439
2025-09-28 13:15,9035.439
2025-09-28 13:30,9035.439
2025-09-28 13:45,9035.439
2025-09-28 14:00,9035.439
2025-09-28 14:15,9035.439
2025-09-28 14:30,9035.439
2025-09-28 14:45,9035.439
2025-09-28 15:00,9035.439
2025-09-28 15:15,9035.439
2025-09-28 15:30,9035.487
2025-09-28 15:45,9035.487
2025-09-28 16:00,9035.487
2025-09-28 16:15,9035.487
2025-09-28 16:30,9035.508
2025-09-28 16:45,9035.522
2025-09-28 17:00,9035.522
2025-09-28 17:15,9035.522
2025-09-28 17:30,9035.522
2025-09-28 17:45,9035.522
2025-09-28 18:00,9035.522
2025-09-28 18:15,9035.551
2025-09-28 18:30,9035.551
2025-09-28 18:45,9035.551
2025-09-28 19:00,9035.551
2025-09-28 19:15,9035.870
2025-09-28 19:30,9035.987
2025-09-28 19:45,9036.139
2025-09-28 20:00,9036.139
2025-09-28 20:15,9036.139
2025-09-28 20:30,9036.139
2025-09-28 20:45,9036.139
2025-09-28 21:00,9036.139
2025-09-28 21:15,9036.184
2025-09-28 21:30,9036.184
2025-09-28 21:45,9036.184
2025-09-28 22:00,9036.184
2025-09-28 22:15,9036.184
2025-09-28 22:30,9036.184
2025-09-28 22:45,9036.184
2025-09-28 23:00,9036.184
2025-09-28 23:15,9036.184
2025-09-28 23:30,9036.184
2025-09-28 23:45,9036.184
2025-09-29 00:00,9036.184
2025-09-29 00:15,9036.230
2025-09-29 00:30,9036.230
2025-09-29 00:45,9036.230
2025-09-29 01:00,9036.230
2025-09-29 01:15,9036.230
2025-09-29 01:30,9036.230
2025-09-29 01:45,9036.230
2025-09-29 02:00,9036.230
2025-09-29 02:15,9036.230
2025-09-29 02:30,9036.252
2025-09-29 02:45,9036.261
2025-09-29 03:00,9036.261
2025-09-29 03:15,9036.261
2025-09-29 03:30,9036.261
2025-09-29 03:45,9036.261
2025-09-29 04:00,9036.296
2025-09-29 04:15,9036.296
2025-09-29 04:30,9036.296
2025-09-29 04:45,9036.296
2025-09-29 05:00,9036.296
2025-09-29 05:15,9036.296
2025-09-29 05:30,9036.296
2025-09-29 05:45,9036.296
2025-09-29 06:00,9036.326
2025-09-29 06:15,9036.326
2025-09-29 06:30,9036.326
2025-09-29 06:45,9036.326
2025-09-29 07:00,9036.326
2025-09-29 07:15,9036.404
2025-09-29 07:30,9036.455
2025-09-29 07:45,9036.507
2025-09-29 08:00,9036.507
2025-09-29 08:15,9036.550
2025-09-29 08:30,9036.568
2025-09-29 08:45,9036.568
2025-09-29 09:00,9036.568
2025-09-29 09:15,9036.719
2025-09-29 09:30,9036.719
2025-09-29 09:45,9036.719
2025-09-29 10:00,9036.719
2025-09-29 10:15,9036.719
2025-09-29 10:30,9036.719
2025-09-29 10:45,9036.719
2025-09-29 11:00,9036.719
2025-09-29 11:15,9036.719
2025-09-29 11:30,9036.719
2025-09-29 11:45,9036.719
2025-09-29 12:00,9036.719
2025-09-29 12:15,9036.766
2025-09-29 12:30,9036.766
2025-09-29 12:45,9036.766
2025-09-29 13:00,9036.766
2025-09-29 13:15,9036.766
2025-09-29 13:30,9036.766
2025-09-29 13:45,9036.766
2025-09-29 14:00,9036.766
2025-09-29 14:15,9036.766
2025-09-29 14:30,9036.766
2025-09-29 14:45,9036.791
2025-09-29 15:00,9036.799
2025-09-29 15:15,9036.799
2025-09-29 15:30,9036.799
2025-09-29 15:45,9036.799
2025-09-29 16:00,9036.808
2025-09-29 16:15,9036.834
2025-09-29 16:30,9036.834
2025-09-29 16:45,9036.834
2025-09-29 17:00,9036.834
2025-09-29 17:15,9036.834
2025-09-29 17:30,9036.834
2025-09-29 17:45,9036.862
2025-09-29 18:00,9036.862
2025-09-29 18:15,9036.862
2025-09-29 18:30,9036.862
2025-09-29 18:45,9036.862
2025-09-29 19:00,9036.862
2025-09-29 19:15,9036.862
2025-09-29 19:30,9036.899
2025-09-29 19:45,9036.904
2025-09-29 20:00,9036.904
2025-09-29 20:15,9036.904
2025-09-29 20:30,9036.904
2025-09-29 20:45,9036.904
2025-09-29 21:00,9036.904
2025-09-29 21:15,9036.904
2025-09-29 21:30,9036.904
2025-09-29 21:45,9036.928
2025-09-29 22:00,9036.935
2025-09-29 22:15,9036.935
2025-09-29 22:30,9036.935
2025-09-29 22:45,9036.935
2025-09-29 23:00,9036.935
2025-09-29 23:15,9036.970
2025-09-29 23:30,9036.973
2025-09-29 23:45,9036.973
2025-09-30 00:00,9036.973
2025-09-30 00:15,9036.973
2025-09-30 00:30,9036.973
2025-09-30 00:45,9036.973
2025-09-30 01:00,9036.973
2025-09-30 01:15,9036.973
2025-09-30 01:30,9037.005
2025-09-30 01:45,9037.005
2025-09-30 02:00,9037.005
2025-09-30 02:15,9037.005
2025-09-30 02:30,9037.005
2025-09-30 02:45,9037.005
2025-09-30 03:00,9037.039
2025-09-30 03:15,9037.039
2025-09-30 03:30,9037.039
2025-09-30 03:45,9037.039
2025-09-30 04:00,9037.039
2025-09-30 04:15,9037.039
2025-09-30 04:30,9037.039
2025-09-30 04:45,9037.067
2025-09-30 05:00,9037.067
2025-09-30 05:15,9037.067
2025-09-30 05:30,9037.067
2025-09-30 05:45,9037.067
2025-09-30 06:00,9037.251
2025-09-30 06:15,9037.251
2025-09-30 06:30,9037.251
2025-09-30 06:45,9037.251
2025-09-30 07:00,9037.251
2025-09-30 07:15,9037.350
2025-09-30 07:30,9037.465
2025-09-30 07:45,9037.465
2025-09-30 08:00,9037.465
2025-09-30 08:15,9037.465
2025-09-30 08:30,9037.465
2025-09-30 08:45,9037.465
2025-09-30 09:00,9037.465
2025-09-30 09:15,9037.511
2025-09-30 09:30,9037.511
2025-09-30 09:45,9037.548
2025-09-30 10:00,9037.548
2025-09-30 10:15,9037.548
2025-09-30 10:30,9037.548
2025-09-30 10:45,9037.548
2025-09-30 11:00,9037.583
2025-09-30 11:15,9037.583
2025-09-30 11:30,9037.626
2025-09-30 11:45,9037.626
2025-09-30 12:00,9037.626
2025-09-30 12:15,9037.626
2025-09-30 12:30,9037.626
2025-09-30 12:45,9037.663
2025-09-30 13:00,9037.663
2025-09-30 13:15,9037.663
2025-09-30 13:30,9037.722
2025-09-30 13:45,9037.722
2025-09-30 14:00,9037.722
2025-09-30 14:15,9037.722
2025-09-30 14:30,9037.759
2025-09-30 14:45,9037.759
2025-09-30 15:00,9037.759
2025-09-30 15:15,9037.759
2025-09-30 15:30,9037.759
2025-09-30 15:45,9037.759
2025-09-30 16:00,9037.759
2025-09-30 16:15,9037.759
2025-09-30 16:30,9037.759
2025-09-30 16:45,9037.803
2025-09-30 17:00,9037.803
2025-09-30 17:15,9037.803
2025-09-30 17:30,9037.803
2025-09-30 17:45,9037.803
2025-09-30 18:00,9037.803
2025-09-30 18:15,9037.803
2025-09-30 18:30,9037.803
2025-09-30 18:45,9037.803
2025-09-30 19:00,9037.803
2025-09-30 19:15,9037.826
2025-09-30 19:30,9037.834
2025-09-30 19:45,9037.834
2025-09-30 20:00,9037.834
2025-09-30 20:15,9037.834
2025-09-30 20:30,9037.834
2025-09-30 20:45,9037.869
2025-09-30 21:00,9038.041
2025-09-30 21:15,9038.555
2025-09-30 21:30,9038.555
2025-09-30 21:45,9038.555
2025-09-30 22:00,9038.555
2025-09-30 22:15,9038.595
2025-09-30 22:30,9038.633
2025-09-30 22:45,9038.633
2025-09-30 23:00,9038.633
2025-09-30 23:15,9038.633
2025-09-30 23:30,9038.633
2025-09-30 23:45,9038.633
2025-10-01 00:00,9038.633
2025-10-01 00:15,9038.633
2025-10-01 00:30,9038.633
2025-10-01 00:45,9038.633
2025-10-01 01:00,9038.633
2025-10-01 01:15,9038.633
2025-10-01 01:30,9038.633
2025-10-01 01:45,9038.633
2025-10-01 02:00,9038.633
2025-10-01 02:15,9038.633
2025-10-01 02:30,9038.633
2025-10-01 02:45,9038.633
2025-10-01 03:00,9038.633
2025-10-01 03:15,9038.633
2025-10-01 03:30,9038.633
2025-10-01 03:45,9038.633
2025-10-01 04:00,9038.633
2025-10-01 04:15,9038.633
2025-10-01 04:30,9038.692
2025-10-01 04:45,9038.692
2025-10-01 05:00,9038.692
2025-10-01 05:15,9038.692
2025-10-01 05:30,9038.692
2025-10-01 05:45,9038.692
2025-10-01 06:00,9038.692
2025-10-01 06:15,9038.692
2025-10-01 06:30,9038.692
2025-10-01 06:45,9038.692
2025-10-01 07:00,9038.692
2025-10-01 07:15,9038.692
2025-10-01 07:30,9038.692
2025-10-01 07:45,9038.740
2025-10-01 08:00,9038.740
2025-10-01 08:15,9038.740
2025-10-01 08:30,9038.846
2025-10-01 08:45,9038.846
2025-10-01 09:00,9038.846
2025-10-01 09:15,9038.846
2025-10-01 09:30,9038.846
2025-10-01 09:45,9038.846
2025-10-01 10:00,9038.866
2025-10-01 10:15,9038.879
2025-10-01 10:30,9038.879
2025-10-01 10:45,9038.938
2025-10-01 11:00,9038.938
2025-10-01 11:15,9038.938
2025-10-01 11:30,9038.938
2025-10-01 11:45,9038.938
2025-10-01 12:00,9038.938
2025-10-01 12:15,9038.938
2025-10-01 12:30,9038.938
2025-10-01 12:45,9038.938
2025-10-01 13:00,9038.938
2025-10-01 13:15,9038.938
2025-10-01 13:30,9038.938
2025-10-01 13:45,9038.990
2025-10-01 14:00,9038.990
2025-10-01 14:15,9038.990
2025-10-01 14:30,9038.990
2025-10-01 14:45,9038.990
2025-10-01 15:00,9038.990
2025-10-01 15:15,9038.990
2025-10-01 15:30,9038.990
2025-10-01 15:45,9038.990
2025-10-01 16:00,9038.990
2025-10-01 16:15,9039.022
2025-10-01 16:30,9039.022
2025-10-01 16:45,9039.022
2025-10-01 17:00,9039.050
2025-10-01 17:15,9039.056
2025-10-01 17:30,9039.095
2025-10-01 17:45,9039.095
2025-10-01 18:00,9039.095
2025-10-01 18:15,9039.095
2025-10-01 18:30,9039.095
2025-10-01 18:45,9039.095
2025-10-01 19:00,9039.095
2025-10-01 19:15,9039.095
2025-10-01 19:30,9039.534
2025-10-01 19:45,9039.775
2025-10-01 20:00,9039.775
2025-10-01 20:15,9039.775
2025-10-01 20:30,9039.775
2025-10-01 20:45,9039.775
2025-10-01 21:00,9039.851
2025-10-01 21:15,9040.102
2025-10-01 21:30,9040.552
2025-10-01 21:45,9040.552
2025-10-01 22:00,9040.552
2025-10-01 22:15,9040.646
2025-10-01 22:30,9040.659
2025-10-01 22:45,9040.659
2025-10-01 23:00,9040.759
2025-10-01 23:15,9040.773
2025-10-01 23:30,9040.908
2025-10-01 23:45,9040.908
2025-10-02 00:00,9040.986
2025-10-02 00:15,9040.986
2025-10-02 00:30,9040.986
2025-10-02 00:45,9040.986
2025-10-02 01:00,9040.986
2025-10-02 01:15,9040.986
2025-10-02 01:30,9040.986
2025-10-02 01:45,9041.015
2025-10-02 02:00,9041.015
2025-10-02 02:15,9041.015
2025-10-02 02:30,9041.015
2025-10-02 02:45,9041.015
2025-10-02 03:00,9041.015
2025-10-02 03:15,9041.048
2025-10-02 03:30,9041.048
2025-10-02 03:45,9041.048
2025-10-02 04:00,9041.048
2025-10-02 04:15,9041.048
2025-10-02 04:30,9041.048
2025-10-02 04:45,9041.075
2025-10-02 05:00,9041.075
2025-10-02 05:15,9041.075
2025-10-02 05:30,9041.075
2025-10-02 05:45,9041.075
2025-10-02 06:00,9041.075
2025-10-02 06:15,9041.075
2025-10-02 06:30,9041.176
2025-10-02 06:45,9041.176
2025-10-02 07:00,9041.176
2025-10-02 07:15,9041.313
2025-10-02 07:30,9041.531
2025-10-02 07:45,9041.531
2025-10-02 08:00,9041.531
2025-10-02 08:15,9041.531
2025-10-02 08:30,9041.531
2025-10-02 08:45,9041.531
2025-10-02 09:00,9041.531
2025-10-02 09:15,9041.531
2025-10-02 09:30,9041.531
2025-10-02 09:45,9041.553
2025-10-02 10:00,9041.561
2025-10-02 10:15,9041.591
2025-10-02 10:30,9041.591
2025-10-02 10:45,9041.591
2025-10-02 11:00,9041.626
2025-10-02 11:15,9041.640
2025-10-02 11:30,9041.640
2025-10-02 11:45,9041.640
2025-10-02 12:00,9041.640
2025-10-02 12:15,9041.640
2025-10-02 12:30,9041.640
2025-10-02 12:45,9041.640
2025-10-02 13:00,9041.640
2025-10-02 13:15,9041.640
2025-10-02 13:30,9041.671
2025-10-02 13:45,9041.671
2025-10-02 14:00,9041.671
2025-10-02 14:15,9041.671
2025-10-02 14:30,9041.671
2025-10-02 14:45,9041.671
2025-10-02 15:00,9041.713
2025-10-02 15:15,9041.713
2025-10-02 15:30,9041.713
2025-10-02 15:45,9041.738
2025-10-02 16:00,9041.742
2025-10-02 16:15,9041.786
2025-10-02 16:30,9041.847
2025-10-02 16:45,9041.873
2025-10-02 17:00,9041.879
2025-10-02 17:15,9041.912
2025-10-02 17:30,9041.920
2025-10-02 17:45,9041.920
2025-10-02 18:00,9041.920
2025-10-02 18:15,9041.920
2025-10-02 18:30,9041.920
2025-10-02 18:45,9041.955
2025-10-02 19:00,9041.955
2025-10-02 19:15,9041.955
2025-10-02 19:30,9041.955
2025-10-02 19:45,9041.955
2025-10-02 20:00,9041.955
2025-10-02 20:15,9041.955
2025-10-02 20:30,9041.984
2025-10-02 20:45,9041.984
2025-10-02 21:00,9041.984
2025-10-02 21:15,9041.984
2025-10-02 21:30,9041.984
2025-10-02 21:45,9041.984
2025-10-02 22:00,9041.984
2025-10-02 22:15,9042.027
2025-10-02 22:30,9042.027
2025-10-02 22:45,9042.027
2025-10-02 23:00,9042.027
2025-10-02 23:15,9042.027
2025-10-02 23:30,9042.027
2025-10-02 23:45,9042.027
2025-10-03 00:00,9042.027
2025-10-03 00:15,9042.027
2025-10-03 00:30,9042.027
2025-10-03 00:45,9042.060
2025-10-03 01:00,9042.060
2025-10-03 01:15,9042.060
2025-10-03 01:30,9042.060
2025-10-03 01:45,9042.060
2025-10-03 02:00,9042.093
2025-10-03 02:15,9042.093
2025-10-03 02:30,9042.093
2025-10-03 02:45,9042.093
2025-10-03 03:00,9042.093
2025-10-03 03:15,9042.093
2025-10-03 03:30,9042.122
2025-10-03 03:45,9042.122
2025-10-03 04:00,9042.122
2025-10-03 04:15,9042.122
2025-10-03 04:30,9042.122
2025-10-03 04:45,9042.122
2025-10-03 05:00,9042.122
2025-10-03 05:15,9042.165
2025-10-03 05:30,9042.165
2025-10-03 05:45,9042.165
2025-10-03 06:00,9042.165
2025-10-03 06:15,9042.165
2025-10-03 06:30,9042.165
2025-10-03 06:45,9042.165
2025-10-03 07:00,9042.165
2025-10-03 07:15,9042.165
2025-10-03 07:30,9042.165
2025-10-03 07:45,9042.197
2025-10-03 08:00,9042.197
2025-10-03 08:15,9042.197
2025-10-03 08:30,9042.197
2025-10-03 08:45,9042.370
2025-10-03 09:00,9042.370
2025-10-03 09:15,9042.573
2025-10-03 09:30,9042.573
2025-10-03 09:45,9042.573
2025-10-03 10:00,9042.573
2025-10-03 10:15,9042.573
2025-10-03 10:30,9042.635
2025-10-03 10:45,9042.635
2025-10-03 11:00,9042.673
2025-10-03 11:15,9042.729
2025-10-03 11:30,9042.729
2025-10-03 11:45,9042.729
2025-10-03 12:00,9042.784
2025-10-03 12:15,9042.784
2025-10-03 12:30,9042.836
2025-10-03 12:45,9042.836
2025-10-03 13:00,9042.836
2025-10-03 13:15,9042.836
2025-10-03 13:30,9042.866
2025-10-03 13:45,9042.891
2025-10-03 14:00,9042.891
2025-10-03 14:15,9042.891
2025-10-03 14:30,9042.891
2025-10-03 14:45,9042.891
2025-10-03 15:00,9042.891
2025-10-03 15:15,9042.928
2025-10-03 15:30,9042.928
2025-10-03 15:45,9042.928
2025-10-03 16:00,9042.928
2025-10-03 16:15,9042.961
2025-10-03 16:30,9042.961
2025-10-03 16:45,9042.961
2025-10-03 17:00,9042.961
2025-10-03 17:15,9042.961
2025-10-03 17:30,9042.961
2025-10-03 17:45,9042.961
2025-10-03 18:00,9042.991
2025-10-03 18:15,9042.991
2025-10-03 18:30,9042.991
2025-10-03 18:45,9042.991
2025-10-03 19:00,9042.991
2025-10-03 19:15,9042.991
2025-10-03 19:30,9043.027
2025-10-03 19:45,9043.027
2025-10-03 20:00,9043.097
2025-10-03 20:15,9043.097
2025-10-03 20:30,9043.097
2025-10-03 20:45,9043.097
2025-10-03 21:00,9043.134
2025-10-03 21:15,9043.134
2025-10-03 21:30,9043.134
2025-10-03 21:45,9043.134
2025-10-03 22:00,9043.134
2025-10-03 22:15,9043.134
2025-10-03 22:30,9043.134
2025-10-03 22:45,9043.134
2025-10-03 23:00,9043.178
2025-10-03 23:15,9043.178
2025-10-03 23:30,9043.178
2025-10-03 23:45,9043.178
2025-10-04 00:00,9043.178
2025-10-04 00:15,9043.178
2025-10-04 00:30,9043.178
2025-10-04 00:45,9043.178
2025-10-04 01:00,9043.178
2025-10-04 01:15,9043.178
2025-10-04 01:30,9043.210
2025-10-04 01:45,9043.210
2025-10-04 02:00,9043.210
2025-10-04 02:15,9043.210
2025-10-04 02:30,9043.210
2025-10-04 02:45,9043.210
2025-10-04 03:00,9043.245
2025-10-04 03:15,9043.245
2025-10-04 03:30,9043.245
2025-10-04 03:45,9043.245
2025-10-04 04:00,9043.245
2025-10-04 04:15,9043.245
2025-10-04 04:30,9043.245
2025-10-04 04:45,9043.284
2025-10-04 05:00,9043.284
2025-10-04 05:15,9043.284
2025-10-04 05:30,9043.284
2025-10-04 05:45,9043.284
2025-10-04 06:00,9043.284
2025-10-04 06:15,9043.327
2025-10-04 06:30,9043.327
2025-10-04 06:45,9043.327
2025-10-04 07:00,9043.327
2025-10-04 07:15,9043.327
2025-10-04 07:30,9043.327
2025-10-04 07:45,9043.327
2025-10-04 08:00,9043.327
2025-10-04 08:15,9043.417
2025-10-04 08:30,9043.455
2025-10-04 08:45,9043.455
2025-10-04 09:00,9043.455
2025-10-04 09:15,9043.562
2025-10-04 09:30,9043.563
2025-10-04 09:45,9043.754
2025-10-04 10:00,9043.754
2025-10-04 10:15,9043.754
2025-10-04 10:30,9043.754
2025-10-04 10:45,9043.754
2025-10-04 11:00,9043.811
2025-10-04 11:15,9043.849
2025-10-04 11:30,9043.849
2025-10-04 11:45,9043.849
2025-10-04 12:00,9043.849
2025-10-04 12:15,9043.849
2025-10-04 12:30,9043.849
2025-10-04 12:45,9043.849
2025-10-04 13:00,9043.893
2025-10-04 13:15,9043.943
2025-10-04 13:30,9043.943
2025-10-04 13:45,9043.943
2025-10-04 14:00,9043.943
2025-10-04 14:15,9043.943
2025-10-04 14:30,9043.943
2025-10-04 14:45,9043.943
2025-10-04 15:00,9043.943
2025-10-04 15:15,9043.980
2025-10-04 15:30,9044.031
2025-10-04 15:45,9044.031
2025-10-04 16:00,9044.031
2025-10-04 16:15,9044.080
2025-10-04 16:30,9044.080
2025-10-04 16:45,9044.080
2025-10-04 17:00,9044.135
2025-10-04 17:15,9044.135
2025-10-04 17:30,9044.135
2025-10-04 17:45,9044.135
2025-10-04 18:00,9044.135
2025-10-04 18:15,9044.173
2025-10-04 18:30,9044.223
2025-10-04 18:45,9044.223
2025-10-04 19:00,9044.223
2025-10-04 19:15,9044.223
2025-10-04 19:30,9044.223
2025-10-04 19:45,9044.303
2025-10-04 20:00,9044.321
2025-10-04 20:15,9044.321
2025-10-04 20:30,9044.321
2025-10-04 20:45,9044.373
2025-10-04 21:00,9044.373
2025-10-04 21:15,9044.373
2025-10-04 21:30,9044.373
2025-10-04 21:45,9044.373
2025-10-04 22:00,9044.373
2025-10-04 22:15,9044.426
2025-10-04 22:30,9044.429
2025-10-04 22:45,9044.429
2025-10-04 23:00,9044.429
2025-10-04 23:15,9044.429
2025-10-04 23:30,9044.429
2025-10-04 23:45,9044.429
2025-10-05 00:00,9044.429
2025-10-05 00:15,9044.429
2025-10-05 00:30,9044.429
2025-10-05 00:45,9044.429
2025-10-05 01:00,9044.462
2025-10-05 01:15,9044.462
2025-10-05 01:30,9044.462
2025-10-05 01:45,9044.462
2025-10-05 02:00,9044.495
2025-10-05 02:15,9044.495
2025-10-05 02:30,9044.495
2025-10-05 02:45,9044.495
2025-10-05 03:00,9044.495
2025-10-05 03:15,9044.495
2025-10-05 03:30,9044.495
2025-10-05 03:45,9044.525
2025-10-05 04:00,9044.525
2025-10-05 04:15,9044.525
2025-10-05 04:30,9044.525
2025-10-05 04:45,9044.525
2025-10-05 05:00,9044.525
2025-10-05 05:15,9044.564
2025-10-05 05:30,9044.564
2025-10-05 05:45,9044.564
2025-10-05 06:00,9044.564
2025-10-05 06:15,9044.564
2025-10-05 06:30,9044.564
2025-10-05 06:45,9044.564
2025-10-05 07:00,9044.564
2025-10-05 07:15,9044.596
2025-10-05 07:30,9044.596
2025-10-05 07:45,9044.596
2025-10-05 08:00,9044.596
2025-10-05 08:15,9044.596
2025-10-05 08:30,9044.596
2025-10-05 08:45,9044.638
2025-10-05 09:00,9044.638
2025-10-05 09:15,9044.733
2025-10-05 09:30,9044.733
2025-10-05 09:45,9044.885
2025-10-05 10:00,9044.885
2025-10-05 10:15,9044.885
2025-10-05 10:30,9044.885
2025-10-05 10:45,9044.929
2025-10-05 11:00,9044.929
2025-10-05 11:15,9044.929
2025-10-05 11:30,9044.929
2025-10-05 11:45,9044.929
2025-10-05 12:00,9044.980
2025-10-05 12:15,9044.980
2025-10-05 12:30,9044.980
2025-10-05 12:45,9044.980
2025-10-05 13:00,9045.015
2025-10-05 13:15,9045.073
2025-10-05 13:30,9045.073
2025-10-05 13:45,9045.073
2025-10-05 14:00,9045.073
2025-10-05 14:15,9045.073
2025-10-05 14:30,9045.073
2025-10-05 14:45,9045.073
2025-10-05 15:00,9045.111
2025-10-05 15:15,9045.111
2025-10-05 15:30,9045.111
2025-10-05 15:45,9045.111
2025-10-05 16:00,9045.111
2025-10-05 16:15,9045.155
2025-10-05 16:30,9045.155
2025-10-05 16:45,9045.155
2025-10-05 17:00,9045.155
2025-10-05 17:15,9045.226
2025-10-05 17:30,9045.311
2025-10-05 17:45,9045.331
2025-10-05 18:00,9045.407
2025-10-05 18:15,9045.642
2025-10-05 18:30,9045.642
2025-10-05 18:45,9045.642
2025-10-05 19:00,9045.642
2025-10-05 19:15,9045.642
2025-10-05 19:30,9045.707
2025-10-05 19:45,9045.707
2025-10-05 20:00,9045.707
2025-10-05 20:15,9045.707
2025-10-05 20:30,9045.771
2025-10-05 20:45,9045.824
2025-10-05 21:00,9045.824
2025-10-05 21:15,9045.824
2025-10-05 21:30,9045.824
2025-10-05 21:45,9045.824
2025-10-05 22:00,9045.824
2025-10-05 22:15,9045.824
2025-10-05 22:30,9045.824
2025-10-05 22:45,9045.824
2025-10-05 23:00,9045.824
2025-10-05 23:15,9045.859
2025-10-05 23:30,9045.859
2025-10-05 23:45,9045.859
2025-10-06 00:00,9045.859
2025-10-06 00:15,9045.859
2025-10-06 00:30,9045.859
2025-10-06 00:45,9045.902
2025-10-06 01:00,9045.902
2025-10-06 01:15,9045.902
2025-10-06 01:30,9045.902
2025-10-06 01:45,9045.902
2025-10-06 02:00,9045.902
2025-10-06 02:15,9045.902
2025-10-06 02:30,9045.902
2025-10-06 02:45,9045.942
2025-10-06 03:00,9045.942
2025-10-06 03:15,9045.942
2025-10-06 03:30,9045.942
2025-10-06 03:45,9045.976
2025-10-06 04:00,9045.976
2025-10-06 04:15,9045.976
2025-10-06 04:30,9045.976
2025-10-06 04:45,9045.976
2025-10-06 05:00,9045.976
2025-10-06 05:15,9046.015
2025-10-06 05:30,9046.015
2025-10-06 05:45,9046.015
2025-10-06 06:00,9046.026
2025-10-06 06:15,9046.069
2025-10-06 06:30,9046.277
2025-10-06 06:45,9046.287
2025-10-06 07:00,9046.515
2025-10-06 07:15,9046.752
2025-10-06 07:30,9046.970
2025-10-06 07:45,9047.194
2025-10-06 08:00,9047.374
2025-10-06 08:15,9047.563
2025-10-06 08:30,9047.784
2025-10-06 08:45,9048.007
2025-10-06 09:00,9048.222
2025-10-06 09:15,9048.434
2025-10-06 09:30,9048.610
2025-10-06 09:45,9048.804
2025-10-06 10:00,9048.976
2025-10-06 10:15,9049.157
2025-10-06 10:30,9049.320
2025-10-06 10:45,9049.461
2025-10-06 11:00,9049.621
2025-10-06 11:15,9049.730
2025-10-06 11:30,9049.850
2025-10-06 11:45,9049.945
2025-10-06 12:00,9050.034
2025-10-06 12:15,9050.106
2025-10-06 12:30,9050.170
2025-10-06 12:45,9050.265
2025-10-06 13:00,9050.312
2025-10-06 13:15,9050.331
2025-10-06 13:30,9050.353
2025-10-06 13:45,9050.373
2025-10-06 14:00,9050.397
2025-10-06 14:15,9050.418
2025-10-06 14:30,9050.458
2025-10-06 14:45,9050.458
2025-10-06 15:00,9050.498
2025-10-06 15:15,9050.498
2025-10-06 15:30,9050.498
2025-10-06 15:45,9050.498
2025-10-06 16:00,9050.532
2025-10-06 16:15,9050.532
2025-10-06 16:30,9050.532
2025-10-06 16:45,9050.532
2025-10-06 17:00,9050.532
2025-10-06 17:15,9050.532
2025-10-06 17:30,9050.532
2025-10-06 17:45,9050.532
2025-10-06 18:00,9050.592
2025-10-06 18:15,9050.602
2025-10-06 18:30,9050.602
2025-10-06 18:45,9050.671
2025-10-06 19:00,9050.682
2025-10-06 19:15,9050.735
2025-10-06 19:30,9050.763
2025-10-06 19:45,9050.786
2025-10-06 20:00,9050.830
2025-10-06 20:15,9050.872
2025-10-06 20:30,9050.893
2025-10-06 20:45,9050.968
2025-10-06 21:00,9050.988
2025-10-06 21:15,9050.988
2025-10-06 21:30,9051.538
2025-10-06 21:45,9051.729
2025-10-06 22:00,9051.729
2025-10-06 22:15,9051.729
2025-10-06 22:30,9051.729
2025-10-06 22:45,9051.729
2025-10-06 23:00,9051.729
2025-10-06 23:15,9051.729
2025-10-06 23:30,9051.729
2025-10-06 23:45,9051.754
2025-10-07 00:00,9051.761
2025-10-07 00:15,9051.761
2025-10-07 00:30,9051.761
2025-10-07 00:45,9051.761
2025-10-07 01:00,9051.761
2025-10-07 01:15,9051.804
2025-10-07 01:30,9051.804
2025-10-07 01:45,9051.804
2025-10-07 02:00,9051.804
2025-10-07 02:15,9051.804
2025-10-07 02:30,9051.804
2025-10-07 02:45,9051.804
2025-10-07 03:00,9051.804
2025-10-07 03:15,9051.844
2025-10-07 03:30,9051.844
2025-10-07 03:45,9051.844
2025-10-07 04:00,9051.844
2025-10-07 04:15,9051.844
2025-10-07 04:30,9051.879
2025-10-07 04:45,9051.879
2025-10-07 05:00,9051.879
2025-10-07 05:15,9051.879
2025-10-07 05:30,9051.879
2025-10-07 05:45,9051.879
2025-10-07 06:00,9051.879
2025-10-07 06:15,9051.879
2025-10-07 06:30,9051.919
2025-10-07 06:45,9051.919
2025-10-07 07:00,9052.021
2025-10-07 07:15,9052.222
2025-10-07 07:30,9052.371
2025-10-07 07:45,9052.497
2025-10-07 08:00,9052.594
2025-10-07 08:15,9052.718
2025-10-07 08:30,9052.861
2025-10-07 08:45,9053.095
2025-10-07 09:00,9053.236
2025-10-07 09:15,9053.357
2025-10-07 09:30,9053.458
2025-10-07 09:45,9053.573
2025-10-07 10:00,9053.657
2025-10-07 10:15,9053.830
2025-10-07 10:30,9053.976
2025-10-07 10:45,9053.993
2025-10-07 11:00,9054.062
2025-10-07 11:15,9054.097
2025-10-07 11:30,9054.097
2025-10-07 11:45,9054.097
2025-10-07 12:00,9054.097
2025-10-07 12:15,9054.097
2025-10-07 12:30,9054.097
2025-10-07 12:45,9054.097
2025-10-07 13:00,9054.097
2025-10-07 13:15,9054.097
2025-10-07 13:30,9054.097
2025-10-07 13:45,9054.097
2025-10-07 14:00,9054.158
2025-10-07 14:15,9054.158
2025-10-07 14:30,9054.158
2025-10-07 14:45,9054.158
2025-10-07 15:00,9054.158
2025-10-07 15:15,9054.158
2025-10-07 15:30,9054.158
2025-10-07 15:45,9054.158
2025-10-07 16:00,9054.158
2025-10-07 16:15,9054.158
2025-10-07 16:30,9054.158
2025-10-07 16:45,9054.158
2025-10-07 17:00,9054.158
2025-10-07 17:15,9054.206
2025-10-07 17:30,9054.206
2025-10-07 17:45,9054.206
2025-10-07 18:00,9054.206
2025-10-07 18:15,9054.206
2025-10-07 18:30,9054.206
2025-10-07 18:45,9054.206
2025-10-07 19:00,9054.206
2025-10-07 19:15,9054.206
2025-10-07 19:30,9054.206
2025-10-07 19:45,9054.238
2025-10-07 20:00,9054.238
2025-10-07 20:15,9054.238
2025-10-07 20:30,9054.238
2025-10-07 20:45,9054.238
2025-10-07 21:00,9054.274
2025-10-07 21:15,9054.274
2025-10-07 21:30,9054.274
2025-10-07 21:45,9054.274
2025-10-07 22:00,9054.274
2025-10-07 22:15,9054.312
2025-10-07 22:30,9054.363
2025-10-07 22:45,9054.363
2025-10-07 23:00,9054.363
2025-10-07 23:15,9054.363
2025-10-07 23:30,9054.363
2025-10-07 23:45,9054.363
2025-10-08 00:00,9054.363
2025-10-08 00:15,9054.363
2025-10-08 00:30,9054.363
2025-10-08 00:45,9054.363
2025-10-08 01:00,9054.363
2025-10-08 01:15,9054.363
2025-10-08 01:30,9054.363
2025-10-08 01:45,9054.363
2025-10-08 02:00,9054.363
2025-10-08 02:15,9054.363
2025-10-08 02:30,9054.363
2025-10-08 02:45,9054.363
2025-10-08 03:00,9054.363
2025-10-08 03:15,9054.363
2025-10-08 03:30,9054.363
2025-10-08 03:45,9054.363
2025-10-08 04:00,9054.363
2025-10-08 04:15,9054.432
2025-10-08 04:30,9054.432
2025-10-08 04:45,9054.432
2025-10-08 05:00,9054.432
2025-10-08 05:15,9054.432
2025-10-08 05:30,9054.432
2025-10-08 05:45,9054.432
2025-10-08 06:00,9054.432
2025-10-08 06:15,9054.432
2025-10-08 06:30,9054.432
2025-10-08 06:45,9054.432
2025-10-08 07:00,9054.492
2025-10-08 07:15,9054.622
2025-10-08 07:30,9054.756
2025-10-08 07:45,9054.862
2025-10-08 08:00,9054.946
2025-10-08 08:15,9055.037
2025-10-08 08:30,9055.175
2025-10-08 08:45,9055.278
2025-10-08 09:00,9055.513
2025-10-08 09:15,9055.649
2025-10-08 09:30,9055.777
2025-10-08 09:45,9055.865
2025-10-08 10:00,9055.989
2025-10-08 10:15,9056.043
2025-10-08 10:30,9056.093
2025-10-08 10:45,9056.162
2025-10-08 11:00,9056.206
2025-10-08 11:15,9056.225
2025-10-08 11:30,9056.225
2025-10-08 11:45,9056.225
2025-10-08 12:00,9056.225
2025-10-08 12:15,9056.225
2025-10-08 12:30,9056.265
2025-10-08 12:45,9056.265
2025-10-08 13:00,9056.265
2025-10-08 13:15,9056.296
2025-10-08 13:30,9056.296
2025-10-08 13:45,9056.296
2025-10-08 14:00,9056.296
2025-10-08 14:15,9056.296
2025-10-08 14:30,9056.296
2025-10-08 14:45,9056.343
2025-10-08 15:00,9056.350
2025-10-08 15:15,9056.350
2025-10-08 15:30,9056.350
2025-10-08 15:45,9056.378
2025-10-08 16:00,9056.381
2025-10-08 16:15,9056.381
2025-10-08 16:30,9056.381
2025-10-08 16:45,9056.381
2025-10-08 17:00,9056.412
2025-10-08 17:15,9056.412
2025-10-08 17:30,9056.412
2025-10-08 17:45,9056.412
2025-10-08 18:00,9056.412
2025-10-08 18:15,9056.412
2025-10-08 18:30,9056.449
2025-10-08 18:45,9056.449
2025-10-08 19:00,9056.449
2025-10-08 19:15,9056.449
2025-10-08 19:30,9056.614
2025-10-08 19:45,9056.929
2025-10-08 20:00,9056.929
2025-10-08 20:15,9056.929
2025-10-08 20:30,9056.929
2025-10-08 20:45,9056.929
2025-10-08 21:00,9056.929
2025-10-08 21:15,9056.929
2025-10-08 21:30,9056.929
2025-10-08 21:45,9056.952
2025-10-08 22:00,9056.970
2025-10-08 22:15,9056.970
2025-10-08 22:30,9056.970
2025-10-08 22:45,9056.997
2025-10-08 23:00,9056.997
2025-10-08 23:15,9056.997
2025-10-08 23:30,9056.997
2025-10-08 23:45,9056.997
2025-10-09 00:00,9056.997
2025-10-09 00:15,9057.043
2025-10-09 00:30,9057.050
2025-10-09 00:45,9057.050
2025-10-09 01:00,9057.050
2025-10-09 01:15,9057.050
2025-10-09 01:30,9057.050
2025-10-09 01:45,9057.050
2025-10-09 02:00,9057.050
2025-10-09 02:15,9057.050
2025-10-09 02:30,9057.081
2025-10-09 02:45,9057.081
2025-10-09 03:00,9057.081
2025-10-09 03:15,9057.081
2025-10-09 03:30,9057.081
2025-10-09 03:45,9057.081
2025-10-09 04:00,9057.081
2025-10-09 04:15,9057.125
2025-10-09 04:30,9057.125
2025-10-09 04:45,9057.125
2025-10-09 05:00,9057.125
2025-10-09 05:15,9057.125
2025-10-09 05:30,9057.125
2025-10-09 05:45,9057.125
2025-10-09 06:00,9057.125
2025-10-09 06:15,9057.125
2025-10-09 06:30,9057.166
2025-10-09 06:45,9057.166
2025-10-09 07:00,9057.426
2025-10-09 07:15,9057.674
2025-10-09 07:30,9057.888
2025-10-09 07:45,9058.061
2025-10-09 08:00,9058.216
2025-10-09 08:15,9058.373
2025-10-09 08:30,9058.540
2025-10-09 08:45,9058.714
2025-10-09 09:00,9058.911
2025-10-09 09:15,9059.268
2025-10-09 09:30,9059.430
2025-10-09 09:45,9059.571
2025-10-09 10:00,9059.696
2025-10-09 10:15,9059.696
2025-10-09 10:30,9059.696
2025-10-09 10:45,9060.313
2025-10-09 11:00,9060.475
2025-10-09 11:15,9060.475
2025-10-09 11:30,9060.475
2025-10-09 11:45,9060.475
2025-10-09 12:00,9060.475
2025-10-09 12:15,9060.475
2025-10-09 12:30,9060.475
2025-10-09 12:45,9060.514
2025-10-09 13:00,9060.514
2025-10-09 13:15,9060.514
2025-10-09 13:30,9060.514
2025-10-09 13:45,9060.514
2025-10-09 14:00,9060.545
2025-10-09 14:15,9060.556
2025-10-09 14:30,9060.556
2025-10-09 14:45,9060.556
2025-10-09 15:00,9060.556
2025-10-09 15:15,9060.556
2025-10-09 15:30,9060.556
2025-10-09 15:45,9060.563
2025-10-09 16:00,9060.607
2025-10-09 16:15,9060.678
2025-10-09 16:30,9060.696
2025-10-09 16:45,9060.696
2025-10-09 17:00,9060.696
2025-10-09 17:15,9060.696
2025-10-09 17:30,9060.725
2025-10-09 17:45,9060.733
2025-10-09 18:00,9060.733
2025-10-09 18:15,9060.733
2025-10-09 18:30,9060.733
2025-10-09 18:45,9060.733
2025-10-09 19:00,9060.733
2025-10-09 19:15,9060.773
2025-10-09 19:30,9060.773
2025-10-09 19:45,9060.773
2025-10-09 20:00,9060.773
2025-10-09 20:15,9060.773
2025-10-09 20:30,9060.773
2025-10-09 20:45,9060.817
2025-10-09 21:00,9060.817
2025-10-09 21:15,9060.817
2025-10-09 21:30,9060.817
2025-10-09 21:45,9060.817
2025-10-09 22:00,9060.817
2025-10-09 22:15,9060.817
2025-10-09 22:30,9060.817
2025-10-09 22:45,9060.817
2025-10-09 23:00,9060.858
2025-10-09 23:15,9060.858
2025-10-09 23:30,9060.858
2025-10-09 23:45,9060.878
2025-10-10 00:00,9060.892
2025-10-10 00:15,9060.892
2025-10-10 00:30,9060.892
2025-10-10 00:45,9060.892
2025-10-10 01:00,9060.892
2025-10-10 01:15,9060.892
2025-10-10 01:30,9060.932
2025-10-10 01:45,9060.932
2025-10-10 02:00,9060.932
2025-10-10 02:15,9060.932
2025-10-10 02:30,9060.932
2025-10-10 02:45,9060.968
2025-10-10 03:00,9060.968
2025-10-10 03:15,9060.968
2025-10-10 03:30,9060.968
2025-10-10 03:45,9060.968
2025-10-10 04:00,9060.968
2025-10-10 04:15,9060.968
2025-10-10 04:30,9060.968
2025-10-10 04:45,9061.038
2025-10-10 05:00,9061.057
2025-10-10 05:15,9061.076
2025-10-10 05:30,9061.141
2025-10-10 05:45,9061.238
2025-10-10 06:00,9061.288
2025-10-10 06:15,9061.328
2025-10-10 06:30,9061.406
2025-10-10 06:45,9061.562
2025-10-10 07:00,9061.805
2025-10-10 07:15,9062.062
2025-10-10 07:30,9062.326
2025-10-10 07:45,9062.533
2025-10-10 08:00,9062.742
2025-10-10 08:15,9063.005
2025-10-10 08:30,9063.292
2025-10-10 08:45,9063.723
2025-10-10 09:00,9063.975
2025-10-10 09:15,9064.190
2025-10-10 09:30,9064.420
2025-10-10 09:45,9064.613
2025-10-10 10:00,9064.739
2025-10-10 10:15,9064.834
2025-10-10 10:30,9064.899
2025-10-10 10:45,9064.974
2025-10-10 11:00,9065.023
2025-10-10 11:15,9065.023
2025-10-10 11:30,9065.042
2025-10-10 11:45,9065.114
2025-10-10 12:00,9065.115
2025-10-10 12:15,9065.115
2025-10-10 12:30,9065.115
2025-10-10 12:45,9065.115
2025-10-10 13:00,9065.115
2025-10-10 13:15,9065.115
2025-10-10 13:30,9065.115
2025-10-10 13:45,9065.115
2025-10-10 14:00,9065.115
2025-10-10 14:15,9065.115
2025-10-10 14:30,9065.149
2025-10-10 14:45,9065.149
2025-10-10 15:00,9065.149
2025-10-10 15:15,9065.149
2025-10-10 15:30,9065.176
2025-10-10 15:45,9065.179
2025-10-10 16:00,9065.179
2025-10-10 16:15,9065.179
2025-10-10 16:30,9065.179
2025-10-10 16:45,9065.179
2025-10-10 17:00,9065.179
2025-10-10 17:15,9065.219
2025-10-10 17:30,9065.219
2025-10-10 17:45,9065.219
2025-10-10 18:00,9065.219
2025-10-10 18:15,9065.696
2025-10-10 18:30,9065.925
2025-10-10 18:45,9065.925
2025-10-10 19:00,9065.925
2025-10-10 19:15,9065.925
2025-10-10 19:30,9066.051
2025-10-10 19:45,9066.132
2025-10-10 20:00,9066.145
2025-10-10 20:15,9066.276
2025-10-10 20:30,9066.276
2025-10-10 20:45,9066.276
2025-10-10 21:00,9066.415
2025-10-10 21:15,9066.415
2025-10-10 21:30,9066.415
2025-10-10 21:45,9066.415
2025-10-10 22:00,9066.415
2025-10-10 22:15,9066.415
2025-10-10 22:30,9066.415
2025-10-10 22:45,9066.415
2025-10-10 23:00,9066.415
2025-10-10 23:15,9066.415
2025-10-10 23:30,9066.415
2025-10-10 23:45,9066.459
2025-10-11 00:00,9066.459
2025-10-11 00:15,9066.459
2025-10-11 00:30,9066.459
2025-10-11 00:45,9066.459
2025-10-11 01:00,9066.459
2025-10-11 01:15,9066.484
2025-10-11 01:30,9066.484
2025-10-11 01:45,9066.484
2025-10-11 02:00,9066.484
2025-10-11 02:15,9066.484
2025-10-11 02:30,9066.484
2025-10-11 02:45,9066.484
2025-10-11 03:00,9066.546
2025-10-11 03:15,9066.546
2025-10-11 03:30,9066.546
2025-10-11 03:45,9066.546
2025-10-11 04:00,9066.546
2025-10-11 04:15,9066.546
2025-10-11 04:30,9066.546
2025-10-11 04:45,9066.546
2025-10-11 05:00,9066.546
2025-10-11 05:15,9066.546
2025-10-11 05:30,9066.546
2025-10-11 05:45,9066.546
2025-10-11 06:00,9066.595
2025-10-11 06:15,9066.595
2025-10-11 06:30,9066.595
2025-10-11 06:45,9066.595
2025-10-11 07:00,9066.595
2025-10-11 07:15,9066.764
2025-10-11 07:30,9066.764
2025-10-11 07:45,9066.764
2025-10-11 08:00,9066.850
2025-10-11 08:15,9067.034
2025-10-11 08:30,9067.200
2025-10-11 08:45,9067.367
2025-10-11 09:00,9067.514
2025-10-11 09:15,9067.647
2025-10-11 09:30,9067.750
2025-10-11 09:45,9067.798
2025-10-11 10:00,9067.827
2025-10-11 10:15,9067.938
2025-10-11 10:30,9068.477
2025-10-11 10:45,9068.526
2025-10-11 11:00,9068.578
2025-10-11 11:15,9068.676
2025-10-11 11:30,9068.725
2025-10-11 11:45,9068.742
2025-10-11 12:00,9068.790
2025-10-11 12:15,9068.798
2025-10-11 12:30,9068.838
2025-10-11 12:45,9068.838
2025-10-11 13:00,9068.848
2025-10-11 13:15,9068.932
2025-10-11 13:30,9069.083
2025-10-11 13:45,9069.203
2025-10-11 14:00,9069.209
2025-10-11 14:15,9069.231
2025-10-11 14:30,9069.249
2025-10-11 14:45,9069.249
2025-10-11 15:00,9069.249
2025-10-11 15:15,9069.272
2025-10-11 15:30,9069.406
2025-10-11 15:45,9069.435
2025-10-11 16:00,9069.435
2025-10-11 16:15,9069.560
2025-10-11 16:30,9069.560
2025-10-11 16:45,9069.560
2025-10-11 17:00,9069.560
2025-10-11 17:15,9069.560
2025-10-11 17:30,9069.560
2025-10-11 17:45,9069.560
2025-10-11 18:00,9069.571
2025-10-11 18:15,9069.632
2025-10-11 18:30,9069.642
2025-10-11 18:45,9069.678
2025-10-11 19:00,9069.698
2025-10-11 19:15,9069.768
2025-10-11 19:30,9069.879
2025-10-11 19:45,9069.879
2025-10-11 20:00,9069.900
2025-10-11 20:15,9069.967
2025-10-11 20:30,9070.011
2025-10-11 20:45,9070.038
2025-10-11 21:00,9070.061
2025-10-11 21:15,9070.061
2025-10-11 21:30,9070.101
2025-10-11 21:45,9070.101
2025-10-11 22:00,9070.101
2025-10-11 22:15,9070.101
2025-10-11 22:30,9070.101
2025-10-11 22:45,9070.142
2025-10-11 23:00,9070.142
2025-10-11 23:15,9070.142
2025-10-11 23:30,9070.142
2025-10-11 23:45,9070.142
2025-10-12 00:00,9070.142
2025-10-12 00:15,9070.142
2025-10-12 00:30,9070.142
2025-10-12 00:45,9070.142
2025-10-12 01:00,9070.182
2025-10-12 01:15,9070.182
2025-10-12 01:30,9070.182
2025-10-12 01:45,9070.182
2025-10-12 02:00,9070.216
2025-10-12 02:15,9070.216
2025-10-12 02:30,9070.216
2025-10-12 02:45,9070.216
2025-10-12 03:00,9070.216
2025-10-12 03:15,9070.216
2025-10-12 03:30,9070.218
2025-10-12 03:45,9070.255
2025-10-12 04:00,9070.255
2025-10-12 04:15,9070.255
2025-10-12 04:30,9070.255
2025-10-12 04:45,9070.255
2025-10-12 05:00,9070.296
2025-10-12 05:15,9070.296
2025-10-12 05:30,9070.296
2025-10-12 05:45,9070.296
2025-10-12 06:00,9070.296
2025-10-12 06:15,9070.296
2025-10-12 06:30,9070.296
2025-10-12 06:45,9070.296
2025-10-12 07:00,9070.336
2025-10-12 07:15,9070.336
2025-10-12 07:30,9070.336
2025-10-12 07:45,9070.336
2025-10-12 08:00,9070.614
2025-10-12 08:15,9070.874
2025-10-12 08:30,9071.114
2025-10-12 08:45,9071.366
2025-10-12 09:00,9071.613
2025-10-12 09:15,9071.961
2025-10-12 09:30,9072.189
2025-10-12 09:45,9072.374
2025-10-12 10:00,9072.543
2025-10-12 10:15,9072.643
2025-10-12 10:30,9072.724
2025-10-12 10:45,9072.814
2025-10-12 11:00,9072.849
2025-10-12 11:15,9072.849
2025-10-12 11:30,9072.849
2025-10-12 11:45,9073.140
2025-10-12 12:00,9073.147
2025-10-12 12:15,9073.164
2025-10-12 12:30,9073.183
2025-10-12 12:45,9073.202
2025-10-12 13:00,9073.242
2025-10-12 13:15,9073.281
2025-10-12 13:30,9073.281
2025-10-12 13:45,9073.300
2025-10-12 14:00,9073.340
2025-10-12 14:15,9073.351
2025-10-12 14:30,9073.351
2025-10-12 14:45,9073.413
2025-10-12 15:00,9073.447
2025-10-12 15:15,9073.471
2025-10-12 15:30,9073.509
2025-10-12 15:45,9073.548
2025-10-12 16:00,9073.565
2025-10-12 16:15,9073.604
2025-10-12 16:30,9073.604
2025-10-12 16:45,9073.615
2025-10-12 17:00,9073.631
2025-10-12 17:15,9073.651
2025-10-12 17:30,9073.699
2025-10-12 17:45,9073.763
2025-10-12 18:00,9073.781
2025-10-12 18:15,9073.805
2025-10-12 18:30,9073.824
2025-10-12 18:45,9073.843
2025-10-12 19:00,9073.884
2025-10-12 19:15,9073.907
2025-10-12 19:30,9073.929
2025-10-12 19:45,9073.970
2025-10-12 20:00,9074.022
2025-10-12 20:15,9074.122
2025-10-12 20:30,9074.164
2025-10-12 20:45,9074.213
2025-10-12 21:00,9074.261
2025-10-12 21:15,9074.261
2025-10-12 21:30,9074.261
2025-10-12 21:45,9074.261
2025-10-12 22:00,9074.261
2025-10-12 22:15,9074.261
2025-10-12 22:30,9074.261
2025-10-12 22:45,9074.261
2025-10-12 23:00,9074.315
2025-10-12 23:15,9074.315
2025-10-12 23:30,9074.315
2025-10-12 23:45,9074.315
2025-10-13 00:00,9074.315
2025-10-13 00:15,9074.315
2025-10-13 00:30,9074.315
2025-10-13 00:45,9074.315
2025-10-13 01:00,9074.315
2025-10-13 01:15,9074.315
2025-10-13 01:30,9074.315
2025-10-13 01:45,9074.349
2025-10-13 02:00,9074.349
2025-10-13 02:15,9074.349
2025-10-13 02:30,9074.349
2025-10-13 02:45,9074.383
2025-10-13 03:00,9074.383
2025-10-13 03:15,9074.383
2025-10-13 03:30,9074.383
2025-10-13 03:45,9074.383
2025-10-13 04:00,9074.383
2025-10-13 04:15,9074.423
2025-10-13 04:30,9074.423
2025-10-13 04:45,9074.423
2025-10-13 05:00,9074.423
2025-10-13 05:15,9074.423
2025-10-13 05:30,9074.423
2025-10-13 05:45,9074.458
2025-10-13 06:00,9074.458
2025-10-13 06:15,9074.458
2025-10-13 06:30,9074.458
2025-10-13 06:45,9074.458
2025-10-13 07:00,9074.658
2025-10-13 07:15,9074.882
2025-10-13 07:30,9075.044
2025-10-13 07:45,9075.182
2025-10-13 08:00,9075.284
2025-10-13 08:15,9075.376
2025-10-13 08:30,9075.654
2025-10-13 08:45,9075.853
2025-10-13 09:00,9076.013
2025-10-13 09:15,9076.159
2025-10-13 09:30,9076.291
2025-10-13 09:45,9076.405
2025-10-13 10:00,9076.531
2025-10-13 10:15,9076.617
2025-10-13 10:30,9076.705
2025-10-13 10:45,9076.793
2025-10-13 11:00,9076.896
2025-10-13 11:15,9076.978
2025-10-13 11:30,9077.026
2025-10-13 11:45,9077.077
2025-10-13 12:00,9077.124
2025-10-13 12:15,9077.169
2025-10-13 12:30,9077.218
2025-10-13 12:45,9077.266
2025-10-13 13:00,9077.312
2025-10-13 13:15,9077.356
2025-10-13 13:30,9077.356
2025-10-13 13:45,9077.427
2025-10-13 14:00,9077.427
2025-10-13 14:15,9077.427
2025-10-13 14:30,9077.427
2025-10-13 14:45,9077.427
2025-10-13 15:00,9077.427
2025-10-13 15:15,9077.427
2025-10-13 15:30,9077.427
2025-10-13 15:45,9077.427
2025-10-13 16:00,9077.427
2025-10-13 16:15,9077.427
2025-10-13 16:30,9077.427
2025-10-13 16:45,9077.480
2025-10-13 17:00,9077.480
2025-10-13 17:15,9077.480
2025-10-13 17:30,9077.480
2025-10-13 17:45,9077.480
2025-10-13 18:00,9077.491
2025-10-13 18:15,9077.516
2025-10-13 18:30,9077.516
2025-10-13 18:45,9077.526
2025-10-13 19:00,9077.578
2025-10-13 19:15,9077.598
2025-10-13 19:30,9077.672
2025-10-13 19:45,9077.769
2025-10-13 20:00,9077.832
2025-10-13 20:15,9077.935
2025-10-13 20:30,9078.089
2025-10-13 20:45,9078.167
2025-10-13 21:00,9078.257
2025-10-13 21:15,9078.257
2025-10-13 21:30,9078.257
2025-10-13 21:45,9078.257
2025-10-13 22:00,9078.257
2025-10-13 22:15,9078.316
2025-10-13 22:30,9078.316
2025-10-13 22:45,9078.316
2025-10-13 23:00,9078.316
2025-10-13 23:15,9078.316
2025-10-13 23:30,9078.316
2025-10-13 23:45,9078.316
2025-10-14 00:00,9078.316
2025-10-14 00:15,9078.327
2025-10-14 00:30,9078.345
2025-10-14 00:45,9078.365
2025-10-14 01:00,9078.435
2025-10-14 01:15,9078.452
2025-10-14 01:30,9078.507
2025-10-14 01:45,9078.547
2025-10-14 02:00,9078.568
2025-10-14 02:15,9078.609
2025-10-14 02:30,9078.630
2025-10-14 02:45,9078.651
2025-10-14 03:00,9078.690
2025-10-14 03:15,9078.720
2025-10-14 03:30,9078.809
2025-10-14 03:45,9078.848
2025-10-14 04:00,9078.869
2025-10-14 04:15,9078.890
2025-10-14 04:30,9078.937
2025-10-14 04:45,9078.979
2025-10-14 05:00,9078.999
2025-10-14 05:15,9079.040
2025-10-14 05:30,9079.060
2025-10-14 05:45,9079.100
2025-10-14 06:00,9079.184
2025-10-14 06:15,9079.195
2025-10-14 06:30,9079.231
2025-10-14 06:45,9079.275
2025-10-14 07:00,9079.584
2025-10-14 07:15,9079.841
2025-10-14 07:30,9080.168
2025-10-14 07:45,9080.387
2025-10-14 08:00,9080.564
2025-10-14 08:15,9080.746
2025-10-14 08:30,9080.942
2025-10-14 08:45,9081.172
2025-10-14 09:00,9081.402
2025-10-14 09:15,9081.594
2025-10-14 09:30,9081.787
2025-10-14 09:45,9081.998
2025-10-14 10:00,9082.203
2025-10-14 10:15,9082.366
2025-10-14 10:30,9082.513
2025-10-14 10:45,9082.658
2025-10-14 11:00,9082.759
2025-10-14 11:15,9082.850
2025-10-14 11:30,9083.007
2025-10-14 11:45,9083.069
2025-10-14 12:00,9083.091
2025-10-14 12:15,9083.137
2025-10-14 12:30,9083.176
2025-10-14 12:45,9083.202
2025-10-14 13:00,9083.218
2025-10-14 13:15,9083.243
2025-10-14 13:30,9083.243
2025-10-14 13:45,9083.243
2025-10-14 14:00,9083.289
2025-10-14 14:15,9083.304
2025-10-14 14:30,9083.304
2025-10-14 14:45,9083.304
2025-10-14 15:00,9083.469
2025-10-14 15:15,9083.572
2025-10-14 15:30,9083.572
2025-10-14 15:45,9083.572
2025-10-14 16:00,9083.572
2025-10-14 16:15,9083.572
2025-10-14 16:30,9083.572
2025-10-14 16:45,9083.634
2025-10-14 17:00,9083.982
2025-10-14 17:15,9083.993
2025-10-14 17:30,9083.993
2025-10-14 17:45,9083.993
2025-10-14 18:00,9083.993
2025-10-14 18:15,9083.993
2025-10-14 18:30,9083.993
2025-10-14 18:45,9084.033
2025-10-14 19:00,9084.053
2025-10-14 19:15,9084.115
2025-10-14 19:30,9084.126
2025-10-14 19:45,9084.170
2025-10-14 20:00,9084.210
2025-10-14 20:15,9084.240
2025-10-14 20:30,9084.285
2025-10-14 20:45,9084.330
2025-10-14 21:00,9084.395
2025-10-14 21:15,9084.427
2025-10-14 21:30,9084.440
2025-10-14 21:45,9084.440
2025-10-14 22:00,9084.440
2025-10-14 22:15,9084.440
2025-10-14 22:30,9084.507
2025-10-14 22:45,9084.507
2025-10-14 23:00,9084.507
2025-10-14 23:15,9084.507
2025-10-14 23:30,9084.507
2025-10-14 23:45,9084.507
2025-10-15 00:00,9084.507
2025-10-15 00:15,9084.507
2025-10-15 00:30,9084.507
2025-10-15 00:45,9084.507
2025-10-15 01:00,9084.507
2025-10-15 01:15,9084.507
2025-10-15 01:30,9084.507
2025-10-15 01:45,9084.507
2025-10-15 02:00,9084.507
2025-10-15 02:15,9084.507
2025-10-15 02:30,9084.507
2025-10-15 02:45,9084.507
2025-10-15 03:00,9084.507
2025-10-15 03:15,9084.507
2025-10-15 03:30,9084.507
2025-10-15 03:45,9084.507
2025-10-15 04:00,9084.507
2025-10-15 04:15,9084.507
2025-10-15 04:30,9084.568
2025-10-15 04:45,9084.568
2025-10-15 05:00,9084.578
2025-10-15 05:15,9084.578
2025-10-15 05:30,9084.578
2025-10-15 05:45,9084.594
2025-10-15 06:00,9084.594
2025-10-15 06:15,9084.612
2025-10-15 06:30,9084.612
2025-10-15 06:45,9084.650
2025-10-15 07:00,9084.951
2025-10-15 07:15,9085.190
2025-10-15 07:30,9085.423
2025-10-15 07:45,9085.801
2025-10-15 08:00,9086.010
2025-10-15 08:15,9086.234
2025-10-15 08:30,9086.493
2025-10-15 08:45,9086.750
2025-10-15 09:00,9086.973
2025-10-15 09:15,9087.207
2025-10-15 09:30,9087.444
2025-10-15 09:45,9087.641
2025-10-15 10:00,9087.819
2025-10-15 10:15,9088.096
2025-10-15 10:30,9088.258
2025-10-15 10:45,9088.368
2025-10-15 11:00,9088.476
2025-10-15 11:15,9088.569
2025-10-15 11:30,9088.655
2025-10-15 11:45,9088.735
2025-10-15 12:00,9088.795
2025-10-15 12:15,9088.917
2025-10-15 12:30,9088.958
2025-10-15 12:45,9089.007
2025-10-15 13:00,9089.091
2025-10-15 13:15,9089.091
2025-10-15 13:30,9089.091
2025-10-15 13:45,9089.091
2025-10-15 14:00,9089.091
2025-10-15 14:15,9089.091
2025-10-15 14:30,9089.091
2025-10-15 14:45,9089.091
2025-10-15 15:00,9089.112
2025-10-15 15:15,9089.152
2025-10-15 15:30,9089.152
2025-10-15 15:45,9089.152
2025-10-15 16:00,9089.152
2025-10-15 16:15,9089.163
2025-10-15 16:30,9089.163
2025-10-15 16:45,9089.163
2025-10-15 17:00,9089.214
2025-10-15 17:15,9089.219
2025-10-15 17:30,9089.219
2025-10-15 17:45,9089.219
2025-10-15 18:00,9089.272
2025-10-15 18:15,9089.283
2025-10-15 18:30,9089.323
2025-10-15 18:45,9089.343
2025-10-15 19:00,9089.384
2025-10-15 19:15,9089.440
2025-10-15 19:30,9089.858
2025-10-15 19:45,9089.905
2025-10-15 20:00,9089.978
2025-10-15 20:15,9090.039
2025-10-15 20:30,9090.087
2025-10-15 20:45,9090.166
2025-10-15 21:00,9090.217
2025-10-15 21:15,9090.217
2025-10-15 21:30,9090.217
2025-10-15 21:45,9090.256
2025-10-15 22:00,9090.256
2025-10-15 22:15,9090.256
2025-10-15 22:30,9090.256
2025-10-15 22:45,9090.285
2025-10-15 23:00,9090.285
2025-10-15 23:15,9090.285
2025-10-15 23:30,9090.285
2025-10-15 23:45,9090.285
2025-10-16 00:00,9090.285
2025-10-16 00:15,9090.331
2025-10-16 00:30,9090.331
2025-10-16 00:45,9090.331
2025-10-16 01:00,9090.331
2025-10-16 01:15,9090.356
2025-10-16 01:30,9090.356
2025-10-16 01:45,9090.356
2025-10-16 02:00,9090.356
2025-10-16 02:15,9090.356
2025-10-16 02:30,9090.356
2025-10-16 02:45,9090.409
2025-10-16 03:00,9090.409
2025-10-16 03:15,9090.409
2025-10-16 03:30,9090.420
2025-10-16 03:45,9090.440
2025-10-16 04:00,9090.459
2025-10-16 04:15,9090.478
2025-10-16 04:30,9090.498
2025-10-16 04:45,9090.549
2025-10-16 05:00,9090.565
2025-10-16 05:15,9090.584
2025-10-16 05:30,9090.603
2025-10-16 05:45,9090.669
2025-10-16 06:00,9090.739
2025-10-16 06:15,9090.775
2025-10-16 06:30,9090.794
2025-10-16 06:45,9090.836
2025-10-16 07:00,9091.161
2025-10-16 07:15,9091.421
2025-10-16 07:30,9091.667
2025-10-16 07:45,9091.877
2025-10-16 08:00,9092.116
2025-10-16 08:15,9092.382
2025-10-16 08:30,9092.708
2025-10-16 08:45,9092.991
2025-10-16 09:00,9093.243
2025-10-16 09:15,9093.434
2025-10-16 09:30,9093.605
2025-10-16 09:45,9093.751
2025-10-16 10:00,9093.838
2025-10-16 10:15,9093.864
2025-10-16 10:30,9093.886
2025-10-16 10:45,9093.964
2025-10-16 11:00,9093.975
2025-10-16 11:15,9093.975
2025-10-16 11:30,9093.975
2025-10-16 11:45,9093.975
2025-10-16 12:00,9093.975
2025-10-16 12:15,9093.975
2025-10-16 12:30,9093.975
2025-10-16 12:45,9093.995
2025-10-16 13:00,9094.015
2025-10-16 13:15,9094.015
2025-10-16 13:30,9094.015
2025-10-16 13:45,9094.015
2025-10-16 14:00,9094.015
2025-10-16 14:15,9094.015
2025-10-16 14:30,9094.058
2025-10-16 14:45,9094.058
2025-10-16 15:00,9094.058
2025-10-16 15:15,9094.058
2025-10-16 15:30,9094.058
2025-10-16 15:45,9094.058
2025-10-16 16:00,9094.058
2025-10-16 16:15,9094.058
2025-10-16 16:30,9094.058
2025-10-16 16:45,9094.058
2025-10-16 17:00,9094.117
2025-10-16 17:15,9094.117
2025-10-16 17:30,9094.117
2025-10-16 17:45,9094.117
2025-10-16 18:00,9094.117
2025-10-16 18:15,9094.117
2025-10-16 18:30,9094.117
2025-10-16 18:45,9094.117
2025-10-16 19:00,9094.117
2025-10-16 19:15,9094.148
2025-10-16 19:30,9094.148
2025-10-16 19:45,9094.148
2025-10-16 20:00,9094.148
2025-10-16 20:15,9094.148
2025-10-16 20:30,9094.180
2025-10-16 20:45,9094.195
2025-10-16 21:00,9094.195
2025-10-16 21:15,9094.195
2025-10-16 21:30,9094.407
2025-10-16 21:45,9094.932
2025-10-16 22:00,9094.932
2025-10-16 22:15,9094.932
2025-10-16 22:30,9094.932
2025-10-16 22:45,9094.932
2025-10-16 23:00,9095.050
2025-10-16 23:15,9095.050
2025-10-16 23:30,9095.131
2025-10-16 23:45,9095.131
2025-10-17 00:00,9095.131
2025-10-17 00:15,9095.131
2025-10-17 00:30,9095.131
2025-10-17 00:45,9095.131
2025-10-17 01:00,9095.131
2025-10-17 01:15,9095.192
2025-10-17 01:30,9095.192
2025-10-17 01:45,9095.192
2025-10-17 02:00,9095.192
2025-10-17 02:15,9095.192
2025-10-17 02:30,9095.192
2025-10-17 02:45,9095.192
2025-10-17 03:00,9095.192
2025-10-17 03:15,9095.192
2025-10-17 03:30,9095.192
2025-10-17 03:45,9095.192
2025-10-17 04:00,9095.192
2025-10-17 04:15,9095.234
2025-10-17 04:30,9095.241
2025-10-17 04:45,9095.272
2025-10-17 05:00,9095.272
2025-10-17 05:15,9095.291
2025-10-17 05:30,9095.311
2025-10-17 05:45,9095.352
2025-10-17 06:00,9095.371
2025-10-17 06:15,9095.392
2025-10-17 06:30,9095.468
2025-10-17 06:45,9095.548
2025-10-17 07:00,9095.843
2025-10-17 07:15,9096.071
2025-10-17 07:30,9096.307
2025-10-17 07:45,9096.500
2025-10-17 08:00,9096.794
2025-10-17 08:15,9097.019
2025-10-17 08:30,9097.280
2025-10-17 08:45,9097.542
2025-10-17 09:00,9097.818
2025-10-17 09:15,9098.065
2025-10-17 09:30,9098.274
2025-10-17 09:45,9098.564
2025-10-17 10:00,9098.675
2025-10-17 10:15,9099.132
2025-10-17 10:30,9099.296
2025-10-17 10:45,9099.402
2025-10-17 11:00,9099.495
2025-10-17 11:15,9099.562
2025-10-17 11:30,9099.626
2025-10-17 11:45,9099.678
2025-10-17 12:00,9099.726
2025-10-17 12:15,9099.825
2025-10-17 12:30,9099.851
2025-10-17 12:45,9099.851
2025-10-17 13:00,9099.851
2025-10-17 13:15,9099.932
2025-10-17 13:30,9099.976
2025-10-17 13:45,9100.019
2025-10-17 14:00,9100.062
2025-10-17 14:15,9100.083
2025-10-17 14:30,9100.083
2025-10-17 14:45,9100.083
2025-10-17 15:00,9100.083
2025-10-17 15:15,9100.083
2025-10-17 15:30,9100.122
2025-10-17 15:45,9100.122
2025-10-17 16:00,9100.122
2025-10-17 16:15,9100.122
2025-10-17 16:30,9100.122
2025-10-17 16:45,9100.170
2025-10-17 17:00,9100.197
2025-10-17 17:15,9100.198
2025-10-17 17:30,9100.229
2025-10-17 17:45,9100.285
2025-10-17 18:00,9100.289
2025-10-17 18:15,9100.289
2025-10-17 18:30,9100.289
2025-10-17 18:45,9100.329
2025-10-17 19:00,9100.329
2025-10-17 19:15,9100.329
2025-10-17 19:30,9100.390
2025-10-17 19:45,9100.515
2025-10-17 20:00,9100.573
2025-10-17 20:15,9100.657
2025-10-17 20:30,9100.753
2025-10-17 20:45,9100.785
2025-10-17 21:00,9100.834
2025-10-17 21:15,9100.834
2025-10-17 21:30,9100.834
2025-10-17 21:45,9100.897
2025-10-17 22:00,9100.897
2025-10-17 22:15,9100.897
2025-10-17 22:30,9100.897
2025-10-17 22:45,9100.897
2025-10-17 23:00,9100.897
2025-10-17 23:15,9100.897
2025-10-17 23:30,9100.897
2025-10-17 23:45,9100.897
2025-10-18 00:00,9100.897
2025-10-18 00:15,9100.897
2025-10-18 00:30,9100.897
2025-10-18 00:45,9100.946
2025-10-18 01:00,9100.946
2025-10-18 01:15,9100.946
2025-10-18 01:30,9100.946
2025-10-18 01:45,9100.946
2025-10-18 02:00,9100.977
2025-10-18 02:15,9101.016
2025-10-18 02:30,9101.061
2025-10-18 02:45,9101.100
2025-10-18 03:00,9101.153
2025-10-18 03:15,9101.232
2025-10-18 03:30,9101.276
2025-10-18 03:45,9101.370
2025-10-18 04:00,9101.435
2025-10-18 04:15,9101.505
2025-10-18 04:30,9101.552
2025-10-18 04:45,9101.621
2025-10-18 05:00,9101.701
2025-10-18 05:15,9101.790
2025-10-18 05:30,9101.849
2025-10-18 05:45,9101.954
2025-10-18 06:00,9102.028
2025-10-18 06:15,9102.120
2025-10-18 06:30,9102.223
2025-10-18 06:45,9102.309
2025-10-18 07:00,9102.379
2025-10-18 07:15,9102.457
2025-10-18 07:30,9102.457
2025-10-18 07:45,9102.478
2025-10-18 08:00,9102.851
2025-10-18 08:15,9103.303
2025-10-18 08:30,9103.688
2025-10-18 08:45,9104.009
2025-10-18 09:00,9104.344
2025-10-18 09:15,9104.701
2025-10-18 09:30,9105.043
2025-10-18 09:45,9105.322
2025-10-18 10:00,9105.563
2025-10-18 10:15,9105.756
2025-10-18 10:30,9105.951
2025-10-18 10:45,9106.085
2025-10-18 11:00,9106.169
2025-10-18 11:15,9106.262
2025-10-18 11:30,9106.314
2025-10-18 11:45,9106.314
2025-10-18 12:00,9106.314
2025-10-18 12:15,9106.314
2025-10-18 12:30,9106.314
2025-10-18 12:45,9106.324
2025-10-18 13:00,9106.353
2025-10-18 13:15,9106.396
2025-10-18 13:30,9106.449
2025-10-18 13:45,9106.474
2025-10-18 14:00,9106.559
2025-10-18 14:15,9106.590
2025-10-18 14:30,9106.590
2025-10-18 14:45,9106.591
2025-10-18 15:00,9106.703
2025-10-18 15:15,9106.749
2025-10-18 15:30,9106.772
2025-10-18 15:45,9106.792
2025-10-18 16:00,9106.834
2025-10-18 16:15,9106.861
2025-10-18 16:30,9106.915
2025-10-18 16:45,9107.003
2025-10-18 17:00,9107.044
2025-10-18 17:15,9107.078
2025-10-18 17:30,9107.121
2025-10-18 17:45,9107.194
2025-10-18 18:00,9107.724
2025-10-18 18:15,9108.014
2025-10-18 18:30,9108.034
2025-10-18 18:45,9108.117
2025-10-18 19:00,9108.165
2025-10-18 19:15,9108.252
2025-10-18 19:30,9108.341
2025-10-18 19:45,9108.432
2025-10-18 20:00,9108.564
2025-10-18 20:15,9108.677
2025-10-18 20:30,9108.799
2025-10-18 20:45,9108.908
2025-10-18 21:00,9109.020
2025-10-18 21:15,9109.073
2025-10-18 21:30,9109.073
2025-10-18 21:45,9109.073
2025-10-18 22:00,9109.073
2025-10-18 22:15,9109.073
2025-10-18 22:30,9109.073
2025-10-18 22:45,9109.084
2025-10-18 23:00,9109.103
2025-10-18 23:15,9109.179
2025-10-18 23:30,9109.249
2025-10-18 23:45,9109.291
2025-10-19 00:00,9109.364
2025-10-19 00:15,9109.456
2025-10-19 00:30,9109.571
2025-10-19 00:45,9109.653
2025-10-19 01:00,9109.793
2025-10-19 01:15,9109.855
2025-10-19 01:30,9109.973
2025-10-19 01:45,9110.061
2025-10-19 02:00,9110.180
2025-10-19 02:15,9110.281
2025-10-19 02:30,9110.394
2025-10-19 02:45,9110.520
2025-10-19 03:00,9110.616
2025-10-19 03:15,9110.772
2025-10-19 03:30,9110.889
2025-10-19 03:45,9111.023
2025-10-19 04:00,9111.149
2025-10-19 04:15,9111.287
2025-10-19 04:30,9111.426
2025-10-19 04:45,9111.564
2025-10-19 05:00,9111.704
2025-10-19 05:15,9111.830
2025-10-19 05:30,9111.962
2025-10-19 05:45,9112.122
2025-10-19 06:00,9112.269
2025-10-19 06:15,9112.414
2025-10-19 06:30,9112.531
2025-10-19 06:45,9112.648
2025-10-19 07:00,9112.785
2025-10-19 07:15,9112.896
2025-10-19 07:30,9112.982
2025-10-19 07:45,9113.103
2025-10-19 08:00,9113.447
2025-10-19 08:15,9113.872
2025-10-19 08:30,9114.262
2025-10-19 08:45,9114.710
2025-10-19 09:00,9115.128
2025-10-19 09:15,9115.495
2025-10-19 09:30,9115.899
2025-10-19 09:45,9116.268
2025-10-19 10:00,9116.829
2025-10-19 10:15,9117.214
2025-10-19 10:30,9117.472
2025-10-19 10:45,9117.627
2025-10-19 11:00,9117.751
2025-10-19 11:15,9117.849
2025-10-19 11:30,9118.018
2025-10-19 11:45,9118.108
2025-10-19 12:00,9118.210
2025-10-19 12:15,9118.313
2025-10-19 12:30,9118.362
2025-10-19 12:45,9118.422
2025-10-19 13:00,9118.476
2025-10-19 13:15,9118.530
2025-10-19 13:30,9118.556
2025-10-19 13:45,9118.606
2025-10-19 14:00,9118.632
2025-10-19 14:15,9118.632
2025-10-19 14:30,9118.692
2025-10-19 14:45,9118.702
2025-10-19 15:00,9118.702
2025-10-19 15:15,9118.724
2025-10-19 15:30,9118.724
2025-10-19 15:45,9118.742
2025-10-19 16:00,9118.763
2025-10-19 16:15,9118.783
2025-10-19 16:30,9118.783
2025-10-19 16:45,9118.783
2025-10-19 17:00,9118.783
2025-10-19 17:15,9118.892
2025-10-19 17:30,9118.916
2025-10-19 17:45,9118.916
2025-10-19 18:00,9119.287
2025-10-19 18:15,9119.556
2025-10-19 18:30,9119.640
2025-10-19 18:45,9119.718
2025-10-19 19:00,9119.797
2025-10-19 19:15,9119.917
2025-10-19 19:30,9120.022
2025-10-19 19:45,9120.116
2025-10-19 20:00,9120.210
2025-10-19 20:15,9120.332
2025-10-19 20:30,9120.433
2025-10-19 20:45,9120.558
2025-10-19 21:00,9120.643
2025-10-19 21:15,9120.643
2025-10-19 21:30,9120.643
2025-10-19 21:45,9120.643
2025-10-19 22:00,9120.643
2025-10-19 22:15,9120.643
2025-10-19 22:30,9120.643
2025-10-19 22:45,9120.643
2025-10-19 23:00,9120.681
2025-10-19 23:15,9120.681
2025-10-19 23:30,9120.681
2025-10-19 23:45,9120.681
2025-10-20 00:00,9120.681
2025-10-20 00:15,9120.716
2025-10-20 00:30,9120.716
2025-10-20 00:45,9120.716
2025-10-20 01:00,9120.716
2025-10-20 01:15,9120.716
2025-10-20 01:30,9120.716
2025-10-20 01:45,9120.716
2025-10-20 02:00,9120.755
2025-10-20 02:15,9120.755
2025-10-20 02:30,9120.755
2025-10-20 02:45,9120.755
2025-10-20 03:00,9120.755
2025-10-20 03:15,9120.755
2025-10-20 03:30,9120.799
2025-10-20 03:45,9120.799
2025-10-20 04:00,9120.799
2025-10-20 04:15,9120.799
2025-10-20 04:30,9120.799
2025-10-20 04:45,9120.799
2025-10-20 05:00,9120.799
2025-10-20 05:15,9120.799
2025-10-20 05:30,9120.799
2025-10-20 05:45,9120.839
2025-10-20 06:00,9120.839
2025-10-20 06:15,9120.839
2025-10-20 06:30,9120.839
2025-10-20 06:45,9120.874
2025-10-20 07:00,9121.090
2025-10-20 07:15,9121.290
2025-10-20 07:30,9121.454
2025-10-20 07:45,9121.610
2025-10-20 08:00,9121.737
2025-10-20 08:15,9121.899
2025-10-20 08:30,9122.105
2025-10-20 08:45,9122.383
2025-10-20 09:00,9122.547
2025-10-20 09:15,9122.698
2025-10-20 09:30,9122.840
2025-10-20 09:45,9122.953
2025-10-20 10:00,9123.084
2025-10-20 10:15,9123.207
2025-10-20 10:30,9123.297
2025-10-20 10:45,9123.399
2025-10-20 11:00,9123.487
2025-10-20 11:15,9123.539
2025-10-20 11:30,9123.591
2025-10-20 11:45,9123.608
2025-10-20 12:00,9123.695
2025-10-20 12:15,9123.722
2025-10-20 12:30,9123.747
2025-10-20 12:45,9123.768
2025-10-20 13:00,9123.785
2025-10-20 13:15,9123.785
2025-10-20 13:30,9123.785
2025-10-20 13:45,9123.785
2025-10-20 14:00,9123.785
2025-10-20 14:15,9123.824
2025-10-20 14:30,9123.824
2025-10-20 14:45,9123.824
2025-10-20 15:00,9123.824
2025-10-20 15:15,9123.824
2025-10-20 15:30,9123.824
2025-10-20 15:45,9123.868
2025-10-20 16:00,9123.868
2025-10-20 16:15,9123.868
2025-10-20 16:30,9123.868
2025-10-20 16:45,9123.868
2025-10-20 17:00,9123.868
2025-10-20 17:15,9123.868
2025-10-20 17:30,9123.868
2025-10-20 17:45,9123.868
2025-10-20 18:00,9123.908
2025-10-20 18:15,9123.908
2025-10-20 18:30,9123.908
2025-10-20 18:45,9123.908
2025-10-20 19:00,9123.942
2025-10-20 19:15,9123.942
2025-10-20 19:30,9123.942
2025-10-20 19:45,9123.942
2025-10-20 20:00,9123.942
2025-10-20 20:15,9123.942
2025-10-20 20:30,9123.942
2025-10-20 20:45,9123.981
2025-10-20 21:00,9123.981
2025-10-20 21:15,9123.981
2025-10-20 21:30,9123.981
2025-10-20 21:45,9123.981
2025-10-20 22:00,9124.000
2025-10-20 22:15,9124.018
2025-10-20 22:30,9124.018
2025-10-20 22:45,9124.018
2025-10-20 23:00,9124.018
2025-10-20 23:15,9124.018
2025-10-20 23:30,9124.018
2025-10-20 23:45,9124.018
2025-10-21 00:00,9124.058
2025-10-21 00:15,9124.058
2025-10-21 00:30,9124.058
2025-10-21 00:45,9124.058
2025-10-21 01:00,9124.058
2025-10-21 01:15,9124.098
2025-10-21 01:30,9124.098
2025-10-21 01:45,9124.098
2025-10-21 02:00,9124.098
2025-10-21 02:15,9124.098
2025-10-21 02:30,9124.098
2025-10-21 02:45,9124.098
2025-10-21 03:00,9124.098
2025-10-21 03:15,9124.139
2025-10-21 03:30,9124.139
2025-10-21 03:45,9124.139
2025-10-21 04:00,9124.139
2025-10-21 04:15,9124.166
2025-10-21 04:30,9124.173
2025-10-21 04:45,9124.173
2025-10-21 05:00,9124.173
2025-10-21 05:15,9124.173
2025-10-21 05:30,9124.173
2025-10-21 05:45,9124.173
2025-10-21 06:00,9124.213
2025-10-21 06:15,9124.213
2025-10-21 06:30,9124.213
2025-10-21 06:45,9124.213
2025-10-21 07:00,9124.359
2025-10-21 07:15,9124.553
2025-10-21 07:30,9124.759
2025-10-21 07:45,9124.924
2025-10-21 08:00,9125.085
2025-10-21 08:15,9125.275
2025-10-21 08:30,9125.478
2025-10-21 08:45,9125.672
2025-10-21 09:00,9125.970
2025-10-21 09:15,9126.189
2025-10-21 09:30,9126.355
2025-10-21 09:45,9126.520
2025-10-21 10:00,9126.682
2025-10-21 10:15,9126.826
2025-10-21 10:30,9126.945
2025-10-21 10:45,9127.061
2025-10-21 11:00,9127.175
2025-10-21 11:15,9127.273
2025-10-21 11:30,9127.430
2025-10-21 11:45,9127.542
2025-10-21 12:00,9127.623
2025-10-21 12:15,9127.706
2025-10-21 12:30,9127.761
2025-10-21 12:45,9127.844
2025-10-21 13:00,9127.899
2025-10-21 13:15,9127.934
2025-10-21 13:30,9127.977
2025-10-21 13:45,9128.027
2025-10-21 14:00,9128.084
2025-10-21 14:15,9128.170
2025-10-21 14:30,9128.203
2025-10-21 14:45,9128.228
2025-10-21 15:00,9128.263
2025-10-21 15:15,9128.297
2025-10-21 15:30,9128.345
2025-10-21 15:45,9128.400
2025-10-21 16:00,9128.426
2025-10-21 16:15,9128.443
2025-10-21 16:30,9128.443
2025-10-21 16:45,9128.443
2025-10-21 17:00,9128.476
2025-10-21 17:15,9128.505
2025-10-21 17:30,9128.505
2025-10-21 17:45,9128.515
2025-10-21 18:00,9128.581
2025-10-21 18:15,9128.627
2025-10-21 18:30,9128.653
2025-10-21 18:45,9128.731
2025-10-21 19:00,9128.817
2025-10-21 19:15,9128.911
2025-10-21 19:30,9128.956
2025-10-21 19:45,9129.060
2025-10-21 20:00,9129.119
2025-10-21 20:15,9129.205
2025-10-21 20:30,9129.264
2025-10-21 20:45,9129.322
2025-10-21 21:00,9129.341
2025-10-21 21:15,9129.695
2025-10-21 21:30,9130.095
2025-10-21 21:45,9130.095
2025-10-21 22:00,9130.095
2025-10-21 22:15,9130.095
2025-10-21 22:30,9130.153
2025-10-21 22:45,9130.153
2025-10-21 23:00,9130.153
2025-10-21 23:15,9130.153
2025-10-21 23:30,9130.153
2025-10-21 23:45,9130.153
2025-10-22 00:00,9130.153
2025-10-22 00:15,9130.153
2025-10-22 00:30,9130.153
2025-10-22 00:45,9130.153
2025-10-22 01:00,9130.153
2025-10-22 01:15,9130.153
2025-10-22 01:30,9130.153
2025-10-22 01:45,9130.153
2025-10-22 02:00,9130.153
2025-10-22 02:15,9130.153
2025-10-22 02:30,9130.153
2025-10-22 02:45,9130.153
2025-10-22 03:00,9130.153
2025-10-22 03:15,9130.153
2025-10-22 03:30,9130.153
2025-10-22 03:45,9130.153
2025-10-22 04:00,9130.153
2025-10-22 04:15,9130.193
2025-10-22 04:30,9130.226
2025-10-22 04:45,9130.237
2025-10-22 05:00,9130.258
2025-10-22 05:15,9130.277
2025-10-22 05:30,9130.277
2025-10-22 05:45,9130.277
2025-10-22 06:00,9130.277
2025-10-22 06:15,9130.277
2025-10-22 06:30,9130.277
2025-10-22 06:45,9130.277
2025-10-22 07:00,9130.550
2025-10-22 07:15,9130.803
2025-10-22 07:30,9131.031
2025-10-22 07:45,9131.229
2025-10-22 08:00,9131.457
2025-10-22 08:15,9131.794
2025-10-22 08:30,9132.024
2025-10-22 08:45,9132.243
2025-10-22 09:00,9132.484
2025-10-22 09:15,9132.716
2025-10-22 09:30,9132.908
2025-10-22 09:45,9133.121
2025-10-22 10:00,9133.253
2025-10-22 10:15,9133.356
2025-10-22 10:30,9133.449
2025-10-22 10:45,9133.531
2025-10-22 11:00,9133.615
2025-10-22 11:15,9133.687
2025-10-22 11:30,9133.747
2025-10-22 11:45,9133.836
2025-10-22 12:00,9133.861
2025-10-22 12:15,9133.907
2025-10-22 12:30,9133.931
2025-10-22 12:45,9134.030
2025-10-22 13:00,9134.030
2025-10-22 13:15,9134.030
2025-10-22 13:30,9134.030
2025-10-22 13:45,9134.045
2025-10-22 14:00,9134.045
2025-10-22 14:15,9134.045
2025-10-22 14:30,9134.045
2025-10-22 14:45,9134.045
2025-10-22 15:00,9134.045
2025-10-22 15:15,9134.045
2025-10-22 15:30,9134.107
2025-10-22 15:45,9134.107
2025-10-22 16:00,9134.107
2025-10-22 16:15,9134.107
2025-10-22 16:30,9134.107
2025-10-22 16:45,9134.107
2025-10-22 17:00,9134.107
2025-10-22 17:15,9134.107
2025-10-22 17:30,9134.117
2025-10-22 17:45,9134.117
2025-10-22 18:00,9134.136
2025-10-22 18:15,9134.195
2025-10-22 18:30,9134.230
2025-10-22 18:45,9134.275
2025-10-22 19:00,9134.319
2025-10-22 19:15,9134.368
2025-10-22 19:30,9134.417
2025-10-22 19:45,9134.470
2025-10-22 20:00,9134.561
2025-10-22 20:15,9134.652
2025-10-22 20:30,9134.759
2025-10-22 20:45,9134.892
2025-10-22 21:00,9135.011
2025-10-22 21:15,9135.011
2025-10-22 21:30,9135.011
2025-10-22 21:45,9135.011
2025-10-22 22:00,9135.011
2025-10-22 22:15,9135.011
2025-10-22 22:30,9135.011
2025-10-22 22:45,9135.011
2025-10-22 23:00,9135.011
2025-10-22 23:15,9135.049
2025-10-22 23:30,9135.049
2025-10-22 23:45,9135.049
2025-10-23 00:00,9135.049
2025-10-23 00:15,9135.049
2025-10-23 00:30,9135.077
2025-10-23 00:45,9135.086
2025-10-23 01:00,9135.086
2025-10-23 01:15,9135.086
2025-10-23 01:30,9135.086
2025-10-23 01:45,9135.086
2025-10-23 02:00,9135.103
2025-10-23 02:15,9135.154
2025-10-23 02:30,9135.154
2025-10-23 02:45,9135.171
2025-10-23 03:00,9135.190
2025-10-23 03:15,9135.210
2025-10-23 03:30,9135.282
2025-10-23 03:45,9135.306
2025-10-23 04:00,9135.345
2025-10-23 04:15,9135.389
2025-10-23 04:30,9135.434
2025-10-23 04:45,9135.459
2025-10-23 05:00,9135.506
2025-10-23 05:15,9135.550
2025-10-23 05:30,9135.595
2025-10-23 05:45,9135.616
2025-10-23 06:00,9135.638
2025-10-23 06:15,9135.721
2025-10-23 06:30,9135.723
2025-10-23 06:45,9135.733
2025-10-23 07:00,9136.043
2025-10-23 07:15,9136.270
2025-10-23 07:30,9136.490
2025-10-23 07:45,9136.686
2025-10-23 08:00,9136.879
2025-10-23 08:15,9137.083
2025-10-23 08:30,9137.288
2025-10-23 08:45,9137.495
2025-10-23 09:00,9137.690
2025-10-23 09:15,9137.967
2025-10-23 09:30,9138.182
2025-10-23 09:45,9138.340
2025-10-23 10:00,9138.501
2025-10-23 10:15,9138.645
2025-10-23 10:30,9138.734
2025-10-23 10:45,9138.763
2025-10-23 11:00,9138.788
2025-10-23 11:15,9138.813
2025-10-23 11:30,9138.891
2025-10-23 11:45,9138.911
2025-10-23 12:00,9138.934
2025-10-23 12:15,9139.337
2025-10-23 12:30,9139.374
2025-10-23 12:45,9139.374
2025-10-23 13:00,9139.374
2025-10-23 13:15,9139.374
2025-10-23 13:30,9139.393
2025-10-23 13:45,9139.412
2025-10-23 14:00,9139.452
2025-10-23 14:15,9139.478
2025-10-23 14:30,9139.478
2025-10-23 14:45,9139.605
2025-10-23 15:00,9139.660
2025-10-23 15:15,9139.800
2025-10-23 15:30,9139.918
2025-10-23 15:45,9140.040
2025-10-23 16:00,9140.172
2025-10-23 16:15,9140.317
2025-10-23 16:30,9140.467
2025-10-23 16:45,9140.633
2025-10-23 17:00,9140.803
2025-10-23 17:15,9140.961
2025-10-23 17:30,9141.091
2025-10-23 17:45,9141.228
2025-10-23 18:00,9141.368
2025-10-23 18:15,9141.498
2025-10-23 18:30,9141.662
2025-10-23 18:45,9141.787
2025-10-23 19:00,9141.924
2025-10-23 19:15,9142.081
2025-10-23 19:30,9142.226
2025-10-23 19:45,9142.363
2025-10-23 20:00,9142.507
2025-10-23 20:15,9142.662
2025-10-23 20:30,9142.833
2025-10-23 20:45,9143.022
2025-10-23 21:00,9143.145
2025-10-23 21:15,9143.145
2025-10-23 21:30,9143.145
2025-10-23 21:45,9143.145
2025-10-23 22:00,9143.145
2025-10-23 22:15,9143.197
2025-10-23 22:30,9143.197
2025-10-23 22:45,9143.197
2025-10-23 23:00,9143.197
2025-10-23 23:15,9143.197
2025-10-23 23:30,9143.197
2025-10-23 23:45,9143.197
2025-10-24 00:00,9143.197
2025-10-24 00:15,9143.197
2025-10-24 00:30,9143.231
2025-10-24 00:45,9143.231
2025-10-24 01:00,9143.231
2025-10-24 01:15,9143.231
2025-10-24 01:30,9143.277
2025-10-24 01:45,9143.354
2025-10-24 02:00,9143.365
2025-10-24 02:15,9143.411
2025-10-24 02:30,9143.435
2025-10-24 02:45,9143.528
2025-10-24 03:00,9143.583
2025-10-24 03:15,9143.637
2025-10-24 03:30,9143.692
2025-10-24 03:45,9143.747
2025-10-24 04:00,9143.851
2025-10-24 04:15,9143.944
2025-10-24 04:30,9144.030
2025-10-24 04:45,9144.143
2025-10-24 05:00,9144.225
2025-10-24 05:15,9144.280
2025-10-24 05:30,9144.371
2025-10-24 05:45,9144.453
2025-10-24 06:00,9144.550
2025-10-24 06:15,9144.669
2025-10-24 06:30,9144.764
2025-10-24 06:45,9145.082
2025-10-24 07:00,9145.454
2025-10-24 07:15,9145.752
2025-10-24 07:30,9146.030
2025-10-24 07:45,9146.291
2025-10-24 08:00,9146.569
2025-10-24 08:15,9146.890
2025-10-24 08:30,9147.200
2025-10-24 08:45,9147.516
2025-10-24 09:00,9147.859
2025-10-24 09:15,9148.220
2025-10-24 09:30,9148.564
2025-10-24 09:45,9148.871
2025-10-24 10:00,9149.154
2025-10-24 10:15,9149.433
2025-10-24 10:30,9149.706
2025-10-24 10:45,9149.912
2025-10-24 11:00,9150.115
2025-10-24 11:15,9150.285
2025-10-24 11:30,9150.455
2025-10-24 11:45,9150.632
2025-10-24 12:00,9150.824
2025-10-24 12:15,9150.993
2025-10-24 12:30,9151.132
2025-10-24 12:45,9151.272
2025-10-24 13:00,9151.396
2025-10-24 13:15,9151.515
2025-10-24 13:30,9151.623
2025-10-24 13:45,9151.730
2025-10-24 14:00,9151.866
2025-10-24 14:15,9151.956
2025-10-24 14:30,9152.065
2025-10-24 14:45,9152.162
2025-10-24 15:00,9152.252
2025-10-24 15:15,9152.357
2025-10-24 15:30,9152.434
2025-10-24 15:45,9152.493
2025-10-24 16:00,9152.576
2025-10-24 16:15,9152.663
2025-10-24 16:30,9152.751
2025-10-24 16:45,9152.838
2025-10-24 17:00,9152.925
2025-10-24 17:15,9153.013
2025-10-24 17:30,9153.131
2025-10-24 17:45,9153.262
2025-10-24 18:00,9153.384
2025-10-24 18:15,9153.515
2025-10-24 18:30,9153.660
2025-10-24 18:45,9153.773
2025-10-24 19:00,9153.899
2025-10-24 19:15,9154.042
2025-10-24 19:30,9154.187
2025-10-24 19:45,9154.334
2025-10-24 20:00,9154.471
2025-10-24 20:15,9154.644
2025-10-24 20:30,9154.798
2025-10-24 20:45,9154.957
2025-10-24 21:00,9155.085
2025-10-24 21:15,9155.085
2025-10-24 21:30,9155.085
2025-10-24 21:45,9155.138
2025-10-24 22:00,9155.138
2025-10-24 22:15,9155.138
2025-10-24 22:30,9155.138
2025-10-24 22:45,9155.138
2025-10-24 23:00,9155.138
2025-10-24 23:15,9155.138
2025-10-24 23:30,9155.138
2025-10-24 23:45,9155.163
2025-10-25 00:00,9155.163
2025-10-25 00:15,9155.163
2025-10-25 00:30,9155.182
2025-10-25 00:45,9155.204
2025-10-25 01:00,9155.224
2025-10-25 01:15,9155.338
2025-10-25 01:30,9155.348
2025-10-25 01:45,9155.369
2025-10-25 02:00,9155.390
2025-10-25 02:15,9155.471
2025-10-25 02:30,9155.524
2025-10-25 02:45,9155.599
2025-10-25 03:00,9155.687
2025-10-25 03:15,9155.770
2025-10-25 03:30,9155.836
2025-10-25 03:45,9155.918
2025-10-25 04:00,9156.043
2025-10-25 04:15,9156.106
2025-10-25 04:30,9156.177
2025-10-25 04:45,9156.289
2025-10-25 05:00,9156.371
2025-10-25 05:15,9156.461
2025-10-25 05:30,9156.547
2025-10-25 05:45,9156.631
2025-10-25 06:00,9156.739
2025-10-25 06:15,9156.795
2025-10-25 06:30,9156.880
2025-10-25 06:45,9156.979
2025-10-25 07:00,9157.054
2025-10-25 07:15,9157.115
2025-10-25 07:30,9157.173
2025-10-25 07:45,9157.231
2025-10-25 08:00,9157.586
2025-10-25 08:15,9157.878
2025-10-25 08:30,9158.193
2025-10-25 08:45,9158.526
2025-10-25 09:00,9158.850
2025-10-25 09:15,9159.151
2025-10-25 09:30,9159.438
2025-10-25 09:45,9159.727
2025-10-25 10:00,9159.960
2025-10-25 10:15,9160.191
2025-10-25 10:30,9160.427
2025-10-25 10:45,9160.637
2025-10-25 11:00,9160.805
2025-10-25 11:15,9160.994
2025-10-25 11:30,9161.169
2025-10-25 11:45,9161.373
2025-10-25 12:00,9161.548
2025-10-25 12:15,9161.942
2025-10-25 12:30,9162.093
2025-10-25 12:45,9162.286
2025-10-25 13:00,9162.394
2025-10-25 13:15,9162.522
2025-10-25 13:30,9162.579
2025-10-25 13:45,9162.643
2025-10-25 14:00,9162.697
2025-10-25 14:15,9162.772
2025-10-25 14:30,9162.800
2025-10-25 14:45,9162.800
2025-10-25 15:00,9162.823
2025-10-25 15:15,9162.876
2025-10-25 15:30,9162.876
2025-10-25 15:45,9162.876
2025-10-25 16:00,9162.876
2025-10-25 16:15,9162.907
2025-10-25 16:30,9162.927
2025-10-25 16:45,9162.987
2025-10-25 17:00,9163.154
2025-10-25 17:15,9163.378
2025-10-25 17:30,9163.526
2025-10-25 17:45,9163.646
2025-10-25 18:00,9163.743
2025-10-25 18:15,9163.866
2025-10-25 18:30,9163.972
2025-10-25 18:45,9164.129
2025-10-25 19:00,9164.276
2025-10-25 19:15,9164.457
2025-10-25 19:30,9164.630
2025-10-25 19:45,9164.809
2025-10-25 20:00,9165.008
2025-10-25 20:15,9165.176
2025-10-25 20:30,9165.345
2025-10-25 20:45,9165.526
2025-10-25 21:00,9165.666
2025-10-25 21:15,9165.666
2025-10-25 21:30,9165.719
2025-10-25 21:45,9165.719
2025-10-25 22:00,9165.719
2025-10-25 22:15,9165.719
2025-10-25 22:30,9165.719
2025-10-25 22:45,9165.719
2025-10-25 23:00,9165.719
2025-10-25 23:15,9165.744
2025-10-25 23:30,9165.776
2025-10-25 23:45,9165.820
2025-10-26 00:00,9165.896
2025-10-26 00:15,9165.950
2025-10-26 00:30,9166.038
2025-10-26 00:45,9166.150
2025-10-26 01:00,9166.231
2025-10-26 01:15,9166.304
2025-10-26 01:30,9166.388
2025-10-26 01:45,9166.486
2025-10-26 02:00,9166.586
2025-10-26 02:15,9166.675
2025-10-26 02:30,9166.780
2025-10-26 02:45,9166.901
2025-10-26 02:00,9167.025
2025-10-26 02:15,9167.128
2025-10-26 02:30,9167.273
2025-10-26 02:45,9167.393
2025-10-26 03:00,9167.522
2025-10-26 03:15,9167.630
2025-10-26 03:30,9167.782
2025-10-26 03:45,9167.922
2025-10-26 04:00,9168.068
2025-10-26 04:15,9168.216
2025-10-26 04:30,9168.372
2025-10-26 04:45,9168.513
2025-10-26 05:00,9168.651
2025-10-26 05:15,9168.793
2025-10-26 05:30,9168.919
2025-10-26 05:45,9169.077
2025-10-26 06:00,9169.220
2025-10-26 06:15,9169.378
2025-10-26 06:30,9169.522
2025-10-26 06:45,9169.672
2025-10-26 07:00,9169.816
2025-10-26 07:15,9169.956
2025-10-26 07:30,9170.099
2025-10-26 07:45,9170.361
2025-10-26 08:00,9170.726
2025-10-26 08:15,9171.056
2025-10-26 08:30,9171.403
2025-10-26 08:45,9171.728
2025-10-26 09:00,9172.086
2025-10-26 09:15,9172.414
2025-10-26 09:30,9172.711
2025-10-26 09:45,9172.993
2025-10-26 10:00,9173.290
2025-10-26 10:15,9173.585
2025-10-26 10:30,9173.832
2025-10-26 10:45,9174.095
2025-10-26 11:00,9174.319
2025-10-26 11:15,9174.542
2025-10-26 11:30,9174.731
2025-10-26 11:45,9174.848
2025-10-26 12:00,9174.986
2025-10-26 12:15,9175.124
2025-10-26 12:30,9175.214
2025-10-26 12:45,9175.301
2025-10-26 13:00,9175.394
2025-10-26 13:15,9175.517
2025-10-26 13:30,9175.608
2025-10-26 13:45,9175.716
2025-10-26 14:00,9175.835
2025-10-26 14:15,9175.908
2025-10-26 14:30,9175.960
2025-10-26 14:45,9176.069
2025-10-26 15:00,9176.177
2025-10-26 15:15,9176.276
2025-10-26 15:30,9176.418
2025-10-26 15:45,9176.580
2025-10-26 16:00,9176.682
2025-10-26 16:15,9176.815
2025-10-26 16:30,9176.939
2025-10-26 16:45,9177.115
2025-10-26 17:00,9177.292
2025-10-26 17:15,9177.456
2025-10-26 17:30,9177.620
2025-10-26 17:45,9177.795
2025-10-26 18:00,9178.000
2025-10-26 18:15,9178.179
2025-10-26 18:30,9178.350
2025-10-26 18:45,9178.546
2025-10-26 19:00,9178.773
2025-10-26 19:15,9178.999
2025-10-26 19:30,9179.243
2025-10-26 19:45,9179.456
2025-10-26 20:00,9179.647
2025-10-26 20:15,9179.830
2025-10-26 20:30,9180.016
2025-10-26 20:45,9180.197
2025-10-26 21:00,9180.344
2025-10-26 21:15,9180.344
2025-10-26 21:30,9180.344
2025-10-26 21:45,9180.344
2025-10-26 22:00,9180.344
2025-10-26 22:15,9180.398
2025-10-26 22:30,9180.398
2025-10-26 22:45,9180.398
2025-10-26 23:00,9180.408
2025-10-26 23:15,9180.408
2025-10-26 23:30,9180.456
2025-10-26 23:45,9180.506
2025-10-27 00:00,9180.554
2025-10-27 00:15,9180.577
2025-10-27 00:30,9180.628
2025-10-27 00:45,9180.748
2025-10-27 01:00,9180.814
2025-10-27 01:15,9180.902
2025-10-27 01:30,9180.961
2025-10-27 01:45,9181.067
2025-10-27 02:00,9181.141
2025-10-27 02:15,9181.218
2025-10-27 02:30,9181.298
2025-10-27 02:45,9181.392
2025-10-27 03:00,9181.470
2025-10-27 03:15,9181.580
2025-10-27 03:30,9181.663
2025-10-27 03:45,9181.752
2025-10-27 04:00,9181.804
2025-10-27 04:15,9181.850
2025-10-27 04:30,9181.936
2025-10-27 04:45,9181.996
2025-10-27 05:00,9182.043
2025-10-27 05:15,9182.086
2025-10-27 05:30,9182.133
2025-10-27 05:45,9182.219
2025-10-27 06:00,9182.245
2025-10-27 06:15,9182.297
2025-10-27 06:30,9182.377
2025-10-27 06:45,9182.491
2025-10-27 07:00,9182.834
2025-10-27 07:15,9183.097
2025-10-27 07:30,9183.369
2025-10-27 07:45,9183.652
2025-10-27 08:00,9183.900
2025-10-27 08:15,9184.194
2025-10-27 08:30,9184.527
2025-10-27 08:45,9184.891
2025-10-27 09:00,9185.326
2025-10-27 09:15,9185.668
2025-10-27 09:30,9185.997
2025-10-27 09:45,9186.279
2025-10-27 10:00,9186.515
2025-10-27 10:15,9186.733
2025-10-27 10:30,9186.919
2025-10-27 10:45,9187.091
2025-10-27 11:00,9187.274
2025-10-27 11:15,9187.440
2025-10-27 11:30,9187.597
2025-10-27 11:45,9187.738
2025-10-27 12:00,9187.865
2025-10-27 12:15,9187.960
2025-10-27 12:30,9188.070
2025-10-27 12:45,9188.167
2025-10-27 13:00,9188.291
2025-10-27 13:15,9188.388
2025-10-27 13:30,9188.486
2025-10-27 13:45,9188.565
2025-10-27 14:00,9188.670
2025-10-27 14:15,9188.721
2025-10-27 14:30,9188.809
2025-10-27 14:45,9188.867
2025-10-27 15:00,9188.960
2025-10-27 15:15,9189.038
2025-10-27 15:30,9189.082
2025-10-27 15:45,9189.171
2025-10-27 16:00,9189.228
2025-10-27 16:15,9189.273
2025-10-27 16:30,9189.327
2025-10-27 16:45,9189.477
2025-10-27 17:00,9189.549
2025-10-27 17:15,9189.668
2025-10-27 17:30,9189.816
2025-10-27 17:45,9189.980
2025-10-27 18:00,9190.168
2025-10-27 18:15,9190.327
2025-10-27 18:30,9190.490
2025-10-27 18:45,9190.651
2025-10-27 19:00,9190.802
2025-10-27 19:15,9190.972
2025-10-27 19:30,9191.152
2025-10-27 19:45,9191.317
2025-10-27 20:00,9191.480
2025-10-27 20:15,9191.642
2025-10-27 20:30,9191.838
2025-10-27 20:45,9192.001
2025-10-27 21:00,9192.125
2025-10-27 21:15,9192.125
2025-10-27 21:30,9192.125
2025-10-27 21:45,9192.125
2025-10-27 22:00,9192.125
2025-10-27 22:15,9192.125
2025-10-27 22:30,9192.165
2025-10-27 22:45,9192.178
2025-10-27 23:00,9192.769
2025-10-27 23:15,9193.189
2025-10-27 23:30,9193.189
2025-10-27 23:45,9193.189
2025-10-28 00:00,9193.239
2025-10-28 00:15,9193.287
2025-10-28 00:30,9193.311
2025-10-28 00:45,9193.386
2025-10-28 01:00,9193.466
2025-10-28 01:15,9193.578
2025-10-28 01:30,9193.639
2025-10-28 01:45,9193.730
2025-10-28 02:00,9193.850
2025-10-28 02:15,9193.938
2025-10-28 02:30,9194.089
2025-10-28 02:45,9194.188
2025-10-28 03:00,9194.297
2025-10-28 03:15,9194.415
2025-10-28 03:30,9194.524
2025-10-28 03:45,9194.642
2025-10-28 04:00,9194.740
2025-10-28 04:15,9194.832
2025-10-28 04:30,9194.951
2025-10-28 04:45,9195.038
2025-10-28 05:00,9195.147
2025-10-28 05:15,9195.230
2025-10-28 05:30,9195.284
2025-10-28 05:45,9195.411
2025-10-28 06:00,9195.503
2025-10-28 06:15,9195.585
2025-10-28 06:30,9195.640
2025-10-28 06:45,9195.743
2025-10-28 07:00,9196.134
2025-10-28 07:15,9196.403
2025-10-28 07:30,9196.680
2025-10-28 07:45,9196.969
2025-10-28 08:00,9197.184
2025-10-28 08:15,9197.449
2025-10-28 08:30,9197.757
2025-10-28 08:45,9198.045
2025-10-28 09:00,9198.303
2025-10-28 09:15,9198.570
2025-10-28 09:30,9198.836
2025-10-28 09:45,9199.048
2025-10-28 10:00,9199.271
2025-10-28 10:15,9199.495
2025-10-28 10:30,9199.693
2025-10-28 10:45,9199.860
2025-10-28 11:00,9200.012
2025-10-28 11:15,9200.165
2025-10-28 11:30,9200.315
2025-10-28 11:45,9200.384
2025-10-28 12:00,9200.454
2025-10-28 12:15,9200.522
2025-10-28 12:30,9200.522
2025-10-28 12:45,9200.610
2025-10-28 13:00,9200.610
2025-10-28 13:15,9200.631
2025-10-28 13:30,9200.631
2025-10-28 13:45,9200.631
2025-10-28 14:00,9200.631
2025-10-28 14:15,9200.631
2025-10-28 14:30,9200.631
2025-10-28 14:45,9200.670
2025-10-28 15:00,9200.670
2025-10-28 15:15,9200.670
2025-10-28 15:30,9200.670
2025-10-28 15:45,9200.721
2025-10-28 16:00,9201.158
2025-10-28 16:15,9201.436
2025-10-28 16:30,9201.506
2025-10-28 16:45,9201.557
2025-10-28 17:00,9201.608
2025-10-28 17:15,9201.653
2025-10-28 17:30,9201.755
2025-10-28 17:45,9201.867
2025-10-28 18:00,9201.982
2025-10-28 18:15,9202.091
2025-10-28 18:30,9202.277
2025-10-28 18:45,9202.346
2025-10-28 19:00,9202.427
2025-10-28 19:15,9202.520
2025-10-28 19:30,9202.659
2025-10-28 19:45,9202.799
2025-10-28 20:00,9202.920
2025-10-28 20:15,9203.038
2025-10-28 20:30,9203.172
2025-10-28 20:45,9203.312
2025-10-28 21:00,9203.389
2025-10-28 21:15,9203.389
2025-10-28 21:30,9203.468
2025-10-28 21:45,9203.468
2025-10-28 22:00,9203.468
2025-10-28 22:15,9203.468
2025-10-28 22:30,9203.468
2025-10-28 22:45,9203.468
2025-10-28 23:00,9203.468
2025-10-28 23:15,9203.468
2025-10-28 23:30,9203.468
2025-10-28 23:45,9203.468
2025-10-29 00:00,9203.468
2025-10-29 00:15,9203.468
2025-10-29 00:30,9203.468
2025-10-29 00:45,9203.468
2025-10-29 01:00,9203.468
2025-10-29 01:15,9203.501
2025-10-29 01:30,9203.516
2025-10-29 01:45,9203.551
2025-10-29 02:00,9203.571
2025-10-29 02:15,9203.592
2025-10-29 02:30,9203.614
2025-10-29 02:45,9203.686
2025-10-29 03:00,9203.735
2025-10-29 03:15,9203.782
2025-10-29 03:30,9203.899
2025-10-29 03:45,9203.976
2025-10-29 04:00,9204.055
2025-10-29 04:15,9204.137
2025-10-29 04:30,9204.221
2025-10-29 04:45,9204.301
2025-10-29 05:00,9204.381
2025-10-29 05:15,9204.455
2025-10-29 05:30,9204.504
2025-10-29 05:45,9204.556
2025-10-29 06:00,9204.607
2025-10-29 06:15,9204.660
2025-10-29 06:30,9204.739
2025-10-29 06:45,9204.803
2025-10-29 07:00,9205.186
2025-10-29 07:15,9205.436
2025-10-29 07:30,9205.689
2025-10-29 07:45,9205.932
2025-10-29 08:00,9206.143
2025-10-29 08:15,9206.392
2025-10-29 08:30,9206.679
2025-10-29 08:45,9207.070
2025-10-29 09:00,9207.350
2025-10-29 09:15,9207.591
2025-10-29 09:30,9207.826
2025-10-29 09:45,9208.061
2025-10-29 10:00,9208.238
2025-10-29 10:15,9208.401
2025-10-29 10:30,9208.546
2025-10-29 10:45,9208.670
2025-10-29 11:00,9208.794
2025-10-29 11:15,9208.888
2025-10-29 11:30,9208.966
2025-10-29 11:45,9209.020
2025-10-29 12:00,9209.085
2025-10-29 12:15,9209.135
2025-10-29 12:30,9209.161
2025-10-29 12:45,9209.213
2025-10-29 13:00,9209.299
2025-10-29 13:15,9209.328
2025-10-29 13:30,9209.354
2025-10-29 13:45,9209.354
2025-10-29 14:00,9209.354
2025-10-29 14:15,9209.354
2025-10-29 14:30,9209.394
2025-10-29 14:45,9209.404
2025-10-29 15:00,9209.424
2025-10-29 15:15,9209.520
2025-10-29 15:30,9209.610
2025-10-29 15:45,9209.671
2025-10-29 16:00,9209.733
2025-10-29 16:15,9209.733
2025-10-29 16:30,9209.753
2025-10-29 16:45,9209.753
2025-10-29 17:00,9209.805
2025-10-29 17:15,9209.814
2025-10-29 17:30,9209.833
2025-10-29 17:45,9209.903
2025-10-29 18:00,9210.030
2025-10-29 18:15,9210.110
2025-10-29 18:30,9210.224
2025-10-29 18:45,9210.307
2025-10-29 19:00,9210.391
2025-10-29 19:15,9210.517
2025-10-29 19:30,9211.026
2025-10-29 19:45,9211.161
2025-10-29 20:00,9211.254
2025-10-29 20:15,9211.348
2025-10-29 20:30,9211.440
2025-10-29 20:45,9211.503
2025-10-29 21:00,9211.566
2025-10-29 21:15,9211.566
2025-10-29 21:30,9211.566
2025-10-29 21:45,9211.566
2025-10-29 22:00,9211.620
2025-10-29 22:15,9211.620
2025-10-29 22:30,9211.620
2025-10-29 22:45,9211.620
2025-10-29 23:00,9211.620
2025-10-29 23:15,9211.620
2025-10-29 23:30,9211.620
2025-10-29 23:45,9211.620
2025-10-30 00:00,9211.620
2025-10-30 00:15,9211.620
2025-10-30 00:30,9211.620
2025-10-30 00:45,9211.667
2025-10-30 01:00,9211.667
2025-10-30 01:15,9211.667
2025-10-30 01:30,9211.667
2025-10-30 01:45,9211.667
2025-10-30 02:00,9211.667
2025-10-30 02:15,9211.667
2025-10-30 02:30,9211.667
2025-10-30 02:45,9211.694
2025-10-30 03:00,9211.694
2025-10-30 03:15,9211.694
2025-10-30 03:30,9211.694
2025-10-30 03:45,9211.694
2025-10-30 04:00,9211.694
2025-10-30 04:15,9211.739
2025-10-30 04:30,9211.739
2025-10-30 04:45,9211.739
2025-10-30 05:00,9211.739
2025-10-30 05:15,9211.739
2025-10-30 05:30,9211.739
2025-10-30 05:45,9211.739
2025-10-30 06:00,9211.739
2025-10-30 06:15,9211.739
2025-10-30 06:30,9211.739
2025-10-30 06:45,9211.739
2025-10-30 07:00,9211.862
2025-10-30 07:15,9211.862
2025-10-30 07:30,9211.862
2025-10-30 07:45,9211.890
2025-10-30 08:00,9211.898
2025-10-30 08:15,9212.048
2025-10-30 08:30,9212.048
2025-10-30 08:45,9212.048
2025-10-30 09:00,9212.177
2025-10-30 09:15,9212.279
2025-10-30 09:30,9212.279
2025-10-30 09:45,9212.279
2025-10-30 10:00,9212.307
2025-10-30 10:15,9212.307
2025-10-30 10:30,9212.307
2025-10-30 10:45,9212.307
2025-10-30 11:00,9212.307
2025-10-30 11:15,9212.345
2025-10-30 11:30,9212.345
2025-10-30 11:45,9212.345
2025-10-30 12:00,9212.345
2025-10-30 12:15,9212.345
2025-10-30 12:30,9212.380
2025-10-30 12:45,9212.380
2025-10-30 13:00,9212.380
2025-10-30 13:15,9212.380
2025-10-30 13:30,9212.380
2025-10-30 13:45,9212.380
2025-10-30 14:00,9212.380
2025-10-30 14:15,9212.419
2025-10-30 14:30,9212.419
2025-10-30 14:45,9212.419
2025-10-30 15:00,9212.419
2025-10-30 15:15,9212.419
2025-10-30 15:30,9212.474
2025-10-30 15:45,9212.526
2025-10-30 16:00,9212.526
2025-10-30 16:15,9212.526
2025-10-30 16:30,9212.526
2025-10-30 16:45,9212.526
2025-10-30 17:00,9212.526
2025-10-30 17:15,9212.526
2025-10-30 17:30,9212.583
2025-10-30 17:45,9212.583
2025-10-30 18:00,9212.583
2025-10-30 18:15,9212.621
2025-10-30 18:30,9212.621
2025-10-30 18:45,9212.999
2025-10-30 19:00,9213.327
2025-10-30 19:15,9213.327
2025-10-30 19:30,9213.327
2025-10-30 19:45,9213.327
2025-10-30 20:00,9213.327
2025-10-30 20:15,9213.370
2025-10-30 20:30,9213.425
2025-10-30 20:45,9213.425
2025-10-30 21:00,9213.425
2025-10-30 21:15,9213.425
2025-10-30 21:30,9213.425
2025-10-30 21:45,9213.425
2025-10-30 22:00,9213.425
2025-10-30 22:15,9213.425
2025-10-30 22:30,9213.425
2025-10-30 22:45,9213.425
2025-10-30 23:00,9213.425
2025-10-30 23:15,9213.457
2025-10-30 23:30,9213.471
2025-10-30 23:45,9213.471
2025-10-31 00:00,9213.471
2025-10-31 00:15,9213.471
2025-10-31 00:30,9213.471
2025-10-31 00:45,9213.471
2025-10-31 01:00,9213.471
2025-10-31 01:15,9213.471
2025-10-31 01:30,9213.471
2025-10-31 01:45,9213.471
2025-10-31 02:00,9213.503
2025-10-31 02:15,9213.503
2025-10-31 02:30,9213.503
2025-10-31 02:45,9213.503
2025-10-31 03:00,9213.503
2025-10-31 03:15,9213.538
2025-10-31 03:30,9213.538
2025-10-31 03:45,9213.538
2025-10-31 04:00,9213.538
2025-10-31 04:15,9213.538
2025-10-31 04:30,9213.538
2025-10-31 04:45,9213.568
2025-10-31 05:00,9213.568
2025-10-31 05:15,9213.636
2025-10-31 05:30,9213.636
2025-10-31 05:45,9213.636
2025-10-31 06:00,9213.636
2025-10-31 06:15,9213.636
2025-10-31 06:30,9213.688
2025-10-31 06:45,9213.692
2025-10-31 07:00,9213.767
2025-10-31 07:15,9213.767
2025-10-31 07:30,9213.767
2025-10-31 07:45,9213.767
2025-10-31 08:00,9214.132
2025-10-31 08:15,9214.135
2025-10-31 08:30,9214.135
2025-10-31 08:45,9214.135
2025-10-31 09:00,9214.135
2025-10-31 09:15,9214.135
2025-10-31 09:30,9214.135
2025-10-31 09:45,9214.135
2025-10-31 10:00,9214.135
2025-10-31 10:15,9214.135
2025-10-31 10:30,9214.135
2025-10-31 10:45,9214.173
2025-10-31 11:00,9214.173
2025-10-31 11:15,9214.173
2025-10-31 11:30,9214.173
2025-10-31 11:45,9214.173
2025-10-31 12:00,9214.199
2025-10-31 12:15,9214.199
2025-10-31 12:30,9214.199
2025-10-31 12:45,9214.199
2025-10-31 13:00,9214.199
2025-10-31 13:15,9214.199
2025-10-31 13:30,9214.199
2025-10-31 13:45,9214.229
2025-10-31 14:00,9214.239
2025-10-31 14:15,9214.239
2025-10-31 14:30,9214.239
2025-10-31 14:45,9214.239
2025-10-31 15:00,9214.239
2025-10-31 15:15,9214.239
2025-10-31 15:30,9214.239
2025-10-31 15:45,9214.239
2025-10-31 16:00,9214.269
2025-10-31 16:15,9214.269
2025-10-31 16:30,9214.269
2025-10-31 16:45,9214.269
2025-10-31 17:00,9214.294
2025-10-31 17:15,9214.298
2025-10-31 17:30,9214.348
2025-10-31 17:45,9214.348
2025-10-31 18:00,9214.348
2025-10-31 18:15,9214.348
2025-10-31 18:30,9214.348
2025-10-31 18:45,9214.348
2025-10-31 19:00,9214.348
2025-10-31 19:15,9214.348
2025-10-31 19:30,9214.348
2025-10-31 19:45,9214.348
2025-10-31 20:00,9214.348
2025-10-31 20:15,9214.380
2025-10-31 20:30,9214.380
2025-10-31 20:45,9214.380
2025-10-31 21:00,9214.380
2025-10-31 21:15,9214.380
2025-10-31 21:30,9214.414
2025-10-31 21:45,9214.414
2025-10-31 22:00,9214.414
2025-10-31 22:15,9214.414
2025-10-31 22:30,9214.414
2025-10-31 22:45,9214.414
2025-10-31 23:00,9214.414
2025-10-31 23:15,9214.444
2025-10-31 23:30,9214.444
2025-10-31 23:45,9214.444
2025-11-01 00:00,9214.444
2025-11-01 00:15,9214.444
2025-11-01 00:30,9214.444
2025-11-01 00:45,9214.444
2025-11-01 01:00,9214.488
2025-11-01 01:15,9214.488
2025-11-01 01:30,9214.488
2025-11-01 01:45,9214.488
2025-11-01 02:00,9214.488
2025-11-01 02:15,9214.488
2025-11-01 02:30,9214.488
2025-11-01 02:45,9214.488
2025-11-01 03:00,9214.488
2025-11-01 03:15,9214.488
2025-11-01 03:30,9214.520
2025-11-01 03:45,9214.520
2025-11-01 04:00,9214.520
2025-11-01 04:15,9214.520
2025-11-01 04:30,9214.520
2025-11-01 04:45,9214.555
2025-11-01 05:00,9214.555
2025-11-01 05:15,9214.555
2025-11-01 05:30,9214.555
2025-11-01 05:45,9214.555
2025-11-01 06:00,9214.555
2025-11-01 06:15,9214.555
2025-11-01 06:30,9214.555
2025-11-01 06:45,9214.594
2025-11-01 07:00,9214.594
2025-11-01 07:15,9214.594
2025-11-01 07:30,9214.594
2025-11-01 07:45,9214.790
2025-11-01 08:00,9214.790
2025-11-01 08:15,9214.790
2025-11-01 08:30,9214.790
2025-11-01 08:45,9214.790
2025-11-01 09:00,9214.790
2025-11-01 09:15,9214.790
2025-11-01 09:30,9214.790
2025-11-01 09:45,9214.790
2025-11-01 10:00,9214.790
2025-11-01 10:15,9214.808
2025-11-01 10:30,9214.882
2025-11-01 10:45,9214.882
2025-11-01 11:00,9214.882
2025-11-01 11:15,9214.882
2025-11-01 11:30,9214.882
2025-11-01 11:45,9214.882
2025-11-01 12:00,9214.882
2025-11-01 12:15,9214.908
2025-11-01 12:30,9214.908
2025-11-01 12:45,9215.088
2025-11-01 13:00,9215.662
2025-11-01 13:15,9215.819
2025-11-01 13:30,9215.819
2025-11-01 13:45,9215.819
2025-11-01 14:00,9215.819
2025-11-01 14:15,9215.856
2025-11-01 14:30,9215.867
2025-11-01 14:45,9215.867
2025-11-01 15:00,9215.867
2025-11-01 15:15,9215.905
2025-11-01 15:30,9215.905
2025-11-01 15:45,9215.905
2025-11-01 16:00,9215.905
2025-11-01 16:15,9215.905
2025-11-01 16:30,9215.926
2025-11-01 16:45,9215.940
2025-11-01 17:00,9216.324
2025-11-01 17:15,9216.479
2025-11-01 17:30,9216.604
2025-11-01 17:45,9216.626
2025-11-01 18:00,9216.626
2025-11-01 18:15,9216.626
2025-11-01 18:30,9216.626
2025-11-01 18:45,9216.626
2025-11-01 19:00,9216.626
2025-11-01 19:15,9216.738
2025-11-01 19:30,9216.738
2025-11-01 19:45,9216.738
2025-11-01 20:00,9216.738
2025-11-01 20:15,9216.759
2025-11-01 20:30,9216.796
2025-11-01 20:45,9216.796
2025-11-01 21:00,9216.796
2025-11-01 21:15,9216.796
2025-11-01 21:30,9216.796
2025-11-01 21:45,9216.796
2025-11-01 22:00,9216.796
2025-11-01 22:15,9216.796
2025-11-01 22:30,9216.796
2025-11-01 22:45,9216.796
2025-11-01 23:00,9216.849
2025-11-01 23:15,9216.849
2025-11-01 23:30,9216.849
2025-11-01 23:45,9216.849
2025-11-02 00:00,9216.849
2025-11-02 00:15,9216.849
2025-11-02 00:30,9216.849
2025-11-02 00:45,9216.849
2025-11-02 01:00,9216.849
2025-11-02 01:15,9216.849
2025-11-02 01:30,9216.881
2025-11-02 01:45,9216.881
2025-11-02 02:00,9216.881
2025-11-02 02:15,9216.881
2025-11-02 02:30,9216.881
2025-11-02 02:45,9216.915
2025-11-02 03:00,9216.915
2025-11-02 03:15,9216.915
2025-11-02 03:30,9216.915
2025-11-02 03:45,9216.967
2025-11-02 04:00,9216.967
2025-11-02 04:15,9217.004
2025-11-02 04:30,9217.031
2025-11-02 04:45,9217.051
2025-11-02 05:00,9217.051
2025-11-02 05:15,9217.051
2025-11-02 05:30,9217.106
2025-11-02 05:45,9217.106
2025-11-02 06:00,9217.159
2025-11-02 06:15,9217.159
2025-11-02 06:30,9217.159
2025-11-02 06:45,9217.159
2025-11-02 07:00,9217.159
2025-11-02 07:15,9217.159
2025-11-02 07:30,9217.159
2025-11-02 07:45,9217.372
2025-11-02 08:00,9217.530
2025-11-02 08:15,9217.530
2025-11-02 08:30,9217.530
2025-11-02 08:45,9217.530
2025-11-02 09:00,9217.530
2025-11-02 09:15,9217.530
2025-11-02 09:30,9217.588
2025-11-02 09:45,9217.861
2025-11-02 10:00,9217.861
2025-11-02 10:15,9217.861
2025-11-02 10:30,9217.861
2025-11-02 10:45,9217.861
2025-11-02 11:00,9217.864
2025-11-02 11:15,9217.898
2025-11-02 11:30,9217.898
2025-11-02 11:45,9217.898
2025-11-02 12:00,9217.898
2025-11-02 12:15,9217.954
2025-11-02 12:30,9217.999
2025-11-02 12:45,9217.999
2025-11-02 13:00,9217.999
2025-11-02 13:15,9217.999
2025-11-02 13:30,9217.999
2025-11-02 13:45,9217.999
2025-11-02 14:00,9217.999
2025-11-02 14:15,9217.999
2025-11-02 14:30,9217.999
2025-11-02 14:45,9218.050
2025-11-02 15:00,9218.104
2025-11-02 15:15,9218.329
2025-11-02 15:30,9218.329
2025-11-02 15:45,9218.329
2025-11-02 16:00,9218.329
2025-11-02 16:15,9218.329
2025-11-02 16:30,9218.329
2025-11-02 16:45,9218.329
2025-11-02 17:00,9218.329
2025-11-02 17:15,9218.367
2025-11-02 17:30,9218.382
2025-11-02 17:45,9218.382
2025-11-02 18:00,9218.382
2025-11-02 18:15,9218.436
2025-11-02 18:30,9218.591
2025-11-02 18:45,9218.616
2025-11-02 19:00,9218.616
2025-11-02 19:15,9218.951
2025-11-02 19:30,9219.508
2025-11-02 19:45,9219.522
2025-11-02 20:00,9219.522
2025-11-02 20:15,9219.522
2025-11-02 20:30,9219.588
2025-11-02 20:45,9219.588
2025-11-02 21:00,9219.588
2025-11-02 21:15,9219.588
2025-11-02 21:30,9219.626
2025-11-02 21:45,9219.626
2025-11-02 22:00,9219.626
2025-11-02 22:15,9219.626
2025-11-02 22:30,9219.626
2025-11-02 22:45,9219.626
2025-11-02 23:00,9219.669
2025-11-02 23:15,9219.669
2025-11-02 23:30,9219.669
2025-11-02 23:45,9219.669
2025-11-03 00:00,9219.669
2025-11-03 00:15,9219.669
2025-11-03 00:30,9219.669
2025-11-03 00:45,9219.669
2025-11-03 01:00,9219.699
2025-11-03 01:15,9219.699
2025-11-03 01:30,9219.699
2025-11-03 01:45,9219.699
2025-11-03 02:00,9219.699
2025-11-03 02:15,9219.718
2025-11-03 02:30,9219.742
2025-11-03 02:45,9219.742
2025-11-03 03:00,9219.742
2025-11-03 03:15,9219.742
2025-11-03 03:30,9219.742
2025-11-03 03:45,9219.742
2025-11-03 04:00,9219.742
2025-11-03 04:15,9219.815
2025-11-03 04:30,9219.815
2025-11-03 04:45,9219.815
2025-11-03 05:00,9219.869
2025-11-03 05:15,9219.869
2025-11-03 05:30,9219.869
2025-11-03 05:45,9219.869
2025-11-03 06:00,9219.869
2025-11-03 06:15,9219.869
2025-11-03 06:30,9219.869
2025-11-03 06:45,9219.869
2025-11-03 07:00,9219.869
2025-11-03 07:15,9219.900
2025-11-03 07:30,9219.900
2025-11-03 07:45,9219.900
2025-11-03 08:00,9219.900
2025-11-03 08:15,9219.900
2025-11-03 08:30,9219.900
2025-11-03 08:45,9219.949
2025-11-03 09:00,9219.949
2025-11-03 09:15,9219.949
2025-11-03 09:30,9219.949
2025-11-03 09:45,9219.949
2025-11-03 10:00,9219.949
2025-11-03 10:15,9219.949
2025-11-03 10:30,9219.949
2025-11-03 10:45,9219.988
2025-11-03 11:00,9219.988
2025-11-03 11:15,9219.988
2025-11-03 11:30,9220.040
2025-11-03 11:45,9220.079
2025-11-03 12:00,9220.079
2025-11-03 12:15,9220.079
2025-11-03 12:30,9220.079
2025-11-03 12:45,9220.079
2025-11-03 13:00,9220.079
2025-11-03 13:15,9220.079
2025-11-03 13:30,9220.079
2025-11-03 13:45,9220.117
2025-11-03 14:00,9220.117
2025-11-03 14:15,9220.117
2025-11-03 14:30,9220.117
2025-11-03 14:45,9220.117
2025-11-03 15:00,9220.155
2025-11-03 15:15,9220.155
2025-11-03 15:30,9220.155
2025-11-03 15:45,9220.155
2025-11-03 16:00,9220.155
2025-11-03 16:15,9220.155
2025-11-03 16:30,9220.155
2025-11-03 16:45,9220.155
2025-11-03 17:00,9220.155
2025-11-03 17:15,9220.186
2025-11-03 17:30,9220.186
2025-11-03 17:45,9220.186
2025-11-03 18:00,9220.186
2025-11-03 18:15,9220.186
2025-11-03 18:30,9220.222
2025-11-03 18:45,9220.283
2025-11-03 19:00,9220.321
2025-11-03 19:15,9220.321
2025-11-03 19:30,9220.321
2025-11-03 19:45,9220.321
2025-11-03 20:00,9220.321
2025-11-03 20:15,9220.425
2025-11-03 20:30,9220.425
2025-11-03 20:45,9220.425
2025-11-03 21:00,9220.425
2025-11-03 21:15,9220.425
2025-11-03 21:30,9220.425
2025-11-03 21:45,9220.425
2025-11-03 22:00,9220.468
2025-11-03 22:15,9220.468
2025-11-03 22:30,9220.943
2025-11-03 22:45,9221.029
2025-11-03 23:00,9221.029
2025-11-03 23:15,9221.029
2025-11-03 23:30,9221.029
2025-11-03 23:45,9221.029
2025-11-04 00:00,9221.029
2025-11-04 00:15,9221.029
2025-11-04 00:30,9221.029
2025-11-04 00:45,9221.029
2025-11-04 01:00,9221.029
2025-11-04 01:15,9221.060
2025-11-04 01:30,9221.060
2025-11-04 01:45,9221.060
2025-11-04 02:00,9221.060
2025-11-04 02:15,9221.060
2025-11-04 02:30,9221.092
2025-11-04 02:45,9221.092
2025-11-04 03:00,9221.092
2025-11-04 03:15,9221.092
2025-11-04 03:30,9221.092
2025-11-04 03:45,9221.092
2025-11-04 04:00,9221.121
2025-11-04 04:15,9221.121
2025-11-04 04:30,9221.121
2025-11-04 04:45,9221.121
2025-11-04 05:00,9221.121
2025-11-04 05:15,9221.121
2025-11-04 05:30,9221.156
2025-11-04 05:45,9221.156
2025-11-04 06:00,9221.156
2025-11-04 06:15,9221.156
2025-11-04 06:30,9221.156
2025-11-04 06:45,9221.211
2025-11-04 07:00,9221.211
2025-11-04 07:15,9221.248
2025-11-04 07:30,9221.248
2025-11-04 07:45,9221.248
2025-11-04 08:00,9221.248
2025-11-04 08:15,9221.248
2025-11-04 08:30,9221.248
2025-11-04 08:45,9221.280
2025-11-04 09:00,9221.287
2025-11-04 09:15,9221.287
2025-11-04 09:30,9221.287
2025-11-04 09:45,9221.287
2025-11-04 10:00,9221.335
2025-11-04 10:15,9221.346
2025-11-04 10:30,9221.346
2025-11-04 10:45,9221.383
2025-11-04 11:00,9221.383
2025-11-04 11:15,9221.383
2025-11-04 11:30,9221.383
2025-11-04 11:45,9221.383
2025-11-04 12:00,9221.383
2025-11-04 12:15,9221.516
2025-11-04 12:30,9221.537
2025-11-04 12:45,9221.537
2025-11-04 13:00,9221.537
2025-11-04 13:15,9221.537
2025-11-04 13:30,9221.537
2025-11-04 13:45,9221.537
2025-11-04 14:00,9221.537
2025-11-04 14:15,9221.537
2025-11-04 14:30,9221.537
2025-11-04 14:45,9221.537
2025-11-04 15:00,9221.570
2025-11-04 15:15,9221.584
2025-11-04 15:30,9221.584
2025-11-04 15:45,9221.584
2025-11-04 16:00,9221.584
2025-11-04 16:15,9221.584
2025-11-04 16:30,9221.584
2025-11-04 16:45,9221.584
2025-11-04 17:00,9221.584
2025-11-04 17:15,9221.614
2025-11-04 17:30,9221.614
2025-11-04 17:45,9221.614
2025-11-04 18:00,9221.614
2025-11-04 18:15,9221.614
2025-11-04 18:30,9221.614
2025-11-04 18:45,9221.637
2025-11-04 19:00,9221.720
2025-11-04 19:15,9221.764
2025-11-04 19:30,9222.115
2025-11-04 19:45,9222.555
2025-11-04 20:00,9222.555
2025-11-04 20:15,9222.555
2025-11-04 20:30,9222.555
2025-11-04 20:45,9222.555
2025-11-04 21:00,9222.555
2025-11-04 21:15,9222.555
2025-11-04 21:30,9222.555
2025-11-04 21:45,9222.555
2025-11-04 22:00,9222.555
2025-11-04 22:15,9222.555
2025-11-04 22:30,9222.632
2025-11-04 22:45,9222.632
2025-11-04 23:00,9222.632
2025-11-04 23:15,9222.632
2025-11-04 23:30,9222.632
2025-11-04 23:45,9222.632
2025-11-05 00:00,9222.632
2025-11-05 00:15,9222.632
2025-11-05 00:30,9222.632
2025-11-05 00:45,9222.632
2025-11-05 01:00,9222.632
2025-11-05 01:15,9222.632
2025-11-05 01:30,9222.632
2025-11-05 01:45,9222.632
2025-11-05 02:00,9222.632
2025-11-05 02:15,9222.632
2025-11-05 02:30,9222.632
2025-11-05 02:45,9222.632
2025-11-05 03:00,9222.632
2025-11-05 03:15,9222.632
2025-11-05 03:30,9222.632
2025-11-05 03:45,9222.632
2025-11-05 04:00,9222.632
2025-11-05 04:15,9222.693
2025-11-05 04:30,9222.693
2025-11-05 04:45,9222.693
2025-11-05 05:00,9222.767
2025-11-05 05:15,9222.767
2025-11-05 05:30,9222.767
2025-11-05 05:45,9222.767
2025-11-05 06:00,9222.767
2025-11-05 06:15,9222.834
2025-11-05 06:30,9222.834
2025-11-05 06:45,9222.834
2025-11-05 07:00,9222.834
2025-11-05 07:15,9222.895
2025-11-05 07:30,9222.895
2025-11-05 07:45,9222.895
2025-11-05 08:00,9222.895
2025-11-05 08:15,9223.068
2025-11-05 08:30,9223.068
2025-11-05 08:45,9223.068
2025-11-05 09:00,9223.068
2025-11-05 09:15,9223.068
2025-11-05 09:30,9223.068
2025-11-05 09:45,9223.068
2025-11-05 10:00,9223.068
2025-11-05 10:15,9223.126
2025-11-05 10:30,9223.174
2025-11-05 10:45,9223.174
2025-11-05 11:00,9223.174
2025-11-05 11:15,9223.174
2025-11-05 11:30,9223.174
2025-11-05 11:45,9223.174
2025-11-05 12:00,9223.174
2025-11-05 12:15,9223.174
2025-11-05 12:30,9223.174
2025-11-05 12:45,9223.174
2025-11-05 13:00,9223.219
2025-11-05 13:15,9223.227
2025-11-05 13:30,9223.227
2025-11-05 13:45,9223.227
2025-11-05 14:00,9223.227
2025-11-05 14:15,9223.227
2025-11-05 14:30,9223.227
2025-11-05 14:45,9223.227
2025-11-05 15:00,9223.227
2025-11-05 15:15,9223.227
2025-11-05 15:30,9223.227
2025-11-05 15:45,9223.263
2025-11-05 16:00,9223.263
2025-11-05 16:15,9223.263
2025-11-05 16:30,9223.263
2025-11-05 16:45,9223.291
2025-11-05 17:00,9223.313
2025-11-05 17:15,9223.328
2025-11-05 17:30,9223.328
2025-11-05 17:45,9223.328
2025-11-05 18:00,9223.328
2025-11-05 18:15,9223.368
2025-11-05 18:30,9223.598
2025-11-05 18:45,9223.752
2025-11-05 19:00,9223.752
2025-11-05 19:15,9223.861
2025-11-05 19:30,9224.176
2025-11-05 19:45,9224.240
2025-11-05 20:00,9224.240
2025-11-05 20:15,9224.240
2025-11-05 20:30,9224.240
2025-11-05 20:45,9224.308
2025-11-05 21:00,9224.308
2025-11-05 21:15,9224.308
2025-11-05 21:30,9224.340
2025-11-05 21:45,9224.786
2025-11-05 22:00,9225.171
2025-11-05 22:15,9225.171
2025-11-05 22:30,9225.171
2025-11-05 22:45,9225.171
2025-11-05 23:00,9225.171
2025-11-05 23:15,9225.171
2025-11-05 23:30,9225.171
2025-11-05 23:45,9225.171
2025-11-06 00:00,9225.171
2025-11-06 00:15,9225.198
2025-11-06 00:30,9225.203
2025-11-06 00:45,9225.203
2025-11-06 01:00,9225.203
2025-11-06 01:15,9225.203
2025-11-06 01:30,9225.203
2025-11-06 01:45,9225.238
2025-11-06 02:00,9225.238
2025-11-06 02:15,9225.238
2025-11-06 02:30,9225.238
2025-11-06 02:45,9225.238
2025-11-06 03:00,9225.344
2025-11-06 03:15,9225.352
2025-11-06 03:30,9225.352
2025-11-06 03:45,9225.352
2025-11-06 04:00,9225.407
2025-11-06 04:15,9225.407
2025-11-06 04:30,9225.407
2025-11-06 04:45,9225.518
2025-11-06 05:00,9225.518
2025-11-06 05:15,9225.518
2025-11-06 05:30,9225.565
2025-11-06 05:45,9225.565
2025-11-06 06:00,9225.565
2025-11-06 06:15,9225.616
2025-11-06 06:30,9225.618
2025-11-06 06:45,9225.618
2025-11-06 07:00,9225.618
2025-11-06 07:15,9225.618
2025-11-06 07:30,9225.671
2025-11-06 07:45,9225.671
2025-11-06 08:00,9225.671
2025-11-06 08:15,9225.671
2025-11-06 08:30,9225.671
2025-11-06 08:45,9225.671
2025-11-06 09:00,9225.671
2025-11-06 09:15,9225.876
2025-11-06 09:30,9225.921
2025-11-06 09:45,9225.941
2025-11-06 10:00,9225.941
2025-11-06 10:15,9225.941
2025-11-06 10:30,9225.941
2025-11-06 10:45,9225.941
2025-11-06 11:00,9225.941
2025-11-06 11:15,9225.941
2025-11-06 11:30,9225.941
2025-11-06 11:45,9225.975
2025-11-06 12:00,9225.975
2025-11-06 12:15,9225.975
2025-11-06 12:30,9225.975
2025-11-06 12:45,9225.975
2025-11-06 13:00,9225.975
2025-11-06 13:15,9225.975
2025-11-06 13:30,9226.019
2025-11-06 13:45,9226.019
2025-11-06 14:00,9226.019
2025-11-06 14:15,9226.019
2025-11-06 14:30,9226.019
2025-11-06 14:45,9226.019
2025-11-06 15:00,9226.019
2025-11-06 15:15,9226.019
2025-11-06 15:30,9226.019
2025-11-06 15:45,9226.051
2025-11-06 16:00,9226.051
2025-11-06 16:15,9226.072
2025-11-06 16:30,9226.072
2025-11-06 16:45,9226.072
2025-11-06 17:00,9226.098
2025-11-06 17:15,9226.111
2025-11-06 17:30,9226.111
2025-11-06 17:45,9226.111
2025-11-06 18:00,9226.111
2025-11-06 18:15,9226.185
2025-11-06 18:30,9226.185
2025-11-06 18:45,9226.185
2025-11-06 19:00,9226.224
2025-11-06 19:15,9226.281
2025-11-06 19:30,9226.281
2025-11-06 19:45,9226.281
2025-11-06 20:00,9226.281
2025-11-06 20:15,9226.333
2025-11-06 20:30,9226.333
2025-11-06 20:45,9226.333
2025-11-06 21:00,9226.333
2025-11-06 21:15,9226.333
2025-11-06 21:30,9226.333
2025-11-06 21:45,9226.333
2025-11-06 22:00,9226.333
2025-11-06 22:15,9226.333
2025-11-06 22:30,9226.333
2025-11-06 22:45,9226.333
2025-11-06 23:00,9226.333
2025-11-06 23:15,9226.366
2025-11-06 23:30,9226.366
2025-11-06 23:45,9226.366
2025-11-07 00:00,9226.459
2025-11-07 00:15,9226.459
2025-11-07 00:30,9226.459
2025-11-07 00:45,9226.459
2025-11-07 01:00,9226.511
2025-11-07 01:15,9226.511
2025-11-07 01:30,9226.511
2025-11-07 01:45,9226.511
2025-11-07 02:00,9226.593
2025-11-07 02:15,9226.593
2025-11-07 02:30,9226.593
2025-11-07 02:45,9226.593
2025-11-07 03:00,9226.593
2025-11-07 03:15,9226.703
2025-11-07 03:30,9226.703
2025-11-07 03:45,9226.703
2025-11-07 04:00,9226.703
2025-11-07 04:15,9226.703
2025-11-07 04:30,9226.755
2025-11-07 04:45,9226.755
2025-11-07 05:00,9226.755
2025-11-07 05:15,9226.792
2025-11-07 05:30,9226.792
2025-11-07 05:45,9226.838
2025-11-07 06:00,9226.838
2025-11-07 06:15,9226.838
2025-11-07 06:30,9226.838
2025-11-07 06:45,9226.892
2025-11-07 07:00,9226.952
2025-11-07 07:15,9226.952
2025-11-07 07:30,9226.952
2025-11-07 07:45,9226.952
2025-11-07 08:00,9226.952
2025-11-07 08:15,9226.952
2025-11-07 08:30,9226.952
2025-11-07 08:45,9226.952
2025-11-07 09:00,9226.952
2025-11-07 09:15,9227.024
2025-11-07 09:30,9227.257
2025-11-07 09:45,9227.358
2025-11-07 10:00,9227.358
2025-11-07 10:15,9227.358
2025-11-07 10:30,9227.358
2025-11-07 10:45,9227.358
2025-11-07 11:00,9227.358
2025-11-07 11:15,9227.358
2025-11-07 11:30,9227.358
2025-11-07 11:45,9227.358
2025-11-07 12:00,9227.358
2025-11-07 12:15,9227.416
2025-11-07 12:30,9227.416
2025-11-07 12:45,9227.416
2025-11-07 13:00,9227.416
2025-11-07 13:15,9227.416
2025-11-07 13:30,9227.416
2025-11-07 13:45,9227.416
2025-11-07 14:00,9227.416
2025-11-07 14:15,9227.416
2025-11-07 14:30,9227.470
2025-11-07 14:45,9227.470
2025-11-07 15:00,9227.470
2025-11-07 15:15,9227.531
2025-11-07 15:30,9227.531
2025-11-07 15:45,9227.531
2025-11-07 16:00,9227.531
2025-11-07 16:15,9227.531
2025-11-07 16:30,9227.531
2025-11-07 16:45,9227.531
2025-11-07 17:00,9227.586
2025-11-07 17:15,9227.586
2025-11-07 17:30,9227.586
2025-11-07 17:45,9227.586
2025-11-07 18:00,9227.586
2025-11-07 18:15,9227.661
2025-11-07 18:30,9227.677
2025-11-07 18:45,9227.686
2025-11-07 19:00,9227.686
2025-11-07 19:15,9227.686
2025-11-07 19:30,9227.686
2025-11-07 19:45,9227.686
2025-11-07 20:00,9227.729
2025-11-07 20:15,9227.729
2025-11-07 20:30,9227.767
2025-11-07 20:45,9227.767
2025-11-07 21:00,9227.767
2025-11-07 21:15,9227.767
2025-11-07 21:30,9227.767
2025-11-07 21:45,9227.767
2025-11-07 22:00,9227.810
2025-11-07 22:15,9227.810
2025-11-07 22:30,9227.810
2025-11-07 22:45,9227.810
2025-11-07 23:00,9227.810
2025-11-07 23:15,9227.810
2025-11-07 23:30,9227.810
2025-11-07 23:45,9227.810
2025-11-08 00:00,9227.810
2025-11-08 00:15,9227.850
2025-11-08 00:30,9227.850
2025-11-08 00:45,9227.850
2025-11-08 01:00,9227.850
2025-11-08 01:15,9227.883
2025-11-08 01:30,9227.883
2025-11-08 01:45,9227.955
2025-11-08 02:00,9227.955
2025-11-08 02:15,9227.955
2025-11-08 02:30,9227.955
2025-11-08 02:45,9228.056
2025-11-08 03:00,9228.056
2025-11-08 03:15,9228.056
2025-11-08 03:30,9228.056
2025-11-08 03:45,9228.106
2025-11-08 04:00,9228.150
2025-11-08 04:15,9228.150
2025-11-08 04:30,9228.150
2025-11-08 04:45,9228.150
2025-11-08 05:00,9228.200
2025-11-08 05:15,9228.200
2025-11-08 05:30,9228.200
2025-11-08 05:45,9228.276
2025-11-08 06:00,9228.276
2025-11-08 06:15,9228.276
2025-11-08 06:30,9228.276
2025-11-08 06:45,9228.323
2025-11-08 07:00,9228.323
2025-11-08 07:15,9228.376
2025-11-08 07:30,9228.376
2025-11-08 07:45,9228.376
2025-11-08 08:00,9228.376
2025-11-08 08:15,9228.376
2025-11-08 08:30,9228.376
2025-11-08 08:45,9228.376
2025-11-08 09:00,9228.376
2025-11-08 09:15,9228.633
2025-11-08 09:30,9228.633
2025-11-08 09:45,9228.633
2025-11-08 10:00,9228.633
2025-11-08 10:15,9228.677
2025-11-08 10:30,9228.677
2025-11-08 10:45,9228.677
2025-11-08 11:00,9228.677
2025-11-08 11:15,9228.863
2025-11-08 11:30,9228.863
2025-11-08 11:45,9228.863
2025-11-08 12:00,9228.863
2025-11-08 12:15,9228.863
2025-11-08 12:30,9228.917
2025-11-08 12:45,9228.930
2025-11-08 13:00,9229.220
2025-11-08 13:15,9229.861
2025-11-08 13:30,9229.882
2025-11-08 13:45,9229.882
2025-11-08 14:00,9229.882
2025-11-08 14:15,9230.025
2025-11-08 14:30,9230.025
2025-11-08 14:45,9230.025
2025-11-08 15:00,9230.025
2025-11-08 15:15,9230.025
2025-11-08 15:30,9230.172
2025-11-08 15:45,9230.172
2025-11-08 16:00,9230.172
2025-11-08 16:15,9230.172
2025-11-08 16:30,9230.458
2025-11-08 16:45,9230.479
2025-11-08 17:00,9230.479
2025-11-08 17:15,9230.479
2025-11-08 17:30,9230.479
2025-11-08 17:45,9230.479
2025-11-08 18:00,9230.479
2025-11-08 18:15,9230.479
2025-11-08 18:30,9230.479
2025-11-08 18:45,9230.479
2025-11-08 19:00,9230.479
2025-11-08 19:15,9230.541
2025-11-08 19:30,9230.541
2025-11-08 19:45,9230.541
2025-11-08 20:00,9230.541
2025-11-08 20:15,9230.585
2025-11-08 20:30,9230.585
2025-11-08 20:45,9230.628
2025-11-08 21:00,9230.628
2025-11-08 21:15,9230.669
2025-11-08 21:30,9230.669
2025-11-08 21:45,9230.669
2025-11-08 22:00,9230.669
2025-11-08 22:15,9230.669
2025-11-08 22:30,9230.669
2025-11-08 22:45,9230.669
2025-11-08 23:00,9230.669
2025-11-08 23:15,9230.669
2025-11-08 23:30,9230.722
2025-11-08 23:45,9230.722
2025-11-09 00:00,9230.722
2025-11-09 00:15,9230.722
2025-11-09 00:30,9230.722
2025-11-09 00:45,9230.722
2025-11-09 01:00,9230.722
2025-11-09 01:15,9230.722
2025-11-09 01:30,9230.722
2025-11-09 01:45,9230.722
2025-11-09 02:00,9230.722
2025-11-09 02:15,9230.722
2025-11-09 02:30,9230.769
2025-11-09 02:45,9230.769
2025-11-09 03:00,9230.769
2025-11-09 03:15,9230.769
2025-11-09 03:30,9230.769
2025-11-09 03:45,9230.769
2025-11-09 04:00,9230.769
2025-11-09 04:15,9230.769
2025-11-09 04:30,9230.769
2025-11-09 04:45,9230.769
2025-11-09 05:00,9230.800
2025-11-09 05:15,9230.800
2025-11-09 05:30,9230.800
2025-11-09 05:45,9230.800
2025-11-09 06:00,9230.800
2025-11-09 06:15,9230.835
2025-11-09 06:30,9230.835
2025-11-09 06:45,9230.835
2025-11-09 07:00,9230.835
2025-11-09 07:15,9230.835
2025-11-09 07:30,9230.835
2025-11-09 07:45,9230.835
2025-11-09 08:00,9230.865
2025-11-09 08:15,9230.865
2025-11-09 08:30,9230.865
2025-11-09 08:45,9230.865
2025-11-09 09:00,9230.865
2025-11-09 09:15,9230.865
2025-11-09 09:30,9231.038
2025-11-09 09:45,9231.060
2025-11-09 10:00,9231.060
2025-11-09 10:15,9231.060
2025-11-09 10:30,9231.060
2025-11-09 10:45,9231.183
2025-11-09 11:00,9231.183
2025-11-09 11:15,9231.217
2025-11-09 11:30,9231.217
2025-11-09 11:45,9231.217
2025-11-09 12:00,9231.254
2025-11-09 12:15,9231.254
2025-11-09 12:30,9231.301
2025-11-09 12:45,9231.301
2025-11-09 13:00,9231.301
2025-11-09 13:15,9231.301
2025-11-09 13:30,9231.344
2025-11-09 13:45,9231.344
2025-11-09 14:00,9231.344
2025-11-09 14:15,9231.344
2025-11-09 14:30,9231.397
2025-11-09 14:45,9231.434
2025-11-09 15:00,9231.434
2025-11-09 15:15,9231.434
2025-11-09 15:30,9231.434
2025-11-09 15:45,9231.434
2025-11-09 16:00,9231.484
2025-11-09 16:15,9231.536
2025-11-09 16:30,9231.536
2025-11-09 16:45,9231.536
2025-11-09 17:00,9231.536
2025-11-09 17:15,9231.581
2025-11-09 17:30,9231.581
2025-11-09 17:45,9231.581
2025-11-09 18:00,9231.581
2025-11-09 18:15,9231.631
2025-11-09 18:30,9231.641
2025-11-09 18:45,9231.641
2025-11-09 19:00,9231.641
2025-11-09 19:15,9231.641
2025-11-09 19:30,9231.641
2025-11-09 19:45,9231.741
2025-11-09 20:00,9231.741
2025-11-09 20:15,9231.741
2025-11-09 20:30,9231.741
2025-11-09 20:45,9231.741
2025-11-09 21:00,9231.741
2025-11-09 21:15,9231.741
2025-11-09 21:30,9231.741
2025-11-09 21:45,9231.741
2025-11-09 22:00,9231.741
2025-11-09 22:15,9231.741
2025-11-09 22:30,9231.741
2025-11-09 22:45,9231.804
2025-11-09 23:00,9231.804
2025-11-09 23:15,9231.835
2025-11-09 23:30,9231.840
2025-11-09 23:45,9231.840
2025-11-10 00:00,9231.892
2025-11-10 00:15,9231.892
2025-11-10 00:30,9231.892
2025-11-10 00:45,9231.892
2025-11-10 01:00,9231.944
2025-11-10 01:15,9231.996
2025-11-10 01:30,9231.996
2025-11-10 01:45,9231.996
2025-11-10 02:00,9232.038
2025-11-10 02:15,9232.038
2025-11-10 02:30,9232.038
2025-11-10 02:45,9232.038
2025-11-10 03:00,9232.038
2025-11-10 03:15,9232.106
2025-11-10 03:30,9232.106
2025-11-10 03:45,9232.106
2025-11-10 04:00,9232.106
2025-11-10 04:15,9232.147
2025-11-10 04:30,9232.147
2025-11-10 04:45,9232.147
2025-11-10 05:00,9232.198
2025-11-10 05:15,9232.198
2025-11-10 05:30,9232.236
2025-11-10 05:45,9232.236
2025-11-10 06:00,9232.236
2025-11-10 06:15,9232.236
2025-11-10 06:30,9232.236
2025-11-10 06:45,9232.287
2025-11-10 07:00,9232.287
2025-11-10 07:15,9232.287
2025-11-10 07:30,9232.326
2025-11-10 07:45,9232.326
2025-11-10 08:00,9232.326
2025-11-10 08:15,9232.334
2025-11-10 08:30,9232.594
2025-11-10 08:45,9232.594
2025-11-10 09:00,9232.594
2025-11-10 09:15,9232.594
2025-11-10 09:30,9232.594
2025-11-10 09:45,9232.594
2025-11-10 10:00,9232.594
2025-11-10 10:15,9232.594
2025-11-10 10:30,9232.594
2025-11-10 10:45,9232.594
2025-11-10 11:00,9232.626
2025-11-10 11:15,9232.626
2025-11-10 11:30,9232.626
2025-11-10 11:45,9232.626
2025-11-10 12:00,9232.626
2025-11-10 12:15,9232.660
2025-11-10 12:30,9232.660
2025-11-10 12:45,9232.660
2025-11-10 13:00,9232.660
2025-11-10 13:15,9232.660
2025-11-10 13:30,9232.660
2025-11-10 13:45,9232.678
2025-11-10 14:00,9232.688
2025-11-10 14:15,9232.716
2025-11-10 14:30,9232.716
2025-11-10 14:45,9232.716
2025-11-10 15:00,9232.716
2025-11-10 15:15,9232.736
2025-11-10 15:30,9232.811
2025-11-10 15:45,9232.811
2025-11-10 16:00,9232.811
2025-11-10 16:15,9232.811
2025-11-10 16:30,9232.811
2025-11-10 16:45,9232.811
2025-11-10 17:00,9232.811
2025-11-10 17:15,9232.850
2025-11-10 17:30,9232.850
2025-11-10 17:45,9232.889
2025-11-10 18:00,9232.889
2025-11-10 18:15,9232.889
2025-11-10 18:30,9232.889
2025-11-10 18:45,9232.889
2025-11-10 19:00,9232.924
2025-11-10 19:15,9232.924
2025-11-10 19:30,9232.924
2025-11-10 19:45,9232.924
2025-11-10 20:00,9232.924
2025-11-10 20:15,9232.957
2025-11-10 20:30,9232.957
2025-11-10 20:45,9232.957
2025-11-10 21:00,9232.994
2025-11-10 21:15,9232.994
2025-11-10 21:30,9232.994
2025-11-10 21:45,9232.994
2025-11-10 22:00,9232.994
2025-11-10 22:15,9232.994
2025-11-10 22:30,9233.030
2025-11-10 22:45,9233.033
2025-11-10 23:00,9233.033
2025-11-10 23:15,9233.033
2025-11-10 23:30,9233.033
2025-11-10 23:45,9233.033
2025-11-11 00:00,9233.033
2025-11-11 00:15,9233.033
2025-11-11 00:30,9233.033
2025-11-11 00:45,9233.064
2025-11-11 01:00,9233.064
2025-11-11 01:15,9233.064
2025-11-11 01:30,9233.064
2025-11-11 01:45,9233.064
2025-11-11 02:00,9233.064
2025-11-11 02:15,9233.100
2025-11-11 02:30,9233.100
2025-11-11 02:45,9233.100
2025-11-11 03:00,9233.100
2025-11-11 03:15,9233.100
2025-11-11 03:30,9233.100
2025-11-11 03:45,9233.100
2025-11-11 04:00,9233.100
2025-11-11 04:15,9233.131
2025-11-11 04:30,9233.131
2025-11-11 04:45,9233.131
2025-11-11 05:00,9233.131
2025-11-11 05:15,9233.131
2025-11-11 05:30,9233.167
2025-11-11 05:45,9233.173
2025-11-11 06:00,9233.173
2025-11-11 06:15,9233.173
2025-11-11 06:30,9233.173
2025-11-11 06:45,9233.173
2025-11-11 07:00,9233.271
2025-11-11 07:15,9233.271
2025-11-11 07:30,9233.271
2025-11-11 07:45,9233.303
2025-11-11 08:00,9233.308
2025-11-11 08:15,9233.308
2025-11-11 08:30,9233.308
2025-11-11 08:45,9233.308
2025-11-11 09:00,9233.328
2025-11-11 09:15,9233.379
2025-11-11 09:30,9233.696
2025-11-11 09:45,9233.696
2025-11-11 10:00,9233.840
2025-11-11 10:15,9233.840
2025-11-11 10:30,9233.840
2025-11-11 10:45,9233.840
2025-11-11 11:00,9233.840
2025-11-11 11:15,9233.840
2025-11-11 11:30,9233.840
2025-11-11 11:45,9233.840
2025-11-11 12:00,9233.898
2025-11-11 12:15,9233.898
2025-11-11 12:30,9233.898
2025-11-11 12:45,9233.898
2025-11-11 13:00,9233.898
2025-11-11 13:15,9233.943
2025-11-11 13:30,9233.943
2025-11-11 13:45,9233.943
2025-11-11 14:00,9233.943
2025-11-11 14:15,9233.943
2025-11-11 14:30,9233.943
2025-11-11 14:45,9234.004
2025-11-11 15:00,9234.011
2025-11-11 15:15,9234.011
2025-11-11 15:30,9234.011
2025-11-11 15:45,9234.011
2025-11-11 16:00,9234.011
2025-11-11 16:15,9234.058
2025-11-11 16:30,9234.058
2025-11-11 16:45,9234.058
2025-11-11 17:00,9234.100
2025-11-11 17:15,9234.109
2025-11-11 17:30,9234.155
2025-11-11 17:45,9234.162
2025-11-11 18:00,9234.162
2025-11-11 18:15,9234.162
2025-11-11 18:30,9234.202
2025-11-11 18:45,9234.202
2025-11-11 19:00,9234.202
2025-11-11 19:15,9234.202
2025-11-11 19:30,9234.202
2025-11-11 19:45,9234.202
2025-11-11 20:00,9234.286
2025-11-11 20:15,9234.286
2025-11-11 20:30,9234.286
2025-11-11 20:45,9234.294
2025-11-11 21:00,9234.322
2025-11-11 21:15,9234.371
2025-11-11 21:30,9234.371
2025-11-11 21:45,9234.371
2025-11-11 22:00,9234.371
2025-11-11 22:15,9234.371
2025-11-11 22:30,9234.432
2025-11-11 22:45,9234.432
2025-11-11 23:00,9234.432
2025-11-11 23:15,9234.432
2025-11-11 23:30,9234.432
2025-11-11 23:45,9234.432
2025-11-12 00:00,9234.432
2025-11-12 00:15,9234.432
2025-11-12 00:30,9234.432
2025-11-12 00:45,9234.432
2025-11-12 01:00,9234.432
2025-11-12 01:15,9234.492
2025-11-12 01:30,9234.492
2025-11-12 01:45,9234.492
2025-11-12 02:00,9234.492
2025-11-12 02:15,9234.492
2025-11-12 02:30,9234.492
2025-11-12 02:45,9234.555
2025-11-12 03:00,9234.555
2025-11-12 03:15,9234.555
2025-11-12 03:30,9234.555
2025-11-12 03:45,9234.555
2025-11-12 04:00,9234.555
2025-11-12 04:15,9234.570
2025-11-12 04:30,9234.570
2025-11-12 04:45,9234.634
2025-11-12 05:00,9234.634
2025-11-12 05:15,9234.634
2025-11-12 05:30,9234.685
2025-11-12 05:45,9234.685
2025-11-12 06:00,9234.685
2025-11-12 06:15,9234.685
2025-11-12 06:30,9234.685
2025-11-12 06:45,9234.685
2025-11-12 07:00,9234.767
2025-11-12 07:15,9234.767
2025-11-12 07:30,9234.767
2025-11-12 07:45,9234.767
2025-11-12 08:00,9234.825
2025-11-12 08:15,9234.825
2025-11-12 08:30,9234.825
2025-11-12 08:45,9234.825
2025-11-12 09:00,9234.888
2025-11-12 09:15,9235.043
2025-11-12 09:30,9235.043
2025-11-12 09:45,9235.043
2025-11-12 10:00,9235.043
2025-11-12 10:15,9235.384
2025-11-12 10:30,9235.874
2025-11-12 10:45,9235.874
2025-11-12 11:00,9235.874
2025-11-12 11:15,9235.874
2025-11-12 11:30,9235.917
2025-11-12 11:45,9235.917
2025-11-12 12:00,9235.917
2025-11-12 12:15,9235.917
2025-11-12 12:30,9235.917
2025-11-12 12:45,9235.954
2025-11-12 13:00,9235.954
2025-11-12 13:15,9235.954
2025-11-12 13:30,9235.954
2025-11-12 13:45,9235.954
2025-11-12 14:00,9235.988
2025-11-12 14:15,9235.988
2025-11-12 14:30,9235.988
2025-11-12 14:45,9235.988
2025-11-12 15:00,9235.988
2025-11-12 15:15,9235.988
2025-11-12 15:30,9235.988
2025-11-12 15:45,9236.017
2025-11-12 16:00,9236.017
2025-11-12 16:15,9236.025
2025-11-12 16:30,9236.065
2025-11-12 16:45,9236.065
2025-11-12 17:00,9236.065
2025-11-12 17:15,9236.065
2025-11-12 17:30,9236.116
2025-11-12 17:45,9236.116
2025-11-12 18:00,9236.116
2025-11-12 18:15,9236.116
2025-11-12 18:30,9236.116
2025-11-12 18:45,9236.163
2025-11-12 19:00,9236.163
2025-11-12 19:15,9236.163
2025-11-12 19:30,9236.163
2025-11-12 19:45,9236.163
2025-11-12 20:00,9236.201
2025-11-12 20:15,9236.201
2025-11-12 20:30,9236.201
2025-11-12 20:45,9236.201
2025-11-12 21:00,9236.240
2025-11-12 21:15,9236.283
2025-11-12 21:30,9236.283
2025-11-12 21:45,9236.283
2025-11-12 22:00,9236.283
2025-11-12 22:15,9236.283
2025-11-12 22:30,9236.300
2025-11-12 22:45,9236.312
2025-11-12 23:00,9236.312
2025-11-12 23:15,9236.312
2025-11-12 23:30,9236.312
2025-11-12 23:45,9236.312
2025-11-13 00:00,9236.312
2025-11-13 00:15,9236.312
2025-11-13 00:30,9236.356
2025-11-13 00:45,9236.356
2025-11-13 01:00,9236.356
2025-11-13 01:15,9236.356
2025-11-13 01:30,9236.356
2025-11-13 01:45,9236.356
2025-11-13 02:00,9236.356
2025-11-13 02:15,9236.356
2025-11-13 02:30,9236.356
2025-11-13 02:45,9236.356
2025-11-13 03:00,9236.388
2025-11-13 03:15,9236.388
2025-11-13 03:30,9236.388
2025-11-13 03:45,9236.388
2025-11-13 04:00,9236.388
2025-11-13 04:15,9236.424
2025-11-13 04:30,9236.424
2025-11-13 04:45,9236.424
2025-11-13 05:00,9236.424
2025-11-13 05:15,9236.424
2025-11-13 05:30,9236.424
2025-11-13 05:45,9236.537
2025-11-13 06:00,9236.537
2025-11-13 06:15,9236.537
2025-11-13 06:30,9236.537
2025-11-13 06:45,9236.537
2025-11-13 07:00,9236.537
2025-11-13 07:15,9236.617
2025-11-13 07:30,9236.668
2025-11-13 07:45,9236.668
2025-11-13 08:00,9236.668
2025-11-13 08:15,9236.668
2025-11-13 08:30,9236.668
2025-11-13 08:45,9236.848
2025-11-13 09:00,9236.898
2025-11-13 09:15,9236.967
2025-11-13 09:30,9237.042
2025-11-13 09:45,9237.042
2025-11-13 10:00,9237.042
2025-11-13 10:15,9237.042
2025-11-13 10:30,9237.093
2025-11-13 10:45,9237.093
2025-11-13 11:00,9237.093
2025-11-13 11:15,9237.093
2025-11-13 11:30,9237.093
2025-11-13 11:45,9237.093
2025-11-13 12:00,9237.139
2025-11-13 12:15,9237.148
2025-11-13 12:30,9237.148
2025-11-13 12:45,9237.148
2025-11-13 13:00,9237.148
2025-11-13 13:15,9237.148
2025-11-13 13:30,9237.148
2025-11-13 13:45,9237.148
2025-11-13 14:00,9237.148
2025-11-13 14:15,9237.148
2025-11-13 14:30,9237.148
2025-11-13 14:45,9237.182
2025-11-13 15:00,9237.196
2025-11-13 15:15,9237.196
2025-11-13 15:30,9237.196
2025-11-13 15:45,9237.196
2025-11-13 16:00,9237.196
2025-11-13 16:15,9237.214
2025-11-13 16:30,9237.227
2025-11-13 16:45,9237.239
2025-11-13 17:00,9237.252
2025-11-13 17:15,9237.295
2025-11-13 17:30,9237.340
2025-11-13 17:45,9237.367
2025-11-13 18:00,9237.375
2025-11-13 18:15,9237.383
2025-11-13 18:30,9237.388
2025-11-13 18:45,9237.424
2025-11-13 19:00,9237.424
2025-11-13 19:15,9237.424
2025-11-13 19:30,9237.424
2025-11-13 19:45,9237.424
2025-11-13 20:00,9237.424
2025-11-13 20:15,9237.455
2025-11-13 20:30,9237.463
2025-11-13 20:45,9237.541
2025-11-13 21:00,9237.541
2025-11-13 21:15,9237.541
2025-11-13 21:30,9237.541
2025-11-13 21:45,9237.592
2025-11-13 22:00,9237.592
2025-11-13 22:15,9237.592
2025-11-13 22:30,9237.592
2025-11-13 22:45,9237.592
2025-11-13 23:00,9237.592
2025-11-13 23:15,9237.592
2025-11-13 23:30,9237.592
2025-11-13 23:45,9237.592
2025-11-14 00:00,9237.592
2025-11-14 00:15,9237.592
2025-11-14 00:30,9237.592
2025-11-14 00:45,9237.640
2025-11-14 01:00,9237.640
2025-11-14 01:15,9237.640
2025-11-14 01:30,9237.640
2025-11-14 01:45,9237.640
2025-11-14 02:00,9237.640
2025-11-14 02:15,9237.640
2025-11-14 02:30,9237.640
2025-11-14 02:45,9237.640
2025-11-14 03:00,9237.640
2025-11-14 03:15,9237.672
2025-11-14 03:30,9237.672
2025-11-14 03:45,9237.672
2025-11-14 04:00,9237.672
2025-11-14 04:15,9237.672
2025-11-14 04:30,9237.707
2025-11-14 04:45,9237.707
2025-11-14 05:00,9237.707
2025-11-14 05:15,9237.707
2025-11-14 05:30,9237.707
2025-11-14 05:45,9237.707
2025-11-14 06:00,9237.736
2025-11-14 06:15,9237.736
2025-11-14 06:30,9237.736
2025-11-14 06:45,9237.736
2025-11-14 07:00,9237.812
2025-11-14 07:15,9237.812
2025-11-14 07:30,9237.863
2025-11-14 07:45,9237.863
2025-11-14 08:00,9238.103
2025-11-14 08:15,9238.103
2025-11-14 08:30,9238.103
2025-11-14 08:45,9238.103
2025-11-14 09:00,9238.268
2025-11-14 09:15,9238.269
2025-11-14 09:30,9238.269
2025-11-14 09:45,9238.269
2025-11-14 10:00,9238.269
2025-11-14 10:15,9238.269
2025-11-14 10:30,9238.297
2025-11-14 10:45,9238.352
2025-11-14 11:00,9238.352
2025-11-14 11:15,9238.352
2025-11-14 11:30,9238.352
2025-11-14 11:45,9238.396
2025-11-14 12:00,9238.445
2025-11-14 12:15,9238.445
2025-11-14 12:30,9238.445
2025-11-14 12:45,9238.445
2025-11-14 13:00,9238.482
2025-11-14 13:15,9238.482
2025-11-14 13:30,9238.538
2025-11-14 13:45,9238.538
2025-11-14 14:00,9238.538
2025-11-14 14:15,9238.582
2025-11-14 14:30,9238.601
2025-11-14 14:45,9238.657
2025-11-14 15:00,9238.716
2025-11-14 15:15,9238.716
2025-11-14 15:30,9238.716
2025-11-14 15:45,9238.716
2025-11-14 16:00,9238.716
2025-11-14 16:15,9238.777
2025-11-14 16:30,9238.777
2025-11-14 16:45,9238.777
2025-11-14 17:00,9238.777
2025-11-14 17:15,9238.871
2025-11-14 17:30,9238.877
2025-11-14 17:45,9238.877
2025-11-14 18:00,9238.877
2025-11-14 18:15,9238.923
2025-11-14 18:30,9238.969
2025-11-14 18:45,9238.969
2025-11-14 19:00,9238.969
2025-11-14 19:15,9239.028
2025-11-14 19:30,9239.028
2025-11-14 19:45,9239.028
2025-11-14 20:00,9239.072
2025-11-14 20:15,9239.119
2025-11-14 20:30,9239.119
2025-11-14 20:45,9239.119
2025-11-14 21:00,9239.168
2025-11-14 21:15,9239.207
2025-11-14 21:30,9239.207
2025-11-14 21:45,9239.207
2025-11-14 22:00,9239.207
2025-11-14 22:15,9239.207
2025-11-14 22:30,9239.207
2025-11-14 22:45,9239.207
2025-11-14 23:00,9239.226
2025-11-14 23:15,9239.253
2025-11-14 23:30,9239.253
2025-11-14 23:45,9239.253
2025-11-15 00:00,9239.253
2025-11-15 00:15,9239.253
2025-11-15 00:30,9239.253
2025-11-15 00:45,9239.253
2025-11-15 01:00,9239.281
2025-11-15 01:15,9239.339
2025-11-15 01:30,9239.339
2025-11-15 01:45,9239.339
2025-11-15 02:00,9239.339
2025-11-15 02:15,9239.400
2025-11-15 02:30,9239.400
2025-11-15 02:45,9239.460
2025-11-15 03:00,9239.460
2025-11-15 03:15,9239.460
2025-11-15 03:30,9239.516
2025-11-15 03:45,9239.516
2025-11-15 04:00,9239.516
2025-11-15 04:15,9239.516
2025-11-15 04:30,9239.516
2025-11-15 04:45,9239.577
2025-11-15 05:00,9239.577
2025-11-15 05:15,9239.577
2025-11-15 05:30,9239.609
2025-11-15 05:45,9239.644
2025-11-15 06:00,9239.644
2025-11-15 06:15,9239.644
2025-11-15 06:30,9239.664
2025-11-15 06:45,9239.705
2025-11-15 07:00,9239.705
2025-11-15 07:15,9239.705
2025-11-15 07:30,9239.705
2025-11-15 07:45,9239.772
2025-11-15 08:00,9239.922
2025-11-15 08:15,9239.944
2025-11-15 08:30,9239.944
2025-11-15 08:45,9239.944
2025-11-15 09:00,9239.944
2025-11-15 09:15,9239.944
2025-11-15 09:30,9239.944
2025-11-15 09:45,9239.944
2025-11-15 10:00,9239.944
2025-11-15 10:15,9239.944
2025-11-15 10:30,9240.276
2025-11-15 10:45,9240.630
2025-11-15 11:00,9240.630
2025-11-15 11:15,9240.630
2025-11-15 11:30,9240.630
2025-11-15 11:45,9240.630
2025-11-15 12:00,9240.630
2025-11-15 12:15,9240.630
2025-11-15 12:30,9240.630
2025-11-15 12:45,9240.630
2025-11-15 13:00,9240.630
2025-11-15 13:15,9240.661
2025-11-15 13:30,9240.661
2025-11-15 13:45,9240.661
2025-11-15 14:00,9240.661
2025-11-15 14:15,9240.661
2025-11-15 14:30,9240.661
2025-11-15 14:45,9240.695
2025-11-15 15:00,9240.695
2025-11-15 15:15,9240.695
2025-11-15 15:30,9240.695
2025-11-15 15:45,9240.695
2025-11-15 16:00,9240.695
2025-11-15 16:15,9240.695
2025-11-15 16:30,9240.695
2025-11-15 16:45,9240.771
2025-11-15 17:00,9240.771
2025-11-15 17:15,9240.771
2025-11-15 17:30,9240.798
2025-11-15 17:45,9240.798
2025-11-15 18:00,9240.798
2025-11-15 18:15,9240.848
2025-11-15 18:30,9240.848
2025-11-15 18:45,9240.871
2025-11-15 19:00,9240.871
2025-11-15 19:15,9240.871
2025-11-15 19:30,9240.871
2025-11-15 19:45,9240.961
2025-11-15 20:00,9240.961
2025-11-15 20:15,9240.961
2025-11-15 20:30,9241.527
2025-11-15 20:45,9241.527
2025-11-15 21:00,9241.561
2025-11-15 21:15,9241.561
2025-11-15 21:30,9241.561
2025-11-15 21:45,9241.561
2025-11-15 22:00,9241.561
2025-11-15 22:15,9241.561
2025-11-15 22:30,9241.561
2025-11-15 22:45,9241.561
2025-11-15 23:00,9241.561
2025-11-15 23:15,9241.561
2025-11-15 23:30,9241.613
2025-11-15 23:45,9241.613
2025-11-16 00:00,9241.613
2025-11-16 00:15,9241.613
2025-11-16 00:30,9241.613
2025-11-16 00:45,9241.613
2025-11-16 01:00,9241.613
2025-11-16 01:15,9241.613
2025-11-16 01:30,9241.613
2025-11-16 01:45,9241.613
2025-11-16 02:00,9241.613
2025-11-16 02:15,9241.653
2025-11-16 02:30,9241.653
2025-11-16 02:45,9241.653
2025-11-16 03:00,9241.653
2025-11-16 03:15,9241.672
2025-11-16 03:30,9241.678
2025-11-16 03:45,9241.678
2025-11-16 04:00,9241.678
2025-11-16 04:15,9241.678
2025-11-16 04:30,9241.678
2025-11-16 04:45,9241.678
2025-11-16 05:00,9241.678
2025-11-16 05:15,9241.678
2025-11-16 05:30,9241.724
2025-11-16 05:45,9241.724
2025-11-16 06:00,9241.724
2025-11-16 06:15,9241.724
2025-11-16 06:30,9241.724
2025-11-16 06:45,9241.724
2025-11-16 07:00,9241.724
2025-11-16 07:15,9241.724
2025-11-16 07:30,9241.724
2025-11-16 07:45,9241.724
2025-11-16 08:00,9241.724
2025-11-16 08:15,9241.764
2025-11-16 08:30,9241.764
2025-11-16 08:45,9241.764
2025-11-16 09:00,9241.781
2025-11-16 09:15,9241.788
2025-11-16 09:30,9241.935
2025-11-16 09:45,9241.935
2025-11-16 10:00,9241.935
2025-11-16 10:15,9241.935
2025-11-16 10:30,9241.935
2025-11-16 10:45,9241.935
2025-11-16 11:00,9241.935
2025-11-16 11:15,9241.989
2025-11-16 11:30,9241.989
2025-11-16 11:45,9241.989
2025-11-16 12:00,9241.989
2025-11-16 12:15,9241.989
2025-11-16 12:30,9241.989
2025-11-16 12:45,9241.989
2025-11-16 13:00,9241.989
2025-11-16 13:15,9241.989
2025-11-16 13:30,9241.989
2025-11-16 13:45,9241.989
2025-11-16 14:00,9241.989
2025-11-16 14:15,9242.035
2025-11-16 14:30,9242.035
2025-11-16 14:45,9242.035
2025-11-16 15:00,9242.035
2025-11-16 15:15,9242.035
2025-11-16 15:30,9242.035
2025-11-16 15:45,9242.035
2025-11-16 16:00,9242.068
2025-11-16 16:15,9242.068
2025-11-16 16:30,9242.099
2025-11-16 16:45,9242.161
2025-11-16 17:00,9242.252
2025-11-16 17:15,9242.416
2025-11-16 17:30,9242.489
2025-11-16 17:45,9242.544
2025-11-16 18:00,9242.544
2025-11-16 18:15,9242.544
2025-11-16 18:30,9242.544
2025-11-16 18:45,9242.544
2025-11-16 19:00,9242.544
2025-11-16 19:15,9242.544
2025-11-16 19:30,9242.544
2025-11-16 19:45,9242.573
2025-11-16 20:00,9242.573
2025-11-16 20:15,9242.573
2025-11-16 20:30,9242.573
2025-11-16 20:45,9242.573
2025-11-16 21:00,9242.573
2025-11-16 21:15,9242.624
2025-11-16 21:30,9242.624
2025-11-16 21:45,9242.624
2025-11-16 22:00,9242.624
2025-11-16 22:15,9242.624
2025-11-16 22:30,9242.624
2025-11-16 22:45,9242.624
2025-11-16 23:00,9242.624
2025-11-16 23:15,9242.624
2025-11-16 23:30,9242.624
2025-11-16 23:45,9242.656
2025-11-17 00:00,9242.656
2025-11-17 00:15,9242.656
2025-11-17 00:30,9242.656
2025-11-17 00:45,9242.656
2025-11-17 01:00,9242.684
2025-11-17 01:15,9242.684
2025-11-17 01:30,9242.684
2025-11-17 01:45,9242.684
2025-11-17 02:00,9242.684
2025-11-17 02:15,9242.688
2025-11-17 02:30,9242.714
2025-11-17 02:45,9242.714
2025-11-17 03:00,9242.726
2025-11-17 03:15,9242.821
2025-11-17 03:30,9242.864
2025-11-17 03:45,9242.907
2025-11-17 04:00,9242.907
2025-11-17 04:15,9242.907
2025-11-17 04:30,9242.907
2025-11-17 04:45,9242.907
2025-11-17 05:00,9242.907
2025-11-17 05:15,9242.934
2025-11-17 05:30,9242.934
2025-11-17 05:45,9242.934
2025-11-17 06:00,9242.934
2025-11-17 06:15,9242.934
2025-11-17 06:30,9242.934
2025-11-17 06:45,9242.934
2025-11-17 07:00,9242.975
2025-11-17 07:15,9243.027
2025-11-17 07:30,9243.067
2025-11-17 07:45,9243.067
2025-11-17 08:00,9243.067
2025-11-17 08:15,9243.067
2025-11-17 08:30,9243.067
2025-11-17 08:45,9243.108
2025-11-17 09:00,9243.228
2025-11-17 09:15,9243.312
2025-11-17 09:30,9243.455
2025-11-17 09:45,9243.495
2025-11-17 10:00,9243.495
2025-11-17 10:15,9243.497
2025-11-17 10:30,9243.591
2025-11-17 10:45,9243.591
2025-11-17 11:00,9243.591
2025-11-17 11:15,9243.591
2025-11-17 11:30,9243.591
2025-11-17 11:45,9243.642
2025-11-17 12:00,9243.642
2025-11-17 12:15,9243.642
2025-11-17 12:30,9243.642
2025-11-17 12:45,9243.642
2025-11-17 13:00,9243.642
2025-11-17 13:15,9243.642
2025-11-17 13:30,9243.642
2025-11-17 13:45,9243.642
2025-11-17 14:00,9243.670
2025-11-17 14:15,9243.670
2025-11-17 14:30,9243.670
2025-11-17 14:45,9243.670
2025-11-17 15:00,9243.670
2025-11-17 15:15,9243.670
2025-11-17 15:30,9243.670
2025-11-17 15:45,9243.713
2025-11-17 16:00,9243.713
2025-11-17 16:15,9243.713
2025-11-17 16:30,9243.713
2025-11-17 16:45,9243.713
2025-11-17 17:00,9243.713
2025-11-17 17:15,9243.713
2025-11-17 17:30,9243.713
2025-11-17 17:45,9243.713
2025-11-17 18:00,9243.750
2025-11-17 18:15,9243.793
2025-11-17 18:30,9243.828
2025-11-17 18:45,9243.828
2025-11-17 19:00,9243.863
2025-11-17 19:15,9243.871
2025-11-17 19:30,9243.871
2025-11-17 19:45,9243.871
2025-11-17 20:00,9243.871
2025-11-17 20:15,9243.871
2025-11-17 20:30,9243.871
2025-11-17 20:45,9243.871
2025-11-17 21:00,9243.900
2025-11-17 21:15,9243.900
2025-11-17 21:30,9243.900
2025-11-17 21:45,9243.900
2025-11-17 22:00,9243.900
2025-11-17 22:15,9243.900
2025-11-17 22:30,9243.900
2025-11-17 22:45,9243.900
2025-11-17 23:00,9243.944
2025-11-17 23:15,9243.944
2025-11-17 23:30,9243.944
2025-11-17 23:45,9243.944
2025-11-18 00:00,9243.944
2025-11-18 00:15,9243.944
2025-11-18 00:30,9243.944
2025-11-18 00:45,9243.944
2025-11-18 01:00,9243.944
2025-11-18 01:15,9243.944
2025-11-18 01:30,9243.976
2025-11-18 01:45,9243.976
2025-11-18 02:00,9243.976
2025-11-18 02:15,9243.976
2025-11-18 02:30,9244.011
2025-11-18 02:45,9244.011
2025-11-18 03:00,9244.011
2025-11-18 03:15,9244.011
2025-11-18 03:30,9244.011
2025-11-18 03:45,9244.011
2025-11-18 04:00,9244.011
2025-11-18 04:15,9244.040
2025-11-18 04:30,9244.153
2025-11-18 04:45,9244.171
2025-11-18 05:00,9244.193
2025-11-18 05:15,9244.193
2025-11-18 05:30,9244.193
2025-11-18 05:45,9244.244
2025-11-18 06:00,9244.244
2025-11-18 06:15,9244.244
2025-11-18 06:30,9244.244
2025-11-18 06:45,9244.244
2025-11-18 07:00,9244.244
2025-11-18 07:15,9244.244
2025-11-18 07:30,9244.280
2025-11-18 07:45,9244.280
2025-11-18 08:00,9244.280
2025-11-18 08:15,9244.315
2025-11-18 08:30,9244.384
2025-11-18 08:45,9244.434
2025-11-18 09:00,9244.434
2025-11-18 09:15,9244.482
2025-11-18 09:30,9244.710
2025-11-18 09:45,9244.710
2025-11-18 10:00,9244.764
2025-11-18 10:15,9244.764
2025-11-18 10:30,9244.810
2025-11-18 10:45,9244.810
2025-11-18 11:00,9245.180
2025-11-18 11:15,9245.180
2025-11-18 11:30,9245.180
2025-11-18 11:45,9245.180
2025-11-18 12:00,9245.180
2025-11-18 12:15,9245.180
2025-11-18 12:30,9245.180
2025-11-18 12:45,9245.180
2025-11-18 13:00,9245.180
2025-11-18 13:15,9245.180
2025-11-18 13:30,9245.180
2025-11-18 13:45,9245.220
2025-11-18 14:00,9245.228
2025-11-18 14:15,9245.228
2025-11-18 14:30,9245.228
2025-11-18 14:45,9245.228
2025-11-18 15:00,9245.228
2025-11-18 15:15,9245.228
2025-11-18 15:30,9245.228
2025-11-18 15:45,9245.228
2025-11-18 16:00,9245.228
2025-11-18 16:15,9245.259
2025-11-18 16:30,9245.259
2025-11-18 16:45,9245.259
2025-11-18 17:00,9245.259
2025-11-18 17:15,9245.259
2025-11-18 17:30,9245.259
2025-11-18 17:45,9245.287
2025-11-18 18:00,9245.297
2025-11-18 18:15,9245.297
2025-11-18 18:30,9245.297
2025-11-18 18:45,9245.297
2025-11-18 19:00,9245.297
2025-11-18 19:15,9245.297
2025-11-18 19:30,9245.297
2025-11-18 19:45,9245.297
2025-11-18 20:00,9245.328
2025-11-18 20:15,9245.328
2025-11-18 20:30,9245.328
2025-11-18 20:45,9245.328
2025-11-18 21:00,9245.328
2025-11-18 21:15,9245.328
2025-11-18 21:30,9245.368
2025-11-18 21:45,9245.368
2025-11-18 22:00,9245.368
2025-11-18 22:15,9245.368
2025-11-18 22:30,9245.426
2025-11-18 22:45,9245.426
2025-11-18 23:00,9245.426
2025-11-18 23:15,9245.426
2025-11-18 23:30,9245.426
2025-11-18 23:45,9245.426
2025-11-19 00:00,9245.426
2025-11-19 00:15,9245.426
2025-11-19 00:30,9245.426
2025-11-19 00:45,9245.426
2025-11-19 01:00,9245.426
2025-11-19 01:15,9245.426
2025-11-19 01:30,9245.426
2025-11-19 01:45,9245.426
2025-11-19 02:00,9245.426
2025-11-19 02:15,9245.426
2025-11-19 02:30,9245.426
2025-11-19 02:45,9245.426
2025-11-19 03:00,9245.426
2025-11-19 03:15,9245.426
2025-11-19 03:30,9245.426
2025-11-19 03:45,9245.426
2025-11-19 04:00,9245.426
2025-11-19 04:15,9245.426
2025-11-19 04:30,9245.480
2025-11-19 04:45,9245.487
2025-11-19 05:00,9245.487
2025-11-19 05:15,9245.487
2025-11-19 05:30,9245.487
2025-11-19 05:45,9245.593
2025-11-19 06:00,9245.593
2025-11-19 06:15,9245.637
2025-11-19 06:30,9245.637
2025-11-19 06:45,9245.637
2025-11-19 07:00,9245.637
2025-11-19 07:15,9245.637
2025-11-19 07:30,9245.681
2025-11-19 07:45,9245.845
2025-11-19 08:00,9246.010
2025-11-19 08:15,9246.044
2025-11-19 08:30,9246.081
2025-11-19 08:45,9246.081
2025-11-19 09:00,9246.157
2025-11-19 09:15,9246.212
2025-11-19 09:30,9246.239
2025-11-19 09:45,9246.261
2025-11-19 10:00,9246.261
2025-11-19 10:15,9246.261
2025-11-19 10:30,9246.261
2025-11-19 10:45,9246.261
2025-11-19 11:00,9246.261
2025-11-19 11:15,9246.261
2025-11-19 11:30,9246.261
2025-11-19 11:45,9246.261
2025-11-19 12:00,9246.261
2025-11-19 12:15,9246.292
2025-11-19 12:30,9246.293
2025-11-19 12:45,9246.293
2025-11-19 13:00,9246.293
2025-11-19 13:15,9246.309
2025-11-19 13:30,9246.319
2025-11-19 13:45,9246.319
2025-11-19 14:00,9246.319
2025-11-19 14:15,9246.319
2025-11-19 14:30,9246.319
2025-11-19 14:45,9246.319
2025-11-19 15:00,9246.349
2025-11-19 15:15,9246.349
2025-11-19 15:30,9246.349
2025-11-19 15:45,9246.349
2025-11-19 16:00,9246.349
2025-11-19 16:15,9246.349
2025-11-19 16:30,9246.376
2025-11-19 16:45,9246.431
2025-11-19 17:00,9246.431
2025-11-19 17:15,9246.431
2025-11-19 17:30,9246.431
2025-11-19 17:45,9246.431
2025-11-19 18:00,9246.460
2025-11-19 18:15,9246.460
2025-11-19 18:30,9246.460
2025-11-19 18:45,9246.460
2025-11-19 19:00,9246.460
2025-11-19 19:15,9246.489
2025-11-19 19:30,9246.600
2025-11-19 19:45,9246.600
2025-11-19 20:00,9246.600
2025-11-19 20:15,9246.600
2025-11-19 20:30,9246.600
2025-11-19 20:45,9246.664
2025-11-19 21:00,9246.664
2025-11-19 21:15,9246.664
2025-11-19 21:30,9246.664
2025-11-19 21:45,9246.664
2025-11-19 22:00,9246.664
2025-11-19 22:15,9246.664
2025-11-19 22:30,9246.664
2025-11-19 22:45,9246.664
2025-11-19 23:00,9246.664
2025-11-19 23:15,9246.664
2025-11-19 23:30,9246.711
2025-11-19 23:45,9246.711
2025-11-20 00:00,9246.711
2025-11-20 00:15,9246.711
2025-11-20 00:30,9246.711
2025-11-20 00:45,9246.711
2025-11-20 01:00,9246.711
2025-11-20 01:15,9246.711
2025-11-20 01:30,9246.743
2025-11-20 01:45,9246.743
2025-11-20 02:00,9246.743
2025-11-20 02:15,9246.743
2025-11-20 02:30,9246.743
2025-11-20 02:45,9246.743
2025-11-20 03:00,9246.774
2025-11-20 03:15,9246.786
2025-11-20 03:30,9246.786
2025-11-20 03:45,9246.786
2025-11-20 04:00,9246.786
2025-11-20 04:15,9246.786
2025-11-20 04:30,9246.786
2025-11-20 04:45,9246.786
2025-11-20 05:00,9246.918
2025-11-20 05:15,9246.956
2025-11-20 05:30,9246.997
2025-11-20 05:45,9247.006
2025-11-20 06:00,9247.065
2025-11-20 06:15,9247.065
2025-11-20 06:30,9247.155
2025-11-20 06:45,9247.183
2025-11-20 07:00,9247.183
2025-11-20 07:15,9247.183
2025-11-20 07:30,9247.227
2025-11-20 07:45,9247.227
2025-11-20 08:00,9247.286
2025-11-20 08:15,9247.286
2025-11-20 08:30,9247.367
2025-11-20 08:45,9247.463
2025-11-20 09:00,9247.674
2025-11-20 09:15,9247.759
2025-11-20 09:30,9247.826
2025-11-20 09:45,9247.906
2025-11-20 10:00,9247.930
2025-11-20 10:15,9247.972
2025-11-20 10:30,9248.025
2025-11-20 10:45,9248.077
2025-11-20 11:00,9248.077
2025-11-20 11:15,9248.113
2025-11-20 11:30,9248.113
2025-11-20 11:45,9248.113
2025-11-20 12:00,9248.113
2025-11-20 12:15,9248.141
2025-11-20 12:30,9248.141
2025-11-20 12:45,9248.141
2025-11-20 13:00,9248.141
2025-11-20 13:15,9248.141
2025-11-20 13:30,9248.141
2025-11-20 13:45,9248.141
2025-11-20 14:00,9248.171
2025-11-20 14:15,9248.171
2025-11-20 14:30,9248.171
2025-11-20 14:45,9248.171
2025-11-20 15:00,9248.171
2025-11-20 15:15,9248.171
2025-11-20 15:30,9248.199
2025-11-20 15:45,9248.199
2025-11-20 16:00,9248.199
2025-11-20 16:15,9248.235
2025-11-20 16:30,9248.292
2025-11-20 16:45,9248.334
2025-11-20 17:00,9248.383
2025-11-20 17:15,9248.383
2025-11-20 17:30,9248.383
2025-11-20 17:45,9248.383
2025-11-20 18:00,9248.427
2025-11-20 18:15,9248.427
2025-11-20 18:30,9248.471
2025-11-20 18:45,9248.471
2025-11-20 19:00,9248.471
2025-11-20 19:15,9248.471
2025-11-20 19:30,9248.471
2025-11-20 19:45,9248.471
2025-11-20 20:00,9248.495
2025-11-20 20:15,9248.495
2025-11-20 20:30,9248.595
2025-11-20 20:45,9248.595
2025-11-20 21:00,9248.595
2025-11-20 21:15,9248.595
2025-11-20 21:30,9248.595
2025-11-20 21:45,9248.639
2025-11-20 22:00,9248.648
2025-11-20 22:15,9248.879
2025-11-20 22:30,9249.306
2025-11-20 22:45,9249.462
2025-11-20 23:00,9249.462
2025-11-20 23:15,9249.462
2025-11-20 23:30,9249.692
2025-11-20 23:45,9249.693
2025-11-21 00:00,9249.693
2025-11-21 00:15,9249.693
2025-11-21 00:30,9249.693
2025-11-21 00:45,9249.693
2025-11-21 01:00,9249.693
2025-11-21 01:15,9249.736
2025-11-21 01:30,9249.736
2025-11-21 01:45,9249.736
2025-11-21 02:00,9249.847
2025-11-21 02:15,9249.892
2025-11-21 02:30,9249.892
2025-11-21 02:45,9249.892
2025-11-21 03:00,9249.967
2025-11-21 03:15,9249.967
2025-11-21 03:30,9249.967
2025-11-21 03:45,9250.005
2025-11-21 04:00,9250.069
2025-11-21 04:15,9250.069
2025-11-21 04:30,9250.110
2025-11-21 04:45,9250.110
2025-11-21 05:00,9250.171
2025-11-21 05:15,9250.171
2025-11-21 05:30,9250.171
2025-11-21 05:45,9250.171
2025-11-21 06:00,9250.246
2025-11-21 06:15,9250.246
2025-11-21 06:30,9250.282
2025-11-21 06:45,9250.282
2025-11-21 07:00,9250.331
2025-11-21 07:15,9250.386
2025-11-21 07:30,9250.386
2025-11-21 07:45,9250.426
2025-11-21 08:00,9250.439
2025-11-21 08:15,9250.439
2025-11-21 08:30,9250.624
2025-11-21 08:45,9250.640
2025-11-21 09:00,9250.742
2025-11-21 09:15,9250.805
2025-11-21 09:30,9250.887
2025-11-21 09:45,9250.887
2025-11-21 10:00,9250.950
2025-11-21 10:15,9251.047
2025-11-21 10:30,9251.132
2025-11-21 10:45,9251.132
2025-11-21 11:00,9251.208
2025-11-21 11:15,9251.228
2025-11-21 11:30,9251.228
2025-11-21 11:45,9251.270
2025-11-21 12:00,9251.270
2025-11-21 12:15,9251.270
2025-11-21 12:30,9251.270
2025-11-21 12:45,9251.270
2025-11-21 13:00,9251.270
2025-11-21 13:15,9251.270
2025-11-21 13:30,9251.270
2025-11-21 13:45,9251.298
2025-11-21 14:00,9251.298
2025-11-21 14:15,9251.298
2025-11-21 14:30,9251.298
2025-11-21 14:45,9251.298
2025-11-21 15:00,9251.298
2025-11-21 15:15,9251.298
2025-11-21 15:30,9251.341
2025-11-21 15:45,9251.341
2025-11-21 16:00,9251.341
2025-11-21 16:15,9251.341
2025-11-21 16:30,9251.341
2025-11-21 16:45,9251.341
2025-11-21 17:00,9251.341
2025-11-21 17:15,9251.341
2025-11-21 17:30,9251.341
2025-11-21 17:45,9251.341
2025-11-21 18:00,9251.372
2025-11-21 18:15,9251.372
2025-11-21 18:30,9251.372
2025-11-21 18:45,9251.372
2025-11-21 19:00,9251.372
2025-11-21 19:15,9251.405
2025-11-21 19:30,9251.405
2025-11-21 19:45,9251.474
2025-11-21 20:00,9251.486
2025-11-21 20:15,9251.520
2025-11-21 20:30,9251.520
2025-11-21 20:45,9251.605
2025-11-21 21:00,9251.605
2025-11-21 21:15,9251.605
2025-11-21 21:30,9251.605
2025-11-21 21:45,9251.650
2025-11-21 22:00,9251.650
2025-11-21 22:15,9251.703
2025-11-21 22:30,9251.727
2025-11-21 22:45,9251.739
2025-11-21 23:00,9251.739
2025-11-21 23:15,9251.739
2025-11-21 23:30,9251.784
2025-11-21 23:45,9251.784
2025-11-22 00:00,9251.784
2025-11-22 00:15,9251.822
2025-11-22 00:30,9251.822
2025-11-22 00:45,9251.822
2025-11-22 01:00,9251.822
2025-11-22 01:15,9251.822
2025-11-22 01:30,9251.822
2025-11-22 01:45,9251.865
2025-11-22 02:00,9251.916
2025-11-22 02:15,9251.916
2025-11-22 02:30,9251.916
2025-11-22 02:45,9251.916
2025-11-22 03:00,9251.916
2025-11-22 03:15,9251.916
2025-11-22 03:30,9251.916
2025-11-22 03:45,9251.982
2025-11-22 04:00,9251.982
2025-11-22 04:15,9252.019
2025-11-22 04:30,9252.019
2025-11-22 04:45,9252.019
2025-11-22 05:00,9252.019
2025-11-22 05:15,9252.046
2025-11-22 05:30,9252.046
2025-11-22 05:45,9252.046
2025-11-22 06:00,9252.108
2025-11-22 06:15,9252.108
2025-11-22 06:30,9252.108
2025-11-22 06:45,9252.115
2025-11-22 07:00,9252.145
2025-11-22 07:15,9252.145
2025-11-22 07:30,9252.201
2025-11-22 07:45,9252.375
2025-11-22 08:00,9252.375
2025-11-22 08:15,9252.428
2025-11-22 08:30,9252.428
2025-11-22 08:45,9252.520
2025-11-22 09:00,9252.545
2025-11-22 09:15,9252.594
2025-11-22 09:30,9252.699
2025-11-22 09:45,9252.732
2025-11-22 10:00,9252.732
2025-11-22 10:15,9252.792
2025-11-22 10:30,9252.926
2025-11-22 10:45,9252.926
2025-11-22 11:00,9252.926
2025-11-22 11:15,9252.926
2025-11-22 11:30,9252.926
2025-11-22 11:45,9252.926
2025-11-22 12:00,9252.926
2025-11-22 12:15,9252.926
2025-11-22 12:30,9252.926
2025-11-22 12:45,9252.926
2025-11-22 13:00,9252.950
2025-11-22 13:15,9252.972
2025-11-22 13:30,9253.126
2025-11-22 13:45,9253.126
2025-11-22 14:00,9253.126
2025-11-22 14:15,9253.126
2025-11-22 14:30,9253.126
2025-11-22 14:45,9253.126
2025-11-22 15:00,9253.126
2025-11-22 15:15,9253.126
2025-11-22 15:30,9253.126
2025-11-22 15:45,9253.157
2025-11-22 16:00,9253.184
2025-11-22 16:15,9253.184
2025-11-22 16:30,9253.184
2025-11-22 16:45,9253.184
2025-11-22 17:00,9253.184
2025-11-22 17:15,9253.184
2025-11-22 17:30,9253.184
2025-11-22 17:45,9253.184
2025-11-22 18:00,9253.184
2025-11-22 18:15,9253.184
2025-11-22 18:30,9253.184
2025-11-22 18:45,9253.184
2025-11-22 19:00,9253.231
2025-11-22 19:15,9253.231
2025-11-22 19:30,9253.231
2025-11-22 19:45,9253.231
2025-11-22 20:00,9253.231
2025-11-22 20:15,9253.231
2025-11-22 20:30,9253.231
2025-11-22 20:45,9253.231
2025-11-22 21:00,9253.231
2025-11-22 21:15,9253.231
2025-11-22 21:30,9253.231
2025-11-22 21:45,9253.263
2025-11-22 22:00,9253.263
2025-11-22 22:15,9253.263
2025-11-22 22:30,9253.263
2025-11-22 22:45,9253.295
2025-11-22 23:00,9253.295
2025-11-22 23:15,9253.295
2025-11-22 23:30,9253.295
2025-11-22 23:45,9253.295
2025-11-23 00:00,9253.295
2025-11-23 00:15,9253.295
2025-11-23 00:30,9253.323
2025-11-23 00:45,9253.323
2025-11-23 01:00,9253.323
2025-11-23 01:15,9253.323
2025-11-23 01:30,9253.323
2025-11-23 01:45,9253.323
2025-11-23 02:00,9253.358
2025-11-23 02:15,9253.358
2025-11-23 02:30,9253.358
2025-11-23 02:45,9253.358
2025-11-23 03:00,9253.358
2025-11-23 03:15,9253.358
2025-11-23 03:30,9253.358
2025-11-23 03:45,9253.369
2025-11-23 04:00,9253.384
2025-11-23 04:15,9253.384
2025-11-23 04:30,9253.384
2025-11-23 04:45,9253.384
2025-11-23 05:00,9253.384
2025-11-23 05:15,9253.384
2025-11-23 05:30,9253.384
2025-11-23 05:45,9253.428
2025-11-23 06:00,9253.428
2025-11-23 06:15,9253.428
2025-11-23 06:30,9253.428
2025-11-23 06:45,9253.428
2025-11-23 07:00,9253.428
2025-11-23 07:15,9253.428
2025-11-23 07:30,9253.428
2025-11-23 07:45,9253.428
2025-11-23 08:00,9253.428
2025-11-23 08:15,9253.459
2025-11-23 08:30,9253.522
2025-11-23 08:45,9253.624
2025-11-23 09:00,9253.677
2025-11-23 09:15,9253.757
2025-11-23 09:30,9253.875
2025-11-23 09:45,9253.908
2025-11-23 10:00,9253.955
2025-11-23 10:15,9253.995
2025-11-23 10:30,9254.064
2025-11-23 10:45,9254.140
2025-11-23 11:00,9254.182
2025-11-23 11:15,9254.182
2025-11-23 11:30,9254.215
2025-11-23 11:45,9254.215
2025-11-23 12:00,9254.215
2025-11-23 12:15,9254.215
2025-11-23 12:30,9254.215
2025-11-23 12:45,9254.215
2025-11-23 13:00,9254.215
2025-11-23 13:15,9254.215
2025-11-23 13:30,9254.267
2025-11-23 13:45,9254.267
2025-11-23 14:00,9254.267
2025-11-23 14:15,9254.267
2025-11-23 14:30,9254.267
2025-11-23 14:45,9254.267
2025-11-23 15:00,9254.267
2025-11-23 15:15,9254.267
2025-11-23 15:30,9254.267
2025-11-23 15:45,9254.267
2025-11-23 16:00,9254.267
2025-11-23 16:15,9254.267
2025-11-23 16:30,9254.299
2025-11-23 16:45,9254.299
2025-11-23 17:00,9254.299
2025-11-23 17:15,9254.299
2025-11-23 17:30,9254.299
2025-11-23 17:45,9254.333
2025-11-23 18:00,9254.333
2025-11-23 18:15,9254.333
2025-11-23 18:30,9254.333
2025-11-23 18:45,9254.333
2025-11-23 19:00,9254.333
2025-11-23 19:15,9254.874
2025-11-23 19:30,9255.253
2025-11-23 19:45,9255.253
2025-11-23 20:00,9255.253
2025-11-23 20:15,9255.253
2025-11-23 20:30,9255.253
2025-11-23 20:45,9255.253
2025-11-23 21:00,9255.253
2025-11-23 21:15,9255.253
2025-11-23 21:30,9255.253
2025-11-23 21:45,9255.281
2025-11-23 22:00,9255.281
2025-11-23 22:15,9255.281
2025-11-23 22:30,9255.281
2025-11-23 22:45,9255.281
2025-11-23 23:00,9255.326
2025-11-23 23:15,9255.326
2025-11-23 23:30,9255.371
2025-11-23 23:45,9255.371
2025-11-24 00:00,9255.371
2025-11-24 00:15,9255.371
2025-11-24 00:30,9255.371
2025-11-24 00:45,9255.424
2025-11-24 01:00,9255.424
2025-11-24 01:15,9255.463
2025-11-24 01:30,9255.463
2025-11-24 01:45,9255.463
2025-11-24 02:00,9255.463
2025-11-24 02:15,9255.463
2025-11-24 02:30,9255.498
2025-11-24 02:45,9255.498
2025-11-24 03:00,9255.498
2025-11-24 03:15,9255.498
2025-11-24 03:30,9255.498
2025-11-24 03:45,9255.498
2025-11-24 04:00,9255.528
2025-11-24 04:15,9255.528
2025-11-24 04:30,9255.528
2025-11-24 04:45,9255.528
2025-11-24 05:00,9255.528
2025-11-24 05:15,9255.528
2025-11-24 05:30,9255.528
2025-11-24 05:45,9255.570
2025-11-24 06:00,9255.570
2025-11-24 06:15,9255.570
2025-11-24 06:30,9255.570
2025-11-24 06:45,9255.570
2025-11-24 07:00,9255.570
2025-11-24 07:15,9255.648
2025-11-24 07:30,9255.648
2025-11-24 07:45,9255.713
2025-11-24 08:00,9255.713
2025-11-24 08:15,9255.713
2025-11-24 08:30,9255.721
2025-11-24 08:45,9255.752
2025-11-24 09:00,9255.801
2025-11-24 09:15,9256.055
2025-11-24 09:30,9256.055
2025-11-24 09:45,9256.196
2025-11-24 10:00,9256.252
2025-11-24 10:15,9256.252
2025-11-24 10:30,9256.252
2025-11-24 10:45,9256.252
2025-11-24 11:00,9256.252
2025-11-24 11:15,9256.252
2025-11-24 11:30,9256.252
2025-11-24 11:45,9256.252
2025-11-24 12:00,9256.316
2025-11-24 12:15,9256.316
2025-11-24 12:30,9256.316
2025-11-24 12:45,9256.316
2025-11-24 13:00,9256.316
2025-11-24 13:15,9256.316
2025-11-24 13:30,9256.316
2025-11-24 13:45,9256.316
2025-11-24 14:00,9256.316
2025-11-24 14:15,9256.316
2025-11-24 14:30,9256.316
2025-11-24 14:45,9256.316
2025-11-24 15:00,9256.363
2025-11-24 15:15,9256.367
2025-11-24 15:30,9256.367
2025-11-24 15:45,9256.367
2025-11-24 16:00,9256.367
2025-11-24 16:15,9256.367
2025-11-24 16:30,9256.367
2025-11-24 16:45,9256.367
2025-11-24 17:00,9256.395
2025-11-24 17:15,9256.512
2025-11-24 17:30,9256.550
2025-11-24 17:45,9256.591
2025-11-24 18:00,9256.591
2025-11-24 18:15,9256.625
2025-11-24 18:30,9256.625
2025-11-24 18:45,9256.666
2025-11-24 19:00,9256.666
2025-11-24 19:15,9256.706
2025-11-24 19:30,9256.706
2025-11-24 19:45,9256.706
2025-11-24 20:00,9256.706
2025-11-24 20:15,9256.743
2025-11-24 20:30,9256.743
2025-11-24 20:45,9256.743
2025-11-24 21:00,9256.743
2025-11-24 21:15,9256.743
2025-11-24 21:30,9256.743
2025-11-24 21:45,9256.777
2025-11-24 22:00,9256.777
2025-11-24 22:15,9256.777
2025-11-24 22:30,9256.777
2025-11-24 22:45,9256.777
2025-11-24 23:00,9256.805
2025-11-24 23:15,9256.805
2025-11-24 23:30,9256.805
2025-11-24 23:45,9256.805
2025-11-25 00:00,9256.805
2025-11-25 00:15,9256.805
2025-11-25 00:30,9256.805
2025-11-25 00:45,9256.849
2025-11-25 01:00,9256.849
2025-11-25 01:15,9256.849
2025-11-25 01:30,9256.849
2025-11-25 01:45,9256.849
2025-11-25 02:00,9256.849
2025-11-25 02:15,9256.849
2025-11-25 02:30,9256.849
2025-11-25 02:45,9256.849
2025-11-25 03:00,9256.881
2025-11-25 03:15,9256.881
2025-11-25 03:30,9256.881
2025-11-25 03:45,9256.881
2025-11-25 04:00,9256.881
2025-11-25 04:15,9256.902
2025-11-25 04:30,9256.916
2025-11-25 04:45,9256.916
2025-11-25 05:00,9256.916
2025-11-25 05:15,9256.916
2025-11-25 05:30,9256.916
2025-11-25 05:45,9256.916
2025-11-25 06:00,9257.048
2025-11-25 06:15,9257.100
2025-11-25 06:30,9257.173
2025-11-25 06:45,9257.173
2025-11-25 07:00,9257.207
2025-11-25 07:15,9257.273
2025-11-25 07:30,9257.337
2025-11-25 07:45,9257.428
2025-11-25 08:00,9257.428
2025-11-25 08:15,9257.475
2025-11-25 08:30,9257.557
2025-11-25 08:45,9257.627
2025-11-25 09:00,9257.891
2025-11-25 09:15,9258.077
2025-11-25 09:30,9258.213
2025-11-25 09:45,9258.213
2025-11-25 10:00,9258.277
2025-11-25 10:15,9258.378
2025-11-25 10:30,9258.387
2025-11-25 10:45,9258.429
2025-11-25 11:00,9258.429
2025-11-25 11:15,9258.488
2025-11-25 11:30,9258.488
2025-11-25 11:45,9258.488
2025-11-25 12:00,9258.488
2025-11-25 12:15,9258.488
2025-11-25 12:30,9258.488
2025-11-25 12:45,9258.488
2025-11-25 13:00,9258.488
2025-11-25 13:15,9258.488
2025-11-25 13:30,9258.488
2025-11-25 13:45,9258.488
2025-11-25 14:00,9258.488
2025-11-25 14:15,9258.535
2025-11-25 14:30,9258.535
2025-11-25 14:45,9258.535
2025-11-25 15:00,9258.535
2025-11-25 15:15,9258.535
2025-11-25 15:30,9258.535
2025-11-25 15:45,9258.535
2025-11-25 16:00,9258.535
2025-11-25 16:15,9258.535
2025-11-25 16:30,9258.566
2025-11-25 16:45,9258.566
2025-11-25 17:00,9258.566
2025-11-25 17:15,9258.566
2025-11-25 17:30,9258.566
2025-11-25 17:45,9258.566
2025-11-25 18:00,9258.609
2025-11-25 18:15,9258.609
2025-11-25 18:30,9258.609
2025-11-25 18:45,9258.609
2025-11-25 19:00,9258.609
2025-11-25 19:15,9258.609
2025-11-25 19:30,9258.609
2025-11-25 19:45,9258.609
2025-11-25 20:00,9258.609
2025-11-25 20:15,9258.640
2025-11-25 20:30,9258.640
2025-11-25 20:45,9258.640
2025-11-25 21:00,9258.640
2025-11-25 21:15,9258.640
2025-11-25 21:30,9258.640
2025-11-25 21:45,9258.675
2025-11-25 22:00,9258.675
2025-11-25 22:15,9258.675
2025-11-25 22:30,9258.733
2025-11-25 22:45,9258.733
2025-11-25 23:00,9258.733
2025-11-25 23:15,9258.733
2025-11-25 23:30,9258.733
2025-11-25 23:45,9258.733
2025-11-26 00:00,9258.733
2025-11-26 00:15,9258.733
2025-11-26 00:30,9258.733
2025-11-26 00:45,9258.733
2025-11-26 01:00,9258.733
2025-11-26 01:15,9258.733
2025-11-26 01:30,9258.733
2025-11-26 01:45,9258.733
2025-11-26 02:00,9258.733
2025-11-26 02:15,9258.733
2025-11-26 02:30,9258.733
2025-11-26 02:45,9258.733
2025-11-26 03:00,9258.733
2025-11-26 03:15,9258.733
2025-11-26 03:30,9258.733
2025-11-26 03:45,9258.733
2025-11-26 04:00,9258.733
2025-11-26 04:15,9258.733
2025-11-26 04:30,9258.795
2025-11-26 04:45,9258.795
2025-11-26 05:00,9258.795
2025-11-26 05:15,9258.795
2025-11-26 05:30,9258.795
2025-11-26 05:45,9258.795
2025-11-26 06:00,9258.795
2025-11-26 06:15,9258.795
2025-11-26 06:30,9258.909
2025-11-26 06:45,9258.978
2025-11-26 07:00,9258.978
2025-11-26 07:15,9259.177
2025-11-26 07:30,9259.213
2025-11-26 07:45,9259.213
2025-11-26 08:00,9259.280
2025-11-26 08:15,9259.329
2025-11-26 08:30,9259.385
2025-11-26 08:45,9259.403
2025-11-26 09:00,9259.456
2025-11-26 09:15,9259.800
2025-11-26 09:30,9259.858
2025-11-26 09:45,9259.974
2025-11-26 10:00,9259.974
2025-11-26 10:15,9260.034
2025-11-26 10:30,9260.147
2025-11-26 10:45,9260.210
2025-11-26 11:00,9260.257
2025-11-26 11:15,9260.272
2025-11-26 11:30,9260.309
2025-11-26 11:45,9260.374
2025-11-26 12:00,9260.374
2025-11-26 12:15,9260.374
2025-11-26 12:30,9260.415
2025-11-26 12:45,9260.415
2025-11-26 13:00,9260.415
2025-11-26 13:15,9260.415
2025-11-26 13:30,9260.415
2025-11-26 13:45,9260.415
2025-11-26 14:00,9260.415
2025-11-26 14:15,9260.444
2025-11-26 14:30,9260.444
2025-11-26 14:45,9260.444
2025-11-26 15:00,9260.444
2025-11-26 15:15,9260.444
2025-11-26 15:30,9260.444
2025-11-26 15:45,9260.444
2025-11-26 16:00,9260.444
2025-11-26 16:15,9260.490
2025-11-26 16:30,9260.561
2025-11-26 16:45,9260.565
2025-11-26 17:00,9260.565
2025-11-26 17:15,9260.565
2025-11-26 17:30,9260.565
2025-11-26 17:45,9260.565
2025-11-26 18:00,9260.565
2025-11-26 18:15,9260.565
2025-11-26 18:30,9260.565
2025-11-26 18:45,9260.565
2025-11-26 19:00,9260.596
2025-11-26 19:15,9260.610
2025-11-26 19:30,9260.630
2025-11-26 19:45,9260.803
2025-11-26 20:00,9260.814
2025-11-26 20:15,9260.814
2025-11-26 20:30,9261.043
2025-11-26 20:45,9261.043
2025-11-26 21:00,9261.043
2025-11-26 21:15,9261.043
2025-11-26 21:30,9261.043
2025-11-26 21:45,9261.043
2025-11-26 22:00,9261.079
2025-11-26 22:15,9261.079
2025-11-26 22:30,9261.079
2025-11-26 22:45,9261.079
2025-11-26 23:00,9261.079
2025-11-26 23:15,9261.166
2025-11-26 23:30,9261.166
2025-11-26 23:45,9261.166
2025-11-27 00:00,9261.199
2025-11-27 00:15,9261.199
2025-11-27 00:30,9261.204
2025-11-27 00:45,9261.235
2025-11-27 01:00,9261.235
2025-11-27 01:15,9261.235
2025-11-27 01:30,9261.235
2025-11-27 01:45,9261.235
2025-11-27 02:00,9261.235
2025-11-27 02:15,9261.235
2025-11-27 02:30,9261.272
2025-11-27 02:45,9261.323
2025-11-27 03:00,9261.323
2025-11-27 03:15,9261.323
2025-11-27 03:30,9261.323
2025-11-27 03:45,9261.323
2025-11-27 04:00,9261.323
2025-11-27 04:15,9261.360
2025-11-27 04:30,9261.410
2025-11-27 04:45,9261.410
2025-11-27 05:00,9261.410
2025-11-27 05:15,9261.410
2025-11-27 05:30,9261.410
2025-11-27 05:45,9261.471
2025-11-27 06:00,9261.471
2025-11-27 06:15,9261.471
2025-11-27 06:30,9261.471
2025-11-27 06:45,9261.471
2025-11-27 07:00,9261.471
2025-11-27 07:15,9261.471
2025-11-27 07:30,9261.502
2025-11-27 07:45,9261.539
2025-11-27 08:00,9261.574
2025-11-27 08:15,9261.574
2025-11-27 08:30,9261.652
2025-11-27 08:45,9261.652
2025-11-27 09:00,9261.745
2025-11-27 09:15,9262.062
2025-11-27 09:30,9262.062
2025-11-27 09:45,9262.110
2025-11-27 10:00,9262.110
2025-11-27 10:15,9262.165
2025-11-27 10:30,9262.207
2025-11-27 10:45,9262.207
2025-11-27 11:00,9262.207
2025-11-27 11:15,9262.207
2025-11-27 11:30,9262.207
2025-11-27 11:45,9262.244
2025-11-27 12:00,9262.244
2025-11-27 12:15,9262.244
2025-11-27 12:30,9262.269
2025-11-27 12:45,9262.269
2025-11-27 13:00,9262.269
2025-11-27 13:15,9262.269
2025-11-27 13:30,9262.269
2025-11-27 13:45,9262.269
2025-11-27 14:00,9262.269
2025-11-27 14:15,9262.269
2025-11-27 14:30,9262.307
2025-11-27 14:45,9262.307
2025-11-27 15:00,9262.307
2025-11-27 15:15,9262.307
2025-11-27 15:30,9262.307
2025-11-27 15:45,9262.332
2025-11-27 16:00,9262.332
2025-11-27 16:15,9262.347
2025-11-27 16:30,9262.430
2025-11-27 16:45,9262.465
2025-11-27 17:00,9262.465
2025-11-27 17:15,9262.496
2025-11-27 17:30,9262.547
2025-11-27 17:45,9262.547
2025-11-27 18:00,9262.547
2025-11-27 18:15,9262.547
2025-11-27 18:30,9262.547
2025-11-27 18:45,9262.547
2025-11-27 19:00,9262.547
2025-11-27 19:15,9262.547
2025-11-27 19:30,9262.547
2025-11-27 19:45,9262.547
2025-11-27 20:00,9262.578
2025-11-27 20:15,9262.578
2025-11-27 20:30,9262.578
2025-11-27 20:45,9262.578
2025-11-27 21:00,9262.578
2025-11-27 21:15,9262.614
2025-11-27 21:30,9262.614
2025-11-27 21:45,9262.614
2025-11-27 22:00,9262.614
2025-11-27 22:15,9262.614
2025-11-27 22:30,9262.614
2025-11-27 22:45,9262.638
2025-11-27 23:00,9262.646
2025-11-27 23:15,9262.646
2025-11-27 23:30,9262.646
2025-11-27 23:45,9262.646
2025-11-28 00:00,9262.646
2025-11-28 00:15,9262.646
2025-11-28 00:30,9262.652
2025-11-28 00:45,9262.690
2025-11-28 01:00,9262.690
2025-11-28 01:15,9262.690
2025-11-28 01:30,9262.690
2025-11-28 01:45,9262.690
2025-11-28 02:00,9262.690
2025-11-28 02:15,9262.690
2025-11-28 02:30,9262.690
2025-11-28 02:45,9262.690
2025-11-28 03:00,9262.719
2025-11-28 03:15,9262.722
2025-11-28 03:30,9262.722
2025-11-28 03:45,9262.722
2025-11-28 04:00,9262.722
2025-11-28 04:15,9262.757
2025-11-28 04:30,9262.757
2025-11-28 04:45,9262.757
2025-11-28 05:00,9262.757
2025-11-28 05:15,9262.757
2025-11-28 05:30,9262.757
2025-11-28 05:45,9262.786
2025-11-28 06:00,9262.786
2025-11-28 06:15,9262.786
2025-11-28 06:30,9262.786
2025-11-28 06:45,9262.786
2025-11-28 07:00,9262.786
2025-11-28 07:15,9262.786
2025-11-28 07:30,9262.927
2025-11-28 07:45,9262.996
2025-11-28 08:00,9262.996
2025-11-28 08:15,9262.996
2025-11-28 08:30,9262.996
2025-11-28 08:45,9262.996
2025-11-28 09:00,9262.996
2025-11-28 09:15,9262.996
2025-11-28 09:30,9262.996
2025-11-28 09:45,9262.996
2025-11-28 10:00,9262.996
2025-11-28 10:15,9263.051
2025-11-28 10:30,9263.051
2025-11-28 10:45,9263.051
2025-11-28 11:00,9263.051
2025-11-28 11:15,9263.051
2025-11-28 11:30,9263.051
2025-11-28 11:45,9263.051
2025-11-28 12:00,9263.051
2025-11-28 12:15,9263.051
2025-11-28 12:30,9263.051
2025-11-28 12:45,9263.051
2025-11-28 13:00,9263.051
2025-11-28 13:15,9263.100
2025-11-28 13:30,9263.117
2025-11-28 13:45,9263.129
2025-11-28 14:00,9263.950
2025-11-28 14:15,9264.161
2025-11-28 14:30,9264.161
2025-11-28 14:45,9264.161
2025-11-28 15:00,9264.161
2025-11-28 15:15,9264.161
2025-11-28 15:30,9264.161
2025-11-28 15:45,9264.190
2025-11-28 16:00,9264.190
2025-11-28 16:15,9264.190
2025-11-28 16:30,9264.190
2025-11-28 16:45,9264.190
2025-11-28 17:00,9264.259
2025-11-28 17:15,9264.259
2025-11-28 17:30,9264.259
2025-11-28 17:45,9264.259
2025-11-28 18:00,9264.259
2025-11-28 18:15,9264.259
2025-11-28 18:30,9264.259
2025-11-28 18:45,9264.288
2025-11-28 19:00,9264.288
2025-11-28 19:15,9264.288
2025-11-28 19:30,9264.288
2025-11-28 19:45,9264.288
2025-11-28 20:00,9264.288
2025-11-28 20:15,9264.348
2025-11-28 20:30,9264.348
2025-11-28 20:45,9264.348
2025-11-28 21:00,9264.348
2025-11-28 21:15,9264.348
2025-11-28 21:30,9264.385
2025-11-28 21:45,9264.385
2025-11-28 22:00,9264.385
2025-11-28 22:15,9264.385
2025-11-28 22:30,9264.385
2025-11-28 22:45,9264.414
2025-11-28 23:00,9264.414
2025-11-28 23:15,9264.414
2025-11-28 23:30,9264.414
2025-11-28 23:45,9264.414
2025-11-29 00:00,9264.414
2025-11-29 00:15,9264.444
2025-11-29 00:30,9264.444
2025-11-29 00:45,9264.444
2025-11-29 01:00,9264.444
2025-11-29 01:15,9264.444
2025-11-29 01:30,9264.455
2025-11-29 01:45,9264.473
2025-11-29 02:00,9264.473
2025-11-29 02:15,9264.473
2025-11-29 02:30,9264.473
2025-11-29 02:45,9264.473
2025-11-29 03:00,9264.502
2025-11-29 03:15,9264.502
2025-11-29 03:30,9264.502
2025-11-29 03:45,9264.502
2025-11-29 04:00,9264.502
2025-11-29 04:15,9264.502
2025-11-29 04:30,9264.531
2025-11-29 04:45,9264.531
2025-11-29 05:00,9264.531
2025-11-29 05:15,9264.531
2025-11-29 05:30,9264.531
2025-11-29 05:45,9264.543
2025-11-29 06:00,9264.633
2025-11-29 06:15,9264.633
2025-11-29 06:30,9264.633
2025-11-29 06:45,9264.633
2025-11-29 07:00,9264.690
2025-11-29 07:15,9264.728
2025-11-29 07:30,9264.728
2025-11-29 07:45,9264.781
2025-11-29 08:00,9264.781
2025-11-29 08:15,9264.781
2025-11-29 08:30,9264.831
2025-11-29 08:45,9264.831
2025-11-29 09:00,9264.831
2025-11-29 09:15,9264.831
2025-11-29 09:30,9265.009
2025-11-29 09:45,9265.009
2025-11-29 10:00,9265.009
2025-11-29 10:15,9265.009
2025-11-29 10:30,9265.009
2025-11-29 10:45,9265.009
2025-11-29 11:00,9265.009
2025-11-29 11:15,9265.009
2025-11-29 11:30,9265.053
2025-11-29 11:45,9265.053
2025-11-29 12:00,9265.053
2025-11-29 12:15,9265.053
2025-11-29 12:30,9265.053
2025-11-29 12:45,9265.097
2025-11-29 13:00,9265.097
2025-11-29 13:15,9265.097
2025-11-29 13:30,9265.097
2025-11-29 13:45,9265.097
2025-11-29 14:00,9265.097
2025-11-29 14:15,9265.149
2025-11-29 14:30,9265.149
2025-11-29 14:45,9265.149
2025-11-29 15:00,9265.149
2025-11-29 15:15,9265.149
2025-11-29 15:30,9265.149
2025-11-29 15:45,9265.149
2025-11-29 16:00,9265.149
2025-11-29 16:15,9265.183
2025-11-29 16:30,9265.183
2025-11-29 16:45,9265.221
2025-11-29 17:00,9265.221
2025-11-29 17:15,9265.221
2025-11-29 17:30,9265.221
2025-11-29 17:45,9265.221
2025-11-29 18:00,9265.255
2025-11-29 18:15,9265.255
2025-11-29 18:30,9265.255
2025-11-29 18:45,9265.255
2025-11-29 19:00,9265.255
2025-11-29 19:15,9265.255
2025-11-29 19:30,9265.255
2025-11-29 19:45,9265.285
2025-11-29 20:00,9265.313
2025-11-29 20:15,9265.313
2025-11-29 20:30,9265.313
2025-11-29 20:45,9265.313
2025-11-29 21:00,9265.314
2025-11-29 21:15,9265.315
2025-11-29 21:30,9265.365
2025-11-29 21:45,9265.365
2025-11-29 22:00,9265.365
2025-11-29 22:15,9265.365
2025-11-29 22:30,9265.365
2025-11-29 22:45,9265.365
2025-11-29 23:00,9265.365
2025-11-29 23:15,9265.365
2025-11-29 23:30,9265.365
2025-11-29 23:45,9265.365
2025-11-30 00:00,9265.397
2025-11-30 00:15,9265.397
2025-11-30 00:30,9265.397
2025-11-30 00:45,9265.397
2025-11-30 01:00,9265.432
2025-11-30 01:15,9265.432
2025-11-30 01:30,9265.432
2025-11-30 01:45,9265.432
2025-11-30 02:00,9265.432
2025-11-30 02:15,9265.432
2025-11-30 02:30,9265.432
2025-11-30 02:45,9265.447
2025-11-30 03:00,9265.462
2025-11-30 03:15,9265.462
2025-11-30 03:30,9265.462
2025-11-30 03:45,9265.462
2025-11-30 04:00,9265.462
2025-11-30 04:15,9265.462
2025-11-30 04:30,9265.506
2025-11-30 04:45,9265.506
2025-11-30 05:00,9265.506
2025-11-30 05:15,9265.506
2025-11-30 05:30,9265.506
2025-11-30 05:45,9265.574
2025-11-30 06:00,9265.574
2025-11-30 06:15,9265.574
2025-11-30 06:30,9265.613
2025-11-30 06:45,9265.613
2025-11-30 07:00,9265.613
2025-11-30 07:15,9265.613
2025-11-30 07:30,9265.613
2025-11-30 07:45,9265.648
2025-11-30 08:00,9265.648
2025-11-30 08:15,9265.648
2025-11-30 08:30,9265.648
2025-11-30 08:45,9265.648
2025-11-30 09:00,9265.648
2025-11-30 09:15,9265.666
2025-11-30 09:30,9265.852
2025-11-30 09:45,9265.852
2025-11-30 10:00,9265.852
2025-11-30 10:15,9265.852
2025-11-30 10:30,9265.852
2025-11-30 10:45,9265.852
2025-11-30 11:00,9265.852
2025-11-30 11:15,9265.883
2025-11-30 11:30,9265.883
2025-11-30 11:45,9266.002
2025-11-30 12:00,9266.088
2025-11-30 12:15,9266.156
2025-11-30 12:30,9266.156
2025-11-30 12:45,9266.156
2025-11-30 13:00,9266.156
2025-11-30 13:15,9266.156
2025-11-30 13:30,9266.156
2025-11-30 13:45,9266.156
2025-11-30 14:00,9266.156
2025-11-30 14:15,9266.156
2025-11-30 14:30,9266.156
2025-11-30 14:45,9266.156
2025-11-30 15:00,9266.156
2025-11-30 15:15,9266.203
2025-11-30 15:30,9266.203
2025-11-30 15:45,9266.203
2025-11-30 16:00,9266.203
2025-11-30 16:15,9266.203
2025-11-30 16:30,9266.203
2025-11-30 16:45,9266.203
2025-11-30 17:00,9266.203
2025-11-30 17:15,9266.203
2025-11-30 17:30,9266.234
2025-11-30 17:45,9266.234
2025-11-30 18:00,9266.234
2025-11-30 18:15,9266.234
2025-11-30 18:30,9266.234
2025-11-30 18:45,9266.234
2025-11-30 19:00,9266.274
2025-11-30 19:15,9266.274
2025-11-30 19:30,9266.274
2025-11-30 19:45,9266.274
2025-11-30 20:00,9266.274
2025-11-30 20:15,9266.274
2025-11-30 20:30,9266.274
2025-11-30 20:45,9266.274
2025-11-30 21:00,9266.274
2025-11-30 21:15,9266.306
2025-11-30 21:30,9266.306
2025-11-30 21:45,9266.306
2025-11-30 22:00,9266.306
2025-11-30 22:15,9266.306
2025-11-30 22:30,9266.319
2025-11-30 22:45,9266.341
2025-11-30 23:00,9266.341
2025-11-30 23:15,9266.341
2025-11-30 23:30,9266.341
2025-11-30 23:45,9266.341
2025-12-01 00:00,9266.341
2025-12-01 00:15,9266.341
2025-12-01 00:30,9266.341
2025-12-01 00:45,9266.372
2025-12-01 01:00,9266.372
2025-12-01 01:15,9266.372
2025-12-01 01:30,9266.372
2025-12-01 01:45,9266.372
2025-12-01 02:00,9266.408
2025-12-01 02:15,9266.408
2025-12-01 02:30,9266.408
2025-12-01 02:45,9266.408
2025-12-01 03:00,9266.408
2025-12-01 03:15,9266.408
2025-12-01 03:30,9266.408
2025-12-01 03:45,9266.408
2025-12-01 04:00,9266.439
2025-12-01 04:15,9266.539
2025-12-01 04:30,9266.578
2025-12-01 04:45,9266.578
2025-12-01 05:00,9266.578
2025-12-01 05:15,9266.578
2025-12-01 05:30,9266.629
2025-12-01 05:45,9266.629
2025-12-01 06:00,9266.685
2025-12-01 06:15,9266.685
2025-12-01 06:30,9266.685
2025-12-01 06:45,9266.804
2025-12-01 07:00,9266.870
2025-12-01 07:15,9266.870
2025-12-01 07:30,9266.870
2025-12-01 07:45,9266.870
2025-12-01 08:00,9266.870
2025-12-01 08:15,9266.902
2025-12-01 08:30,9266.910
2025-12-01 08:45,9267.027
2025-12-01 09:00,9267.113
2025-12-01 09:15,9267.158
2025-12-01 09:30,9267.231
2025-12-01 09:45,9267.231
2025-12-01 10:00,9267.285
2025-12-01 10:15,9267.350
2025-12-01 10:30,9267.350
2025-12-01 10:45,9267.452
2025-12-01 11:00,9267.452
2025-12-01 11:15,9267.452
2025-12-01 11:30,9267.452
2025-12-01 11:45,9267.452
2025-12-01 12:00,9267.452
2025-12-01 12:15,9267.489
2025-12-01 12:30,9267.489
2025-12-01 12:45,9267.489
2025-12-01 13:00,9267.489
2025-12-01 13:15,9267.489
2025-12-01 13:30,9267.489
2025-12-01 13:45,9267.510
2025-12-01 14:00,9267.532
2025-12-01 14:15,9267.532
2025-12-01 14:30,9267.532
2025-12-01 14:45,9267.532
2025-12-01 15:00,9267.785
2025-12-01 15:15,9267.785
2025-12-01 15:30,9267.785
2025-12-01 15:45,9267.785
2025-12-01 16:00,9267.785
2025-12-01 16:15,9267.785
2025-12-01 16:30,9267.844
2025-12-01 16:45,9267.844
2025-12-01 17:00,9267.844
2025-12-01 17:15,9267.844
2025-12-01 17:30,9267.844
2025-12-01 17:45,9267.844
2025-12-01 18:00,9267.844
2025-12-01 18:15,9267.844
2025-12-01 18:30,9267.844
2025-12-01 18:45,9267.844
2025-12-01 19:00,9267.844
2025-12-01 19:15,9267.844
2025-12-01 19:30,9267.890
2025-12-01 19:45,9267.890
2025-12-01 20:00,9267.890
2025-12-01 20:15,9267.890
2025-12-01 20:30,9267.890
2025-12-01 20:45,9267.890
2025-12-01 21:00,9267.890
2025-12-01 21:15,9267.890
2025-12-01 21:30,9267.890
2025-12-01 21:45,9267.922
2025-12-01 22:00,9267.922
2025-12-01 22:15,9267.922
2025-12-01 22:30,9267.922
2025-12-01 22:45,9267.922
2025-12-01 23:00,9267.922
2025-12-01 23:15,9267.956
2025-12-01 23:30,9267.956
2025-12-01 23:45,9267.956
2025-12-02 00:00,9267.956
2025-12-02 00:15,9267.956
2025-12-02 00:30,9267.956
2025-12-02 00:45,9267.956
2025-12-02 01:00,9267.985
2025-12-02 01:15,9267.985
2025-12-02 01:30,9267.985
2025-12-02 01:45,9267.985
2025-12-02 02:00,9267.985
2025-12-02 02:15,9267.985
2025-12-02 02:30,9267.985
2025-12-02 02:45,9268.029
2025-12-02 03:00,9268.029
2025-12-02 03:15,9268.029
2025-12-02 03:30,9268.029
2025-12-02 03:45,9268.029
2025-12-02 04:00,9268.029
2025-12-02 04:15,9268.029
2025-12-02 04:30,9268.029
2025-12-02 04:45,9268.106
2025-12-02 05:00,9268.124
2025-12-02 05:15,9268.145
2025-12-02 05:30,9268.145
2025-12-02 05:45,9268.145
2025-12-02 06:00,9268.145
2025-12-02 06:15,9268.145
2025-12-02 06:30,9268.179
2025-12-02 06:45,9268.179
2025-12-02 07:00,9268.179
2025-12-02 07:15,9268.179
2025-12-02 07:30,9268.179
2025-12-02 07:45,9268.179
2025-12-02 08:00,9268.179
2025-12-02 08:15,9268.209
2025-12-02 08:30,9268.209
2025-12-02 08:45,9268.209
2025-12-02 09:00,9268.209
2025-12-02 09:15,9268.289
2025-12-02 09:30,9268.289
2025-12-02 09:45,9268.340
2025-12-02 10:00,9268.340
2025-12-02 10:15,9268.340
2025-12-02 10:30,9268.340
2025-12-02 10:45,9268.340
2025-12-02 11:00,9268.340
2025-12-02 11:15,9268.340
2025-12-02 11:30,9268.340
2025-12-02 11:45,9268.340
2025-12-02 12:00,9268.340
2025-12-02 12:15,9268.340
2025-12-02 12:30,9268.340
2025-12-02 12:45,9268.382
2025-12-02 13:00,9268.382
2025-12-02 13:15,9268.382
2025-12-02 13:30,9268.382
2025-12-02 13:45,9268.382
2025-12-02 14:00,9268.402
2025-12-02 14:15,9268.438
2025-12-02 14:30,9268.438
2025-12-02 14:45,9268.438
2025-12-02 15:00,9268.438
2025-12-02 15:15,9268.438
2025-12-02 15:30,9268.477
2025-12-02 15:45,9268.477
2025-12-02 16:00,9268.536
2025-12-02 16:15,9268.536
2025-12-02 16:30,9268.536
2025-12-02 16:45,9268.536
2025-12-02 17:00,9268.536
2025-12-02 17:15,9268.536
2025-12-02 17:30,9268.536
2025-12-02 17:45,9268.536
2025-12-02 18:00,9268.536
2025-12-02 18:15,9268.536
2025-12-02 18:30,9268.536
2025-12-02 18:45,9268.575
2025-12-02 19:00,9268.575
2025-12-02 19:15,9268.575
2025-12-02 19:30,9268.575
2025-12-02 19:45,9268.598
2025-12-02 20:00,9268.598
2025-12-02 20:15,9268.598
2025-12-02 20:30,9268.598
2025-12-02 20:45,9268.598
2025-12-02 21:00,9268.635
2025-12-02 21:15,9268.635
2025-12-02 21:30,9268.635
2025-12-02 21:45,9268.687
2025-12-02 22:00,9268.687
2025-12-02 22:15,9268.687
2025-12-02 22:30,9268.741
2025-12-02 22:45,9268.741
2025-12-02 23:00,9268.741
2025-12-02 23:15,9268.741
2025-12-02 23:30,9268.741
2025-12-02 23:45,9268.741
2025-12-03 00:00,9268.741
2025-12-03 00:15,9268.741
2025-12-03 00:30,9268.741
2025-12-03 00:45,9268.741
2025-12-03 01:00,9268.741
2025-12-03 01:15,9268.741
2025-12-03 01:30,9268.741
2025-12-03 01:45,9268.741
2025-12-03 02:00,9268.741
2025-12-03 02:15,9268.741
2025-12-03 02:30,9268.741
2025-12-03 02:45,9268.741
2025-12-03 03:00,9268.741
2025-12-03 03:15,9268.741
2025-12-03 03:30,9268.741
2025-12-03 03:45,9268.741
2025-12-03 04:00,9268.741
2025-12-03 04:15,9268.741
2025-12-03 04:30,9268.802
2025-12-03 04:45,9268.802
2025-12-03 05:00,9268.802
2025-12-03 05:15,9268.802
2025-12-03 05:30,9268.802
2025-12-03 05:45,9268.802
2025-12-03 06:00,9268.802
2025-12-03 06:15,9268.802
2025-12-03 06:30,9268.802
2025-12-03 06:45,9268.802
2025-12-03 07:00,9268.802
2025-12-03 07:15,9268.802
2025-12-03 07:30,9268.802
2025-12-03 07:45,9268.851
2025-12-03 08:00,9268.851
2025-12-03 08:15,9268.851
2025-12-03 08:30,9268.851
2025-12-03 08:45,9268.851
2025-12-03 09:00,9268.851
2025-12-03 09:15,9268.851
2025-12-03 09:30,9268.851
2025-12-03 09:45,9268.851
2025-12-03 10:00,9268.851
2025-12-03 10:15,9268.888
2025-12-03 10:30,9268.888
2025-12-03 10:45,9268.888
2025-12-03 11:00,9268.888
2025-12-03 11:15,9268.912
2025-12-03 11:30,9268.912
2025-12-03 11:45,9268.912
2025-12-03 12:00,9268.912
2025-12-03 12:15,9268.912
2025-12-03 12:30,9268.912
2025-12-03 12:45,9268.912
2025-12-03 13:00,9268.942
2025-12-03 13:15,9268.942
2025-12-03 13:30,9268.942
2025-12-03 13:45,9268.942
2025-12-03 14:00,9268.942
2025-12-03 14:15,9268.969
2025-12-03 14:30,9268.969
2025-12-03 14:45,9268.969
2025-12-03 15:00,9268.969
2025-12-03 15:15,9268.969
2025-12-03 15:30,9268.969
2025-12-03 15:45,9269.002
2025-12-03 16:00,9269.002
2025-12-03 16:15,9269.002
2025-12-03 16:30,9269.002
2025-12-03 16:45,9269.002
2025-12-03 17:00,9269.022
2025-12-03 17:15,9269.029
2025-12-03 17:30,9269.029
2025-12-03 17:45,9269.058
2025-12-03 18:00,9269.058
2025-12-03 18:15,9269.058
2025-12-03 18:30,9269.058
2025-12-03 18:45,9269.108
2025-12-03 19:00,9269.108
2025-12-03 19:15,9269.143
2025-12-03 19:30,9269.143
2025-12-03 19:45,9269.143
2025-12-03 20:00,9269.143
2025-12-03 20:15,9269.143
2025-12-03 20:30,9269.143
2025-12-03 20:45,9269.143
2025-12-03 21:00,9269.180
2025-12-03 21:15,9269.180
2025-12-03 21:30,9269.180
2025-12-03 21:45,9269.180
2025-12-03 22:00,9269.180
2025-12-03 22:15,9269.215
2025-12-03 22:30,9269.215
2025-12-03 22:45,9269.215
2025-12-03 23:00,9269.215
2025-12-03 23:15,9269.215
2025-12-03 23:30,9269.215
2025-12-03 23:45,9269.215
2025-12-04 00:00,9269.245
2025-12-04 00:15,9269.245
2025-12-04 00:30,9269.245
2025-12-04 00:45,9269.245
2025-12-04 01:00,9269.245
2025-12-04 01:15,9269.245
2025-12-04 01:30,9269.245
2025-12-04 01:45,9269.290
2025-12-04 02:00,9269.290
2025-12-04 02:15,9269.290
2025-12-04 02:30,9269.290
2025-12-04 02:45,9269.290
2025-12-04 03:00,9269.290
2025-12-04 03:15,9269.290
2025-12-04 03:30,9269.290
2025-12-04 03:45,9269.290
2025-12-04 04:00,9269.290
2025-12-04 04:15,9269.322
2025-12-04 04:30,9269.322
2025-12-04 04:45,9269.322
2025-12-04 05:00,9269.322
2025-12-04 05:15,9269.322
2025-12-04 05:30,9269.355
2025-12-04 05:45,9269.355
2025-12-04 06:00,9269.355
2025-12-04 06:15,9269.355
2025-12-04 06:30,9269.355
2025-12-04 06:45,9269.425
2025-12-04 07:00,9269.495
2025-12-04 07:15,9269.495
2025-12-04 07:30,9269.495
2025-12-04 07:45,9269.495
2025-12-04 08:00,9269.495
2025-12-04 08:15,9269.495
2025-12-04 08:30,9269.532
2025-12-04 08:45,9269.532
2025-12-04 09:00,9269.532
2025-12-04 09:15,9269.532
2025-12-04 09:30,9269.532
2025-12-04 09:45,9269.532
2025-12-04 10:00,9269.532
2025-12-04 10:15,9269.559
2025-12-04 10:30,9269.559
2025-12-04 10:45,9269.559
2025-12-04 11:00,9269.559
2025-12-04 11:15,9269.559
2025-12-04 11:30,9269.559
2025-12-04 11:45,9269.559
2025-12-04 12:00,9269.603
2025-12-04 12:15,9269.603
2025-12-04 12:30,9269.603
2025-12-04 12:45,9269.603
2025-12-04 13:00,9269.603
2025-12-04 13:15,9269.603
2025-12-04 13:30,9269.603
2025-12-04 13:45,9269.603
2025-12-04 14:00,9269.603
2025-12-04 14:15,9269.603
2025-12-04 14:30,9269.635
2025-12-04 14:45,9269.635
2025-12-04 15:00,9269.635
2025-12-04 15:15,9269.635
2025-12-04 15:30,9269.635
2025-12-04 15:45,9269.635
2025-12-04 16:00,9269.669
2025-12-04 16:15,9269.682
2025-12-04 16:30,9269.708
2025-12-04 16:45,9269.751
2025-12-04 17:00,9269.753
2025-12-04 17:15,9269.807
2025-12-04 17:30,9269.807
2025-12-04 17:45,9269.807
2025-12-04 18:00,9269.807
2025-12-04 18:15,9269.807
2025-12-04 18:30,9269.807
2025-12-04 18:45,9270.402
2025-12-04 19:00,9270.623
2025-12-04 19:15,9270.623
2025-12-04 19:30,9270.623
2025-12-04 19:45,9270.623
2025-12-04 20:00,9270.623
2025-12-04 20:15,9270.623
2025-12-04 20:30,9270.623
2025-12-04 20:45,9270.623
2025-12-04 21:00,9270.623
2025-12-04 21:15,9270.655
2025-12-04 21:30,9270.655
2025-12-04 21:45,9270.655
2025-12-04 22:00,9270.655
2025-12-04 22:15,9270.655
2025-12-04 22:30,9270.694
2025-12-04 22:45,9270.694
2025-12-04 23:00,9270.694
2025-12-04 23:15,9270.694
2025-12-04 23:30,9270.694
2025-12-04 23:45,9270.694
2025-12-05 00:00,9270.694
2025-12-05 00:15,9270.694
2025-12-05 00:30,9270.694
2025-12-05 00:45,9270.726
2025-12-05 01:00,9270.726
2025-12-05 01:15,9270.726
2025-12-05 01:30,9270.726
2025-12-05 01:45,9270.726
2025-12-05 02:00,9270.731
2025-12-05 02:15,9270.768
2025-12-05 02:30,9270.768
2025-12-05 02:45,9270.768
2025-12-05 03:00,9270.768
2025-12-05 03:15,9270.768
2025-12-05 03:30,9270.768
2025-12-05 03:45,9270.768
2025-12-05 04:00,9270.768
2025-12-05 04:15,9270.768
2025-12-05 04:30,9270.800
2025-12-05 04:45,9270.800
2025-12-05 05:00,9270.800
2025-12-05 05:15,9270.901
2025-12-05 05:30,9270.901
2025-12-05 05:45,9270.984
2025-12-05 06:00,9270.984
2025-12-05 06:15,9270.984
2025-12-05 06:30,9270.984
2025-12-05 06:45,9270.984
2025-12-05 07:00,9270.984
2025-12-05 07:15,9270.984
2025-12-05 07:30,9271.009
2025-12-05 07:45,9271.009
2025-12-05 08:00,9271.078
2025-12-05 08:15,9271.109
2025-12-05 08:30,9271.109
2025-12-05 08:45,9271.109
2025-12-05 09:00,9271.266
2025-12-05 09:15,9271.378
2025-12-05 09:30,9271.422
2025-12-05 09:45,9271.422
2025-12-05 10:00,9271.422
2025-12-05 10:15,9271.422
2025-12-05 10:30,9271.671
2025-12-05 10:45,9271.799
2025-12-05 11:00,9271.799
2025-12-05 11:15,9271.799
2025-12-05 11:30,9271.799
2025-12-05 11:45,9271.799
2025-12-05 12:00,9271.799
2025-12-05 12:15,9271.799
2025-12-05 12:30,9271.799
2025-12-05 12:45,9271.799
2025-12-05 13:00,9271.799
2025-12-05 13:15,9271.799
2025-12-05 13:30,9271.799
2025-12-05 13:45,9271.846
2025-12-05 14:00,9271.846
2025-12-05 14:15,9271.846
2025-12-05 14:30,9271.846
2025-12-05 14:45,9271.846
2025-12-05 15:00,9271.846
2025-12-05 15:15,9271.846
2025-12-05 15:30,9271.846
2025-12-05 15:45,9271.846
2025-12-05 16:00,9271.878
2025-12-05 16:15,9271.878
2025-12-05 16:30,9271.878
2025-12-05 16:45,9271.878
2025-12-05 17:00,9271.878
2025-12-05 17:15,9271.878
2025-12-05 17:30,9271.919
2025-12-05 17:45,9271.919
2025-12-05 18:00,9271.919
2025-12-05 18:15,9271.919
2025-12-05 18:30,9271.959
2025-12-05 18:45,9271.959
2025-12-05 19:00,9271.959
2025-12-05 19:15,9271.959
2025-12-05 19:30,9271.959
2025-12-05 19:45,9271.996
2025-12-05 20:00,9271.996
2025-12-05 20:15,9271.996
2025-12-05 20:30,9271.996
2025-12-05 20:45,9272.047
2025-12-05 21:00,9272.047
2025-12-05 21:15,9272.047
2025-12-05 21:30,9272.047
2025-12-05 21:45,9272.047
2025-12-05 22:00,9272.047
2025-12-05 22:15,9272.047
2025-12-05 22:30,9272.047
2025-12-05 22:45,9272.072
2025-12-05 23:00,9272.072
2025-12-05 23:15,9272.072
2025-12-05 23:30,9272.072
2025-12-05 23:45,9272.072
2025-12-06 00:00,9272.072
2025-12-06 00:15,9272.072
2025-12-06 00:30,9272.116
2025-12-06 00:45,9272.116
2025-12-06 01:00,9272.116
2025-12-06 01:15,9272.116
2025-12-06 01:30,9272.116
2025-12-06 01:45,9272.116
2025-12-06 02:00,9272.116
2025-12-06 02:15,9272.116
2025-12-06 02:30,9272.116
2025-12-06 02:45,9272.116
2025-12-06 03:00,9272.116
2025-12-06 03:15,9272.148
2025-12-06 03:30,9272.148
2025-12-06 03:45,9272.148
2025-12-06 04:00,9272.148
2025-12-06 04:15,9272.290
2025-12-06 04:30,9272.290
2025-12-06 04:45,9272.290
2025-12-06 05:00,9272.290
2025-12-06 05:15,9272.290
2025-12-06 05:30,9272.290
2025-12-06 05:45,9272.290
2025-12-06 06:00,9272.318
2025-12-06 06:15,9272.318
2025-12-06 06:30,9272.318
2025-12-06 06:45,9272.318
2025-12-06 07:00,9272.318
2025-12-06 07:15,9272.318
2025-12-06 07:30,9272.318
2025-12-06 07:45,9272.360
2025-12-06 08:00,9272.360
2025-12-06 08:15,9272.373
2025-12-06 08:30,9272.413
2025-12-06 08:45,9272.413
2025-12-06 09:00,9272.453
2025-12-06 09:15,9272.489
2025-12-06 09:30,9272.610
2025-12-06 09:45,9272.618
2025-12-06 10:00,9272.664
2025-12-06 10:15,9272.664
2025-12-06 10:30,9272.664
2025-12-06 10:45,9272.664
2025-12-06 11:00,9272.664
2025-12-06 11:15,9272.718
2025-12-06 11:30,9272.718
2025-12-06 11:45,9272.718
2025-12-06 12:00,9272.718
2025-12-06 12:15,9272.718
2025-12-06 12:30,9272.718
2025-12-06 12:45,9272.718
2025-12-06 13:00,9272.718
2025-12-06 13:15,9272.760
2025-12-06 13:30,9272.760
2025-12-06 13:45,9272.760
2025-12-06 14:00,9272.760
2025-12-06 14:15,9272.812
2025-12-06 14:30,9272.812
2025-12-06 14:45,9272.812
2025-12-06 15:00,9272.812
2025-12-06 15:15,9272.826
2025-12-06 15:30,9272.845
2025-12-06 15:45,9272.845
2025-12-06 16:00,9272.845
2025-12-06 16:15,9272.845
2025-12-06 16:30,9272.882
2025-12-06 16:45,9272.910
2025-12-06 17:00,9272.910
2025-12-06 17:15,9272.910
2025-12-06 17:30,9272.950
2025-12-06 17:45,9272.980
2025-12-06 18:00,9272.980
2025-12-06 18:15,9272.980
2025-12-06 18:30,9272.980
2025-12-06 18:45,9272.980
2025-12-06 19:00,9273.039
2025-12-06 19:15,9273.773
2025-12-06 19:30,9274.078
2025-12-06 19:45,9274.078
2025-12-06 20:00,9274.078
2025-12-06 20:15,9274.078
2025-12-06 20:30,9274.078
2025-12-06 20:45,9274.078
2025-12-06 21:00,9274.230
2025-12-06 21:15,9274.230
2025-12-06 21:30,9274.305
2025-12-06 21:45,9274.305
2025-12-06 22:00,9274.305
2025-12-06 22:15,9274.305
2025-12-06 22:30,9274.305
2025-12-06 22:45,9274.305
2025-12-06 23:00,9274.305
2025-12-06 23:15,9274.305
2025-12-06 23:30,9274.305
2025-12-06 23:45,9274.305
2025-12-07 00:00,9274.305
2025-12-07 00:15,9274.305
2025-12-07 00:30,9274.352
2025-12-07 00:45,9274.352
2025-12-07 01:00,9274.352
2025-12-07 01:15,9274.352
2025-12-07 01:30,9274.352
2025-12-07 01:45,9274.352
2025-12-07 02:00,9274.352
2025-12-07 02:15,9274.352
2025-12-07 02:30,9274.352
2025-12-07 02:45,9274.383
2025-12-07 03:00,9274.385
2025-12-07 03:15,9274.385
2025-12-07 03:30,9274.385
2025-12-07 03:45,9274.385
2025-12-07 04:00,9274.421
2025-12-07 04:15,9274.421
2025-12-07 04:30,9274.421
2025-12-07 04:45,9274.421
2025-12-07 05:00,9274.421
2025-12-07 05:15,9274.421
2025-12-07 05:30,9274.421
2025-12-07 05:45,9274.452
2025-12-07 06:00,9274.452
2025-12-07 06:15,9274.452
2025-12-07 06:30,9274.452
2025-12-07 06:45,9274.452
2025-12-07 07:00,9274.452
2025-12-07 07:15,9274.452
2025-12-07 07:30,9274.496
2025-12-07 07:45,9274.496
2025-12-07 08:00,9274.496
2025-12-07 08:15,9274.496
2025-12-07 08:30,9274.496
2025-12-07 08:45,9274.496
2025-12-07 09:00,9274.496
2025-12-07 09:15,9274.496
2025-12-07 09:30,9274.679
2025-12-07 09:45,9274.679
2025-12-07 10:00,9274.679
2025-12-07 10:15,9274.679
2025-12-07 10:30,9274.679
2025-12-07 10:45,9274.679
2025-12-07 11:00,9274.679
2025-12-07 11:15,9274.679
2025-12-07 11:30,9274.679
2025-12-07 11:45,9274.741
2025-12-07 12:00,9274.741
2025-12-07 12:15,9274.741
2025-12-07 12:30,9274.741
2025-12-07 12:45,9274.741
2025-12-07 13:00,9274.777
2025-12-07 13:15,9274.792
2025-12-07 13:30,9274.792
2025-12-07 13:45,9274.792
2025-12-07 14:00,9274.792
2025-12-07 14:15,9274.792
2025-12-07 14:30,9274.792
2025-12-07 14:45,9274.792
2025-12-07 15:00,9275.036
2025-12-07 15:15,9275.036
2025-12-07 15:30,9275.036
2025-12-07 15:45,9275.036
2025-12-07 16:00,9275.072
2025-12-07 16:15,9275.072
2025-12-07 16:30,9275.072
2025-12-07 16:45,9275.072
2025-12-07 17:00,9275.117
2025-12-07 17:15,9275.152
2025-12-07 17:30,9275.228
2025-12-07 17:45,9275.242
2025-12-07 18:00,9275.247
2025-12-07 18:15,9275.247
2025-12-07 18:30,9275.292
2025-12-07 18:45,9275.292
2025-12-07 19:00,9275.337
2025-12-07 19:15,9275.337
2025-12-07 19:30,9275.337
2025-12-07 19:45,9275.381
2025-12-07 20:00,9275.381
2025-12-07 20:15,9275.433
2025-12-07 20:30,9275.433
2025-12-07 20:45,9275.433
2025-12-07 21:00,9275.433
2025-12-07 21:15,9275.490
2025-12-07 21:30,9275.490
2025-12-07 21:45,9275.490
2025-12-07 22:00,9275.490
2025-12-07 22:15,9275.490
2025-12-07 22:30,9275.490
2025-12-07 22:45,9275.490
2025-12-07 23:00,9275.490
2025-12-07 23:15,9275.490
2025-12-07 23:30,9275.490
2025-12-07 23:45,9275.490
2025-12-08 00:00,9275.490
2025-12-08 00:15,9275.536
2025-12-08 00:30,9275.536
2025-12-08 00:45,9275.536
2025-12-08 01:00,9275.536
2025-12-08 01:15,9275.536
2025-12-08 01:30,9275.536
2025-12-08 01:45,9275.536
2025-12-08 02:00,9275.536
2025-12-08 02:15,9275.536
2025-12-08 02:30,9275.569
2025-12-08 02:45,9275.569
2025-12-08 03:00,9275.569
2025-12-08 03:15,9275.569
2025-12-08 03:30,9275.569
2025-12-08 03:45,9275.605
2025-12-08 04:00,9275.605
2025-12-08 04:15,9275.605
2025-12-08 04:30,9275.605
2025-12-08 04:45,9275.605
2025-12-08 05:00,9275.605
2025-12-08 05:15,9275.605
2025-12-08 05:30,9275.635
2025-12-08 05:45,9275.635
2025-12-08 06:00,9275.635
2025-12-08 06:15,9275.635
2025-12-08 06:30,9275.635
2025-12-08 06:45,9275.635
2025-12-08 07:00,9275.730
2025-12-08 07:15,9275.781
2025-12-08 07:30,9275.781
2025-12-08 07:45,9275.781
2025-12-08 08:00,9275.781
2025-12-08 08:15,9275.781
2025-12-08 08:30,9275.781
2025-12-08 08:45,9275.781
2025-12-08 09:00,9276.061
2025-12-08 09:15,9276.061
2025-12-08 09:30,9276.061
2025-12-08 09:45,9276.061
2025-12-08 10:00,9276.061
2025-12-08 10:15,9276.089
2025-12-08 10:30,9276.103
2025-12-08 10:45,9276.137
2025-12-08 11:00,9276.137
2025-12-08 11:15,9276.137
2025-12-08 11:30,9276.137
2025-12-08 11:45,9276.137
2025-12-08 12:00,9276.137
2025-12-08 12:15,9276.137
2025-12-08 12:30,9276.137
2025-12-08 12:45,9276.137
2025-12-08 13:00,9276.189
2025-12-08 13:15,9276.189
2025-12-08 13:30,9276.189
2025-12-08 13:45,9276.189
2025-12-08 14:00,9276.189
2025-12-08 14:15,9276.229
2025-12-08 14:30,9276.229
2025-12-08 14:45,9276.267
2025-12-08 15:00,9276.583
2025-12-08 15:15,9276.583
2025-12-08 15:30,9276.583
2025-12-08 15:45,9276.583
2025-12-08 16:00,9276.583
2025-12-08 16:15,9276.637
2025-12-08 16:30,9276.637
2025-12-08 16:45,9276.637
2025-12-08 17:00,9276.637
2025-12-08 17:15,9276.637
2025-12-08 17:30,9276.637
2025-12-08 17:45,9276.637
2025-12-08 18:00,9276.637
2025-12-08 18:15,9276.690
2025-12-08 18:30,9276.690
2025-12-08 18:45,9276.690
2025-12-08 19:00,9276.734
2025-12-08 19:15,9276.734
2025-12-08 19:30,9276.734
2025-12-08 19:45,9276.734
2025-12-08 20:00,9276.734
2025-12-08 20:15,9276.734
2025-12-08 20:30,9276.734
2025-12-08 20:45,9276.734
2025-12-08 21:00,9276.734
2025-12-08 21:15,9276.788
2025-12-08 21:30,9276.788
2025-12-08 21:45,9276.788
2025-12-08 22:00,9276.788
2025-12-08 22:15,9276.788
2025-12-08 22:30,9276.788
2025-12-08 22:45,9276.788
2025-12-08 23:00,9276.788
2025-12-08 23:15,9276.788
2025-12-08 23:30,9276.788
2025-12-08 23:45,9276.788
2025-12-09 00:00,9276.835
2025-12-09 00:15,9276.835
2025-12-09 00:30,9276.835
2025-12-09 00:45,9276.835
2025-12-09 01:00,9276.835
2025-12-09 01:15,9276.835
2025-12-09 01:30,9276.835
2025-12-09 01:45,9276.835
2025-12-09 02:00,9276.835
2025-12-09 02:15,9276.867
2025-12-09 02:30,9276.867
2025-12-09 02:45,9276.867
2025-12-09 03:00,9276.867
2025-12-09 03:15,9276.867
2025-12-09 03:30,9276.867
2025-12-09 03:45,9276.911
2025-12-09 04:00,9276.911
2025-12-09 04:15,9276.911
2025-12-09 04:30,9276.911
2025-12-09 04:45,9276.911
2025-12-09 05:00,9276.911
2025-12-09 05:15,9276.911
2025-12-09 05:30,9276.911
2025-12-09 05:45,9276.911
2025-12-09 06:00,9276.942
2025-12-09 06:15,9276.942
2025-12-09 06:30,9276.942
2025-12-09 06:45,9276.942
2025-12-09 07:00,9276.942
2025-12-09 07:15,9277.048
2025-12-09 07:30,9277.048
2025-12-09 07:45,9277.048
2025-12-09 08:00,9277.048
2025-12-09 08:15,9277.048
2025-12-09 08:30,9277.048
2025-12-09 08:45,9277.048
2025-12-09 09:00,9277.048
2025-12-09 09:15,9277.048
2025-12-09 09:30,9277.079
2025-12-09 09:45,9277.241
2025-12-09 10:00,9277.241
2025-12-09 10:15,9277.241
2025-12-09 10:30,9277.241
2025-12-09 10:45,9277.289
2025-12-09 11:00,9277.289
2025-12-09 11:15,9277.289
2025-12-09 11:30,9277.289
2025-12-09 11:45,9277.289
2025-12-09 12:00,9277.327
2025-12-09 12:15,9277.342
2025-12-09 12:30,9277.342
2025-12-09 12:45,9277.342
2025-12-09 13:00,9277.342
2025-12-09 13:15,9277.342
2025-12-09 13:30,9277.342
2025-12-09 13:45,9277.342
2025-12-09 14:00,9277.342
2025-12-09 14:15,9277.386
2025-12-09 14:30,9277.424
2025-12-09 14:45,9277.424
2025-12-09 15:00,9277.424
2025-12-09 15:15,9277.424
2025-12-09 15:30,9277.469
2025-12-09 15:45,9277.520
2025-12-09 16:00,9277.520
2025-12-09 16:15,9277.520
2025-12-09 16:30,9277.520
2025-12-09 16:45,9277.520
2025-12-09 17:00,9277.565
2025-12-09 17:15,9277.565
2025-12-09 17:30,9277.565
2025-12-09 17:45,9277.565
2025-12-09 18:00,9277.603
2025-12-09 18:15,9277.646
2025-12-09 18:30,9277.646
2025-12-09 18:45,9277.646
2025-12-09 19:00,9277.646
2025-12-09 19:15,9277.697
2025-12-09 19:30,9277.697
2025-12-09 19:45,9277.697
2025-12-09 20:00,9277.697
2025-12-09 20:15,9277.697
2025-12-09 20:30,9277.754
2025-12-09 20:45,9277.754
2025-12-09 21:00,9277.754
2025-12-09 21:15,9277.754
2025-12-09 21:30,9277.778
2025-12-09 21:45,9277.793
2025-12-09 22:00,9277.793
2025-12-09 22:15,9277.793
2025-12-09 22:30,9277.857
2025-12-09 22:45,9277.857
2025-12-09 23:00,9277.857
2025-12-09 23:15,9277.857
2025-12-09 23:30,9277.857
2025-12-09 23:45,9277.857
2025-12-10 00:00,9277.857
2025-12-10 00:15,9277.857
2025-12-10 00:30,9277.857
2025-12-10 00:45,9277.857
2025-12-10 01:00,9277.857
2025-12-10 01:15,9277.857
2025-12-10 01:30,9277.857
2025-12-10 01:45,9277.857
2025-12-10 02:00,9277.857
2025-12-10 02:15,9277.857
2025-12-10 02:30,9277.857
2025-12-10 02:45,9277.857
2025-12-10 03:00,9277.857
2025-12-10 03:15,9277.857
2025-12-10 03:30,9277.857
2025-12-10 03:45,9277.857
2025-12-10 04:00,9277.857
2025-12-10 04:15,9277.857
2025-12-10 04:30,9277.918
2025-12-10 04:45,9277.918
2025-12-10 05:00,9277.918
2025-12-10 05:15,9277.918
2025-12-10 05:30,9277.918
2025-12-10 05:45,9277.918
2025-12-10 06:00,9277.918
2025-12-10 06:15,9277.918
2025-12-10 06:30,9277.918
2025-12-10 06:45,9277.918
2025-12-10 07:00,9277.918
2025-12-10 07:15,9277.918
2025-12-10 07:30,9277.918
2025-12-10 07:45,9277.967
2025-12-10 08:00,9277.967
2025-12-10 08:15,9277.967
2025-12-10 08:30,9277.967
2025-12-10 08:45,9277.967
2025-12-10 09:00,9277.967
2025-12-10 09:15,9278.175
2025-12-10 09:30,9278.175
2025-12-10 09:45,9278.175
2025-12-10 10:00,9278.175
2025-12-10 10:15,9278.175
2025-12-10 10:30,9278.210
2025-12-10 10:45,9278.210
2025-12-10 11:00,9278.210
2025-12-10 11:15,9278.210
2025-12-10 11:30,9278.210
2025-12-10 11:45,9278.210
2025-12-10 12:00,9278.237
2025-12-10 12:15,9278.237
2025-12-10 12:30,9278.264
2025-12-10 12:45,9278.264
2025-12-10 13:00,9278.264
2025-12-10 13:15,9278.264
2025-12-10 13:30,9278.264
2025-12-10 13:45,9278.315
2025-12-10 14:00,9278.315
2025-12-10 14:15,9278.315
2025-12-10 14:30,9278.315
2025-12-10 14:45,9278.315
2025-12-10 15:00,9278.315
2025-12-10 15:15,9278.315
2025-12-10 15:30,9278.315
2025-12-10 15:45,9278.315
2025-12-10 16:00,9278.362
2025-12-10 16:15,9278.362
2025-12-10 16:30,9278.449
2025-12-10 16:45,9278.472
2025-12-10 17:00,9278.472
2025-12-10 17:15,9278.472
2025-12-10 17:30,9278.499
2025-12-10 17:45,9278.518
2025-12-10 18:00,9278.518
2025-12-10 18:15,9278.518
2025-12-10 18:30,9278.518
2025-12-10 18:45,9278.605
2025-12-10 19:00,9278.605
2025-12-10 19:15,9278.605
2025-12-10 19:30,9278.975
2025-12-10 19:45,9278.975
2025-12-10 20:00,9278.975
2025-12-10 20:15,9278.975
2025-12-10 20:30,9278.975
2025-12-10 20:45,9279.007
2025-12-10 21:00,9279.007
2025-12-10 21:15,9279.007
2025-12-10 21:30,9279.007
2025-12-10 21:45,9279.007
2025-12-10 22:00,9279.063
2025-12-10 22:15,9279.070
2025-12-10 22:30,9279.070
2025-12-10 22:45,9279.070
2025-12-10 23:00,9279.534
2025-12-10 23:15,9279.997
2025-12-10 23:30,9279.997
2025-12-10 23:45,9279.997
2025-12-11 00:00,9279.997
2025-12-11 00:15,9279.997
2025-12-11 00:30,9279.997
2025-12-11 00:45,9279.997
2025-12-11 01:00,9279.997
2025-12-11 01:15,9279.997
2025-12-11 01:30,9280.032
2025-12-11 01:45,9280.032
2025-12-11 02:00,9280.032
2025-12-11 02:15,9280.032
2025-12-11 02:30,9280.032
2025-12-11 02:45,9280.050
2025-12-11 03:00,9280.066
2025-12-11 03:15,9280.066
2025-12-11 03:30,9280.066
2025-12-11 03:45,9280.066
2025-12-11 04:00,9280.066
2025-12-11 04:15,9280.066
2025-12-11 04:30,9280.066
2025-12-11 04:45,9280.096
2025-12-11 05:00,9280.096
2025-12-11 05:15,9280.096
2025-12-11 05:30,9280.096
2025-12-11 05:45,9280.096
2025-12-11 06:00,9280.096
2025-12-11 06:15,9280.139
2025-12-11 06:30,9280.139
2025-12-11 06:45,9280.139
2025-12-11 07:00,9280.237
2025-12-11 07:15,9280.237
2025-12-11 07:30,9280.237
2025-12-11 07:45,9280.237
2025-12-11 08:00,9280.237
2025-12-11 08:15,9280.237
2025-12-11 08:30,9280.274
2025-12-11 08:45,9280.274
2025-12-11 09:00,9280.446
2025-12-11 09:15,9280.512
2025-12-11 09:30,9280.512
2025-12-11 09:45,9280.512
2025-12-11 10:00,9280.512
2025-12-11 10:15,9280.546
2025-12-11 10:30,9280.546
2025-12-11 10:45,9280.546
2025-12-11 11:00,9280.546
2025-12-11 11:15,9280.546
2025-12-11 11:30,9280.583
2025-12-11 11:45,9280.583
2025-12-11 12:00,9280.583
2025-12-11 12:15,9280.583
2025-12-11 12:30,9280.617
2025-12-11 12:45,9280.617
2025-12-11 13:00,9280.660
2025-12-11 13:15,9280.660
2025-12-11 13:30,9280.660
2025-12-11 13:45,9280.660
2025-12-11 14:00,9280.697
2025-12-11 14:15,9280.697
2025-12-11 14:30,9280.697
2025-12-11 14:45,9280.743
2025-12-11 15:00,9280.743
2025-12-11 15:15,9280.743
2025-12-11 15:30,9280.787
2025-12-11 15:45,9280.787
2025-12-11 16:00,9280.787
2025-12-11 16:15,9280.836
2025-12-11 16:30,9280.893
2025-12-11 16:45,9281.022
2025-12-11 17:00,9281.022
2025-12-11 17:15,9281.022
2025-12-11 17:30,9281.085
2025-12-11 17:45,9281.085
2025-12-11 18:00,9281.085
2025-12-11 18:15,9281.150
2025-12-11 18:30,9281.204
2025-12-11 18:45,9281.204
2025-12-11 19:00,9281.204
2025-12-11 19:15,9281.261
2025-12-11 19:30,9281.261
2025-12-11 19:45,9281.261
2025-12-11 20:00,9281.323
2025-12-11 20:15,9281.323
2025-12-11 20:30,9281.365
2025-12-11 20:45,9281.365
2025-12-11 21:00,9281.406
2025-12-11 21:15,9281.406
2025-12-11 21:30,9281.406
2025-12-11 21:45,9282.073
2025-12-11 22:00,9282.277
2025-12-11 22:15,9282.277
2025-12-11 22:30,9282.277
2025-12-11 22:45,9282.277
2025-12-11 23:00,9282.277
2025-12-11 23:15,9282.277
2025-12-11 23:30,9282.277
2025-12-11 23:45,9282.277
2025-12-12 00:00,9282.277
2025-12-12 00:15,9282.309
2025-12-12 00:30,9282.309
2025-12-12 00:45,9282.309
2025-12-12 01:00,9282.309
2025-12-12 01:15,9282.331
2025-12-12 01:30,9282.343
2025-12-12 01:45,9282.343
2025-12-12 02:00,9282.343
2025-12-12 02:15,9282.343
2025-12-12 02:30,9282.343
2025-12-12 02:45,9282.343
2025-12-12 03:00,9282.373
2025-12-12 03:15,9282.373
2025-12-12 03:30,9282.373
2025-12-12 03:45,9282.373
2025-12-12 04:00,9282.373
2025-12-12 04:15,9282.413
2025-12-12 04:30,9282.423
2025-12-12 04:45,9282.542
2025-12-12 05:00,9282.542
2025-12-12 05:15,9282.542
2025-12-12 05:30,9282.542
2025-12-12 05:45,9282.542
2025-12-12 06:00,9282.542
2025-12-12 06:15,9282.542
2025-12-12 06:30,9282.542
2025-12-12 06:45,9282.542
2025-12-12 07:00,9282.643
2025-12-12 07:15,9282.755
2025-12-12 07:30,9282.755
2025-12-12 07:45,9282.755
2025-12-12 08:00,9282.755
2025-12-12 08:15,9282.973
2025-12-12 08:30,9283.006
2025-12-12 08:45,9283.054
2025-12-12 09:00,9283.054
2025-12-12 09:15,9283.101
2025-12-12 09:30,9283.341
2025-12-12 09:45,9283.341
2025-12-12 10:00,9283.392
2025-12-12 10:15,9283.432
2025-12-12 10:30,9284.076
2025-12-12 10:45,9284.076
2025-12-12 11:00,9284.076
2025-12-12 11:15,9284.194
2025-12-12 11:30,9284.194
2025-12-12 11:45,9284.194
2025-12-12 12:00,9284.194
2025-12-12 12:15,9284.194
2025-12-12 12:30,9284.230
2025-12-12 12:45,9284.230
2025-12-12 13:00,9284.230
2025-12-12 13:15,9284.230
2025-12-12 13:30,9284.230
2025-12-12 13:45,9284.230
2025-12-12 14:00,9284.265
2025-12-12 14:15,9284.265
2025-12-12 14:30,9284.265
2025-12-12 14:45,9284.265
2025-12-12 15:00,9284.265
2025-12-12 15:15,9284.265
2025-12-12 15:30,9284.265
2025-12-12 15:45,9284.269
2025-12-12 16:00,9284.295
2025-12-12 16:15,9284.295
2025-12-12 16:30,9284.295
2025-12-12 16:45,9284.295
2025-12-12 17:00,9284.295
2025-12-12 17:15,9284.295
2025-12-12 17:30,9284.295
2025-12-12 17:45,9284.338
2025-12-12 18:00,9284.338
2025-12-12 18:15,9284.338
2025-12-12 18:30,9284.338
2025-12-12 18:45,9284.338
2025-12-12 19:00,9284.338
2025-12-12 19:15,9284.338
2025-12-12 19:30,9284.338
2025-12-12 19:45,9284.338
2025-12-12 20:00,9284.338
2025-12-12 20:15,9284.370
2025-12-12 20:30,9284.370
2025-12-12 20:45,9284.370
2025-12-12 21:00,9284.370
2025-12-12 21:15,9284.370
2025-12-12 21:30,9284.397
2025-12-12 21:45,9284.397
2025-12-12 22:00,9284.397
2025-12-12 22:15,9284.397
2025-12-12 22:30,9284.397
2025-12-12 22:45,9284.397
2025-12-12 23:00,9284.427
2025-12-12 23:15,9284.427
2025-12-12 23:30,9284.427
2025-12-12 23:45,9284.427
2025-12-13 00:00,9284.427
2025-12-13 00:15,9284.427
2025-12-13 00:30,9284.463
2025-12-13 00:45,9284.463
2025-12-13 01:00,9284.463
2025-12-13 01:15,9284.463
2025-12-13 01:30,9284.463
2025-12-13 01:45,9284.463
2025-12-13 02:00,9284.491
2025-12-13 02:15,9284.491
2025-12-13 02:30,9284.491
2025-12-13 02:45,9284.491
2025-12-13 03:00,9284.491
2025-12-13 03:15,9284.491
2025-12-13 03:30,9284.491
2025-12-13 03:45,9284.536
2025-12-13 04:00,9284.536
2025-12-13 04:15,9284.536
2025-12-13 04:30,9284.536
2025-12-13 04:45,9284.536
2025-12-13 05:00,9284.536
2025-12-13 05:15,9284.536
2025-12-13 05:30,9284.536
2025-12-13 05:45,9284.536
2025-12-13 06:00,9284.536
2025-12-13 06:15,9284.567
2025-12-13 06:30,9284.567
2025-12-13 06:45,9284.567
2025-12-13 07:00,9284.567
2025-12-13 07:15,9284.567
2025-12-13 07:30,9284.603
2025-12-13 07:45,9284.603
2025-12-13 08:00,9284.699
2025-12-13 08:15,9284.699
2025-12-13 08:30,9284.699
2025-12-13 08:45,9284.699
2025-12-13 09:00,9284.861
2025-12-13 09:15,9284.861
2025-12-13 09:30,9284.861
2025-12-13 09:45,9284.861
2025-12-13 10:00,9284.861
2025-12-13 10:15,9284.861
2025-12-13 10:30,9284.861
2025-12-13 10:45,9284.861
2025-12-13 11:00,9284.861
2025-12-13 11:15,9284.861
2025-12-13 11:30,9284.892
2025-12-13 11:45,9284.892
2025-12-13 12:00,9284.892
2025-12-13 12:15,9284.892
2025-12-13 12:30,9284.930
2025-12-13 12:45,9284.973
2025-12-13 13:00,9284.973
2025-12-13 13:15,9284.973
2025-12-13 13:30,9284.973
2025-12-13 13:45,9284.973
2025-12-13 14:00,9284.973
2025-12-13 14:15,9284.973
2025-12-13 14:30,9285.000
2025-12-13 14:45,9285.000
2025-12-13 15:00,9285.000
2025-12-13 15:15,9285.000
2025-12-13 15:30,9285.000
2025-12-13 15:45,9285.000
2025-12-13 16:00,9285.033
2025-12-13 16:15,9285.084
2025-12-13 16:30,9285.084
2025-12-13 16:45,9285.084
2025-12-13 17:00,9285.084
2025-12-13 17:15,9285.120
2025-12-13 17:30,9285.120
2025-12-13 17:45,9285.120
2025-12-13 18:00,9285.120
2025-12-13 18:15,9285.120
2025-12-13 18:30,9285.120
2025-12-13 18:45,9285.120
2025-12-13 19:00,9285.211
2025-12-13 19:15,9285.219
2025-12-13 19:30,9285.219
2025-12-13 19:45,9285.219
2025-12-13 20:00,9285.219
2025-12-13 20:15,9285.219
2025-12-13 20:30,9285.219
2025-12-13 20:45,9285.219
2025-12-13 21:00,9285.219
2025-12-13 21:15,9285.219
2025-12-13 21:30,9285.219
2025-12-13 21:45,9285.219
2025-12-13 22:00,9285.266
2025-12-13 22:15,9285.266
2025-12-13 22:30,9285.266
2025-12-13 22:45,9285.266
2025-12-13 23:00,9285.266
2025-12-13 23:15,9285.266
2025-12-13 23:30,9285.266
2025-12-13 23:45,9285.266
2025-12-14 00:00,9285.266
2025-12-14 00:15,9285.266
2025-12-14 00:30,9285.297
2025-12-14 00:45,9285.297
2025-12-14 01:00,9285.297
2025-12-14 01:15,9285.297
2025-12-14 01:30,9285.297
2025-12-14 01:45,9285.334
2025-12-14 02:00,9285.334
2025-12-14 02:15,9285.334
2025-12-14 02:30,9285.334
2025-12-14 02:45,9285.334
2025-12-14 03:00,9285.334
2025-12-14 03:15,9285.334
2025-12-14 03:30,9285.334
2025-12-14 03:45,9285.357
2025-12-14 04:00,9285.365
2025-12-14 04:15,9285.365
2025-12-14 04:30,9285.365
2025-12-14 04:45,9285.365
2025-12-14 05:00,9285.456
2025-12-14 05:15,9285.508
2025-12-14 05:30,9285.508
2025-12-14 05:45,9285.508
2025-12-14 06:00,9285.508
2025-12-14 06:15,9285.508
2025-12-14 06:30,9285.508
2025-12-14 06:45,9285.508
2025-12-14 07:00,9285.508
2025-12-14 07:15,9285.508
2025-12-14 07:30,9285.539
2025-12-14 07:45,9285.539
2025-12-14 08:00,9285.539
2025-12-14 08:15,9285.539
2025-12-14 08:30,9285.539
2025-12-14 08:45,9285.539
2025-12-14 09:00,9285.580
2025-12-14 09:15,9285.580
2025-12-14 09:30,9285.853
2025-12-14 09:45,9285.853
2025-12-14 10:00,9285.853
2025-12-14 10:15,9285.853
2025-12-14 10:30,9285.853
2025-12-14 10:45,9285.853
2025-12-14 11:00,9285.853
2025-12-14 11:15,9285.853
2025-12-14 11:30,9285.853
2025-12-14 11:45,9285.853
2025-12-14 12:00,9285.884
2025-12-14 12:15,9285.884
2025-12-14 12:30,9285.884
2025-12-14 12:45,9285.884
2025-12-14 13:00,9285.884
2025-12-14 13:15,9285.918
2025-12-14 13:30,9285.918
2025-12-14 13:45,9285.918
2025-12-14 14:00,9285.918
2025-12-14 14:15,9285.918
2025-12-14 14:30,9285.918
2025-12-14 14:45,9285.918
2025-12-14 15:00,9285.918
2025-12-14 15:15,9285.949
2025-12-14 15:30,9285.949
2025-12-14 15:45,9285.949
2025-12-14 16:00,9285.949
2025-12-14 16:15,9285.949
2025-12-14 16:30,9285.949
2025-12-14 16:45,9285.949
2025-12-14 17:00,9285.991
2025-12-14 17:15,9285.991
2025-12-14 17:30,9285.991
2025-12-14 17:45,9285.991
2025-12-14 18:00,9286.019
2025-12-14 18:15,9286.020
2025-12-14 18:30,9286.020
2025-12-14 18:45,9286.039
2025-12-14 19:00,9286.057
2025-12-14 19:15,9286.094
2025-12-14 19:30,9286.094
2025-12-14 19:45,9286.094
2025-12-14 20:00,9286.094
2025-12-14 20:15,9286.128
2025-12-14 20:30,9286.178
2025-12-14 20:45,9286.178
2025-12-14 21:00,9286.178
2025-12-14 21:15,9286.178
2025-12-14 21:30,9286.178
2025-12-14 21:45,9286.178
2025-12-14 22:00,9286.178
2025-12-14 22:15,9286.178
2025-12-14 22:30,9286.178
2025-12-14 22:45,9286.178
2025-12-14 23:00,9286.209
2025-12-14 23:15,9286.209
2025-12-14 23:30,9286.209
2025-12-14 23:45,9286.209
2025-12-15 00:00,9286.209
2025-12-15 00:15,9286.244
2025-12-15 00:30,9286.244
2025-12-15 00:45,9286.244
2025-12-15 01:00,9286.244
2025-12-15 01:15,9286.244
2025-12-15 01:30,9286.244
2025-12-15 01:45,9286.244
2025-12-15 02:00,9286.252
2025-12-15 02:15,9286.275
2025-12-15 02:30,9286.275
2025-12-15 02:45,9286.275
2025-12-15 03:00,9286.275
2025-12-15 03:15,9286.275
2025-12-15 03:30,9286.275
2025-12-15 03:45,9286.315
2025-12-15 04:00,9286.315
2025-12-15 04:15,9286.315
2025-12-15 04:30,9286.315
2025-12-15 04:45,9286.315
2025-12-15 05:00,9286.315
2025-12-15 05:15,9286.315
2025-12-15 05:30,9286.315
2025-12-15 05:45,9286.346
2025-12-15 06:00,9286.442
2025-12-15 06:15,9286.442
2025-12-15 06:30,9286.442
2025-12-15 06:45,9286.442
2025-12-15 07:00,9286.493
2025-12-15 07:15,9286.493
2025-12-15 07:30,9286.493
2025-12-15 07:45,9286.565
2025-12-15 08:00,9286.565
2025-12-15 08:15,9286.565
2025-12-15 08:30,9286.610
2025-12-15 08:45,9286.699
2025-12-15 09:00,9287.015
2025-12-15 09:15,9287.084
2025-12-15 09:30,9287.131
2025-12-15 09:45,9287.131
2025-12-15 10:00,9287.187
2025-12-15 10:15,9287.230
2025-12-15 10:30,9287.230
2025-12-15 10:45,9287.230
2025-12-15 11:00,9287.263
2025-12-15 11:15,9287.267
2025-12-15 11:30,9287.267
2025-12-15 11:45,9287.267
2025-12-15 12:00,9287.267
2025-12-15 12:15,9287.267
2025-12-15 12:30,9287.302
2025-12-15 12:45,9287.302
2025-12-15 13:00,9287.302
2025-12-15 13:15,9287.302
2025-12-15 13:30,9287.302
2025-12-15 13:45,9287.302
2025-12-15 14:00,9287.302
2025-12-15 14:15,9287.330
2025-12-15 14:30,9287.330
2025-12-15 14:45,9287.330
2025-12-15 15:00,9287.330
2025-12-15 15:15,9287.330
2025-12-15 15:30,9287.330
2025-12-15 15:45,9287.720
2025-12-15 16:00,9287.720
2025-12-15 16:15,9287.720
2025-12-15 16:30,9287.720
2025-12-15 16:45,9287.720
2025-12-15 17:00,9287.720
2025-12-15 17:15,9287.720
2025-12-15 17:30,9287.720
2025-12-15 17:45,9287.720
2025-12-15 18:00,9287.720
2025-12-15 18:15,9287.720
2025-12-15 18:30,9287.752
2025-12-15 18:45,9287.752
2025-12-15 19:00,9287.752
2025-12-15 19:15,9287.752
2025-12-15 19:30,9287.778
2025-12-15 19:45,9287.778
2025-12-15 20:00,9287.778
2025-12-15 20:15,9287.778
2025-12-15 20:30,9287.778
2025-12-15 20:45,9287.778
2025-12-15 21:00,9287.778
2025-12-15 21:15,9287.799
2025-12-15 21:30,9287.807
2025-12-15 21:45,9287.807
2025-12-15 22:00,9287.807
2025-12-15 22:15,9287.807
2025-12-15 22:30,9287.828
2025-12-15 22:45,9287.835
2025-12-15 23:00,9287.835
2025-12-15 23:15,9288.523
2025-12-15 23:30,9288.605
2025-12-15 23:45,9288.605
2025-12-16 00:00,9288.605
2025-12-16 00:15,9288.605
2025-12-16 00:30,9288.605
2025-12-16 00:45,9288.605
2025-12-16 01:00,9288.605
2025-12-16 01:15,9288.605
2025-12-16 01:30,9288.605
2025-12-16 01:45,9288.637
2025-12-16 02:00,9288.637
2025-12-16 02:15,9288.637
2025-12-16 02:30,9288.637
2025-12-16 02:45,9288.637
2025-12-16 03:00,9288.671
2025-12-16 03:15,9288.671
2025-12-16 03:30,9288.671
2025-12-16 03:45,9288.671
2025-12-16 04:00,9288.671
2025-12-16 04:15,9288.671
2025-12-16 04:30,9288.700
2025-12-16 04:45,9288.700
2025-12-16 05:00,9288.700
2025-12-16 05:15,9288.700
2025-12-16 05:30,9288.700
2025-12-16 05:45,9288.700
2025-12-16 06:00,9288.700
2025-12-16 06:15,9288.741
2025-12-16 06:30,9288.741
2025-12-16 06:45,9288.741
2025-12-16 07:00,9288.847
2025-12-16 07:15,9288.847
2025-12-16 07:30,9288.847
2025-12-16 07:45,9288.847
2025-12-16 08:00,9288.847
2025-12-16 08:15,9288.884
2025-12-16 08:30,9288.884
2025-12-16 08:45,9288.884
2025-12-16 09:00,9289.186
2025-12-16 09:15,9289.186
2025-12-16 09:30,9289.186
2025-12-16 09:45,9289.186
2025-12-16 10:00,9289.186
2025-12-16 10:15,9289.186
2025-12-16 10:30,9289.186
2025-12-16 10:45,9289.186
2025-12-16 11:00,9289.186
2025-12-16 11:15,9289.222
2025-12-16 11:30,9289.222
2025-12-16 11:45,9289.222
2025-12-16 12:00,9289.222
2025-12-16 12:15,9289.222
2025-12-16 12:30,9289.243
2025-12-16 12:45,9289.265
2025-12-16 13:00,9289.265
2025-12-16 13:15,9289.265
2025-12-16 13:30,9289.265
2025-12-16 13:45,9289.265
2025-12-16 14:00,9289.265
2025-12-16 14:15,9289.265
2025-12-16 14:30,9289.265
2025-12-16 14:45,9289.265
2025-12-16 15:00,9289.265
2025-12-16 15:15,9289.265
2025-12-16 15:30,9289.311
2025-12-16 15:45,9289.311
2025-12-16 16:00,9289.339
2025-12-16 16:15,9289.339
2025-12-16 16:30,9289.339
2025-12-16 16:45,9289.339
2025-12-16 17:00,9289.339
2025-12-16 17:15,9289.381
2025-12-16 17:30,9289.419
2025-12-16 17:45,9289.419
2025-12-16 18:00,9289.419
2025-12-16 18:15,9289.452
2025-12-16 18:30,9289.452
2025-12-16 18:45,9289.452
2025-12-16 19:00,9289.502
2025-12-16 19:15,9289.538
2025-12-16 19:30,9289.538
2025-12-16 19:45,9289.538
2025-12-16 20:00,9289.538
2025-12-16 20:15,9289.538
2025-12-16 20:30,9289.538
2025-12-16 20:45,9289.590
2025-12-16 21:00,9289.632
2025-12-16 21:15,9289.632
2025-12-16 21:30,9289.632
2025-12-16 21:45,9289.632
2025-12-16 22:00,9289.632
2025-12-16 22:15,9289.674
2025-12-16 22:30,9289.713
2025-12-16 22:45,9289.713
2025-12-16 23:00,9289.713
2025-12-16 23:15,9289.713
2025-12-16 23:30,9289.713
2025-12-16 23:45,9289.713
2025-12-17 00:00,9289.713
2025-12-17 00:15,9289.713
2025-12-17 00:30,9289.713
2025-12-17 00:45,9289.713
2025-12-17 01:00,9289.713
2025-12-17 01:15,9289.713
2025-12-17 01:30,9289.713
2025-12-17 01:45,9289.713
2025-12-17 02:00,9289.713
2025-12-17 02:15,9289.713
2025-12-17 02:30,9289.713
2025-12-17 02:45,9289.713
2025-12-17 03:00,9289.713
2025-12-17 03:15,9289.713
2025-12-17 03:30,9289.713
2025-12-17 03:45,9289.772
2025-12-17 04:00,9289.772
2025-12-17 04:15,9289.772
2025-12-17 04:30,9289.772
2025-12-17 04:45,9289.772
2025-12-17 05:00,9289.772
2025-12-17 05:15,9289.772
2025-12-17 05:30,9289.772
2025-12-17 05:45,9289.772
2025-12-17 06:00,9289.772
2025-12-17 06:15,9289.772
2025-12-17 06:30,9289.772
2025-12-17 06:45,9289.820
2025-12-17 07:00,9289.820
2025-12-17 07:15,9289.820
2025-12-17 07:30,9289.820
2025-12-17 07:45,9289.820
2025-12-17 08:00,9290.044
2025-12-17 08:15,9290.243
2025-12-17 08:30,9290.243
2025-12-17 08:45,9290.243
2025-12-17 09:00,9290.243
2025-12-17 09:15,9290.283
2025-12-17 09:30,9290.283
2025-12-17 09:45,9290.283
2025-12-17 10:00,9290.283
2025-12-17 10:15,9290.283
2025-12-17 10:30,9290.283
2025-12-17 10:45,9290.287
2025-12-17 11:00,9290.329
2025-12-17 11:15,9290.388
2025-12-17 11:30,9290.399
2025-12-17 11:45,9290.442
2025-12-17 12:00,9290.448
2025-12-17 12:15,9290.454
2025-12-17 12:30,9290.460
2025-12-17 12:45,9290.546
2025-12-17 13:00,9290.559
2025-12-17 13:15,9290.565
2025-12-17 13:30,9290.571
2025-12-17 13:45,9290.577
2025-12-17 14:00,9290.583
2025-12-17 14:15,9290.589
2025-12-17 14:30,9290.623
2025-12-17 14:45,9290.629
2025-12-17 15:00,9290.635
2025-12-17 15:15,9290.642
2025-12-17 15:30,9290.648
2025-12-17 15:45,9290.654
2025-12-17 16:00,9290.659
2025-12-17 16:15,9290.689
2025-12-17 16:30,9290.716
2025-12-17 16:45,9290.722
2025-12-17 17:00,9290.728
2025-12-17 17:15,9290.734
2025-12-17 17:30,9290.740
2025-12-17 17:45,9290.746
2025-12-17 18:00,9290.752
2025-12-17 18:15,9290.758
2025-12-17 18:30,9290.758
2025-12-17 18:45,9290.792
2025-12-17 19:00,9290.792
2025-12-17 19:15,9290.792
2025-12-17 19:30,9290.805
2025-12-17 19:45,9290.835
2025-12-17 20:00,9290.858
2025-12-17 20:15,9290.873
2025-12-17 20:30,9290.873
2025-12-17 20:45,9290.873
2025-12-17 21:00,9290.873
2025-12-17 21:15,9290.873
2025-12-17 21:30,9290.873
2025-12-17 21:45,9290.873
2025-12-17 22:00,9290.902
2025-12-17 22:15,9290.902
2025-12-17 22:30,9290.902
2025-12-17 22:45,9290.902
2025-12-17 23:00,9290.902
2025-12-17 23:15,9290.902
2025-12-17 23:30,9290.937
2025-12-17 23:45,9290.951
2025-12-18 00:00,9290.951
2025-12-18 00:15,9291.016
2025-12-18 00:30,9291.016
2025-12-18 00:45,9291.016
2025-12-18 01:00,9291.016
2025-12-18 01:15,9291.076
2025-12-18 01:30,9291.076
2025-12-18 01:45,9291.115
2025-12-18 02:00,9291.115
2025-12-18 02:15,9291.164
2025-12-18 02:30,9291.164
2025-12-18 02:45,9291.201
2025-12-18 03:00,9291.254
2025-12-18 03:15,9291.254
2025-12-18 03:30,9291.254
2025-12-18 03:45,9291.254
2025-12-18 04:00,9291.307
2025-12-18 04:15,9291.307
2025-12-18 04:30,9291.345
2025-12-18 04:45,9291.386
2025-12-18 05:00,9291.386
2025-12-18 05:15,9291.386
2025-12-18 05:30,9291.436
2025-12-18 05:45,9291.436
2025-12-18 06:00,9291.488
2025-12-18 06:15,9291.488
2025-12-18 06:30,9291.532
2025-12-18 06:45,9291.532
2025-12-18 07:00,9291.532
2025-12-18 07:15,9291.620
2025-12-18 07:30,9291.620
2025-12-18 07:45,9291.620
2025-12-18 08:00,9292.003
2025-12-18 08:15,9292.017
2025-12-18 08:30,9292.017
2025-12-18 08:45,9292.017
2025-12-18 09:00,9292.017
2025-12-18 09:15,9292.306
2025-12-18 09:30,9292.306
2025-12-18 09:45,9292.306
2025-12-18 10:00,9292.306
2025-12-18 10:15,9292.306
2025-12-18 10:30,9292.306
2025-12-18 10:45,9292.344
2025-12-18 11:00,9292.403
2025-12-18 11:15,9292.403
2025-12-18 11:30,9292.412
2025-12-18 11:45,9292.412
2025-12-18 12:00,9292.412
2025-12-18 12:15,9292.412
2025-12-18 12:30,9292.412
2025-12-18 12:45,9292.412
2025-12-18 13:00,9292.412
2025-12-18 13:15,9292.412
2025-12-18 13:30,9292.468
2025-12-18 13:45,9292.468
2025-12-18 14:00,9292.468
2025-12-18 14:15,9292.468
2025-12-18 14:30,9292.468
2025-12-18 14:45,9292.468
2025-12-18 15:00,9292.468
2025-12-18 15:15,9292.468
2025-12-18 15:30,9292.468
2025-12-18 15:45,9292.468
2025-12-18 16:00,9292.468
2025-12-18 16:15,9292.526
2025-12-18 16:30,9292.606
2025-12-18 16:45,9292.696
2025-12-18 17:00,9292.744
2025-12-18 17:15,9292.751
2025-12-18 17:30,9292.802
2025-12-18 17:45,9292.843
2025-12-18 18:00,9292.843
2025-12-18 18:15,9292.843
2025-12-18 18:30,9292.843
2025-12-18 18:45,9292.843
2025-12-18 19:00,9293.288
2025-12-18 19:15,9293.928
2025-12-18 19:30,9294.184
2025-12-18 19:45,9294.184
2025-12-18 20:00,9294.270
2025-12-18 20:15,9294.270
2025-12-18 20:30,9294.270
2025-12-18 20:45,9294.270
2025-12-18 21:00,9294.270
2025-12-18 21:15,9294.270
2025-12-18 21:30,9294.270
2025-12-18 21:45,9294.270
2025-12-18 22:00,9294.270
2025-12-18 22:15,9294.330
2025-12-18 22:30,9294.330
2025-12-18 22:45,9294.330
2025-12-18 23:00,9294.330
2025-12-18 23:15,9294.514
2025-12-18 23:30,9294.733
2025-12-18 23:45,9294.733
2025-12-19 00:00,9294.733
2025-12-19 00:15,9294.733
2025-12-19 00:30,9294.733
2025-12-19 00:45,9294.733
2025-12-19 01:00,9294.733
2025-12-19 01:15,9294.733
2025-12-19 01:30,9294.765
2025-12-19 01:45,9294.765
2025-12-19 02:00,9294.765
2025-12-19 02:15,9294.765
2025-12-19 02:30,9294.765
2025-12-19 02:45,9294.765
2025-12-19 03:00,9294.800
2025-12-19 03:15,9294.800
2025-12-19 03:30,9294.800
2025-12-19 03:45,9294.800
2025-12-19 04:00,9294.800
2025-12-19 04:15,9294.800
2025-12-19 04:30,9294.831
2025-12-19 04:45,9294.831
2025-12-19 05:00,9294.831
2025-12-19 05:15,9294.831
2025-12-19 05:30,9294.831
2025-12-19 05:45,9294.831
2025-12-19 06:00,9294.831
2025-12-19 06:15,9294.867
2025-12-19 06:30,9294.867
2025-12-19 06:45,9294.867
2025-12-19 07:00,9294.958
2025-12-19 07:15,9294.958
2025-12-19 07:30,9294.958
2025-12-19 07:45,9294.958
2025-12-19 08:00,9294.994
2025-12-19 08:15,9295.221
2025-12-19 08:30,9295.221
2025-12-19 08:45,9295.221
2025-12-19 09:00,9295.221
2025-12-19 09:15,9295.276
2025-12-19 09:30,9295.276
2025-12-19 09:45,9295.276
2025-12-19 10:00,9295.276
2025-12-19 10:15,9295.276
2025-12-19 10:30,9295.276
2025-12-19 10:45,9295.276
2025-12-19 11:00,9295.276
2025-12-19 11:15,9295.319
2025-12-19 11:30,9295.319
2025-12-19 11:45,9295.319
2025-12-19 12:00,9295.357
2025-12-19 12:15,9295.371
2025-12-19 12:30,9295.371
2025-12-19 12:45,9295.371
2025-12-19 13:00,9295.371
2025-12-19 13:15,9295.371
2025-12-19 13:30,9295.371
2025-12-19 13:45,9295.634
2025-12-19 14:00,9295.634
2025-12-19 14:15,9295.634
2025-12-19 14:30,9295.634
2025-12-19 14:45,9295.668
2025-12-19 15:00,9295.668
2025-12-19 15:15,9295.726
2025-12-19 15:30,9295.726
2025-12-19 15:45,9295.759
2025-12-19 16:00,9295.759
2025-12-19 16:15,9295.759
2025-12-19 16:30,9295.759
2025-12-19 16:45,9295.804
2025-12-19 17:00,9295.804
2025-12-19 17:15,9295.804
2025-12-19 17:30,9295.804
2025-12-19 17:45,9295.804
2025-12-19 18:00,9295.804
2025-12-19 18:15,9295.891
2025-12-19 18:30,9295.891
2025-12-19 18:45,9295.891
2025-12-19 19:00,9295.891
2025-12-19 19:15,9295.891
2025-12-19 19:30,9295.891
2025-12-19 19:45,9295.937
2025-12-19 20:00,9295.937
2025-12-19 20:15,9295.937
2025-12-19 20:30,9295.937
2025-12-19 20:45,9295.990
2025-12-19 21:00,9295.990
2025-12-19 21:15,9295.990
2025-12-19 21:30,9295.990
2025-12-19 21:45,9295.990
2025-12-19 22:00,9295.990
2025-12-19 22:15,9295.990
2025-12-19 22:30,9295.990
2025-12-19 22:45,9295.990
2025-12-19 23:00,9295.990
2025-12-19 23:15,9295.990
2025-12-19 23:30,9296.022
2025-12-19 23:45,9296.022
2025-12-20 00:00,9296.022
2025-12-20 00:15,9296.022
2025-12-20 00:30,9296.057
2025-12-20 00:45,9296.057
2025-12-20 01:00,9296.057
2025-12-20 01:15,9296.057
2025-12-20 01:30,9296.057
2025-12-20 01:45,9296.057
2025-12-20 02:00,9296.057
2025-12-20 02:15,9296.086
2025-12-20 02:30,9296.086
2025-12-20 02:45,9296.086
2025-12-20 03:00,9296.086
2025-12-20 03:15,9296.086
2025-12-20 03:30,9296.086
2025-12-20 03:45,9296.086
2025-12-20 04:00,9296.130
2025-12-20 04:15,9296.224
2025-12-20 04:30,9296.224
2025-12-20 04:45,9296.224
2025-12-20 05:00,9296.224
2025-12-20 05:15,9296.224
2025-12-20 05:30,9296.224
2025-12-20 05:45,9296.224
2025-12-20 06:00,9296.224
2025-12-20 06:15,9296.262
2025-12-20 06:30,9296.262
2025-12-20 06:45,9296.262
2025-12-20 07:00,9296.262
2025-12-20 07:15,9296.296
2025-12-20 07:30,9296.296
2025-12-20 07:45,9296.296
2025-12-20 08:00,9296.296
2025-12-20 08:15,9296.345
2025-12-20 08:30,9296.408
2025-12-20 08:45,9296.719
2025-12-20 09:00,9296.760
2025-12-20 09:15,9296.819
2025-12-20 09:30,9296.899
2025-12-20 09:45,9296.948
2025-12-20 10:00,9296.990
2025-12-20 10:15,9297.032
2025-12-20 10:30,9297.032
2025-12-20 10:45,9297.191
2025-12-20 11:00,9297.228
2025-12-20 11:15,9297.228
2025-12-20 11:30,9297.228
2025-12-20 11:45,9297.261
2025-12-20 12:00,9297.261
2025-12-20 12:15,9297.261
2025-12-20 12:30,9297.261
2025-12-20 12:45,9297.261
2025-12-20 13:00,9297.261
2025-12-20 13:15,9297.275
2025-12-20 13:30,9297.305
2025-12-20 13:45,9297.305
2025-12-20 14:00,9297.305
2025-12-20 14:15,9297.305
2025-12-20 14:30,9297.305
2025-12-20 14:45,9297.305
2025-12-20 15:00,9297.305
2025-12-20 15:15,9297.305
2025-12-20 15:30,9297.305
2025-12-20 15:45,9297.305
2025-12-20 16:00,9297.336
2025-12-20 16:15,9297.336
2025-12-20 16:30,9297.336
2025-12-20 16:45,9297.336
2025-12-20 17:00,9297.336
2025-12-20 17:15,9297.370
2025-12-20 17:30,9297.370
2025-12-20 17:45,9297.370
2025-12-20 18:00,9297.370
2025-12-20 18:15,9297.370
2025-12-20 18:30,9297.370
2025-12-20 18:45,9297.399
2025-12-20 19:00,9297.399
2025-12-20 19:15,9297.399
2025-12-20 19:30,9297.399
2025-12-20 19:45,9297.399
2025-12-20 20:00,9297.399
2025-12-20 20:15,9297.399
2025-12-20 20:30,9297.438
2025-12-20 20:45,9297.438
2025-12-20 21:00,9297.438
2025-12-20 21:15,9297.438
2025-12-20 21:30,9297.438
2025-12-20 21:45,9297.438
2025-12-20 22:00,9297.438
2025-12-20 22:15,9297.438
2025-12-20 22:30,9297.438
2025-12-20 22:45,9297.463
2025-12-20 23:00,9297.463
2025-12-20 23:15,9297.463
2025-12-20 23:30,9297.463
2025-12-20 23:45,9297.463
2025-12-21 00:00,9297.463
2025-12-21 00:15,9297.506
2025-12-21 00:30,9297.506
2025-12-21 00:45,9297.506
2025-12-21 01:00,9297.506
2025-12-21 01:15,9297.506
2025-12-21 01:30,9297.506
2025-12-21 01:45,9297.506
2025-12-21 02:00,9297.506
2025-12-21 02:15,9297.506
2025-12-21 02:30,9297.506
2025-12-21 02:45,9297.538
2025-12-21 03:00,9297.538
2025-12-21 03:15,9297.538
2025-12-21 03:30,9297.538
2025-12-21 03:45,9297.538
2025-12-21 04:00,9297.567
2025-12-21 04:15,9297.567
2025-12-21 04:30,9297.567
2025-12-21 04:45,9297.567
2025-12-21 05:00,9297.567
2025-12-21 05:15,9297.567
2025-12-21 05:30,9297.567
2025-12-21 05:45,9297.596
2025-12-21 06:00,9297.664
2025-12-21 06:15,9297.664
2025-12-21 06:30,9297.664
2025-12-21 06:45,9297.664
2025-12-21 07:00,9297.708
2025-12-21 07:15,9297.708
2025-12-21 07:30,9297.708
2025-12-21 07:45,9297.708
2025-12-21 08:00,9297.708
2025-12-21 08:15,9297.708
2025-12-21 08:30,9297.732
2025-12-21 08:45,9297.732
2025-12-21 09:00,9297.927
2025-12-21 09:15,9297.927
2025-12-21 09:30,9297.927
2025-12-21 09:45,9297.927
2025-12-21 10:00,9297.927
2025-12-21 10:15,9297.986
2025-12-21 10:30,9297.986
2025-12-21 10:45,9297.986
2025-12-21 11:00,9297.986
2025-12-21 11:15,9298.170
2025-12-21 11:30,9298.233
2025-12-21 11:45,9298.233
2025-12-21 12:00,9298.233
2025-12-21 12:15,9298.233
2025-12-21 12:30,9298.233
2025-12-21 12:45,9298.233
2025-12-21 13:00,9298.233
2025-12-21 13:15,9298.275
2025-12-21 13:30,9298.275
2025-12-21 13:45,9298.303
2025-12-21 14:00,9298.303
2025-12-21 14:15,9298.303
2025-12-21 14:30,9298.303
2025-12-21 14:45,9298.303
2025-12-21 15:00,9298.351
2025-12-21 15:15,9298.351
2025-12-21 15:30,9298.351
2025-12-21 15:45,9298.397
2025-12-21 16:00,9298.433
2025-12-21 16:15,9298.444
2025-12-21 16:30,9298.489
2025-12-21 16:45,9298.530
2025-12-21 17:00,9298.542
2025-12-21 17:15,9298.593
2025-12-21 17:30,9298.593
2025-12-21 17:45,9298.593
2025-12-21 18:00,9298.593
2025-12-21 18:15,9298.664
2025-12-21 18:30,9298.664
2025-12-21 18:45,9298.664
2025-12-21 19:00,9298.664
2025-12-21 19:15,9298.737
2025-12-21 19:30,9298.749
2025-12-21 19:45,9298.749
2025-12-21 20:00,9298.749
2025-12-21 20:15,9298.749
2025-12-21 20:30,9298.749
2025-12-21 20:45,9298.749
2025-12-21 21:00,9298.749
2025-12-21 21:15,9298.789
2025-12-21 21:30,9299.469
2025-12-21 21:45,9299.688
2025-12-21 22:00,9299.717
2025-12-21 22:15,9299.864
2025-12-21 22:30,9299.864
2025-12-21 22:45,9299.864
2025-12-21 23:00,9299.931
2025-12-21 23:15,9300.240
2025-12-21 23:30,9300.240
2025-12-21 23:45,9300.240
2025-12-22 00:00,9300.240
2025-12-22 00:15,9300.240
2025-12-22 00:30,9300.240
2025-12-22 00:45,9300.240
2025-12-22 01:00,9300.240
2025-12-22 01:15,9300.240
2025-12-22 01:30,9300.240
2025-12-22 01:45,9300.270
2025-12-22 02:00,9300.270
2025-12-22 02:15,9300.270
2025-12-22 02:30,9300.270
2025-12-22 02:45,9300.270
2025-12-22 03:00,9300.270
2025-12-22 03:15,9300.303
2025-12-22 03:30,9300.303
2025-12-22 03:45,9300.303
2025-12-22 04:00,9300.303
2025-12-22 04:15,9300.303
2025-12-22 04:30,9300.303
2025-12-22 04:45,9300.303
2025-12-22 05:00,9300.303
2025-12-22 05:15,9300.326
2025-12-22 05:30,9300.334
2025-12-22 05:45,9300.334
2025-12-22 06:00,9300.428
2025-12-22 06:15,9300.428
2025-12-22 06:30,9300.428
2025-12-22 06:45,9300.428
2025-12-22 07:00,9300.479
2025-12-22 07:15,9300.479
2025-12-22 07:30,9300.479
2025-12-22 07:45,9300.479
2025-12-22 08:00,9300.479
2025-12-22 08:15,9300.479
2025-12-22 08:30,9300.623
2025-12-22 08:45,9300.623
2025-12-22 09:00,9300.623
2025-12-22 09:15,9300.770
2025-12-22 09:30,9300.770
2025-12-22 09:45,9300.770
2025-12-22 10:00,9300.775
2025-12-22 10:15,9300.915
2025-12-22 10:30,9300.915
2025-12-22 10:45,9300.915
2025-12-22 11:00,9300.915
2025-12-22 11:15,9300.915
2025-12-22 11:30,9300.915
2025-12-22 11:45,9300.915
2025-12-22 12:00,9300.966
2025-12-22 12:15,9300.966
2025-12-22 12:30,9300.966
2025-12-22 12:45,9300.966
2025-12-22 13:00,9300.966
2025-12-22 13:15,9300.966
2025-12-22 13:30,9300.966
2025-12-22 13:45,9300.966
2025-12-22 14:00,9300.966
2025-12-22 14:15,9300.966
2025-12-22 14:30,9300.966
2025-12-22 14:45,9300.998
2025-12-22 15:00,9300.998
2025-12-22 15:15,9301.033
2025-12-22 15:30,9301.033
2025-12-22 15:45,9301.033
2025-12-22 16:00,9301.033
2025-12-22 16:15,9301.082
2025-12-22 16:30,9301.082
2025-12-22 16:45,9301.082
2025-12-22 17:00,9301.120
2025-12-22 17:15,9301.120
2025-12-22 17:30,9301.120
2025-12-22 17:45,9301.120
2025-12-22 18:00,9301.161
2025-12-22 18:15,9301.236
2025-12-22 18:30,9301.269
2025-12-22 18:45,9301.310
2025-12-22 19:00,9301.310
2025-12-22 19:15,9301.310
2025-12-22 19:30,9301.310
2025-12-22 19:45,9301.310
2025-12-22 20:00,9301.310
2025-12-22 20:15,9301.343
2025-12-22 20:30,9301.343
2025-12-22 20:45,9301.343
2025-12-22 21:00,9301.343
2025-12-22 21:15,9301.343
2025-12-22 21:30,9301.343
2025-12-22 21:45,9301.343
2025-12-22 22:00,9301.343
2025-12-22 22:15,9301.366
2025-12-22 22:30,9301.373
2025-12-22 22:45,9301.373
2025-12-22 23:00,9301.373
2025-12-22 23:15,9301.373
2025-12-22 23:30,9301.373
2025-12-22 23:45,9301.408
2025-12-23 00:00,9301.422
2025-12-23 00:15,9301.422
2025-12-23 00:30,9301.422
2025-12-23 00:45,9301.422
2025-12-23 01:00,9301.422
2025-12-23 01:15,9301.422
2025-12-23 01:30,9301.422
2025-12-23 01:45,9301.422
2025-12-23 02:00,9301.451
2025-12-23 02:15,9301.451
2025-12-23 02:30,9301.451
2025-12-23 02:45,9301.451
2025-12-23 03:00,9301.451
2025-12-23 03:15,9301.451
2025-12-23 03:30,9301.451
2025-12-23 03:45,9301.493
2025-12-23 04:00,9301.493
2025-12-23 04:15,9301.493
2025-12-23 04:30,9301.493
2025-12-23 04:45,9301.493
2025-12-23 05:00,9301.493
2025-12-23 05:15,9301.493
2025-12-23 05:30,9301.493
2025-12-23 05:45,9301.493
2025-12-23 06:00,9301.493
2025-12-23 06:15,9301.524
2025-12-23 06:30,9301.524
2025-12-23 06:45,9301.633
2025-12-23 07:00,9301.730
2025-12-23 07:15,9301.730
2025-12-23 07:30,9301.841
2025-12-23 07:45,9301.893
2025-12-23 08:00,9301.964
2025-12-23 08:15,9302.028
2025-12-23 08:30,9302.061
2025-12-23 08:45,9302.168
2025-12-23 09:00,9302.422
2025-12-23 09:15,9302.525
2025-12-23 09:30,9303.028
2025-12-23 09:45,9303.028
2025-12-23 10:00,9303.077
2025-12-23 10:15,9303.129
2025-12-23 10:30,9303.182
2025-12-23 10:45,9303.240
2025-12-23 11:00,9303.240
2025-12-23 11:15,9303.289
2025-12-23 11:30,9303.537
2025-12-23 11:45,9303.588
2025-12-23 12:00,9303.665
2025-12-23 12:15,9303.665
2025-12-23 12:30,9303.665
2025-12-23 12:45,9303.665
2025-12-23 13:00,9303.665
2025-12-23 13:15,9303.665
2025-12-23 13:30,9303.733
2025-12-23 13:45,9303.733
2025-12-23 14:00,9303.733
2025-12-23 14:15,9303.733
2025-12-23 14:30,9303.733
2025-12-23 14:45,9303.733
2025-12-23 15:00,9303.784
2025-12-23 15:15,9303.784
2025-12-23 15:30,9303.795
2025-12-23 15:45,9303.795
2025-12-23 16:00,9303.795
2025-12-23 16:15,9303.795
2025-12-23 16:30,9303.795
2025-12-23 16:45,9303.795
2025-12-23 17:00,9303.795
2025-12-23 17:15,9303.795
2025-12-23 17:30,9303.910
2025-12-23 17:45,9303.923
2025-12-23 18:00,9303.923
2025-12-23 18:15,9303.968
2025-12-23 18:30,9304.067
2025-12-23 18:45,9304.189
2025-12-23 19:00,9304.287
2025-12-23 19:15,9304.331
2025-12-23 19:30,9304.332
2025-12-23 19:45,9304.332
2025-12-23 20:00,9304.332
2025-12-23 20:15,9304.332
2025-12-23 20:30,9304.332
2025-12-23 20:45,9304.397
2025-12-23 21:00,9304.397
2025-12-23 21:15,9304.397
2025-12-23 21:30,9304.397
2025-12-23 21:45,9304.397
2025-12-23 22:00,9304.397
2025-12-23 22:15,9304.397
2025-12-23 22:30,9304.467
2025-12-23 22:45,9304.467
2025-12-23 23:00,9304.467
2025-12-23 23:15,9304.467
2025-12-23 23:30,9304.520
2025-12-23 23:45,9304.520
2025-12-24 00:00,9304.520
2025-12-24 00:15,9304.568
2025-12-24 00:30,9304.568
2025-12-24 00:45,9304.568
2025-12-24 01:00,9304.568
2025-12-24 01:15,9304.603
2025-12-24 01:30,9304.603
2025-12-24 01:45,9304.603
2025-12-24 02:00,9304.603
2025-12-24 02:15,9304.603
2025-12-24 02:30,9304.603
2025-12-24 02:45,9304.603
2025-12-24 03:00,9304.669
2025-12-24 03:15,9304.669
2025-12-24 03:30,9304.669
2025-12-24 03:45,9304.669
2025-12-24 04:00,9304.669
2025-12-24 04:15,9304.732
2025-12-24 04:30,9304.732
2025-12-24 04:45,9304.732
2025-12-24 05:00,9304.732
2025-12-24 05:15,9304.732
2025-12-24 05:30,9304.732
2025-12-24 05:45,9304.800
2025-12-24 06:00,9304.800
2025-12-24 06:15,9304.800
2025-12-24 06:30,9304.800
2025-12-24 06:45,9304.800
2025-12-24 07:00,9304.800
2025-12-24 07:15,9304.840
2025-12-24 07:30,9304.898
2025-12-24 07:45,9304.927
2025-12-24 08:00,9304.927
2025-12-24 08:15,9304.927
2025-12-24 08:30,9305.000
2025-12-24 08:45,9305.055
2025-12-24 09:00,9305.090
2025-12-24 09:15,9305.258
2025-12-24 09:30,9305.318
2025-12-24 09:45,9305.683
2025-12-24 10:00,9306.384
2025-12-24 10:15,9306.433
2025-12-24 10:30,9306.433
2025-12-24 10:45,9306.433
2025-12-24 11:00,9306.433
2025-12-24 11:15,9306.433
2025-12-24 11:30,9306.433
2025-12-24 11:45,9306.433
2025-12-24 12:00,9306.433
2025-12-24 12:15,9306.433
2025-12-24 12:30,9306.433
2025-12-24 12:45,9306.498
2025-12-24 13:00,9306.547
2025-12-24 13:15,9306.547
2025-12-24 13:30,9306.547
2025-12-24 13:45,9306.547
2025-12-24 14:00,9306.547
2025-12-24 14:15,9306.626
2025-12-24 14:30,9306.626
2025-12-24 14:45,9306.626
2025-12-24 15:00,9306.626
2025-12-24 15:15,9306.626
2025-12-24 15:30,9306.626
2025-12-24 15:45,9306.661
2025-12-24 16:00,9306.661
2025-12-24 16:15,9306.661
2025-12-24 16:30,9306.661
2025-12-24 16:45,9306.661
2025-12-24 17:00,9306.661
2025-12-24 17:15,9306.694
2025-12-24 17:30,9306.694
2025-12-24 17:45,9306.694
2025-12-24 18:00,9306.694
2025-12-24 18:15,9306.702
2025-12-24 18:30,9306.768
2025-12-24 18:45,9306.855
2025-12-24 19:00,9306.940
2025-12-24 19:15,9306.964
2025-12-24 19:30,9306.964
2025-12-24 19:45,9306.964
2025-12-24 20:00,9306.964
2025-12-24 20:15,9306.964
2025-12-24 20:30,9306.964
2025-12-24 20:45,9306.964
2025-12-24 21:00,9307.000
2025-12-24 21:15,9307.000
2025-12-24 21:30,9307.000
2025-12-24 21:45,9307.000
2025-12-24 22:00,9307.009
2025-12-24 22:15,9307.043
2025-12-24 22:30,9307.043
2025-12-24 22:45,9307.043
2025-12-24 23:00,9307.080
2025-12-24 23:15,9307.131
2025-12-24 23:30,9307.131
2025-12-24 23:45,9307.131
2025-12-25 00:00,9307.131
2025-12-25 00:15,9307.167
2025-12-25 00:30,9307.178
2025-12-25 00:45,9307.178
2025-12-25 01:00,9307.178
2025-12-25 01:15,9307.178
2025-12-25 01:30,9307.178
2025-12-25 01:45,9307.178
2025-12-25 02:00,9307.178
2025-12-25 02:15,9307.178
2025-12-25 02:30,9307.178
2025-12-25 02:45,9307.180
2025-12-25 03:00,9307.207
2025-12-25 03:15,9307.207
2025-12-25 03:30,9307.207
2025-12-25 03:45,9307.207
2025-12-25 04:00,9307.207
2025-12-25 04:15,9307.207
2025-12-25 04:30,9307.247
2025-12-25 04:45,9307.258
2025-12-25 05:00,9307.258
2025-12-25 05:15,9307.258
2025-12-25 05:30,9307.258
2025-12-25 05:45,9307.258
2025-12-25 06:00,9307.258
2025-12-25 06:15,9307.258
2025-12-25 06:30,9307.258
2025-12-25 06:45,9307.258
2025-12-25 07:00,9307.291
2025-12-25 07:15,9307.291
2025-12-25 07:30,9307.322
2025-12-25 07:45,9307.322
2025-12-25 08:00,9307.322
2025-12-25 08:15,9307.418
2025-12-25 08:30,9307.468
2025-12-25 08:45,9307.526
2025-12-25 09:00,9307.585
2025-12-25 09:15,9307.781
2025-12-25 09:30,9307.944
2025-12-25 09:45,9308.467
2025-12-25 10:00,9308.543
2025-12-25 10:15,9308.600
2025-12-25 10:30,9308.654
2025-12-25 10:45,9308.706
2025-12-25 11:00,9308.754
2025-12-25 11:15,9308.800
2025-12-25 11:30,9308.800
2025-12-25 11:45,9308.800
2025-12-25 12:00,9308.837
2025-12-25 12:15,9308.871
2025-12-25 12:30,9308.871
2025-12-25 12:45,9308.871
2025-12-25 13:00,9308.871
2025-12-25 13:15,9308.871
2025-12-25 13:30,9308.876
2025-12-25 13:45,9308.946
2025-12-25 14:00,9308.946
2025-12-25 14:15,9308.946
2025-12-25 14:30,9308.984
2025-12-25 14:45,9309.025
2025-12-25 15:00,9309.029
2025-12-25 15:15,9309.066
2025-12-25 15:30,9309.127
2025-12-25 15:45,9309.159
2025-12-25 16:00,9309.200
2025-12-25 16:15,9309.233
2025-12-25 16:30,9309.244
2025-12-25 16:45,9309.722
2025-12-25 17:00,9309.798
2025-12-25 17:15,9309.844
2025-12-25 17:30,9309.870
2025-12-25 17:45,9309.906
2025-12-25 18:00,9309.952
2025-12-25 18:15,9309.958
2025-12-25 18:30,9309.958
2025-12-25 18:45,9309.958
2025-12-25 19:00,9309.958
2025-12-25 19:15,9309.993
2025-12-25 19:30,9309.993
2025-12-25 19:45,9309.993
2025-12-25 20:00,9310.014
2025-12-25 20:15,9310.053
2025-12-25 20:30,9310.053
2025-12-25 20:45,9310.053
2025-12-25 21:00,9310.053
2025-12-25 21:15,9310.053
2025-12-25 21:30,9310.053
2025-12-25 21:45,9310.053
2025-12-25 22:00,9310.081
2025-12-25 22:15,9310.081
2025-12-25 22:30,9310.081
2025-12-25 22:45,9310.109
2025-12-25 23:00,9310.109
2025-12-25 23:15,9310.139
2025-12-25 23:30,9310.139
2025-12-25 23:45,9310.139
2025-12-26 00:00,9310.139
2025-12-26 00:15,9310.139
2025-12-26 00:30,9310.139
2025-12-26 00:45,9310.139
2025-12-26 01:00,9310.168
2025-12-26 01:15,9310.168
2025-12-26 01:30,9310.191
2025-12-26 01:45,9310.191
2025-12-26 02:00,9310.191
2025-12-26 02:15,9310.221
2025-12-26 02:30,9310.221
2025-12-26 02:45,9310.221
2025-12-26 03:00,9310.221
2025-12-26 03:15,9310.249
2025-12-26 03:30,9310.249
2025-12-26 03:45,9310.272
2025-12-26 04:00,9310.287
2025-12-26 04:15,9310.287
2025-12-26 04:30,9310.287
2025-12-26 04:45,9310.287
2025-12-26 05:00,9310.287
2025-12-26 05:15,9310.313
2025-12-26 05:30,9310.313
2025-12-26 05:45,9310.327
2025-12-26 06:00,9310.327
2025-12-26 06:15,9310.327
2025-12-26 06:30,9310.327
2025-12-26 06:45,9310.327
2025-12-26 07:00,9310.372
2025-12-26 07:15,9310.372
2025-12-26 07:30,9310.406
2025-12-26 07:45,9310.406
2025-12-26 08:00,9310.406
2025-12-26 08:15,9310.406
2025-12-26 08:30,9310.458
2025-12-26 08:45,9310.513
2025-12-26 09:00,9310.720
2025-12-26 09:15,9310.809
2025-12-26 09:30,9310.820
2025-12-26 09:45,9310.888
2025-12-26 10:00,9311.005
2025-12-26 10:15,9311.067
2025-12-26 10:30,9311.067
2025-12-26 10:45,9311.067
2025-12-26 11:00,9311.067
2025-12-26 11:15,9311.067
2025-12-26 11:30,9311.067
2025-12-26 11:45,9311.067
2025-12-26 12:00,9311.091
2025-12-26 12:15,9311.091
2025-12-26 12:30,9311.122
2025-12-26 12:45,9311.122
2025-12-26 13:00,9311.122
2025-12-26 13:15,9311.122
2025-12-26 13:30,9311.122
2025-12-26 13:45,9311.122
2025-12-26 14:00,9311.157
2025-12-26 14:15,9311.161
2025-12-26 14:30,9311.161
2025-12-26 14:45,9311.161
2025-12-26 15:00,9311.161
2025-12-26 15:15,9311.161
2025-12-26 15:30,9311.161
2025-12-26 15:45,9311.161
2025-12-26 16:00,9311.161
2025-12-26 16:15,9311.161
2025-12-26 16:30,9311.184
2025-12-26 16:45,9311.191
2025-12-26 17:00,9311.191
2025-12-26 17:15,9311.230
2025-12-26 17:30,9311.291
2025-12-26 17:45,9311.291
2025-12-26 18:00,9311.328
2025-12-26 18:15,9311.365
2025-12-26 18:30,9311.365
2025-12-26 18:45,9311.365
2025-12-26 19:00,9311.365
2025-12-26 19:15,9311.365
2025-12-26 19:30,9311.365
2025-12-26 19:45,9311.365
2025-12-26 20:00,9311.391
2025-12-26 20:15,9311.400
2025-12-26 20:30,9311.400
2025-12-26 20:45,9311.400
2025-12-26 21:00,9311.400
2025-12-26 21:15,9311.400
2025-12-26 21:30,9311.435
2025-12-26 21:45,9311.435
2025-12-26 22:00,9311.435
2025-12-26 22:15,9311.435
2025-12-26 22:30,9311.435
2025-12-26 22:45,9311.435
2025-12-26 23:00,9311.435
2025-12-26 23:15,9311.476
2025-12-26 23:30,9311.476
2025-12-26 23:45,9311.476
2025-12-27 00:00,9311.476
2025-12-27 00:15,9311.476
2025-12-27 00:30,9311.476
2025-12-27 00:45,9311.476
2025-12-27 01:00,9311.527
2025-12-27 01:15,9311.527
2025-12-27 01:30,9311.527
2025-12-27 01:45,9311.527
2025-12-27 02:00,9311.527
2025-12-27 02:15,9311.527
2025-12-27 02:30,9311.527
2025-12-27 02:45,9311.527
2025-12-27 03:00,9311.527
2025-12-27 03:15,9311.527
2025-12-27 03:30,9311.557
2025-12-27 03:45,9311.557
2025-12-27 04:00,9311.557
2025-12-27 04:15,9311.557
2025-12-27 04:30,9311.557
2025-12-27 04:45,9311.592
2025-12-27 05:00,9311.592
2025-12-27 05:15,9311.592
2025-12-27 05:30,9311.592
2025-12-27 05:45,9311.592
2025-12-27 06:00,9311.592
2025-12-27 06:15,9311.592
2025-12-27 06:30,9311.592
2025-12-27 06:45,9311.622
2025-12-27 07:00,9311.622
2025-12-27 07:15,9311.686
2025-12-27 07:30,9311.686
2025-12-27 07:45,9311.686
2025-12-27 08:00,9311.686
2025-12-27 08:15,9311.798
2025-12-27 08:30,9311.854
2025-12-27 08:45,9311.922
2025-12-27 09:00,9312.264
2025-12-27 09:15,9312.319
2025-12-27 09:30,9312.438
2025-12-27 09:45,9312.496
2025-12-27 10:00,9312.793
2025-12-27 10:15,9312.812
2025-12-27 10:30,9312.894
2025-12-27 10:45,9313.087
2025-12-27 11:00,9313.140
2025-12-27 11:15,9313.345
2025-12-27 11:30,9313.535
2025-12-27 11:45,9313.575
2025-12-27 12:00,9313.691
2025-12-27 12:15,9313.718
2025-12-27 12:30,9313.718
2025-12-27 12:45,9313.718
2025-12-27 13:00,9313.745
2025-12-27 13:15,9313.778
2025-12-27 13:30,9313.778
2025-12-27 13:45,9313.778
2025-12-27 14:00,9313.778
2025-12-27 14:15,9313.778
2025-12-27 14:30,9313.778
2025-12-27 14:45,9313.778
2025-12-27 15:00,9313.778
2025-12-27 15:15,9313.778
2025-12-27 15:30,9313.778
2025-12-27 15:45,9313.778
2025-12-27 16:00,9313.829
2025-12-27 16:15,9313.829
2025-12-27 16:30,9313.829
2025-12-27 16:45,9313.829
2025-12-27 17:00,9313.829
2025-12-27 17:15,9313.829
2025-12-27 17:30,9313.829
2025-12-27 17:45,9313.829
2025-12-27 18:00,9313.829
2025-12-27 18:15,9314.162
2025-12-27 18:30,9315.080
2025-12-27 18:45,9315.252
2025-12-27 19:00,9315.252
2025-12-27 19:15,9315.252
2025-12-27 19:30,9315.252
2025-12-27 19:45,9315.252
2025-12-27 20:00,9315.310
2025-12-27 20:15,9315.639
2025-12-27 20:30,9315.699
2025-12-27 20:45,9315.699
2025-12-27 21:00,9315.699
2025-12-27 21:15,9315.741
2025-12-27 21:30,9315.741
2025-12-27 21:45,9316.044
2025-12-27 22:00,9316.044
2025-12-27 22:15,9316.044
2025-12-27 22:30,9316.044
2025-12-27 22:45,9316.044
2025-12-27 23:00,9316.044
2025-12-27 23:15,9316.044
2025-12-27 23:30,9316.044
2025-12-27 23:45,9316.044
2025-12-28 00:00,9316.079
2025-12-28 00:15,9316.079
2025-12-28 00:30,9316.079
2025-12-28 00:45,9316.079
2025-12-28 01:00,9316.106
2025-12-28 01:15,9316.106
2025-12-28 01:30,9316.106
2025-12-28 01:45,9316.106
2025-12-28 02:00,9316.106
2025-12-28 02:15,9316.106
2025-12-28 02:30,9316.106
2025-12-28 02:45,9316.135
2025-12-28 03:00,9316.135
2025-12-28 03:15,9316.135
2025-12-28 03:30,9316.135
2025-12-28 03:45,9316.135
2025-12-28 04:00,9316.163
2025-12-28 04:15,9316.163
2025-12-28 04:30,9316.163
2025-12-28 04:45,9316.163
2025-12-28 05:00,9316.163
2025-12-28 05:15,9316.163
2025-12-28 05:30,9316.192
2025-12-28 05:45,9316.192
2025-12-28 06:00,9316.192
2025-12-28 06:15,9316.192
2025-12-28 06:30,9316.322
2025-12-28 06:45,9316.369
2025-12-28 07:00,9316.407
2025-12-28 07:15,9316.500
2025-12-28 07:30,9316.545
2025-12-28 07:45,9316.545
2025-12-28 08:00,9316.673
2025-12-28 08:15,9316.729
2025-12-28 08:30,9316.808
2025-12-28 08:45,9316.882
2025-12-28 09:00,9316.882
2025-12-28 09:15,9316.972
2025-12-28 09:30,9317.351
2025-12-28 09:45,9317.427
2025-12-28 10:00,9317.492
2025-12-28 10:15,9317.492
2025-12-28 10:30,9317.594
2025-12-28 10:45,9317.715
2025-12-28 11:00,9317.803
2025-12-28 11:15,9317.816
2025-12-28 11:30,9317.862
2025-12-28 11:45,9317.940
2025-12-28 12:00,9317.940
2025-12-28 12:15,9317.940
2025-12-28 12:30,9317.940
2025-12-28 12:45,9317.994
2025-12-28 13:00,9318.127
2025-12-28 13:15,9318.127
2025-12-28 13:30,9318.127
2025-12-28 13:45,9318.166
2025-12-28 14:00,9318.166
2025-12-28 14:15,9318.166
2025-12-28 14:30,9318.196
2025-12-28 14:45,9318.216
2025-12-28 15:00,9318.261
2025-12-28 15:15,9318.299
2025-12-28 15:30,9318.328
2025-12-28 15:45,9318.385
2025-12-28 16:00,9318.392
2025-12-28 16:15,9318.483
2025-12-28 16:30,9318.547
2025-12-28 16:45,9318.580
2025-12-28 17:00,9318.648
2025-12-28 17:15,9318.651
2025-12-28 17:30,9318.651
2025-12-28 17:45,9318.663
2025-12-28 18:00,9318.663
2025-12-28 18:15,9318.663
2025-12-28 18:30,9318.663
2025-12-28 18:45,9318.717
2025-12-28 19:00,9318.728
2025-12-28 19:15,9318.728
2025-12-28 19:30,9318.771
2025-12-28 19:45,9318.771
2025-12-28 20:00,9318.847
2025-12-28 20:15,9318.899
2025-12-28 20:30,9318.907
2025-12-28 20:45,9318.964
2025-12-28 21:00,9319.000
2025-12-28 21:15,9319.041
2025-12-28 21:30,9319.041
2025-12-28 21:45,9319.041
2025-12-28 22:00,9319.041
2025-12-28 22:15,9319.066
2025-12-28 22:30,9319.066
2025-12-28 22:45,9319.066
2025-12-28 23:00,9319.079
2025-12-28 23:15,9319.124
2025-12-28 23:30,9319.124
2025-12-28 23:45,9319.161
2025-12-29 00:00,9319.161
2025-12-29 00:15,9319.208
2025-12-29 00:30,9319.208
2025-12-29 00:45,9319.264
2025-12-29 01:00,9319.282
2025-12-29 01:15,9319.309
2025-12-29 01:30,9319.309
2025-12-29 01:45,9319.317
2025-12-29 02:00,9319.368
2025-12-29 02:15,9319.368
2025-12-29 02:30,9319.404
2025-12-29 02:45,9319.404
2025-12-29 03:00,9319.467
2025-12-29 03:15,9319.467
2025-12-29 03:30,9319.467
2025-12-29 03:45,9319.467
2025-12-29 04:00,9319.467
2025-12-29 04:15,9319.517
2025-12-29 04:30,9319.585
2025-12-29 04:45,9319.585
2025-12-29 05:00,9319.585
2025-12-29 05:15,9319.585
2025-12-29 05:30,9319.585
2025-12-29 05:45,9319.618
2025-12-29 06:00,9319.651
2025-12-29 06:15,9319.689
2025-12-29 06:30,9319.689
2025-12-29 06:45,9319.689
2025-12-29 07:00,9319.689
2025-12-29 07:15,9319.767
2025-12-29 07:30,9319.812
2025-12-29 07:45,9319.858
2025-12-29 08:00,9319.878
2025-12-29 08:15,9319.878
2025-12-29 08:30,9320.278
2025-12-29 08:45,9320.340
2025-12-29 09:00,9320.340
2025-12-29 09:15,9320.419
2025-12-29 09:30,9320.473
2025-12-29 09:45,9320.556
2025-12-29 10:00,9320.556
2025-12-29 10:15,9320.664
2025-12-29 10:30,9320.664
2025-12-29 10:45,9320.731
2025-12-29 11:00,9320.731
2025-12-29 11:15,9320.731
2025-12-29 11:30,9320.731
2025-12-29 11:45,9320.731
2025-12-29 12:00,9320.731
2025-12-29 12:15,9320.731
2025-12-29 12:30,9320.825
2025-12-29 12:45,9320.825
2025-12-29 13:00,9320.825
2025-12-29 13:15,9320.825
2025-12-29 13:30,9320.825
2025-12-29 13:45,9320.867
2025-12-29 14:00,9320.867
2025-12-29 14:15,9320.867
2025-12-29 14:30,9320.867
2025-12-29 14:45,9320.867
2025-12-29 15:00,9320.867
2025-12-29 15:15,9320.867
2025-12-29 15:30,9320.867
2025-12-29 15:45,9320.867
2025-12-29 16:00,9320.867
2025-12-29 16:15,9320.897
2025-12-29 16:30,9320.897
2025-12-29 16:45,9320.897
2025-12-29 17:00,9320.897
2025-12-29 17:15,9320.897
2025-12-29 17:30,9320.925
2025-12-29 17:45,9320.925
2025-12-29 18:00,9320.925
2025-12-29 18:15,9320.925
2025-12-29 18:30,9320.925
2025-12-29 18:45,9320.925
2025-12-29 19:00,9320.953
2025-12-29 19:15,9320.953
2025-12-29 19:30,9320.953
2025-12-29 19:45,9320.953
2025-12-29 20:00,9320.953
2025-12-29 20:15,9320.953
2025-12-29 20:30,9320.982
2025-12-29 20:45,9320.982
2025-12-29 21:00,9320.982
2025-12-29 21:15,9320.982
2025-12-29 21:30,9320.982
2025-12-29 21:45,9320.982
2025-12-29 22:00,9321.011
2025-12-29 22:15,9321.011
2025-12-29 22:30,9321.011
2025-12-29 22:45,9321.011
2025-12-29 23:00,9321.011
2025-12-29 23:15,9321.011
2025-12-29 23:30,9321.047
2025-12-29 23:45,9321.047
2025-12-30 00:00,9321.047
2025-12-30 00:15,9321.047
2025-12-30 00:30,9321.047
2025-12-30 00:45,9321.066
2025-12-30 01:00,9321.072
2025-12-30 01:15,9321.072
2025-12-30 01:30,9321.072
2025-12-30 01:45,9321.072
2025-12-30 02:00,9321.072
2025-12-30 02:15,9321.072
2025-12-30 02:30,9321.072
2025-12-30 02:45,9321.117
2025-12-30 03:00,9321.117
2025-12-30 03:15,9321.117
2025-12-30 03:30,9321.248
2025-12-30 03:45,9321.304
2025-12-30 04:00,9321.304
2025-12-30 04:15,9321.304
2025-12-30 04:30,9321.304
2025-12-30 04:45,9321.304
2025-12-30 05:00,9321.341
2025-12-30 05:15,9321.375
2025-12-30 05:30,9321.375
2025-12-30 05:45,9321.375
2025-12-30 06:00,9321.375
2025-12-30 06:15,9321.425
2025-12-30 06:30,9321.425
2025-12-30 06:45,9321.425
2025-12-30 07:00,9321.425
2025-12-30 07:15,9321.425
2025-12-30 07:30,9321.425
2025-12-30 07:45,9321.457
2025-12-30 08:00,9321.555
2025-12-30 08:15,9321.678
2025-12-30 08:30,9321.719
2025-12-30 08:45,9321.791
2025-12-30 09:00,9321.852
2025-12-30 09:15,9321.857
2025-12-30 09:30,9321.950
2025-12-30 09:45,9322.001
2025-12-30 10:00,9322.069
2025-12-30 10:15,9322.122
2025-12-30 10:30,9322.170
2025-12-30 10:45,9322.170
2025-12-30 11:00,9322.197
2025-12-30 11:15,9322.197
2025-12-30 11:30,9322.222
2025-12-30 11:45,9322.313
2025-12-30 12:00,9322.313
2025-12-30 12:15,9322.313
2025-12-30 12:30,9322.313
2025-12-30 12:45,9322.346
2025-12-30 13:00,9322.346
2025-12-30 13:15,9322.346
2025-12-30 13:30,9322.346
2025-12-30 13:45,9322.346
2025-12-30 14:00,9322.346
2025-12-30 14:15,9322.346
2025-12-30 14:30,9322.346
2025-12-30 14:45,9322.375
2025-12-30 15:00,9322.375
2025-12-30 15:15,9322.375
2025-12-30 15:30,9322.375
2025-12-30 15:45,9322.375
2025-12-30 16:00,9322.375
2025-12-30 16:15,9322.453
2025-12-30 16:30,9322.537
2025-12-30 16:45,9322.550
2025-12-30 17:00,9322.550
2025-12-30 17:15,9322.550
2025-12-30 17:30,9322.550
2025-12-30 17:45,9322.550
2025-12-30 18:00,9322.550
2025-12-30 18:15,9322.550
2025-12-30 18:30,9322.550
2025-12-30 18:45,9322.581
2025-12-30 19:00,9322.581
2025-12-30 19:15,9322.581
2025-12-30 19:30,9322.581
2025-12-30 19:45,9322.581
2025-12-30 20:00,9322.620
2025-12-30 20:15,9322.620
2025-12-30 20:30,9322.620
2025-12-30 20:45,9322.620
2025-12-30 21:00,9322.620
2025-12-30 21:15,9323.359
2025-12-30 21:30,9323.368
2025-12-30 21:45,9323.368
2025-12-30 22:00,9323.368
2025-12-30 22:15,9323.368
2025-12-30 22:30,9323.425
2025-12-30 22:45,9323.476
2025-12-30 23:00,9323.476
2025-12-30 23:15,9323.476
2025-12-30 23:30,9323.527
2025-12-30 23:45,9323.527
2025-12-31 00:00,9323.527
2025-12-31 00:15,9323.577
2025-12-31 00:30,9323.577
2025-12-31 00:45,9323.577
2025-12-31 01:00,9323.577
2025-12-31 01:15,9323.577
2025-12-31 01:30,9323.577
2025-12-31 01:45,9323.577
2025-12-31 02:00,9323.577
2025-12-31 02:15,9323.577
2025-12-31 02:30,9323.627
2025-12-31 02:45,9323.627
2025-12-31 03:00,9323.685
2025-12-31 03:15,9323.685
2025-12-31 03:30,9323.685
2025-12-31 03:45,9323.685
2025-12-31 04:00,9323.685
2025-12-31 04:15,9323.685
2025-12-31 04:30,9323.747
2025-12-31 04:45,9323.797
2025-12-31 05:00,9323.797
2025-12-31 05:15,9323.797
2025-12-31 05:30,9323.797
2025-12-31 05:45,9323.797
2025-12-31 06:00,9323.797
2025-12-31 06:15,9323.864
2025-12-31 06:30,9323.864
2025-12-31 06:45,9323.864
2025-12-31 07:00,9323.864
2025-12-31 07:15,9323.990
2025-12-31 07:30,9324.108
2025-12-31 07:45,9324.150
2025-12-31 08:00,9324.227
2025-12-31 08:15,9324.292
2025-12-31 08:30,9324.305
2025-12-31 08:45,9324.372
2025-12-31 09:00,9324.439
2025-12-31 09:15,9325.249
2025-12-31 09:30,9325.375
2025-12-31 09:45,9325.661
2025-12-31 10:00,9326.169
2025-12-31 10:15,9326.501
2025-12-31 10:30,9326.853
2025-12-31 10:45,9327.160
2025-12-31 11:00,9327.450
2025-12-31 11:15,9327.740
2025-12-31 11:30,9328.131
2025-12-31 11:45,9328.421
2025-12-31 12:00,9328.710
2025-12-31 12:15,9328.805
2025-12-31 12:30,9328.805
2025-12-31 12:45,9328.856
2025-12-31 13:00,9328.856
2025-12-31 13:15,9328.856
2025-12-31 13:30,9328.856
2025-12-31 13:45,9328.856
2025-12-31 14:00,9328.856
2025-12-31 14:15,9328.856
2025-12-31 14:30,9328.856
2025-12-31 14:45,9328.856
2025-12-31 15:00,9328.856
2025-12-31 15:15,9328.888
2025-12-31 15:30,9328.888
2025-12-31 15:45,9328.888
2025-12-31 16:00,9328.888
2025-12-31 16:15,9328.888
2025-12-31 16:30,9328.921
2025-12-31 16:45,9328.925
2025-12-31 17:00,9328.925
2025-12-31 17:15,9328.925
2025-12-31 17:30,9328.925
2025-12-31 17:45,9328.925
2025-12-31 18:00,9328.925
2025-12-31 18:15,9328.925
2025-12-31 18:30,9328.925
2025-12-31 18:45,9328.956
2025-12-31 19:00,9328.956
2025-12-31 19:15,9328.956
2025-12-31 19:30,9328.956
2025-12-31 19:45,9329.008
2025-12-31 20:00,9329.008
2025-12-31 20:15,9329.008
2025-12-31 20:30,9329.008
2025-12-31 20:45,9329.008
2025-12-31 21:00,9329.008
2025-12-31 21:15,9329.008
2025-12-31 21:30,9329.008
2025-12-31 21:45,9329.033
2025-12-31 22:00,9329.033
2025-12-31 22:15,9329.033
2025-12-31 22:30,9329.033
2025-12-31 22:45,9329.033
2025-12-31 23:00,9329.033
2025-12-31 23:15,9329.070
2025-12-31 23:30,9329.077
2025-12-31 23:45,9329.077
2026-01-01 00:00,9329.077
2026-01-01 00:15,9329.077
2026-01-01 00:30,9329.077
2026-01-01 00:45,9329.077
2026-01-01 01:00,9329.077
2026-01-01 01:15,9329.077
2026-01-01 01:30,9329.077
2026-01-01 01:45,9329.112
2026-01-01 02:00,9329.112
2026-01-01 02:15,9329.112
2026-01-01 02:30,9329.112
2026-01-01 02:45,9329.198
2026-01-01 03:00,9329.269
2026-01-01 03:15,9329.305
2026-01-01 03:30,9329.305
2026-01-01 03:45,9329.305
2026-01-01 04:00,9329.305
2026-01-01 04:15,9329.305
2026-01-01 04:30,9329.305
2026-01-01 04:45,9329.305
2026-01-01 05:00,9329.413
2026-01-01 05:15,9329.413
2026-01-01 05:30,9329.413
2026-01-01 05:45,9329.413
2026-01-01 06:00,9329.413
2026-01-01 06:15,9329.413
2026-01-01 06:30,9329.457
2026-01-01 06:45,9329.457
2026-01-01 07:00,9329.457
2026-01-01 07:15,9329.457
2026-01-01 07:30,9329.506
2026-01-01 07:45,9329.506
2026-01-01 08:00,9329.506
2026-01-01 08:15,9329.506
2026-01-01 08:30,9329.506
2026-01-01 08:45,9329.795
2026-01-01 09:00,9329.795
2026-01-01 09:15,9330.020
2026-01-01 09:30,9330.136
2026-01-01 09:45,9330.214
2026-01-01 10:00,9330.214
2026-01-01 10:15,9330.214
2026-01-01 10:30,9330.214
2026-01-01 10:45,9330.214
2026-01-01 11:00,9330.214
2026-01-01 11:15,9330.252
2026-01-01 11:30,9330.252
2026-01-01 11:45,9330.252
2026-01-01 12:00,9330.252
2026-01-01 12:15,9330.252
2026-01-01 12:30,9330.252
2026-01-01 12:45,9330.291
2026-01-01 13:00,9330.509
2026-01-01 13:15,9330.509
2026-01-01 13:30,9330.509
2026-01-01 13:45,9330.509
2026-01-01 14:00,9330.509
2026-01-01 14:15,9330.509
2026-01-01 14:30,9330.509
2026-01-01 14:45,9330.546
2026-01-01 15:00,9330.546
2026-01-01 15:15,9330.546
2026-01-01 15:30,9330.546
2026-01-01 15:45,9330.546
2026-01-01 16:00,9330.571
2026-01-01 16:15,9330.571
2026-01-01 16:30,9330.571
2026-01-01 16:45,9330.571
2026-01-01 17:00,9330.571
2026-01-01 17:15,9330.571
2026-01-01 17:30,9330.571
2026-01-01 17:45,9330.595
2026-01-01 18:00,9330.616
2026-01-01 18:15,9330.616
2026-01-01 18:30,9330.616
2026-01-01 18:45,9330.616
2026-01-01 19:00,9330.616
2026-01-01 19:15,9330.616
2026-01-01 19:30,9330.675
2026-01-01 19:45,9330.787
2026-01-01 20:00,9330.825
2026-01-01 20:15,9330.875
2026-01-01 20:30,9330.948
2026-01-01 20:45,9331.005
2026-01-01 21:00,9331.056
2026-01-01 21:15,9331.111
2026-01-01 21:30,9331.111
2026-01-01 21:45,9331.111
2026-01-01 22:00,9331.168
2026-01-01 22:15,9331.168
2026-01-01 22:30,9331.168
2026-01-01 22:45,9331.168
2026-01-01 23:00,9331.168
2026-01-01 23:15,9331.168
2026-01-01 23:30,9331.223
2026-01-01 23:45,9331.253
2026-01-02 00:00,9331.275
2026-01-02 00:15,9331.275
2026-01-02 00:30,9331.275
2026-01-02 00:45,9331.275
2026-01-02 01:00,9331.342
2026-01-02 01:15,9331.342
2026-01-02 01:30,9331.342
2026-01-02 01:45,9331.342
2026-01-02 02:00,9331.342
2026-01-02 02:15,9331.434
2026-01-02 02:30,9331.434
2026-01-02 02:45,9331.434
2026-01-02 03:00,9331.434
2026-01-02 03:15,9331.485
2026-01-02 03:30,9331.485
2026-01-02 03:45,9331.485
2026-01-02 04:00,9331.536
2026-01-02 04:15,9331.536
2026-01-02 04:30,9331.536
2026-01-02 04:45,9331.536
2026-01-02 05:00,9331.536
2026-01-02 05:15,9331.536
2026-01-02 05:30,9331.651
2026-01-02 05:45,9331.651
2026-01-02 06:00,9331.651
2026-01-02 06:15,9331.651
2026-01-02 06:30,9331.696
2026-01-02 06:45,9331.762
2026-01-02 07:00,9331.762
2026-01-02 07:15,9331.794
2026-01-02 07:30,9331.794
2026-01-02 07:45,9331.832
2026-01-02 08:00,9331.832
2026-01-02 08:15,9331.887
2026-01-02 08:30,9331.887
2026-01-02 08:45,9332.139
2026-01-02 09:00,9332.193
2026-01-02 09:15,9332.521
2026-01-02 09:30,9332.521
2026-01-02 09:45,9332.576
2026-01-02 10:00,9332.653
2026-01-02 10:15,9332.706
2026-01-02 10:30,9332.706
2026-01-02 10:45,9332.785
2026-01-02 11:00,9332.839
2026-01-02 11:15,9332.940
2026-01-02 11:30,9333.007
2026-01-02 11:45,9333.037
2026-01-02 12:00,9333.037
2026-01-02 12:15,9333.092
2026-01-02 12:30,9333.134
2026-01-02 12:45,9333.134
2026-01-02 13:00,9333.146
2026-01-02 13:15,9333.151
2026-01-02 13:30,9333.364
2026-01-02 13:45,9333.409
2026-01-02 14:00,9333.443
2026-01-02 14:15,9333.519
2026-01-02 14:30,9333.519
2026-01-02 14:45,9333.585
2026-01-02 15:00,9333.645
2026-01-02 15:15,9333.652
2026-01-02 15:30,9333.652
2026-01-02 15:45,9333.689
2026-01-02 16:00,9333.704
2026-01-02 16:15,9333.743
2026-01-02 16:30,9333.754
2026-01-02 16:45,9333.754
2026-01-02 17:00,9333.754
2026-01-02 17:15,9333.784
2026-01-02 17:30,9333.784
2026-01-02 17:45,9333.784
2026-01-02 18:00,9333.822
2026-01-02 18:15,9333.822
2026-01-02 18:30,9333.822
2026-01-02 18:45,9333.822
2026-01-02 19:00,9333.822
2026-01-02 19:15,9333.822
2026-01-02 19:30,9333.851
2026-01-02 19:45,9333.865
2026-01-02 20:00,9333.875
2026-01-02 20:15,9333.875
2026-01-02 20:30,9333.875
2026-01-02 20:45,9333.875
2026-01-02 21:00,9333.875
2026-01-02 21:15,9333.911
2026-01-02 21:30,9333.911
2026-01-02 21:45,9333.911
2026-01-02 22:00,9333.960
2026-01-02 22:15,9333.960
2026-01-02 22:30,9333.960
2026-01-02 22:45,9334.005
2026-01-02 23:00,9334.019
2026-01-02 23:15,9334.055
2026-01-02 23:30,9334.055
2026-01-02 23:45,9334.055
2026-01-03 00:00,9334.055
2026-01-03 00:15,9334.055
2026-01-03 00:30,9334.055
2026-01-03 00:45,9334.055
2026-01-03 01:00,9334.055
2026-01-03 01:15,9334.114
2026-01-03 01:30,9334.175
2026-01-03 01:45,9334.175
2026-01-03 02:00,9334.175
2026-01-03 02:15,9334.175
2026-01-03 02:30,9334.175
2026-01-03 02:45,9334.231
2026-01-03 03:00,9334.231
2026-01-03 03:15,9334.231
2026-01-03 03:30,9334.231
2026-01-03 03:45,9334.231
2026-01-03 04:00,9334.298
2026-01-03 04:15,9334.352
2026-01-03 04:30,9334.352
2026-01-03 04:45,9334.352
2026-01-03 05:00,9334.352
2026-01-03 05:15,9334.352
2026-01-03 05:30,9334.352
2026-01-03 05:45,9334.416
2026-01-03 06:00,9334.416
2026-01-03 06:15,9334.416
2026-01-03 06:30,9334.416
2026-01-03 06:45,9334.454
2026-01-03 07:00,9334.513
2026-01-03 07:15,9334.513
2026-01-03 07:30,9334.513
2026-01-03 07:45,9334.564
2026-01-03 08:00,9334.564
2026-01-03 08:15,9334.665
2026-01-03 08:30,9334.665
2026-01-03 08:45,9334.733
2026-01-03 09:00,9334.802
2026-01-03 09:15,9335.046
2026-01-03 09:30,9335.136
2026-01-03 09:45,9335.190
2026-01-03 10:00,9335.198
2026-01-03 10:15,9335.253
2026-01-03 10:30,9335.311
2026-01-03 10:45,9335.405
2026-01-03 11:00,9335.410
2026-01-03 11:15,9335.483
2026-01-03 11:30,9335.558
2026-01-03 11:45,9335.590
2026-01-03 12:00,9335.590
2026-01-03 12:15,9335.603
2026-01-03 12:30,9335.619
2026-01-03 12:45,9335.664
2026-01-03 13:00,9335.675
2026-01-03 13:15,9335.675
2026-01-03 13:30,9335.675
2026-01-03 13:45,9335.997
2026-01-03 14:00,9336.637
2026-01-03 14:15,9336.967
2026-01-03 14:30,9336.967
2026-01-03 14:45,9336.967
2026-01-03 15:00,9336.967
2026-01-03 15:15,9336.967
2026-01-03 15:30,9336.967
2026-01-03 15:45,9336.967
2026-01-03 16:00,9336.967
2026-01-03 16:15,9336.967
2026-01-03 16:30,9337.001
2026-01-03 16:45,9337.001
2026-01-03 17:00,9337.001
2026-01-03 17:15,9337.001
2026-01-03 17:30,9337.024
2026-01-03 17:45,9337.172
2026-01-03 18:00,9337.270
2026-01-03 18:15,9337.270
2026-01-03 18:30,9337.270
2026-01-03 18:45,9337.270
2026-01-03 19:00,9337.333
2026-01-03 19:15,9337.366
2026-01-03 19:30,9337.366
2026-01-03 19:45,9337.366
2026-01-03 20:00,9337.533
2026-01-03 20:15,9337.795
2026-01-03 20:30,9338.057
2026-01-03 20:45,9338.373
2026-01-03 21:00,9338.560
2026-01-03 21:15,9338.746
2026-01-03 21:30,9338.931
2026-01-03 21:45,9339.117
2026-01-03 22:00,9339.329
2026-01-03 22:15,9339.514
2026-01-03 22:30,9339.699
2026-01-03 22:45,9339.884
2026-01-03 23:00,9340.068
2026-01-03 23:15,9340.252
2026-01-03 23:30,9340.317
2026-01-03 23:45,9340.317
2026-01-04 00:00,9340.385
2026-01-04 00:15,9340.385
2026-01-04 00:30,9340.422
2026-01-04 00:45,9340.422
2026-01-04 01:00,9340.422
2026-01-04 01:15,9340.478
2026-01-04 01:30,9340.478
2026-01-04 01:45,9340.478
2026-01-04 02:00,9340.523
2026-01-04 02:15,9340.523
2026-01-04 02:30,9340.523
2026-01-04 02:45,9340.590
2026-01-04 03:00,9340.590
2026-01-04 03:15,9340.627
2026-01-04 03:30,9340.627
2026-01-04 03:45,9340.627
2026-01-04 04:00,9340.627
2026-01-04 04:15,9340.627
2026-01-04 04:30,9340.697
2026-01-04 04:45,9340.742
2026-01-04 05:00,9340.749
2026-01-04 05:15,9340.749
2026-01-04 05:30,9340.749
2026-01-04 05:45,9340.816
2026-01-04 06:00,9340.816
2026-01-04 06:15,9340.816
2026-01-04 06:30,9340.816
2026-01-04 06:45,9340.816
2026-01-04 07:00,9340.854
2026-01-04 07:15,9340.923
2026-01-04 07:30,9340.923
2026-01-04 07:45,9340.923
2026-01-04 08:00,9340.923
2026-01-04 08:15,9340.980
2026-01-04 08:30,9341.048
2026-01-04 08:45,9341.119
2026-01-04 09:00,9341.193
2026-01-04 09:15,9341.458
2026-01-04 09:30,9341.844
2026-01-04 09:45,9341.954
2026-01-04 10:00,9342.013
2026-01-04 10:15,9342.118
2026-01-04 10:30,9342.147
2026-01-04 10:45,9342.177
2026-01-04 11:00,9342.480
2026-01-04 11:15,9342.823
2026-01-04 11:30,9343.121
2026-01-04 11:45,9343.499
2026-01-04 12:00,9343.833
2026-01-04 12:15,9344.143
2026-01-04 12:30,9344.438
2026-01-04 12:45,9344.729
2026-01-04 13:00,9345.022
2026-01-04 13:15,9345.233
2026-01-04 13:30,9345.233
2026-01-04 13:45,9345.233
2026-01-04 14:00,9345.233
2026-01-04 14:15,9345.233
2026-01-04 14:30,9345.271
2026-01-04 14:45,9345.271
2026-01-04 15:00,9345.271
2026-01-04 15:15,9345.271
2026-01-04 15:30,9345.387
2026-01-04 15:45,9345.387
2026-01-04 16:00,9345.387
2026-01-04 16:15,9345.387
2026-01-04 16:30,9345.387
2026-01-04 16:45,9345.387
2026-01-04 17:00,9345.481
2026-01-04 17:15,9345.584
2026-01-04 17:30,9345.622
2026-01-04 17:45,9345.622
2026-01-04 18:00,9345.622
2026-01-04 18:15,9345.622
2026-01-04 18:30,9345.622
2026-01-04 18:45,9345.694
2026-01-04 19:00,9345.743
2026-01-04 19:15,9345.743
2026-01-04 19:30,9345.743
2026-01-04 19:45,9345.743
2026-01-04 20:00,9345.743
2026-01-04 20:15,9345.743
2026-01-04 20:30,9345.743
2026-01-04 20:45,9345.743
2026-01-04 21:00,9345.743
2026-01-04 21:15,9345.743
2026-01-04 21:30,9345.776
2026-01-04 21:45,9345.776
2026-01-04 22:00,9345.815
2026-01-04 22:15,9345.815
2026-01-04 22:30,9345.859
2026-01-04 22:45,9345.905
2026-01-04 23:00,9345.905
2026-01-04 23:15,9345.905
2026-01-04 23:30,9345.905
2026-01-04 23:45,9345.905
2026-01-05 00:00,9345.942
2026-01-05 00:15,9345.942
2026-01-05 00:30,9345.942
2026-01-05 00:45,9345.942
2026-01-05 01:00,9345.942
2026-01-05 01:15,9345.948
2026-01-05 01:30,9346.022
2026-01-05 01:45,9346.074
2026-01-05 02:00,9346.074
2026-01-05 02:15,9346.074
2026-01-05 02:30,9346.074
2026-01-05 02:45,9346.074
2026-01-05 03:00,9346.133
2026-01-05 03:15,9346.142
2026-01-05 03:30,9346.142
2026-01-05 03:45,9346.142
2026-01-05 04:00,9346.179
2026-01-05 04:15,9346.179
2026-01-05 04:30,9346.179
2026-01-05 04:45,9346.249
2026-01-05 05:00,9346.249
2026-01-05 05:15,9346.298
2026-01-05 05:30,9346.298
2026-01-05 05:45,9346.298
2026-01-05 06:00,9346.298
2026-01-05 06:15,9346.303
2026-01-05 06:30,9346.310
2026-01-05 06:45,9346.310
2026-01-05 07:00,9346.310
2026-01-05 07:15,9346.310
2026-01-05 07:30,9346.435
2026-01-05 07:45,9346.435
2026-01-05 08:00,9346.435
2026-01-05 08:15,9346.444
2026-01-05 08:30,9346.499
2026-01-05 08:45,9346.567
2026-01-05 09:00,9346.771
2026-01-05 09:15,9346.877
2026-01-05 09:30,9346.945
2026-01-05 09:45,9347.002
2026-01-05 10:00,9347.057
2026-01-05 10:15,9347.134
2026-01-05 10:30,9347.180
2026-01-05 10:45,9347.265
2026-01-05 11:00,9347.335
2026-01-05 11:15,9347.373
2026-01-05 11:30,9347.373
2026-01-05 11:45,9347.407
2026-01-05 12:00,9347.419
2026-01-05 12:15,9347.419
2026-01-05 12:30,9347.446
2026-01-05 12:45,9347.477
2026-01-05 13:00,9347.477
2026-01-05 13:15,9347.517
2026-01-05 13:30,9347.517
2026-01-05 13:45,9347.529
2026-01-05 14:00,9347.529
2026-01-05 14:15,9347.529
2026-01-05 14:30,9347.556
2026-01-05 14:45,9347.585
2026-01-05 15:00,9347.585
2026-01-05 15:15,9347.597
2026-01-05 15:30,9347.597
2026-01-05 15:45,9347.597
2026-01-05 16:00,9347.597
2026-01-05 16:15,9347.620
2026-01-05 16:30,9347.643
2026-01-05 16:45,9347.643
2026-01-05 17:00,9347.643
2026-01-05 17:15,9347.643
2026-01-05 17:30,9347.643
2026-01-05 17:45,9347.660
2026-01-05 18:00,9347.660
2026-01-05 18:15,9347.710
2026-01-05 18:30,9347.710
2026-01-05 18:45,9347.710
2026-01-05 19:00,9347.710
2026-01-05 19:15,9347.752
2026-01-05 19:30,9347.796
2026-01-05 19:45,9347.880
2026-01-05 20:00,9347.973
2026-01-05 20:15,9347.995
2026-01-05 20:30,9348.133
2026-01-05 20:45,9348.178
2026-01-05 21:00,9348.234
2026-01-05 21:15,9348.234
2026-01-05 21:30,9348.234
2026-01-05 21:45,9348.234
2026-01-05 22:00,9348.271
2026-01-05 22:15,9348.271
2026-01-05 22:30,9348.271
2026-01-05 22:45,9348.271
2026-01-05 23:00,9348.271
2026-01-05 23:15,9348.271
2026-01-05 23:30,9348.387
2026-01-05 23:45,9348.435
2026-01-06 00:00,9348.435
2026-01-06 00:15,9348.435
2026-01-06 00:30,9348.435
2026-01-06 00:45,9348.435
2026-01-06 01:00,9348.435
2026-01-06 01:15,9348.501
2026-01-06 01:30,9348.501
2026-01-06 01:45,9348.501
2026-01-06 02:00,9348.553
2026-01-06 02:15,9348.553
2026-01-06 02:30,9348.553
2026-01-06 02:45,9348.614
2026-01-06 03:00,9348.614
2026-01-06 03:15,9348.614
2026-01-06 03:30,9348.614
2026-01-06 03:45,9348.614
2026-01-06 04:00,9348.671
2026-01-06 04:15,9348.679
2026-01-06 04:30,9348.679
2026-01-06 04:45,9348.679
2026-01-06 05:00,9348.679
2026-01-06 05:15,9348.679
2026-01-06 05:30,9348.744
2026-01-06 05:45,9348.794
2026-01-06 06:00,9348.794
2026-01-06 06:15,9348.794
2026-01-06 06:30,9348.798
2026-01-06 06:45,9348.855
2026-01-06 07:00,9348.855
2026-01-06 07:15,9348.902
2026-01-06 07:30,9348.918
2026-01-06 07:45,9348.952
2026-01-06 08:00,9349.021
2026-01-06 08:15,9349.081
2026-01-06 08:30,9349.139
2026-01-06 08:45,9349.215
2026-01-06 09:00,9349.357
2026-01-06 09:15,9349.705
2026-01-06 09:30,9349.761
2026-01-06 09:45,9349.825
2026-01-06 10:00,9349.992
2026-01-06 10:15,9350.051
2026-01-06 10:30,9350.157
2026-01-06 10:45,9350.293
2026-01-06 11:00,9350.330
2026-01-06 11:15,9350.330
2026-01-06 11:30,9350.403
2026-01-06 11:45,9350.403
2026-01-06 12:00,9350.415
2026-01-06 12:15,9350.417
2026-01-06 12:30,9350.454
2026-01-06 12:45,9350.499
2026-01-06 13:00,9350.539
2026-01-06 13:15,9350.588
2026-01-06 13:30,9350.588
2026-01-06 13:45,9350.661
2026-01-06 14:00,9350.703
2026-01-06 14:15,9350.703
2026-01-06 14:30,9350.703
2026-01-06 14:45,9350.714
2026-01-06 15:00,9350.714
2026-01-06 15:15,9350.714
2026-01-06 15:30,9350.774
2026-01-06 15:45,9350.774
2026-01-06 16:00,9350.774
2026-01-06 16:15,9350.808
2026-01-06 16:30,9350.808
2026-01-06 16:45,9350.881
2026-01-06 17:00,9350.881
2026-01-06 17:15,9350.959
2026-01-06 17:30,9351.033
2026-01-06 17:45,9351.082
2026-01-06 18:00,9351.082
2026-01-06 18:15,9351.182
2026-01-06 18:30,9351.225
2026-01-06 18:45,9351.416
2026-01-06 19:00,9351.435
2026-01-06 19:15,9351.454
2026-01-06 19:30,9351.620
2026-01-06 19:45,9351.654
2026-01-06 20:00,9351.695
2026-01-06 20:15,9351.708
2026-01-06 20:30,9351.708
2026-01-06 20:45,9351.708
2026-01-06 21:00,9351.744
2026-01-06 21:15,9351.776
2026-01-06 21:30,9351.776
2026-01-06 21:45,9351.776
2026-01-06 22:00,9351.837
2026-01-06 22:15,9351.837
2026-01-06 22:30,9351.912
2026-01-06 22:45,9351.912
2026-01-06 23:00,9351.912
2026-01-06 23:15,9351.912
2026-01-06 23:30,9351.912
2026-01-06 23:45,9351.912
2026-01-07 00:00,9351.912
2026-01-07 00:15,9351.976
2026-01-07 00:30,9351.976
2026-01-07 00:45,9351.976
2026-01-07 01:00,9351.976
2026-01-07 01:15,9351.976
2026-01-07 01:30,9352.042
2026-01-07 01:45,9352.042
2026-01-07 02:00,9352.042
2026-01-07 02:15,9352.042
2026-01-07 02:30,9352.042
2026-01-07 02:45,9352.042
2026-01-07 03:00,9352.042
2026-01-07 03:15,9352.042
2026-01-07 03:30,9352.042
2026-01-07 03:45,9352.042
2026-01-07 04:00,9352.042
2026-01-07 04:15,9352.042
2026-01-07 04:30,9352.096
2026-01-07 04:45,9352.104
2026-01-07 05:00,9352.104
2026-01-07 05:15,9352.104
2026-01-07 05:30,9352.171
2026-01-07 05:45,9352.171
2026-01-07 06:00,9352.171
2026-01-07 06:15,9352.171
2026-01-07 06:30,9352.171
2026-01-07 06:45,9352.171
2026-01-07 07:00,9352.171
2026-01-07 07:15,9352.236
2026-01-07 07:30,9352.276
2026-01-07 07:45,9352.327
2026-01-07 08:00,9352.327
2026-01-07 08:15,9352.327
2026-01-07 08:30,9352.388
2026-01-07 08:45,9352.435
2026-01-07 09:00,9352.674
2026-01-07 09:15,9352.986
2026-01-07 09:30,9353.098
2026-01-07 09:45,9353.151
2026-01-07 10:00,9353.193
2026-01-07 10:15,9353.193
2026-01-07 10:30,9353.193
2026-01-07 10:45,9353.230
2026-01-07 11:00,9353.230
2026-01-07 11:15,9353.230
2026-01-07 11:30,9353.274
2026-01-07 11:45,9353.300
2026-01-07 12:00,9353.300
2026-01-07 12:15,9353.327
2026-01-07 12:30,9353.327
2026-01-07 12:45,9353.327
2026-01-07 13:00,9353.327
2026-01-07 13:15,9353.358
2026-01-07 13:30,9353.358
2026-01-07 13:45,9353.393
2026-01-07 14:00,9353.424
2026-01-07 14:15,9353.424
2026-01-07 14:30,9353.541
2026-01-07 14:45,9353.581
2026-01-07 15:00,9353.623
2026-01-07 15:15,9353.687
2026-01-07 15:30,9353.722
2026-01-07 15:45,9353.722
2026-01-07 16:00,9353.722
2026-01-07 16:15,9353.762
2026-01-07 16:30,9353.762
2026-01-07 16:45,9353.762
2026-01-07 17:00,9353.824
2026-01-07 17:15,9353.824
2026-01-07 17:30,9354.094
2026-01-07 17:45,9354.771
2026-01-07 18:00,9355.134
2026-01-07 18:15,9355.322
2026-01-07 18:30,9355.436
2026-01-07 18:45,9355.436
2026-01-07 19:00,9355.592
2026-01-07 19:15,9355.592
2026-01-07 19:30,9355.618
2026-01-07 19:45,9355.618
2026-01-07 20:00,9355.618
2026-01-07 20:15,9355.618
2026-01-07 20:30,9355.647
2026-01-07 20:45,9355.647
2026-01-07 21:00,9355.647
2026-01-07 21:15,9355.647
2026-01-07 21:30,9355.647
2026-01-07 21:45,9355.698
2026-01-07 22:00,9355.698
2026-01-07 22:15,9355.698
2026-01-07 22:30,9355.698
2026-01-07 22:45,9355.698
2026-01-07 23:00,9355.760
2026-01-07 23:15,9355.760
2026-01-07 23:30,9355.797
2026-01-07 23:45,9355.849
2026-01-08 00:00,9355.849
2026-01-08 00:15,9355.849
2026-01-08 00:30,9355.849
2026-01-08 00:45,9355.887
2026-01-08 01:00,9355.970
2026-01-08 01:15,9355.970
2026-01-08 01:30,9355.970
2026-01-08 01:45,9356.024
2026-01-08 02:00,9356.024
2026-01-08 02:15,9356.024
2026-01-08 02:30,9356.084
2026-01-08 02:45,9356.084
2026-01-08 03:00,9356.084
2026-01-08 03:15,9356.145
2026-01-08 03:30,9356.145
2026-01-08 03:45,9356.199
2026-01-08 04:00,9356.205
2026-01-08 04:15,9356.260
2026-01-08 04:30,9356.260
2026-01-08 04:45,9356.260
2026-01-08 05:00,9356.320
2026-01-08 05:15,9356.320
2026-01-08 05:30,9356.320
2026-01-08 05:45,9356.320
2026-01-08 06:00,9356.330
2026-01-08 06:15,9356.383
2026-01-08 06:30,9356.443
2026-01-08 06:45,9356.443
2026-01-08 07:00,9356.443
2026-01-08 07:15,9356.547
2026-01-08 07:30,9356.606
2026-01-08 07:45,9356.606
2026-01-08 08:00,9356.606
2026-01-08 08:15,9356.653
2026-01-08 08:30,9356.653
2026-01-08 08:45,9356.779
2026-01-08 09:00,9357.111
2026-01-08 09:15,9357.162
2026-01-08 09:30,9357.237
2026-01-08 09:45,9357.279
2026-01-08 10:00,9357.296
2026-01-08 10:15,9357.351
2026-01-08 10:30,9357.505
2026-01-08 10:45,9357.528
2026-01-08 11:00,9357.589
2026-01-08 11:15,9357.620
2026-01-08 11:30,9357.654
2026-01-08 11:45,9357.732
2026-01-08 12:00,9357.732
2026-01-08 12:15,9357.732
2026-01-08 12:30,9357.732
2026-01-08 12:45,9357.732
2026-01-08 13:00,9357.844
2026-01-08 13:15,9357.844
2026-01-08 13:30,9357.844
2026-01-08 13:45,9357.844
2026-01-08 14:00,9357.844
2026-01-08 14:15,9357.868
2026-01-08 14:30,9357.900
2026-01-08 14:45,9357.970
2026-01-08 15:00,9357.982
2026-01-08 15:15,9358.019
2026-01-08 15:30,9358.040
2026-01-08 15:45,9358.090
2026-01-08 16:00,9358.132
2026-01-08 16:15,9358.158
2026-01-08 16:30,9358.212
2026-01-08 16:45,9358.212
2026-01-08 17:00,9358.212
2026-01-08 17:15,9358.212
2026-01-08 17:30,9358.212
2026-01-08 17:45,9358.212
2026-01-08 18:00,9358.212
2026-01-08 18:15,9358.287
2026-01-08 18:30,9358.287
2026-01-08 18:45,9358.325
2026-01-08 19:00,9358.368
2026-01-08 19:15,9358.393
2026-01-08 19:30,9358.431
2026-01-08 19:45,9358.431
2026-01-08 20:00,9358.431
2026-01-08 20:15,9358.431
2026-01-08 20:30,9358.431
2026-01-08 20:45,9358.431
2026-01-08 21:00,9358.431
2026-01-08 21:15,9358.510
2026-01-08 21:30,9358.510
2026-01-08 21:45,9358.510
2026-01-08 22:00,9358.551
2026-01-08 22:15,9358.551
2026-01-08 22:30,9358.551
2026-01-08 22:45,9358.551
2026-01-08 23:00,9358.551
2026-01-08 23:15,9358.551
2026-01-08 23:30,9358.551
2026-01-08 23:45,9358.551
2026-01-09 00:00,9358.603
2026-01-09 00:15,9358.603
2026-01-09 00:30,9358.667
2026-01-09 00:45,9358.667
2026-01-09 01:00,9358.667
2026-01-09 01:15,9358.667
2026-01-09 01:30,9358.667
2026-01-09 01:45,9358.667
2026-01-09 02:00,9358.735
2026-01-09 02:15,9358.773
2026-01-09 02:30,9358.773
2026-01-09 02:45,9358.773
2026-01-09 03:00,9358.773
2026-01-09 03:15,9358.836
2026-01-09 03:30,9358.881
2026-01-09 03:45,9358.881
2026-01-09 04:00,9358.881
2026-01-09 04:15,9358.945
2026-01-09 04:30,9358.945
2026-01-09 04:45,9358.945
2026-01-09 05:00,9358.945
2026-01-09 05:15,9359.008
2026-01-09 05:30,9359.045
2026-01-09 05:45,9359.045
2026-01-09 06:00,9359.045
2026-01-09 06:15,9359.045
2026-01-09 06:30,9359.103
2026-01-09 06:45,9359.103
2026-01-09 07:00,9359.103
2026-01-09 07:15,9359.185
2026-01-09 07:30,9359.185
2026-01-09 07:45,9359.479
2026-01-09 08:00,9359.479
2026-01-09 08:15,9359.491
2026-01-09 08:30,9359.532
2026-01-09 08:45,9359.869
2026-01-09 09:00,9359.869
2026-01-09 09:15,9359.925
2026-01-09 09:30,9360.048
2026-01-09 09:45,9360.099
2026-01-09 10:00,9360.171
2026-01-09 10:15,9360.171
2026-01-09 10:30,9360.226
2026-01-09 10:45,9360.305
2026-01-09 11:00,9360.361
2026-01-09 11:15,9360.427
2026-01-09 11:30,9360.442
2026-01-09 11:45,9360.501
2026-01-09 12:00,9360.605
2026-01-09 12:15,9360.605
2026-01-09 12:30,9360.605
2026-01-09 12:45,9360.605
2026-01-09 13:00,9360.618
2026-01-09 13:15,9360.654
2026-01-09 13:30,9360.654
2026-01-09 13:45,9360.654
2026-01-09 14:00,9360.654
2026-01-09 14:15,9360.654
2026-01-09 14:30,9360.654
2026-01-09 14:45,9360.654
2026-01-09 15:00,9360.725
2026-01-09 15:15,9360.789
2026-01-09 15:30,9361.018
2026-01-09 15:45,9361.054
2026-01-09 16:00,9361.122
2026-01-09 16:15,9361.160
2026-01-09 16:30,9361.199
2026-01-09 16:45,9361.343
2026-01-09 17:00,9361.385
2026-01-09 17:15,9361.397
2026-01-09 17:30,9361.465
2026-01-09 17:45,9361.539
2026-01-09 18:00,9361.603
2026-01-09 18:15,9361.634
2026-01-09 18:30,9361.634
2026-01-09 18:45,9361.687
2026-01-09 19:00,9361.687
2026-01-09 19:15,9361.687
2026-01-09 19:30,9361.732
2026-01-09 19:45,9361.780
2026-01-09 20:00,9361.780
2026-01-09 20:15,9361.811
2026-01-09 20:30,9362.101
2026-01-09 20:45,9362.813
2026-01-09 21:00,9362.832
2026-01-09 21:15,9362.970
2026-01-09 21:30,9362.970
2026-01-09 21:45,9363.062
2026-01-09 22:00,9363.190
2026-01-09 22:15,9363.190
2026-01-09 22:30,9363.310
2026-01-09 22:45,9363.453
2026-01-09 23:00,9363.453
2026-01-09 23:15,9363.478
2026-01-09 23:30,9363.478
2026-01-09 23:45,9363.660
2026-01-10 00:00,9363.660
2026-01-10 00:15,9363.660
2026-01-10 00:30,9363.660
2026-01-10 00:45,9363.660
2026-01-10 01:00,9363.687
2026-01-10 01:15,9363.687
2026-01-10 01:30,9363.687
2026-01-10 01:45,9363.687
2026-01-10 02:00,9363.687
2026-01-10 02:15,9363.687
2026-01-10 02:30,9363.687
2026-01-10 02:45,9363.749
2026-01-10 03:00,9363.749
2026-01-10 03:15,9363.749
2026-01-10 03:30,9363.749
2026-01-10 03:45,9363.749
2026-01-10 04:00,9363.749
2026-01-10 04:15,9363.749
2026-01-10 04:30,9363.777
2026-01-10 04:45,9363.777
2026-01-10 05:00,9363.803
2026-01-10 05:15,9363.810
2026-01-10 05:30,9363.810
2026-01-10 05:45,9363.810
2026-01-10 06:00,9363.810
2026-01-10 06:15,9363.824
2026-01-10 06:30,9363.862
2026-01-10 06:45,9363.869
2026-01-10 07:00,9363.869
2026-01-10 07:15,9363.869
2026-01-10 07:30,9363.869
2026-01-10 07:45,9363.869
2026-01-10 08:00,9363.881
2026-01-10 08:15,9363.936
2026-01-10 08:30,9364.023
2026-01-10 08:45,9364.075
2026-01-10 09:00,9364.137
2026-01-10 09:15,9364.441
2026-01-10 09:30,9364.503
2026-01-10 09:45,9364.560
2026-01-10 10:00,9364.612
2026-01-10 10:15,9364.666
2026-01-10 10:30,9364.720
2026-01-10 10:45,9364.790
2026-01-10 11:00,9364.852
2026-01-10 11:15,9364.880
2026-01-10 11:30,9364.880
2026-01-10 11:45,9364.916
2026-01-10 12:00,9364.916
2026-01-10 12:15,9364.916
2026-01-10 12:30,9364.916
2026-01-10 12:45,9364.942
2026-01-10 13:00,9364.977
2026-01-10 13:15,9364.977
2026-01-10 13:30,9364.977
2026-01-10 13:45,9364.977
2026-01-10 14:00,9364.977
2026-01-10 14:15,9364.977
2026-01-10 14:30,9364.977
2026-01-10 14:45,9365.005
2026-01-10 15:00,9365.005
2026-01-10 15:15,9365.005
2026-01-10 15:30,9365.017
2026-01-10 15:45,9365.017
2026-01-10 16:00,9365.017
2026-01-10 16:15,9365.048
2026-01-10 16:30,9365.048
2026-01-10 16:45,9365.048
2026-01-10 17:00,9365.048
2026-01-10 17:15,9365.050
2026-01-10 17:30,9365.067
2026-01-10 17:45,9365.087
2026-01-10 18:00,9365.095
2026-01-10 18:15,9365.142
2026-01-10 18:30,9365.182
2026-01-10 18:45,9365.227
2026-01-10 19:00,9365.296
2026-01-10 19:15,9365.327
2026-01-10 19:30,9365.349
2026-01-10 19:45,9365.371
2026-01-10 20:00,9365.371
2026-01-10 20:15,9365.371
2026-01-10 20:30,9365.398
2026-01-10 20:45,9365.424
2026-01-10 21:00,9365.451
2026-01-10 21:15,9365.451
2026-01-10 21:30,9365.451
2026-01-10 21:45,9365.451
2026-01-10 22:00,9365.451
2026-01-10 22:15,9365.451
2026-01-10 22:30,9365.451
2026-01-10 22:45,9365.451
2026-01-10 23:00,9365.451
2026-01-10 23:15,9365.451
2026-01-10 23:30,9365.489
2026-01-10 23:45,9365.535
2026-01-11 00:00,9365.535
2026-01-11 00:15,9365.535
2026-01-11 00:30,9365.535
2026-01-11 00:45,9365.535
2026-01-11 01:00,9365.535
2026-01-11 01:15,9365.573
2026-01-11 01:30,9365.573
2026-01-11 01:45,9365.573
2026-01-11 02:00,9365.606
2026-01-11 02:15,9365.606
2026-01-11 02:30,9365.606
2026-01-11 02:45,9365.606
2026-01-11 03:00,9365.642
2026-01-11 03:15,9365.642
2026-01-11 03:30,9365.688
2026-01-11 03:45,9365.688
2026-01-11 04:00,9365.688
2026-01-11 04:15,9365.688
2026-01-11 04:30,9365.722
2026-01-11 04:45,9365.722
2026-01-11 05:00,9365.722
2026-01-11 05:15,9365.722
2026-01-11 05:30,9365.722
2026-01-11 05:45,9365.757
2026-01-11 06:00,9365.788
2026-01-11 06:15,9365.788
2026-01-11 06:30,9365.788
2026-01-11 06:45,9365.788
2026-01-11 07:00,9365.788
2026-01-11 07:15,9365.834
2026-01-11 07:30,9365.907
2026-01-11 07:45,9365.941
2026-01-11 08:00,9365.941
2026-01-11 08:15,9365.999
2026-01-11 08:30,9366.068
2026-01-11 08:45,9366.402
2026-01-11 09:00,9366.478
2026-01-11 09:15,9366.539
2026-01-11 09:30,9366.595
2026-01-11 09:45,9366.687
2026-01-11 10:00,9366.753
2026-01-11 10:15,9367.027
2026-01-11 10:30,9367.086
2026-01-11 10:45,9367.127
2026-01-11 11:00,9367.155
2026-01-11 11:15,9367.155
2026-01-11 11:30,9367.389
2026-01-11 11:45,9367.401
2026-01-11 12:00,9367.485
2026-01-11 12:15,9367.512
2026-01-11 12:30,9367.512
2026-01-11 12:45,9367.550
2026-01-11 13:00,9367.550
2026-01-11 13:15,9367.550
2026-01-11 13:30,9367.550
2026-01-11 13:45,9367.550
2026-01-11 14:00,9367.550
2026-01-11 14:15,9367.550
2026-01-11 14:30,9367.578
2026-01-11 14:45,9367.578
2026-01-11 15:00,9367.589
2026-01-11 15:15,9367.589
2026-01-11 15:30,9367.589
2026-01-11 15:45,9367.589
2026-01-11 16:00,9367.632
2026-01-11 16:15,9367.692
2026-01-11 16:30,9367.736
2026-01-11 16:45,9367.783
2026-01-11 17:00,9367.851
2026-01-11 17:15,9367.956
2026-01-11 17:30,9368.031
2026-01-11 17:45,9368.078
2026-01-11 18:00,9368.122
2026-01-11 18:15,9368.193
2026-01-11 18:30,9368.239
2026-01-11 18:45,9368.274
2026-01-11 19:00,9368.274
2026-01-11 19:15,9368.274
2026-01-11 19:30,9368.274
2026-01-11 19:45,9368.274
2026-01-11 20:00,9368.319
2026-01-11 20:15,9368.319
2026-01-11 20:30,9368.319
2026-01-11 20:45,9368.319
2026-01-11 21:00,9368.319
2026-01-11 21:15,9368.319
2026-01-11 21:30,9368.351
2026-01-11 21:45,9368.351
2026-01-11 22:00,9368.351
2026-01-11 22:15,9368.351
2026-01-11 22:30,9368.351
2026-01-11 22:45,9368.351
2026-01-11 23:00,9368.351
2026-01-11 23:15,9368.386
2026-01-11 23:30,9368.386
2026-01-11 23:45,9368.386
2026-01-12 00:00,9368.386
2026-01-12 00:15,9368.386
2026-01-12 00:30,9368.386
2026-01-12 00:45,9368.413
2026-01-12 01:00,9368.413
2026-01-12 01:15,9368.413
2026-01-12 01:30,9368.413
2026-01-12 01:45,9368.462
2026-01-12 02:00,9368.474
2026-01-12 02:15,9368.474
2026-01-12 02:30,9368.524
2026-01-12 02:45,9368.524
2026-01-12 03:00,9368.524
2026-01-12 03:15,9368.524
2026-01-12 03:30,9368.524
2026-01-12 03:45,9368.524
2026-01-12 04:00,9368.524
2026-01-12 04:15,9368.524
2026-01-12 04:30,9368.524
2026-01-12 04:45,9368.524
2026-01-12 05:00,9368.524
2026-01-12 05:15,9368.621
2026-01-12 05:30,9368.621
2026-01-12 05:45,9368.621
2026-01-12 06:00,9368.652
2026-01-12 06:15,9368.652
2026-01-12 06:30,9368.652
2026-01-12 06:45,9368.658
2026-01-12 07:00,9368.717
2026-01-12 07:15,9368.760
2026-01-12 07:30,9368.760
2026-01-12 07:45,9369.023
2026-01-12 08:00,9369.035
2026-01-12 08:15,9369.035
2026-01-12 08:30,9369.098
2026-01-12 08:45,9369.151
2026-01-12 09:00,9369.151
2026-01-12 09:15,9369.212
2026-01-12 09:30,9369.300
2026-01-12 09:45,9369.355
2026-01-12 10:00,9369.357
2026-01-12 10:15,9369.459
2026-01-12 10:30,9369.501
2026-01-12 10:45,9369.501
2026-01-12 11:00,9369.542
2026-01-12 11:15,9369.577
2026-01-12 11:30,9369.577
2026-01-12 11:45,9369.577
2026-01-12 12:00,9369.577
2026-01-12 12:15,9369.577
2026-01-12 12:30,9369.603
2026-01-12 12:45,9369.610
2026-01-12 13:00,9369.621
2026-01-12 13:15,9369.621
2026-01-12 13:30,9369.621
2026-01-12 13:45,9369.621
2026-01-12 14:00,9369.621
2026-01-12 14:15,9369.621
2026-01-12 14:30,9369.668
2026-01-12 14:45,9369.668
2026-01-12 15:00,9369.668
2026-01-12 15:15,9369.668
2026-01-12 15:30,9369.668
2026-01-12 15:45,9369.668
2026-01-12 16:00,9369.668
2026-01-12 16:15,9369.668
2026-01-12 16:30,9369.668
2026-01-12 16:45,9369.668
2026-01-12 17:00,9369.700
2026-01-12 17:15,9369.700
2026-01-12 17:30,9369.700
2026-01-12 17:45,9369.700
2026-01-12 18:00,9369.700
2026-01-12 18:15,9369.734
2026-01-12 18:30,9369.734
2026-01-12 18:45,9369.734
2026-01-12 19:00,9369.734
2026-01-12 19:15,9369.734
2026-01-12 19:30,9369.734
2026-01-12 19:45,9369.734
2026-01-12 20:00,9369.762
2026-01-12 20:15,9369.762
2026-01-12 20:30,9369.762
2026-01-12 20:45,9369.762
2026-01-12 21:00,9369.762
2026-01-12 21:15,9369.762
2026-01-12 21:30,9369.803
2026-01-12 21:45,9369.805
2026-01-12 22:00,9369.805
2026-01-12 22:15,9369.805
2026-01-12 22:30,9369.805
2026-01-12 22:45,9369.805
2026-01-12 23:00,9369.805
2026-01-12 23:15,9369.805
2026-01-12 23:30,9369.805
2026-01-12 23:45,9369.835
2026-01-13 00:00,9369.835
2026-01-13 00:15,9369.835
2026-01-13 00:30,9369.835
2026-01-13 00:45,9369.835
2026-01-13 01:00,9369.846
2026-01-13 01:15,9369.877
2026-01-13 01:30,9369.877
2026-01-13 01:45,9369.877
2026-01-13 02:00,9369.877
2026-01-13 02:15,9369.877
2026-01-13 02:30,9369.877
2026-01-13 02:45,9369.877
2026-01-13 03:00,9369.877
2026-01-13 03:15,9369.877
2026-01-13 03:30,9369.909
2026-01-13 03:45,9369.909
2026-01-13 04:00,9369.909
2026-01-13 04:15,9369.909
2026-01-13 04:30,9369.909
2026-01-13 04:45,9369.945
2026-01-13 05:00,9369.945
2026-01-13 05:15,9369.945
2026-01-13 05:30,9369.945
2026-01-13 05:45,9369.945
2026-01-13 06:00,9369.945
2026-01-13 06:15,9369.974
2026-01-13 06:30,9369.974
2026-01-13 06:45,9369.974
2026-01-13 07:00,9370.079
2026-01-13 07:15,9370.079
2026-01-13 07:30,9370.079
2026-01-13 07:45,9370.109
2026-01-13 08:00,9370.131
2026-01-13 08:15,9370.131
2026-01-13 08:30,9370.131
2026-01-13 08:45,9370.131
2026-01-13 09:00,9370.131
2026-01-13 09:15,9370.352
2026-01-13 09:30,9370.454
2026-01-13 09:45,9370.454
2026-01-13 10:00,9370.454
2026-01-13 10:15,9370.454
2026-01-13 10:30,9370.454
2026-01-13 10:45,9370.486
2026-01-13 11:00,9370.507
2026-01-13 11:15,9370.507
2026-01-13 11:30,9370.507
2026-01-13 11:45,9370.507
2026-01-13 12:00,9370.507
2026-01-13 12:15,9370.507
2026-01-13 12:30,9370.507
2026-01-13 12:45,9370.507
2026-01-13 13:00,9370.507
2026-01-13 13:15,9370.507
2026-01-13 13:30,9370.507
2026-01-13 13:45,9370.544
2026-01-13 14:00,9370.554
2026-01-13 14:15,9370.554
2026-01-13 14:30,9370.554
2026-01-13 14:45,9370.554
2026-01-13 15:00,9370.554
2026-01-13 15:15,9370.554
2026-01-13 15:30,9370.554
2026-01-13 15:45,9370.554
2026-01-13 16:00,9370.554
2026-01-13 16:15,9370.554
2026-01-13 16:30,9370.586
2026-01-13 16:45,9370.586
2026-01-13 17:00,9370.586
2026-01-13 17:15,9370.586
2026-01-13 17:30,9370.660
2026-01-13 17:45,9370.660
2026-01-13 18:00,9370.660
2026-01-13 18:15,9370.660
2026-01-13 18:30,9370.693
2026-01-13 18:45,9370.693
2026-01-13 19:00,9370.693
2026-01-13 19:15,9370.730
2026-01-13 19:30,9370.730
2026-01-13 19:45,9370.763
2026-01-13 20:00,9370.763
2026-01-13 20:15,9370.763
2026-01-13 20:30,9370.763
2026-01-13 20:45,9370.763
2026-01-13 21:00,9370.844
2026-01-13 21:15,9370.844
2026-01-13 21:30,9370.844
2026-01-13 21:45,9370.844
2026-01-13 22:00,9370.844
2026-01-13 22:15,9370.844
2026-01-13 22:30,9370.916
2026-01-13 22:45,9370.916
2026-01-13 23:00,9370.916
2026-01-13 23:15,9370.916
2026-01-13 23:30,9370.916
2026-01-13 23:45,9370.916
2026-01-14 00:00,9370.916
2026-01-14 00:15,9370.916
2026-01-14 00:30,9370.916
2026-01-14 00:45,9370.916
2026-01-14 01:00,9370.916
2026-01-14 01:15,9370.916
2026-01-14 01:30,9370.916
2026-01-14 01:45,9370.916
2026-01-14 02:00,9370.916
2026-01-14 02:15,9370.916
2026-01-14 02:30,9370.916
2026-01-14 02:45,9370.916
2026-01-14 03:00,9370.916
2026-01-14 03:15,9370.916
2026-01-14 03:30,9370.916
2026-01-14 03:45,9370.916
2026-01-14 04:00,9370.916
2026-01-14 04:15,9370.916
2026-01-14 04:30,9370.978
2026-01-14 04:45,9370.978
2026-01-14 05:00,9370.978
2026-01-14 05:15,9370.978
2026-01-14 05:30,9370.978
2026-01-14 05:45,9370.978
2026-01-14 06:00,9370.978
2026-01-14 06:15,9370.978
2026-01-14 06:30,9370.978
2026-01-14 06:45,9370.978
2026-01-14 07:00,9370.978
2026-01-14 07:15,9370.978
2026-01-14 07:30,9371.027
2026-01-14 07:45,9371.027
2026-01-14 08:00,9371.275
2026-01-14 08:15,9371.275
2026-01-14 08:30,9371.275
2026-01-14 08:45,9371.275
2026-01-14 09:00,9371.275
2026-01-14 09:15,9371.275
2026-01-14 09:30,9371.275
2026-01-14 09:45,9371.275
2026-01-14 10:00,9371.499
2026-01-14 10:15,9371.499
2026-01-14 10:30,9371.499
2026-01-14 10:45,9371.499
2026-01-14 11:00,9371.499
2026-01-14 11:15,9371.499
2026-01-14 11:30,9371.499
2026-01-14 11:45,9371.499
2026-01-14 12:00,9371.499
2026-01-14 12:15,9371.499
2026-01-14 12:30,9371.499
2026-01-14 12:45,9371.545
2026-01-14 13:00,9371.545
2026-01-14 13:15,9371.545
2026-01-14 13:30,9371.545
2026-01-14 13:45,9371.545
2026-01-14 14:00,9371.545
2026-01-14 14:15,9371.545
2026-01-14 14:30,9371.545
2026-01-14 14:45,9371.545
2026-01-14 15:00,9371.545
2026-01-14 15:15,9371.579
2026-01-14 15:30,9371.579
2026-01-14 15:45,9371.579
2026-01-14 16:00,9371.579
2026-01-14 16:15,9371.579
2026-01-14 16:30,9371.635
2026-01-14 16:45,9371.658
2026-01-14 17:00,9371.658
2026-01-14 17:15,9371.658
2026-01-14 17:30,9371.658
2026-01-14 17:45,9371.708
2026-01-14 18:00,9371.708
2026-01-14 18:15,9371.708
2026-01-14 18:30,9371.708
2026-01-14 18:45,9371.746
2026-01-14 19:00,9371.746
2026-01-14 19:15,9371.840
2026-01-14 19:30,9372.431
2026-01-14 19:45,9372.478
2026-01-14 20:00,9372.538
2026-01-14 20:15,9372.538
2026-01-14 20:30,9372.538
2026-01-14 20:45,9372.595
2026-01-14 21:00,9372.595
2026-01-14 21:15,9372.595
2026-01-14 21:30,9372.595
2026-01-14 21:45,9372.633
2026-01-14 22:00,9372.633
2026-01-14 22:15,9372.633
2026-01-14 22:30,9372.633
2026-01-14 22:45,9373.242
2026-01-14 23:00,9373.635
2026-01-14 23:15,9373.635
2026-01-14 23:30,9373.635
2026-01-14 23:45,9373.635
2026-01-15 00:00,9373.635
2026-01-15 00:15,9373.635
2026-01-15 00:30,9373.635
2026-01-15 00:45,9373.635
2026-01-15 01:00,9373.664
2026-01-15 01:15,9373.664
2026-01-15 01:30,9373.664
2026-01-15 01:45,9373.664
2026-01-15 02:00,9373.664
2026-01-15 02:15,9373.664
2026-01-15 02:30,9373.706
2026-01-15 02:45,9373.706
2026-01-15 03:00,9373.706
2026-01-15 03:15,9373.706
2026-01-15 03:30,9373.706
2026-01-15 03:45,9373.706
2026-01-15 04:00,9373.706
2026-01-15 04:15,9373.706
2026-01-15 04:30,9373.706
2026-01-15 04:45,9373.706
2026-01-15 05:00,9373.738
2026-01-15 05:15,9373.738
2026-01-15 05:30,9373.738
2026-01-15 05:45,9373.738
2026-01-15 06:00,9373.738
2026-01-15 06:15,9373.773
2026-01-15 06:30,9373.773
2026-01-15 06:45,9373.773
2026-01-15 07:00,9373.773
2026-01-15 07:15,9373.773
2026-01-15 07:30,9373.773
2026-01-15 07:45,9373.773
2026-01-15 08:00,9373.802
2026-01-15 08:15,9373.802
2026-01-15 08:30,9374.012
2026-01-15 08:45,9374.012
2026-01-15 09:00,9374.012
2026-01-15 09:15,9374.147
2026-01-15 09:30,9374.147
2026-01-15 09:45,9374.147
2026-01-15 10:00,9374.147
2026-01-15 10:15,9374.147
2026-01-15 10:30,9374.147
2026-01-15 10:45,9374.147
2026-01-15 11:00,9374.147
2026-01-15 11:15,9374.147
2026-01-15 11:30,9374.147
2026-01-15 11:45,9374.147
2026-01-15 12:00,9374.193
2026-01-15 12:15,9374.193
2026-01-15 12:30,9374.193
2026-01-15 12:45,9374.193
2026-01-15 13:00,9374.193
2026-01-15 13:15,9374.193
2026-01-15 13:30,9374.227
2026-01-15 13:45,9374.270
2026-01-15 14:00,9374.270
2026-01-15 14:15,9374.270
2026-01-15 14:30,9374.270
2026-01-15 14:45,9374.270
2026-01-15 15:00,9374.270
2026-01-15 15:15,9374.303
2026-01-15 15:30,9374.361
2026-01-15 15:45,9374.361
2026-01-15 16:00,9374.361
2026-01-15 16:15,9374.361
2026-01-15 16:30,9374.370
2026-01-15 16:45,9374.370
2026-01-15 17:00,9374.370
2026-01-15 17:15,9374.370
2026-01-15 17:30,9374.429
2026-01-15 17:45,9374.429
2026-01-15 18:00,9374.429
2026-01-15 18:15,9374.515
2026-01-15 18:30,9374.544
2026-01-15 18:45,9374.544
2026-01-15 19:00,9374.544
2026-01-15 19:15,9374.625
2026-01-15 19:30,9374.634
2026-01-15 19:45,9374.634
2026-01-15 20:00,9374.634
2026-01-15 20:15,9374.686
2026-01-15 20:30,9374.686
2026-01-15 20:45,9374.686
2026-01-15 21:00,9374.686
2026-01-15 21:15,9374.931
2026-01-15 21:30,9375.653
2026-01-15 21:45,9375.830
2026-01-15 22:00,9375.830
2026-01-15 22:15,9375.830
2026-01-15 22:30,9375.830
2026-01-15 22:45,9375.984
2026-01-15 23:00,9375.984
2026-01-15 23:15,9375.984
2026-01-15 23:30,9375.984
2026-01-15 23:45,9375.984
2026-01-16 00:00,9375.984
2026-01-16 00:15,9375.984
2026-01-16 00:30,9375.984
2026-01-16 00:45,9375.984
2026-01-16 01:00,9375.984
2026-01-16 01:15,9376.018
2026-01-16 01:30,9376.018
2026-01-16 01:45,9376.018
2026-01-16 02:00,9376.018
2026-01-16 02:15,9376.018
2026-01-16 02:30,9376.044
2026-01-16 02:45,9376.044
2026-01-16 03:00,9376.044
2026-01-16 03:15,9376.044
2026-01-16 03:30,9376.044
2026-01-16 03:45,9376.044
2026-01-16 04:00,9376.074
2026-01-16 04:15,9376.074
2026-01-16 04:30,9376.074
2026-01-16 04:45,9376.074
2026-01-16 05:00,9376.074
2026-01-16 05:15,9376.102
2026-01-16 05:30,9376.103
2026-01-16 05:45,9376.103
2026-01-16 06:00,9376.103
2026-01-16 06:15,9376.103
2026-01-16 06:30,9376.103
2026-01-16 06:45,9376.132
2026-01-16 07:00,9376.221
2026-01-16 07:15,9376.221
2026-01-16 07:30,9376.221
2026-01-16 07:45,9376.221
2026-01-16 08:00,9376.265
2026-01-16 08:15,9376.265
2026-01-16 08:30,9376.265
2026-01-16 08:45,9376.265
2026-01-16 09:00,9376.265
2026-01-16 09:15,9376.505
2026-01-16 09:30,9376.505
2026-01-16 09:45,9376.505
2026-01-16 10:00,9376.505
2026-01-16 10:15,9376.505
2026-01-16 10:30,9376.505
2026-01-16 10:45,9376.505
2026-01-16 11:00,9376.505
2026-01-16 11:15,9376.532
2026-01-16 11:30,9376.532
2026-01-16 11:45,9376.532
2026-01-16 12:00,9376.532
2026-01-16 12:15,9376.565
2026-01-16 12:30,9376.565
2026-01-16 12:45,9376.616
2026-01-16 13:00,9376.616
2026-01-16 13:15,9376.616
2026-01-16 13:30,9376.616
2026-01-16 13:45,9376.616
2026-01-16 14:00,9376.649
2026-01-16 14:15,9376.649
2026-01-16 14:30,9376.649
2026-01-16 14:45,9376.649
2026-01-16 15:00,9376.649
2026-01-16 15:15,9376.735
2026-01-16 15:30,9376.735
2026-01-16 15:45,9376.735
2026-01-16 16:00,9376.735
2026-01-16 16:15,9376.735
2026-01-16 16:30,9376.811
2026-01-16 16:45,9376.811
2026-01-16 17:00,9376.811
2026-01-16 17:15,9376.811
2026-01-16 17:30,9376.811
2026-01-16 17:45,9376.850
2026-01-16 18:00,9376.850
2026-01-16 18:15,9376.850
2026-01-16 18:30,9376.850
2026-01-16 18:45,9376.904
2026-01-16 19:00,9376.904
2026-01-16 19:15,9376.904
2026-01-16 19:30,9376.952
2026-01-16 19:45,9376.978
2026-01-16 20:00,9377.004
2026-01-16 20:15,9377.004
2026-01-16 20:30,9377.004
2026-01-16 20:45,9377.045
2026-01-16 21:00,9377.045
2026-01-16 21:15,9377.045
2026-01-16 21:30,9377.045
2026-01-16 21:45,9377.045
2026-01-16 22:00,9377.045
2026-01-16 22:15,9377.082
2026-01-16 22:30,9377.082
2026-01-16 22:45,9377.082
2026-01-16 23:00,9377.082
2026-01-16 23:15,9377.082
2026-01-16 23:30,9377.110
2026-01-16 23:45,9377.117
2026-01-17 00:00,9377.117
2026-01-17 00:15,9377.117
2026-01-17 00:30,9377.117
2026-01-17 00:45,9377.117
2026-01-17 01:00,9377.117
2026-01-17 01:15,9377.117
2026-01-17 01:30,9377.147
2026-01-17 01:45,9377.147
2026-01-17 02:00,9377.147
2026-01-17 02:15,9377.147
2026-01-17 02:30,9377.147
2026-01-17 02:45,9377.147
2026-01-17 03:00,9377.153
2026-01-17 03:15,9377.189
2026-01-17 03:30,9377.189
2026-01-17 03:45,9377.189
2026-01-17 04:00,9377.189
2026-01-17 04:15,9377.189
2026-01-17 04:30,9377.189
2026-01-17 04:45,9377.189
2026-01-17 05:00,9377.189
2026-01-17 05:15,9377.213
2026-01-17 05:30,9377.220
2026-01-17 05:45,9377.220
2026-01-17 06:00,9377.220
2026-01-17 06:15,9377.220
2026-01-17 06:30,9377.220
2026-01-17 06:45,9377.255
2026-01-17 07:00,9377.255
2026-01-17 07:15,9377.255
2026-01-17 07:30,9377.398
2026-01-17 07:45,9377.398
2026-01-17 08:00,9377.398
2026-01-17 08:15,9377.398
2026-01-17 08:30,9377.398
2026-01-17 08:45,9377.398
2026-01-17 09:00,9377.398
2026-01-17 09:15,9377.398
2026-01-17 09:30,9377.398
2026-01-17 09:45,9377.428
2026-01-17 10:00,9377.428
2026-01-17 10:15,9377.428
2026-01-17 10:30,9377.428
2026-01-17 10:45,9377.428
2026-01-17 11:00,9377.428
2026-01-17 11:15,9377.461
2026-01-17 11:30,9377.461
2026-01-17 11:45,9377.461
2026-01-17 12:00,9377.461
2026-01-17 12:15,9377.461
2026-01-17 12:30,9377.461
2026-01-17 12:45,9377.491
2026-01-17 13:00,9377.527
2026-01-17 13:15,9377.527
2026-01-17 13:30,9377.527
2026-01-17 13:45,9377.527
2026-01-17 14:00,9377.527
2026-01-17 14:15,9377.527
2026-01-17 14:30,9377.527
2026-01-17 14:45,9377.569
2026-01-17 15:00,9377.569
2026-01-17 15:15,9377.569
2026-01-17 15:30,9377.569
2026-01-17 15:45,9377.569
2026-01-17 16:00,9377.603
2026-01-17 16:15,9377.603
2026-01-17 16:30,9377.603
2026-01-17 16:45,9377.603
2026-01-17 17:00,9377.672
2026-01-17 17:15,9377.672
2026-01-17 17:30,9377.672
2026-01-17 17:45,9377.672
2026-01-17 18:00,9377.709
2026-01-17 18:15,9377.709
2026-01-17 18:30,9377.757
2026-01-17 18:45,9377.789
2026-01-17 19:00,9377.789
2026-01-17 19:15,9377.789
2026-01-17 19:30,9377.789
2026-01-17 19:45,9377.789
2026-01-17 20:00,9377.789
2026-01-17 20:15,9377.826
2026-01-17 20:30,9377.826
2026-01-17 20:45,9377.826
2026-01-17 21:00,9377.826
2026-01-17 21:15,9377.826
2026-01-17 21:30,9377.826
2026-01-17 21:45,9377.826
2026-01-17 22:00,9377.869
2026-01-17 22:15,9377.869
2026-01-17 22:30,9377.869
2026-01-17 22:45,9377.869
2026-01-17 23:00,9377.869
2026-01-17 23:15,9377.869
2026-01-17 23:30,9377.869
2026-01-17 23:45,9377.869
2026-01-18 00:00,9377.869
2026-01-18 00:15,9377.869
2026-01-18 00:30,9377.900
2026-01-18 00:45,9377.900
2026-01-18 01:00,9377.900
2026-01-18 01:15,9377.900
2026-01-18 01:30,9377.935
2026-01-18 01:45,9377.935
2026-01-18 02:00,9377.935
2026-01-18 02:15,9377.935
2026-01-18 02:30,9377.935
2026-01-18 02:45,9377.935
2026-01-18 03:00,9377.935
2026-01-18 03:15,9377.965
2026-01-18 03:30,9378.049
2026-01-18 03:45,9378.091
2026-01-18 04:00,9378.154
2026-01-18 04:15,9378.209
2026-01-18 04:30,9378.253
2026-01-18 04:45,9378.304
2026-01-18 05:00,9378.379
2026-01-18 05:15,9378.379
2026-01-18 05:30,9378.379
2026-01-18 05:45,9378.408
2026-01-18 06:00,9378.408
2026-01-18 06:15,9378.408
2026-01-18 06:30,9378.408
2026-01-18 06:45,9378.474
2026-01-18 07:00,9378.474
2026-01-18 07:15,9378.510
2026-01-18 07:30,9378.510
2026-01-18 07:45,9378.548
2026-01-18 08:00,9378.548
2026-01-18 08:15,9378.674
2026-01-18 08:30,9378.740
2026-01-18 08:45,9378.819
2026-01-18 09:00,9378.894
2026-01-18 09:15,9379.100
2026-01-18 09:30,9379.178
2026-01-18 09:45,9379.244
2026-01-18 10:00,9379.342
2026-01-18 10:15,9379.403
2026-01-18 10:30,9379.437
2026-01-18 10:45,9379.532
2026-01-18 11:00,9379.586
2026-01-18 11:15,9379.697
2026-01-18 11:30,9379.705
2026-01-18 11:45,9379.742
2026-01-18 12:00,9380.058
2026-01-18 12:15,9380.058
2026-01-18 12:30,9380.196
2026-01-18 12:45,9380.196
2026-01-18 13:00,9380.196
2026-01-18 13:15,9380.196
2026-01-18 13:30,9380.196
2026-01-18 13:45,9380.196
2026-01-18 14:00,9380.196
2026-01-18 14:15,9380.226
2026-01-18 14:30,9380.259
2026-01-18 14:45,9380.259
2026-01-18 15:00,9380.259
2026-01-18 15:15,9380.259
2026-01-18 15:30,9380.285
2026-01-18 15:45,9380.285
2026-01-18 16:00,9380.285
2026-01-18 16:15,9380.285
2026-01-18 16:30,9380.285
2026-01-18 16:45,9380.285
2026-01-18 17:00,9380.285
2026-01-18 17:15,9380.313
2026-01-18 17:30,9380.313
2026-01-18 17:45,9380.313
2026-01-18 18:00,9380.313
2026-01-18 18:15,9380.360
2026-01-18 18:30,9380.360
2026-01-18 18:45,9380.467
2026-01-18 19:00,9380.499
2026-01-18 19:15,9380.569
2026-01-18 19:30,9380.569
2026-01-18 19:45,9380.624
2026-01-18 20:00,9380.804
2026-01-18 20:15,9380.804
2026-01-18 20:30,9380.804
2026-01-18 20:45,9380.804
2026-01-18 21:00,9380.836
2026-01-18 21:15,9380.836
2026-01-18 21:30,9380.836
2026-01-18 21:45,9380.870
2026-01-18 22:00,9380.870
2026-01-18 22:15,9380.870
2026-01-18 22:30,9380.870
2026-01-18 22:45,9380.870
2026-01-18 23:00,9380.898
2026-01-18 23:15,9380.898
2026-01-18 23:30,9380.951
2026-01-18 23:45,9380.951
2026-01-19 00:00,9380.951
2026-01-19 00:15,9380.951
2026-01-19 00:30,9380.991
2026-01-19 00:45,9380.991
2026-01-19 01:00,9381.052
2026-01-19 01:15,9381.052
2026-01-19 01:30,9381.052
2026-01-19 01:45,9381.089
2026-01-19 02:00,9381.089
2026-01-19 02:15,9381.152
2026-01-19 02:30,9381.152
2026-01-19 02:45,9381.152
2026-01-19 03:00,9381.152
2026-01-19 03:15,9381.219
2026-01-19 03:30,9381.219
2026-01-19 03:45,9381.219
2026-01-19 04:00,9381.219
2026-01-19 04:15,9381.288
2026-01-19 04:30,9381.288
2026-01-19 04:45,9381.289
2026-01-19 05:00,9381.324
2026-01-19 05:15,9381.381
2026-01-19 05:30,9381.381
2026-01-19 05:45,9381.381
2026-01-19 06:00,9381.381
2026-01-19 06:15,9381.381
2026-01-19 06:30,9381.501
2026-01-19 06:45,9381.501
2026-01-19 07:00,9381.501
2026-01-19 07:15,9381.633
2026-01-19 07:30,9381.633
2026-01-19 07:45,9381.665
2026-01-19 08:00,9381.665
2026-01-19 08:15,9381.729
2026-01-19 08:30,9381.805
2026-01-19 08:45,9382.114
2026-01-19 09:00,9382.172
2026-01-19 09:15,9382.358
2026-01-19 09:30,9382.421
2026-01-19 09:45,9382.449
2026-01-19 10:00,9382.585
2026-01-19 10:15,9382.631
2026-01-19 10:30,9382.645
2026-01-19 10:45,9382.781
2026-01-19 11:00,9382.785
2026-01-19 11:15,9382.785
2026-01-19 11:30,9382.785
2026-01-19 11:45,9382.785
2026-01-19 12:00,9382.785
2026-01-19 12:15,9382.819
2026-01-19 12:30,9382.819
2026-01-19 12:45,9382.819
2026-01-19 13:00,9382.819
2026-01-19 13:15,9382.819
2026-01-19 13:30,9382.819
2026-01-19 13:45,9382.847
2026-01-19 14:00,9382.847
2026-01-19 14:15,9382.847
2026-01-19 14:30,9382.847
2026-01-19 14:45,9382.847
2026-01-19 15:00,9382.847
2026-01-19 15:15,9382.847
2026-01-19 15:30,9382.890
2026-01-19 15:45,9382.890
2026-01-19 16:00,9382.890
2026-01-19 16:15,9382.890
2026-01-19 16:30,9382.890
2026-01-19 16:45,9382.890
2026-01-19 17:00,9382.890
2026-01-19 17:15,9382.890
2026-01-19 17:30,9382.890
2026-01-19 17:45,9382.921
2026-01-19 18:00,9382.921
2026-01-19 18:15,9382.921
2026-01-19 18:30,9382.921
2026-01-19 18:45,9382.921
2026-01-19 19:00,9382.921
2026-01-19 19:15,9382.955
2026-01-19 19:30,9383.032
2026-01-19 19:45,9383.032
2026-01-19 20:00,9383.032
2026-01-19 20:15,9383.032
2026-01-19 20:30,9383.032
2026-01-19 20:45,9383.032
2026-01-19 21:00,9383.068
2026-01-19 21:15,9383.068
2026-01-19 21:30,9383.068
2026-01-19 21:45,9383.068
2026-01-19 22:00,9383.068
2026-01-19 22:15,9383.068
2026-01-19 22:30,9383.068
2026-01-19 22:45,9383.110
2026-01-19 23:00,9383.173
2026-01-19 23:15,9383.173
2026-01-19 23:30,9383.228
2026-01-19 23:45,9383.228
2026-01-20 00:00,9383.228
2026-01-20 00:15,9383.228
2026-01-20 00:30,9383.228
2026-01-20 00:45,9383.266
2026-01-20 01:00,9383.266
2026-01-20 01:15,9383.266
2026-01-20 01:30,9383.327
2026-01-20 01:45,9383.327
2026-01-20 02:00,9383.379
2026-01-20 02:15,9383.379
2026-01-20 02:30,9383.379
2026-01-20 02:45,9383.379
2026-01-20 03:00,9383.379
2026-01-20 03:15,9383.440
2026-01-20 03:30,9383.440
2026-01-20 03:45,9383.440
2026-01-20 04:00,9383.440
2026-01-20 04:15,9383.478
2026-01-20 04:30,9383.478
2026-01-20 04:45,9383.478
2026-01-20 05:00,9383.546
2026-01-20 05:15,9383.546
2026-01-20 05:30,9383.597
2026-01-20 05:45,9383.597
2026-01-20 06:00,9383.597
2026-01-20 06:15,9383.615
2026-01-20 06:30,9383.662
2026-01-20 06:45,9383.662
2026-01-20 07:00,9383.662
2026-01-20 07:15,9383.787
2026-01-20 07:30,9383.865
2026-01-20 07:45,9383.931
2026-01-20 08:00,9383.931
2026-01-20 08:15,9383.991
2026-01-20 08:30,9384.057
2026-01-20 08:45,9384.137
2026-01-20 09:00,9384.546
2026-01-20 09:15,9384.635
2026-01-20 09:30,9384.655
2026-01-20 09:45,9384.702
2026-01-20 10:00,9384.791
2026-01-20 10:15,9384.934
2026-01-20 10:30,9384.986
2026-01-20 10:45,9385.119
2026-01-20 11:00,9385.166
2026-01-20 11:15,9385.203
2026-01-20 11:30,9385.278
2026-01-20 11:45,9385.311
2026-01-20 12:00,9385.311
2026-01-20 12:15,9385.311
2026-01-20 12:30,9385.311
2026-01-20 12:45,9385.311
2026-01-20 13:00,9385.311
2026-01-20 13:15,9385.347
2026-01-20 13:30,9385.347
2026-01-20 13:45,9385.347
2026-01-20 14:00,9385.347
2026-01-20 14:15,9385.347
2026-01-20 14:30,9385.347
2026-01-20 14:45,9385.382
2026-01-20 15:00,9385.382
2026-01-20 15:15,9385.382
2026-01-20 15:30,9385.382
2026-01-20 15:45,9385.382
2026-01-20 16:00,9385.382
2026-01-20 16:15,9385.382
2026-01-20 16:30,9385.409
2026-01-20 16:45,9385.409
2026-01-20 17:00,9385.409
2026-01-20 17:15,9385.409
2026-01-20 17:30,9385.409
2026-01-20 17:45,9385.409
2026-01-20 18:00,9385.467
2026-01-20 18:15,9385.517
2026-01-20 18:30,9385.517
2026-01-20 18:45,9385.517
2026-01-20 19:00,9385.517
2026-01-20 19:15,9385.559
2026-01-20 19:30,9385.559
2026-01-20 19:45,9385.559
2026-01-20 20:00,9385.559
2026-01-20 20:15,9385.559
2026-01-20 20:30,9385.559
2026-01-20 20:45,9385.559
2026-01-20 21:00,9385.559
2026-01-20 21:15,9385.559
2026-01-20 21:30,9385.559
2026-01-20 21:45,9385.613
2026-01-20 22:00,9385.613
2026-01-20 22:15,9385.613
2026-01-20 22:30,9385.661
2026-01-20 22:45,9385.661
2026-01-20 23:00,9385.661
2026-01-20 23:15,9385.661
2026-01-20 23:30,9385.661
2026-01-20 23:45,9385.661
2026-01-21 00:00,9385.661
2026-01-21 00:15,9385.736
2026-01-21 00:30,9385.736
2026-01-21 00:45,9385.736
2026-01-21 01:00,9385.736
2026-01-21 01:15,9385.736
2026-01-21 01:30,9385.736
2026-01-21 01:45,9385.736
2026-01-21 02:00,9385.736
2026-01-21 02:15,9385.794
2026-01-21 02:30,9385.794
2026-01-21 02:45,9385.794
2026-01-21 03:00,9385.794
2026-01-21 03:15,9385.794
2026-01-21 03:30,9385.794
2026-01-21 03:45,9385.794
2026-01-21 04:00,9385.860
2026-01-21 04:15,9385.920
2026-01-21 04:30,9385.922
2026-01-21 04:45,9385.922
2026-01-21 05:00,9385.922
2026-01-21 05:15,9385.922
2026-01-21 05:30,9385.922
2026-01-21 05:45,9385.922
2026-01-21 06:00,9385.922
2026-01-21 06:15,9385.922
2026-01-21 06:30,9385.922
2026-01-21 06:45,9385.968
2026-01-21 07:00,9385.968
2026-01-21 07:15,9386.086
2026-01-21 07:30,9386.289
2026-01-21 07:45,9386.289
2026-01-21 08:00,9386.289
2026-01-21 08:15,9386.344
2026-01-21 08:30,9386.356
2026-01-21 08:45,9386.400
2026-01-21 09:00,9386.468
2026-01-21 09:15,9386.534
2026-01-21 09:30,9386.554
2026-01-21 09:45,9386.626
2026-01-21 10:00,9386.696
2026-01-21 10:15,9386.753
2026-01-21 10:30,9386.793
2026-01-21 10:45,9386.833
2026-01-21 11:00,9386.846
2026-01-21 11:15,9386.846
2026-01-21 11:30,9386.921
2026-01-21 11:45,9386.921
2026-01-21 12:00,9386.921
2026-01-21 12:15,9386.957
2026-01-21 12:30,9386.957
2026-01-21 12:45,9386.957
2026-01-21 13:00,9386.957
2026-01-21 13:15,9386.957
2026-01-21 13:30,9386.957
2026-01-21 13:45,9386.957
2026-01-21 14:00,9386.994
2026-01-21 14:15,9386.994
2026-01-21 14:30,9386.994
2026-01-21 14:45,9386.994
2026-01-21 15:00,9386.996
2026-01-21 15:15,9386.996
2026-01-21 15:30,9387.023
2026-01-21 15:45,9387.023
2026-01-21 16:00,9387.023
2026-01-21 16:15,9387.023
2026-01-21 16:30,9387.023
2026-01-21 16:45,9387.023
2026-01-21 17:00,9387.026
2026-01-21 17:15,9387.150
2026-01-21 17:30,9387.298
2026-01-21 17:45,9387.298
2026-01-21 18:00,9387.298
2026-01-21 18:15,9387.298
2026-01-21 18:30,9387.298
2026-01-21 18:45,9387.298
2026-01-21 19:00,9387.298
2026-01-21 19:15,9387.298
2026-01-21 19:30,9387.537
2026-01-21 19:45,9388.142
2026-01-21 20:00,9388.149
2026-01-21 20:15,9388.460
2026-01-21 20:30,9389.202
2026-01-21 20:45,9389.296
2026-01-21 21:00,9389.296
2026-01-21 21:15,9389.296
2026-01-21 21:30,9389.296
2026-01-21 21:45,9389.322
2026-01-21 22:00,9389.322
2026-01-21 22:15,9389.322
2026-01-21 22:30,9389.322
2026-01-21 22:45,9389.582
2026-01-21 23:00,9389.582
2026-01-21 23:15,9389.582
2026-01-21 23:30,9389.582
2026-01-21 23:45,9389.582
2026-01-22 00:00,9389.582
2026-01-22 00:15,9389.582
2026-01-22 00:30,9389.648
2026-01-22 00:45,9389.648
2026-01-22 01:00,9389.686
2026-01-22 01:15,9389.686
2026-01-22 01:30,9389.686
2026-01-22 01:45,9389.686
2026-01-22 02:00,9389.686
2026-01-22 02:15,9389.721
2026-01-22 02:30,9389.721
2026-01-22 02:45,9389.721
2026-01-22 03:00,9389.721
2026-01-22 03:15,9389.771
2026-01-22 03:30,9389.771
2026-01-22 03:45,9389.771
2026-01-22 04:00,9389.771
2026-01-22 04:15,9389.808
2026-01-22 04:30,9389.808
2026-01-22 04:45,9389.808
2026-01-22 05:00,9389.808
2026-01-22 05:15,9389.808
2026-01-22 05:30,9389.808
2026-01-22 05:45,9389.846
2026-01-22 06:00,9389.900
2026-01-22 06:15,9389.900
2026-01-22 06:30,9389.900
2026-01-22 06:45,9389.900
2026-01-22 07:00,9389.900
2026-01-22 07:15,9389.952
2026-01-22 07:30,9390.022
2026-01-22 07:45,9390.072
2026-01-22 08:00,9390.072
2026-01-22 08:15,9390.072
2026-01-22 08:30,9390.131
2026-01-22 08:45,9390.297
2026-01-22 09:00,9390.439
2026-01-22 09:15,9390.439
2026-01-22 09:30,9390.496
2026-01-22 09:45,9390.550
2026-01-22 10:00,9390.606
2026-01-22 10:15,9390.606
2026-01-22 10:30,9390.694
2026-01-22 10:45,9390.754
2026-01-22 11:00,9390.804
2026-01-22 11:15,9390.845
2026-01-22 11:30,9390.892
2026-01-22 11:45,9390.892
2026-01-22 12:00,9390.892
2026-01-22 12:15,9390.892
2026-01-22 12:30,9390.892
2026-01-22 12:45,9390.892
2026-01-22 13:00,9390.892
2026-01-22 13:15,9390.892
2026-01-22 13:30,9390.901
2026-01-22 13:45,9390.918
2026-01-22 14:00,9390.918
2026-01-22 14:15,9390.918
2026-01-22 14:30,9390.918
2026-01-22 14:45,9390.918
2026-01-22 15:00,9390.918
2026-01-22 15:15,9390.918
2026-01-22 15:30,9390.961
2026-01-22 15:45,9390.961
2026-01-22 16:00,9390.961
2026-01-22 16:15,9390.961
2026-01-22 16:30,9390.961
2026-01-22 16:45,9390.961
2026-01-22 17:00,9390.961
2026-01-22 17:15,9390.961
2026-01-22 17:30,9390.961
2026-01-22 17:45,9390.961
2026-01-22 18:00,9390.998
2026-01-22 18:15,9391.033
2026-01-22 18:30,9391.047
2026-01-22 18:45,9391.047
2026-01-22 19:00,9391.047
2026-01-22 19:15,9391.085
2026-01-22 19:30,9391.085
2026-01-22 19:45,9391.171
2026-01-22 20:00,9391.210
2026-01-22 20:15,9391.210
2026-01-22 20:30,9391.210
2026-01-22 20:45,9391.243
2026-01-22 21:00,9391.243
2026-01-22 21:15,9391.243
2026-01-22 21:30,9391.243
2026-01-22 21:45,9391.243
2026-01-22 22:00,9391.243
2026-01-22 22:15,9391.243
2026-01-22 22:30,9391.301
2026-01-22 22:45,9391.338
2026-01-22 23:00,9391.338
2026-01-22 23:15,9391.338
2026-01-22 23:30,9391.338
2026-01-22 23:45,9391.338
2026-01-23 00:00,9391.338
2026-01-23 00:15,9391.338
2026-01-23 00:30,9391.338
2026-01-23 00:45,9391.338
2026-01-23 01:00,9391.338
2026-01-23 01:15,9391.366
2026-01-23 01:30,9391.376
2026-01-23 01:45,9391.410
2026-01-23 02:00,9391.410
2026-01-23 02:15,9391.410
2026-01-23 02:30,9391.461
2026-01-23 02:45,9391.461
2026-01-23 03:00,9391.461
2026-01-23 03:15,9391.461
2026-01-23 03:30,9391.461
2026-01-23 03:45,9391.461
2026-01-23 04:00,9391.461
2026-01-23 04:15,9391.524
2026-01-23 04:30,9391.524
2026-01-23 04:45,9391.524
2026-01-23 05:00,9391.561
2026-01-23 05:15,9391.561
2026-01-23 05:30,9391.561
2026-01-23 05:45,9391.561
2026-01-23 06:00,9391.561
2026-01-23 06:15,9391.594
2026-01-23 06:30,9391.594
2026-01-23 06:45,9391.594
2026-01-23 07:00,9391.644
2026-01-23 07:15,9391.706
2026-01-23 07:30,9391.990
2026-01-23 07:45,9392.015
2026-01-23 08:00,9392.015
2026-01-23 08:15,9392.075
2026-01-23 08:30,9392.130
2026-01-23 08:45,9392.200
2026-01-23 09:00,9392.239
2026-01-23 09:15,9392.262
2026-01-23 09:30,9392.384
2026-01-23 09:45,9392.475
2026-01-23 10:00,9392.475
2026-01-23 10:15,9392.596
2026-01-23 10:30,9392.596
2026-01-23 10:45,9392.654
2026-01-23 11:00,9392.708
2026-01-23 11:15,9392.782
2026-01-23 11:30,9392.782
2026-01-23 11:45,9392.782
2026-01-23 12:00,9392.782
2026-01-23 12:15,9392.811
2026-01-23 12:30,9392.818
2026-01-23 12:45,9392.883
2026-01-23 13:00,9392.964
2026-01-23 13:15,9392.964
2026-01-23 13:30,9392.964
2026-01-23 13:45,9392.964
2026-01-23 14:00,9393.003
2026-01-23 14:15,9393.003
2026-01-23 14:30,9393.003
2026-01-23 14:45,9393.003
2026-01-23 15:00,9393.003
2026-01-23 15:15,9393.003
2026-01-23 15:30,9393.003
2026-01-23 15:45,9393.003
2026-01-23 16:00,9393.003
2026-01-23 16:15,9393.003
2026-01-23 16:30,9393.033
2026-01-23 16:45,9393.033
2026-01-23 17:00,9393.033
2026-01-23 17:15,9393.033
2026-01-23 17:30,9393.033
2026-01-23 17:45,9393.033
2026-01-23 18:00,9393.066
2026-01-23 18:15,9393.066
2026-01-23 18:30,9393.066
2026-01-23 18:45,9393.066
2026-01-23 19:00,9393.066
2026-01-23 19:15,9393.066
2026-01-23 19:30,9393.066
2026-01-23 19:45,9393.089
2026-01-23 20:00,9393.089
2026-01-23 20:15,9393.089
2026-01-23 20:30,9393.139
2026-01-23 20:45,9393.139
2026-01-23 21:00,9393.139
2026-01-23 21:15,9393.139
2026-01-23 21:30,9393.186
2026-01-23 21:45,9393.186
2026-01-23 22:00,9393.186
2026-01-23 22:15,9393.186
2026-01-23 22:30,9393.186
2026-01-23 22:45,9393.186
2026-01-23 23:00,9393.234
2026-01-23 23:15,9393.234
2026-01-23 23:30,9393.234
2026-01-23 23:45,9393.234
2026-01-24 00:00,9393.272
2026-01-24 00:15,9393.272
2026-01-24 00:30,9393.272
2026-01-24 00:45,9393.272
2026-01-24 01:00,9393.289
2026-01-24 01:15,9393.301
2026-01-24 01:30,9393.301
2026-01-24 01:45,9393.342
2026-01-24 02:00,9393.342
2026-01-24 02:15,9393.342
2026-01-24 02:30,9393.342
2026-01-24 02:45,9393.378
2026-01-24 03:00,9393.378
2026-01-24 03:15,9393.378
2026-01-24 03:30,9393.378
2026-01-24 03:45,9393.378
2026-01-24 04:00,9393.378
2026-01-24 04:15,9393.426
2026-01-24 04:30,9393.456
2026-01-24 04:45,9393.456
2026-01-24 05:00,9393.456
2026-01-24 05:15,9393.456
2026-01-24 05:30,9393.491
2026-01-24 05:45,9393.491
2026-01-24 06:00,9393.491
2026-01-24 06:15,9393.491
2026-01-24 06:30,9393.491
2026-01-24 06:45,9393.491
2026-01-24 07:00,9393.581
2026-01-24 07:15,9393.818
2026-01-24 07:30,9393.818
2026-01-24 07:45,9393.818
2026-01-24 08:00,9393.818
2026-01-24 08:15,9393.881
2026-01-24 08:30,9393.963
2026-01-24 08:45,9394.032
2026-01-24 09:00,9394.108
2026-01-24 09:15,9394.207
2026-01-24 09:30,9394.273
2026-01-24 09:45,9394.273
2026-01-24 10:00,9394.328
2026-01-24 10:15,9394.867
2026-01-24 10:30,9395.197
2026-01-24 10:45,9395.299
2026-01-24 11:00,9395.395
2026-01-24 11:15,9395.449
2026-01-24 11:30,9395.493
2026-01-24 11:45,9395.551
2026-01-24 12:00,9395.584
2026-01-24 12:15,9395.584
2026-01-24 12:30,9395.652
2026-01-24 12:45,9395.700
2026-01-24 13:00,9395.700
2026-01-24 13:15,9395.749
2026-01-24 13:30,9395.762
2026-01-24 13:45,9395.762
2026-01-24 14:00,9395.762
2026-01-24 14:15,9395.762
2026-01-24 14:30,9395.794
2026-01-24 14:45,9395.825
2026-01-24 15:00,9395.825
2026-01-24 15:15,9395.825
2026-01-24 15:30,9395.825
2026-01-24 15:45,9395.859
2026-01-24 16:00,9395.859
2026-01-24 16:15,9395.871
2026-01-24 16:30,9395.871
2026-01-24 16:45,9395.871
2026-01-24 17:00,9395.912
2026-01-24 17:15,9395.912
2026-01-24 17:30,9395.912
2026-01-24 17:45,9395.912
2026-01-24 18:00,9395.912
2026-01-24 18:15,9395.912
2026-01-24 18:30,9395.912
2026-01-24 18:45,9395.944
2026-01-24 19:00,9395.974
2026-01-24 19:15,9395.974
2026-01-24 19:30,9396.036
2026-01-24 19:45,9396.089
2026-01-24 20:00,9396.129
2026-01-24 20:15,9396.197
2026-01-24 20:30,9396.247
2026-01-24 20:45,9396.293
2026-01-24 21:00,9396.396
2026-01-24 21:15,9396.396
2026-01-24 21:30,9396.396
2026-01-24 21:45,9396.396
2026-01-24 22:00,9396.396
2026-01-24 22:15,9396.396
2026-01-24 22:30,9396.396
2026-01-24 22:45,9396.434
2026-01-24 23:00,9396.434
2026-01-24 23:15,9396.507
2026-01-24 23:30,9396.507
2026-01-24 23:45,9396.507
2026-01-25 00:00,9396.544
2026-01-25 00:15,9396.558
2026-01-25 00:30,9396.558
2026-01-25 00:45,9396.558
2026-01-25 01:00,9396.625
2026-01-25 01:15,9396.625
2026-01-25 01:30,9396.625
2026-01-25 01:45,9396.625
2026-01-25 02:00,9396.625
2026-01-25 02:15,9396.662
2026-01-25 02:30,9396.726
2026-01-25 02:45,9396.726
2026-01-25 03:00,9396.726
2026-01-25 03:15,9396.726
2026-01-25 03:30,9396.726
2026-01-25 03:45,9396.828
2026-01-25 04:00,9396.828
2026-01-25 04:15,9396.828
2026-01-25 04:30,9396.828
2026-01-25 04:45,9396.828
2026-01-25 05:00,9396.828
2026-01-25 05:15,9396.893
2026-01-25 05:30,9396.893
2026-01-25 05:45,9396.893
2026-01-25 06:00,9396.893
2026-01-25 06:15,9396.929
2026-01-25 06:30,9396.929
2026-01-25 06:45,9396.996
2026-01-25 07:00,9396.996
2026-01-25 07:15,9396.996
2026-01-25 07:30,9396.996
2026-01-25 07:45,9397.043
2026-01-25 08:00,9397.043
2026-01-25 08:15,9397.284
2026-01-25 08:30,9397.305
2026-01-25 08:45,9397.344
2026-01-25 09:00,9397.404
2026-01-25 09:15,9397.630
2026-01-25 09:30,9397.750
2026-01-25 09:45,9397.811
2026-01-25 10:00,9397.866
2026-01-25 10:15,9397.919
2026-01-25 10:30,9397.934
2026-01-25 10:45,9398.119
2026-01-25 11:00,9398.173
2026-01-25 11:15,9398.501
2026-01-25 11:30,9399.315
2026-01-25 11:45,9399.379
2026-01-25 12:00,9399.379
2026-01-25 12:15,9399.379
2026-01-25 12:30,9399.379
2026-01-25 12:45,9399.379
2026-01-25 13:00,9399.379
2026-01-25 13:15,9399.379
2026-01-25 13:30,9399.411
2026-01-25 13:45,9399.443
2026-01-25 14:00,9399.443
2026-01-25 14:15,9399.443
2026-01-25 14:30,9399.443
2026-01-25 14:45,9399.443
2026-01-25 15:00,9399.469
2026-01-25 15:15,9399.478
2026-01-25 15:30,9399.478
2026-01-25 15:45,9399.478
2026-01-25 16:00,9399.478
2026-01-25 16:15,9399.478
2026-01-25 16:30,9399.478
2026-01-25 16:45,9399.502
2026-01-25 17:00,9399.502
2026-01-25 17:15,9399.502
2026-01-25 17:30,9399.502
2026-01-25 17:45,9399.551
2026-01-25 18:00,9399.551
2026-01-25 18:15,9399.551
2026-01-25 18:30,9399.603
2026-01-25 18:45,9400.343
2026-01-25 19:00,9400.980
2026-01-25 19:15,9401.104
2026-01-25 19:30,9401.104
2026-01-25 19:45,9401.104
2026-01-25 20:00,9401.104
2026-01-25 20:15,9401.104
2026-01-25 20:30,9401.177
2026-01-25 20:45,9401.177
2026-01-25 21:00,9401.177
2026-01-25 21:15,9401.236
2026-01-25 21:30,9401.236
2026-01-25 21:45,9401.236
2026-01-25 22:00,9401.276
2026-01-25 22:15,9401.276
2026-01-25 22:30,9401.320
2026-01-25 22:45,9401.320
2026-01-25 23:00,9401.320
2026-01-25 23:15,9401.320
2026-01-25 23:30,9401.320
2026-01-25 23:45,9401.320
2026-01-26 00:00,9401.320
2026-01-26 00:15,9401.320
2026-01-26 00:30,9401.411
2026-01-26 00:45,9401.431
2026-01-26 01:00,9401.431
2026-01-26 01:15,9401.431
2026-01-26 01:30,9401.431
2026-01-26 01:45,9401.431
2026-01-26 02:00,9401.431
2026-01-26 02:15,9401.500
2026-01-26 02:30,9401.500
2026-01-26 02:45,9401.500
2026-01-26 03:00,9401.500
2026-01-26 03:15,9401.552
2026-01-26 03:30,9401.552
2026-01-26 03:45,9401.552
2026-01-26 04:00,9401.552
2026-01-26 04:15,9401.628
2026-01-26 04:30,9401.628
2026-01-26 04:45,9401.628
2026-01-26 05:00,9401.628
2026-01-26 05:15,9401.628
2026-01-26 05:30,9401.699
2026-01-26 05:45,9401.736
2026-01-26 06:00,9401.736
2026-01-26 06:15,9401.736
2026-01-26 06:30,9401.736
2026-01-26 06:45,9401.763
2026-01-26 07:00,9401.834
2026-01-26 07:15,9401.878
2026-01-26 07:30,9401.878
2026-01-26 07:45,9401.878
2026-01-26 08:00,9401.917
2026-01-26 08:15,9401.957
2026-01-26 08:30,9402.408
2026-01-26 08:45,9402.465
2026-01-26 09:00,9402.656
2026-01-26 09:15,9402.716
2026-01-26 09:30,9402.758
2026-01-26 09:45,9402.930
2026-01-26 10:00,9402.990
2026-01-26 10:15,9403.071
2026-01-26 10:30,9403.084
2026-01-26 10:45,9403.133
2026-01-26 11:00,9403.263
2026-01-26 11:15,9403.317
2026-01-26 11:30,9403.366
2026-01-26 11:45,9403.366
2026-01-26 12:00,9403.417
2026-01-26 12:15,9403.462
2026-01-26 12:30,9403.512
2026-01-26 12:45,9403.547
2026-01-26 13:00,9403.547
2026-01-26 13:15,9403.547
2026-01-26 13:30,9403.547
2026-01-26 13:45,9403.547
2026-01-26 14:00,9403.575
2026-01-26 14:15,9403.575
2026-01-26 14:30,9403.575
2026-01-26 14:45,9403.575
2026-01-26 15:00,9403.611
2026-01-26 15:15,9403.623
2026-01-26 15:30,9403.623
2026-01-26 15:45,9403.623
2026-01-26 16:00,9403.623
2026-01-26 16:15,9403.661
2026-01-26 16:30,9403.661
2026-01-26 16:45,9403.661
2026-01-26 17:00,9403.661
2026-01-26 17:15,9403.661
2026-01-26 17:30,9403.661
2026-01-26 17:45,9403.690
2026-01-26 18:00,9403.690
2026-01-26 18:15,9403.690
2026-01-26 18:30,9403.690
2026-01-26 18:45,9403.690
2026-01-26 19:00,9403.690
2026-01-26 19:15,9403.690
2026-01-26 19:30,9403.733
2026-01-26 19:45,9403.733
2026-01-26 20:00,9403.733
2026-01-26 20:15,9403.733
2026-01-26 20:30,9403.733
2026-01-26 20:45,9403.733
2026-01-26 21:00,9403.733
2026-01-26 21:15,9403.733
2026-01-26 21:30,9403.733
2026-01-26 21:45,9403.766
2026-01-26 22:00,9403.792
2026-01-26 22:15,9403.792
2026-01-26 22:30,9403.792
2026-01-26 22:45,9403.834
2026-01-26 23:00,9403.887
2026-01-26 23:15,9403.887
2026-01-26 23:30,9403.935
2026-01-26 23:45,9403.935
2026-01-27 00:00,9403.935
2026-01-27 00:15,9403.935
2026-01-27 00:30,9403.935
2026-01-27 00:45,9403.935
2026-01-27 01:00,9403.972
2026-01-27 01:15,9403.972
2026-01-27 01:30,9403.972
2026-01-27 01:45,9403.972
2026-01-27 02:00,9403.972
2026-01-27 02:15,9404.029
2026-01-27 02:30,9404.078
2026-01-27 02:45,9404.080
2026-01-27 03:00,9404.080
2026-01-27 03:15,9404.080
2026-01-27 03:30,9404.080
2026-01-27 03:45,9404.148
2026-01-27 04:00,9404.148
2026-01-27 04:15,9404.148
2026-01-27 04:30,9404.148
2026-01-27 04:45,9404.213
2026-01-27 05:00,9404.213
2026-01-27 05:15,9404.250
2026-01-27 05:30,9404.250
2026-01-27 05:45,9404.250
2026-01-27 06:00,9404.250
2026-01-27 06:15,9404.279
2026-01-27 06:30,9404.344
2026-01-27 06:45,9404.344
2026-01-27 07:00,9404.344
2026-01-27 07:15,9404.344
2026-01-27 07:30,9404.421
2026-01-27 07:45,9404.483
2026-01-27 08:00,9404.483
2026-01-27 08:15,9404.549
2026-01-27 08:30,9404.726
2026-01-27 08:45,9404.917
2026-01-27 09:00,9404.987
2026-01-27 09:15,9405.053
2026-01-27 09:30,9405.232
2026-01-27 09:45,9405.350
2026-01-27 10:00,9405.397
2026-01-27 10:15,9405.518
2026-01-27 10:30,9405.518
2026-01-27 10:45,9405.606
2026-01-27 11:00,9405.606
2026-01-27 11:15,9405.621
2026-01-27 11:30,9405.621
2026-01-27 11:45,9405.621
2026-01-27 12:00,9405.658
2026-01-27 12:15,9405.658
2026-01-27 12:30,9405.658
2026-01-27 12:45,9405.658
2026-01-27 13:00,9405.671
2026-01-27 13:15,9405.671
2026-01-27 13:30,9405.671
2026-01-27 13:45,9405.701
2026-01-27 14:00,9405.701
2026-01-27 14:15,9405.701
2026-01-27 14:30,9405.701
2026-01-27 14:45,9405.701
2026-01-27 15:00,9405.701
2026-01-27 15:15,9405.701
2026-01-27 15:30,9405.701
2026-01-27 15:45,9405.744
2026-01-27 16:00,9405.744
2026-01-27 16:15,9405.744
2026-01-27 16:30,9405.744
2026-01-27 16:45,9405.744
2026-01-27 17:00,9405.744
2026-01-27 17:15,9405.744
2026-01-27 17:30,9405.744
2026-01-27 17:45,9405.744
2026-01-27 18:00,9405.771
2026-01-27 18:15,9405.771
2026-01-27 18:30,9405.783
2026-01-27 18:45,9405.783
2026-01-27 19:00,9405.783
2026-01-27 19:15,9405.783
2026-01-27 19:30,9405.867
2026-01-27 19:45,9405.899
2026-01-27 20:00,9405.938
2026-01-27 20:15,9405.938
2026-01-27 20:30,9405.938
2026-01-27 20:45,9406.521
2026-01-27 21:00,9406.521
2026-01-27 21:15,9406.521
2026-01-27 21:30,9406.521
2026-01-27 21:45,9406.521
2026-01-27 22:00,9406.521
2026-01-27 22:15,9406.607
2026-01-27 22:30,9406.654
2026-01-27 22:45,9406.654
2026-01-27 23:00,9406.654
2026-01-27 23:15,9406.699
2026-01-27 23:30,9406.699
2026-01-27 23:45,9406.699
2026-01-28 00:00,9406.747
2026-01-28 00:15,9406.747
2026-01-28 00:30,9406.747
2026-01-28 00:45,9406.747
2026-01-28 01:00,9406.747
2026-01-28 01:15,9406.747
2026-01-28 01:30,9406.747
2026-01-28 01:45,9406.747
2026-01-28 02:00,9406.800
2026-01-28 02:15,9406.800
2026-01-28 02:30,9406.800
2026-01-28 02:45,9406.800
2026-01-28 03:00,9406.800
2026-01-28 03:15,9406.800
2026-01-28 03:30,9406.800
2026-01-28 03:45,9406.860
2026-01-28 04:00,9406.922
2026-01-28 04:15,9406.922
2026-01-28 04:30,9406.922
2026-01-28 04:45,9406.922
2026-01-28 05:00,9406.922
2026-01-28 05:15,9406.922
2026-01-28 05:30,9406.976
2026-01-28 05:45,9406.976
2026-01-28 06:00,9406.976
2026-01-28 06:15,9406.976
2026-01-28 06:30,9406.976
2026-01-28 06:45,9407.008
2026-01-28 07:00,9407.098
2026-01-28 07:15,9407.353
2026-01-28 07:30,9407.353
2026-01-28 07:45,9407.431
2026-01-28 08:00,9407.431
2026-01-28 08:15,9407.431
2026-01-28 08:30,9407.499
2026-01-28 08:45,9407.567
2026-01-28 09:00,9407.567
2026-01-28 09:15,9407.637
2026-01-28 09:30,9407.711
2026-01-28 09:45,9407.818
2026-01-28 10:00,9407.873
2026-01-28 10:15,9407.943
2026-01-28 10:30,9408.006
2026-01-28 10:45,9408.059
2026-01-28 11:00,9408.059
2026-01-28 11:15,9408.108
2026-01-28 11:30,9408.281
2026-01-28 11:45,9408.332
2026-01-28 12:00,9408.332
2026-01-28 12:15,9408.383
2026-01-28 12:30,9408.430
2026-01-28 12:45,9408.480
2026-01-28 13:00,9408.480
2026-01-28 13:15,9408.492
2026-01-28 13:30,9408.492
2026-01-28 13:45,9408.492
2026-01-28 14:00,9408.492
2026-01-28 14:15,9408.492
2026-01-28 14:30,9408.492
2026-01-28 14:45,9408.492
2026-01-28 15:00,9408.492
2026-01-28 15:15,9408.492
2026-01-28 15:30,9408.528
2026-01-28 15:45,9408.528
2026-01-28 16:00,9408.528
2026-01-28 16:15,9408.528
2026-01-28 16:30,9408.554
2026-01-28 16:45,9408.554
2026-01-28 17:00,9408.554
2026-01-28 17:15,9408.554
2026-01-28 17:30,9408.620
2026-01-28 17:45,9408.620
2026-01-28 18:00,9408.620
2026-01-28 18:15,9408.661
2026-01-28 18:30,9408.661
2026-01-28 18:45,9408.661
2026-01-28 19:00,9408.661
2026-01-28 19:15,9408.939
2026-01-28 19:30,9409.356
2026-01-28 19:45,9409.356
2026-01-28 20:00,9409.356
2026-01-28 20:15,9409.368
2026-01-28 20:30,9409.368
2026-01-28 20:45,9409.427
2026-01-28 21:00,9409.465
2026-01-28 21:15,9409.507
2026-01-28 21:30,9409.545
2026-01-28 21:45,9409.545
2026-01-28 22:00,9409.580
2026-01-28 22:15,9409.580
2026-01-28 22:30,9409.580
2026-01-28 22:45,9409.631
2026-01-28 23:00,9409.631
2026-01-28 23:15,9409.631
2026-01-28 23:30,9409.679
2026-01-28 23:45,9409.679
2026-01-29 00:00,9409.679
2026-01-29 00:15,9409.679
2026-01-29 00:30,9409.679
2026-01-29 00:45,9409.679
2026-01-29 01:00,9409.716
2026-01-29 01:15,9409.716
2026-01-29 01:30,9409.716
2026-01-29 01:45,9409.716
2026-01-29 02:00,9409.716
2026-01-29 02:15,9409.773
2026-01-29 02:30,9409.822
2026-01-29 02:45,9409.822
2026-01-29 03:00,9409.822
2026-01-29 03:15,9409.822
2026-01-29 03:30,9409.822
2026-01-29 03:45,9409.822
2026-01-29 04:00,9409.881
2026-01-29 04:15,9409.881
2026-01-29 04:30,9409.881
2026-01-29 04:45,9409.881
2026-01-29 05:00,9409.918
2026-01-29 05:15,9409.918
2026-01-29 05:30,9409.918
2026-01-29 05:45,9409.918
2026-01-29 06:00,9409.918
2026-01-29 06:15,9409.918
2026-01-29 06:30,9410.021
2026-01-29 06:45,9410.021
2026-01-29 07:00,9410.021
2026-01-29 07:15,9410.058
2026-01-29 07:30,9410.101
2026-01-29 07:45,9410.101
2026-01-29 08:00,9410.101
2026-01-29 08:15,9410.193
2026-01-29 08:30,9410.314
2026-01-29 08:45,9410.489
2026-01-29 09:00,9410.574
2026-01-29 09:15,9410.574
2026-01-29 09:30,9410.703
2026-01-29 09:45,9410.771
2026-01-29 10:00,9410.817
2026-01-29 10:15,9410.951
2026-01-29 10:30,9411.013
2026-01-29 10:45,9411.169
2026-01-29 11:00,9411.226
2026-01-29 11:15,9411.263
2026-01-29 11:30,9411.447
2026-01-29 11:45,9411.499
2026-01-29 12:00,9411.556
2026-01-29 12:15,9411.656
2026-01-29 12:30,9411.701
2026-01-29 12:45,9411.731
2026-01-29 13:00,9411.768
2026-01-29 13:15,9411.768
2026-01-29 13:30,9411.768
2026-01-29 13:45,9411.809
2026-01-29 14:00,9411.820
2026-01-29 14:15,9411.820
2026-01-29 14:30,9411.820
2026-01-29 14:45,9411.820
2026-01-29 15:00,9411.851
2026-01-29 15:15,9411.854
2026-01-29 15:30,9411.867
2026-01-29 15:45,9411.867
2026-01-29 16:00,9411.921
2026-01-29 16:15,9411.980
2026-01-29 16:30,9412.021
2026-01-29 16:45,9412.063
2026-01-29 17:00,9412.063
2026-01-29 17:15,9412.063
2026-01-29 17:30,9412.063
2026-01-29 17:45,9412.063
2026-01-29 18:00,9412.063
2026-01-29 18:15,9412.063
2026-01-29 18:30,9412.090
2026-01-29 18:45,9412.090
2026-01-29 19:00,9412.090
2026-01-29 19:15,9412.090
2026-01-29 19:30,9412.117
2026-01-29 19:45,9412.146
2026-01-29 20:00,9412.146
2026-01-29 20:15,9412.197
2026-01-29 20:30,9412.209
2026-01-29 20:45,9412.209
2026-01-29 21:00,9412.209
2026-01-29 21:15,9412.209
2026-01-29 21:30,9412.209
2026-01-29 21:45,9412.209
2026-01-29 22:00,9412.209
2026-01-29 22:15,9412.209
2026-01-29 22:30,9412.238
2026-01-29 22:45,9412.245
2026-01-29 23:00,9412.245
2026-01-29 23:15,9412.301
2026-01-29 23:30,9412.301
2026-01-29 23:45,9412.345
2026-01-30 00:00,9412.345
2026-01-30 00:15,9412.345
2026-01-30 00:30,9412.345
2026-01-30 00:45,9412.345
2026-01-30 01:00,9412.437
2026-01-30 01:15,9412.437
2026-01-30 01:30,9412.437
2026-01-30 01:45,9412.437
2026-01-30 02:00,9412.437
2026-01-30 02:15,9412.437
2026-01-30 02:30,9412.437
2026-01-30 02:45,9412.552
2026-01-30 03:00,9412.552
2026-01-30 03:15,9412.552
2026-01-30 03:30,9412.552
2026-01-30 03:45,9412.552
2026-01-30 04:00,9412.552
2026-01-30 04:15,9412.552
2026-01-30 04:30,9412.614
2026-01-30 04:45,9412.614
2026-01-30 05:00,9412.614
2026-01-30 05:15,9412.652
2026-01-30 05:30,9412.652
2026-01-30 05:45,9412.652
2026-01-30 06:00,9412.652
2026-01-30 06:15,9412.713
2026-01-30 06:30,9412.764
2026-01-30 06:45,9412.764
2026-01-30 07:00,9412.764
2026-01-30 07:15,9412.794
2026-01-30 07:30,9412.794
2026-01-30 07:45,9412.837
2026-01-30 08:00,9412.837
2026-01-30 08:15,9412.837
2026-01-30 08:30,9412.909
2026-01-30 08:45,9413.257
2026-01-30 09:00,9413.390
2026-01-30 09:15,9413.454
2026-01-30 09:30,9413.597
2026-01-30 09:45,9413.662
2026-01-30 10:00,9413.662
2026-01-30 10:15,9413.787
2026-01-30 10:30,9413.841
2026-01-30 10:45,9413.841
2026-01-30 11:00,9413.877
2026-01-30 11:15,9413.886
2026-01-30 11:30,9413.889
2026-01-30 11:45,9413.889
2026-01-30 12:00,9413.889
2026-01-30 12:15,9413.926
2026-01-30 12:30,9413.926
2026-01-30 12:45,9413.926
2026-01-30 13:00,9413.926
2026-01-30 13:15,9413.926
2026-01-30 13:30,9413.941
2026-01-30 13:45,9414.026
2026-01-30 14:00,9414.026
2026-01-30 14:15,9414.026
2026-01-30 14:30,9414.026
2026-01-30 14:45,9414.026
2026-01-30 15:00,9414.026
2026-01-30 15:15,9414.073
2026-01-30 15:30,9414.073
2026-01-30 15:45,9414.073
2026-01-30 16:00,9414.073
2026-01-30 16:15,9414.073
2026-01-30 16:30,9414.073
2026-01-30 16:45,9414.073
2026-01-30 17:00,9414.096
2026-01-30 17:15,9414.096
2026-01-30 17:30,9414.096
2026-01-30 17:45,9414.096
2026-01-30 18:00,9414.096
2026-01-30 18:15,9414.096
2026-01-30 18:30,9414.096
2026-01-30 18:45,9414.133
2026-01-30 19:00,9414.140
2026-01-30 19:15,9414.140
2026-01-30 19:30,9414.185
2026-01-30 19:45,9414.185
2026-01-30 20:00,9414.185
2026-01-30 20:15,9414.185
2026-01-30 20:30,9414.221
2026-01-30 20:45,9414.275
2026-01-30 21:00,9414.313
2026-01-30 21:15,9414.313
2026-01-30 21:30,9414.313
2026-01-30 21:45,9414.313
2026-01-30 22:00,9414.359
2026-01-30 22:15,9414.403
2026-01-30 22:30,9414.410
2026-01-30 22:45,9414.451
2026-01-30 23:00,9414.451
2026-01-30 23:15,9414.451
2026-01-30 23:30,9414.451
2026-01-30 23:45,9414.504
2026-01-31 00:00,9414.504
2026-01-31 00:15,9414.542
2026-01-31 00:30,9414.542
2026-01-31 00:45,9414.542
2026-01-31 01:00,9414.542
2026-01-31 01:15,9414.542
2026-01-31 01:30,9414.542
2026-01-31 01:45,9414.542
2026-01-31 02:00,9414.585
2026-01-31 02:15,9414.585
2026-01-31 02:30,9414.632
2026-01-31 02:45,9414.632
2026-01-31 03:00,9414.632
2026-01-31 03:15,9414.632
2026-01-31 03:30,9414.632
2026-01-31 03:45,9414.632
2026-01-31 04:00,9414.632
2026-01-31 04:15,9414.669
2026-01-31 04:30,9414.720
2026-01-31 04:45,9414.720
2026-01-31 05:00,9414.720
2026-01-31 05:15,9414.757
2026-01-31 05:30,9414.764
2026-01-31 05:45,9414.764
2026-01-31 06:00,9414.764
2026-01-31 06:15,9414.764
2026-01-31 06:30,9414.764
2026-01-31 06:45,9414.764
2026-01-31 07:00,9414.790
2026-01-31 07:15,9414.848
2026-01-31 07:30,9414.848
2026-01-31 07:45,9414.848
2026-01-31 08:00,9414.875
2026-01-31 08:15,9415.111
2026-01-31 08:30,9415.193
2026-01-31 08:45,9415.193
2026-01-31 09:00,9415.504
2026-01-31 09:15,9415.775
2026-01-31 09:30,9415.778
2026-01-31 09:45,9415.844
2026-01-31 10:00,9415.904
2026-01-31 10:15,9415.975
2026-01-31 10:30,9416.006
2026-01-31 10:45,9416.062
2026-01-31 11:00,9416.142
2026-01-31 11:15,9416.142
2026-01-31 11:30,9416.197
2026-01-31 11:45,9416.354
2026-01-31 12:00,9416.368
2026-01-31 12:15,9416.368
2026-01-31 12:30,9416.434
2026-01-31 12:45,9416.434
2026-01-31 13:00,9416.434
2026-01-31 13:15,9416.470
2026-01-31 13:30,9416.470
2026-01-31 13:45,9416.470
2026-01-31 14:00,9416.470
2026-01-31 14:15,9416.470
2026-01-31 14:30,9416.470
2026-01-31 14:45,9416.499
2026-01-31 15:00,9416.548
2026-01-31 15:15,9416.548
2026-01-31 15:30,9416.548
2026-01-31 15:45,9416.548
2026-01-31 16:00,9416.583
2026-01-31 16:15,9416.583
2026-01-31 16:30,9416.583
2026-01-31 16:45,9416.626
2026-01-31 17:00,9416.626
2026-01-31 17:15,9416.626
2026-01-31 17:30,9416.655
2026-01-31 17:45,9416.655
2026-01-31 18:00,9416.655
2026-01-31 18:15,9416.655
2026-01-31 18:30,9416.655
2026-01-31 18:45,9416.655
2026-01-31 19:00,9416.709
2026-01-31 19:15,9416.724
2026-01-31 19:30,9416.724
2026-01-31 19:45,9416.724
2026-01-31 20:00,9416.724
2026-01-31 20:15,9416.760
2026-01-31 20:30,9416.760
2026-01-31 20:45,9416.760
2026-01-31 21:00,9416.760
2026-01-31 21:15,9416.760
2026-01-31 21:30,9416.760
2026-01-31 21:45,9416.789
2026-01-31 22:00,9416.789
2026-01-31 22:15,9416.789
2026-01-31 22:30,9416.789
2026-01-31 22:45,9416.789
2026-01-31 23:00,9416.789
2026-01-31 23:15,9416.818
2026-01-31 23:30,9416.818
2026-01-31 23:45,9416.818
2026-02-01 00:00,9416.818
2026-02-01 00:15,9416.818
2026-02-01 00:30,9416.818
2026-02-01 00:45,9416.854
2026-02-01 01:00,9416.854
2026-02-01 01:15,9416.854
2026-02-01 01:30,9416.854
2026-02-01 01:45,9416.854
2026-02-01 02:00,9416.882
2026-02-01 02:15,9416.882
2026-02-01 02:30,9416.882
2026-02-01 02:45,9416.882
2026-02-01 03:00,9416.882
2026-02-01 03:15,9416.882
2026-02-01 03:30,9416.882
2026-02-01 03:45,9416.926
2026-02-01 04:00,9416.926
2026-02-01 04:15,9416.926
2026-02-01 04:30,9416.926
2026-02-01 04:45,9416.926
2026-02-01 05:00,9416.926
2026-02-01 05:15,9416.926
2026-02-01 05:30,9417.038
2026-02-01 05:45,9417.129
2026-02-01 06:00,9417.129
2026-02-01 06:15,9417.197
2026-02-01 06:30,9417.197
2026-02-01 06:45,9417.197
2026-02-01 07:00,9417.304
2026-02-01 07:15,9417.304
2026-02-01 07:30,9417.304
2026-02-01 07:45,9417.304
2026-02-01 08:00,9417.341
2026-02-01 08:15,9417.415
2026-02-01 08:30,9417.451
2026-02-01 08:45,9417.510
2026-02-01 09:00,9417.649
2026-02-01 09:15,9417.906
2026-02-01 09:30,9417.949
2026-02-01 09:45,9417.974
2026-02-01 10:00,9418.032
2026-02-01 10:15,9418.157
2026-02-01 10:30,9418.212
2026-02-01 10:45,9418.212
2026-02-01 11:00,9418.212
2026-02-01 11:15,9418.249
2026-02-01 11:30,9418.249
2026-02-01 11:45,9418.323
2026-02-01 12:00,9418.323
2026-02-01 12:15,9418.323
2026-02-01 12:30,9418.363
2026-02-01 12:45,9418.363
2026-02-01 13:00,9418.363
2026-02-01 13:15,9418.363
2026-02-01 13:30,9418.363
2026-02-01 13:45,9418.363
2026-02-01 14:00,9418.363
2026-02-01 14:15,9418.392
2026-02-01 14:30,9418.392
2026-02-01 14:45,9418.392
2026-02-01 15:00,9418.392
2026-02-01 15:15,9418.392
2026-02-01 15:30,9418.392
2026-02-01 15:45,9418.392
2026-02-01 16:00,9418.435
2026-02-01 16:15,9418.435
2026-02-01 16:30,9418.464
2026-02-01 16:45,9418.464
2026-02-01 17:00,9418.464
2026-02-01 17:15,9418.464
2026-02-01 17:30,9418.464
2026-02-01 17:45,9418.464
2026-02-01 18:00,9418.464
2026-02-01 18:15,9418.501
2026-02-01 18:30,9418.501
2026-02-01 18:45,9418.501
2026-02-01 19:00,9418.501
2026-02-01 19:15,9418.501
2026-02-01 19:30,9418.515
2026-02-01 19:45,9418.552
2026-02-01 20:00,9418.552
2026-02-01 20:15,9418.552
2026-02-01 20:30,9418.552
2026-02-01 20:45,9418.552
2026-02-01 21:00,9418.552
2026-02-01 21:15,9418.552
2026-02-01 21:30,9418.577
2026-02-01 21:45,9418.577
2026-02-01 22:00,9418.577
2026-02-01 22:15,9418.577
2026-02-01 22:30,9418.623
2026-02-01 22:45,9418.623
2026-02-01 23:00,9418.623
2026-02-01 23:15,9418.695
2026-02-01 23:30,9418.723
2026-02-01 23:45,9418.723
2026-02-02 00:00,9418.723
2026-02-02 00:15,9418.723
2026-02-02 00:30,9418.723
2026-02-02 00:45,9418.723
2026-02-02 01:00,9418.723
2026-02-02 01:15,9418.723
2026-02-02 01:30,9418.723
2026-02-02 01:45,9418.723
2026-02-02 02:00,9418.834
2026-02-02 02:15,9418.834
2026-02-02 02:30,9418.834
2026-02-02 02:45,9418.834
2026-02-02 03:00,9418.834
2026-02-02 03:15,9418.834
2026-02-02 03:30,9418.834
2026-02-02 03:45,9418.897
2026-02-02 04:00,9418.897
2026-02-02 04:15,9418.934
2026-02-02 04:30,9418.934
2026-02-02 04:45,9418.934
2026-02-02 05:00,9418.934
2026-02-02 05:15,9418.934
2026-02-02 05:30,9418.934
2026-02-02 05:45,9418.967
2026-02-02 06:00,9418.967
2026-02-02 06:15,9419.034
2026-02-02 06:30,9419.034
2026-02-02 06:45,9419.034
2026-02-02 07:00,9419.034
2026-02-02 07:15,9419.084
2026-02-02 07:30,9419.084
2026-02-02 07:45,9419.084
2026-02-02 08:00,9419.122
2026-02-02 08:15,9419.130
2026-02-02 08:30,9419.183
2026-02-02 08:45,9419.633
2026-02-02 09:00,9419.698
2026-02-02 09:15,9419.760
2026-02-02 09:30,9419.829
2026-02-02 09:45,9419.897
2026-02-02 10:00,9419.897
2026-02-02 10:15,9420.329
2026-02-02 10:30,9420.499
2026-02-02 10:45,9420.529
2026-02-02 11:00,9420.529
2026-02-02 11:15,9420.529
2026-02-02 11:30,9420.529
2026-02-02 11:45,9420.529
2026-02-02 12:00,9420.529
2026-02-02 12:15,9420.529
2026-02-02 12:30,9420.529
2026-02-02 12:45,9420.529
2026-02-02 13:00,9420.579
2026-02-02 13:15,9420.579
2026-02-02 13:30,9420.579
2026-02-02 13:45,9420.579
2026-02-02 14:00,9420.579
2026-02-02 14:15,9420.579
2026-02-02 14:30,9420.579
2026-02-02 14:45,9420.579
2026-02-02 15:00,9421.088
2026-02-02 15:15,9421.148
2026-02-02 15:30,9421.148
2026-02-02 15:45,9421.148
2026-02-02 16:00,9421.148
2026-02-02 16:15,9421.148
2026-02-02 16:30,9421.148
2026-02-02 16:45,9421.148
2026-02-02 17:00,9421.148
2026-02-02 17:15,9421.148
2026-02-02 17:30,9421.183
2026-02-02 17:45,9421.183
2026-02-02 18:00,9421.195
2026-02-02 18:15,9421.195
2026-02-02 18:30,9421.324
2026-02-02 18:45,9421.401
2026-02-02 19:00,9421.401
2026-02-02 19:15,9421.449
2026-02-02 19:30,9421.488
2026-02-02 19:45,9421.539
2026-02-02 20:00,9421.585
2026-02-02 20:15,9421.617
2026-02-02 20:30,9421.658
2026-02-02 20:45,9421.701
2026-02-02 21:00,9421.777
2026-02-02 21:15,9421.777
2026-02-02 21:30,9421.777
2026-02-02 21:45,9421.777
2026-02-02 22:00,9421.777
2026-02-02 22:15,9421.801
2026-02-02 22:30,9421.825
2026-02-02 22:45,9421.825
2026-02-02 23:00,9421.825
2026-02-02 23:15,9421.825
2026-02-02 23:30,9421.825
2026-02-02 23:45,9421.837
2026-02-03 00:00,9421.840
2026-02-03 00:15,9421.840
2026-02-03 00:30,9421.840
2026-02-03 00:45,9421.840
2026-02-03 01:00,9421.875
2026-02-03 01:15,9421.875
2026-02-03 01:30,9421.875
2026-02-03 01:45,9421.875
2026-02-03 02:00,9421.875
2026-02-03 02:15,9421.875
2026-02-03 02:30,9421.921
2026-02-03 02:45,9421.921
2026-02-03 03:00,9421.921
2026-02-03 03:15,9421.921
2026-02-03 03:30,9421.921
2026-02-03 03:45,9421.921
2026-02-03 04:00,9421.953
2026-02-03 04:15,9421.964
2026-02-03 04:30,9421.964
2026-02-03 04:45,9421.964
2026-02-03 05:00,9421.964
2026-02-03 05:15,9421.964
2026-02-03 05:30,9421.989
2026-02-03 05:45,9422.011
2026-02-03 06:00,9422.011
2026-02-03 06:15,9422.011
2026-02-03 06:30,9422.011
2026-02-03 06:45,9422.011
2026-02-03 07:00,9422.031
2026-02-03 07:15,9422.097
2026-02-03 07:30,9422.138
2026-02-03 07:45,9422.171
2026-02-03 08:00,9422.171
2026-02-03 08:15,9422.171
2026-02-03 08:30,9422.222
2026-02-03 08:45,9422.279
2026-02-03 09:00,9422.647
2026-02-03 09:15,9422.707
2026-02-03 09:30,9422.765
2026-02-03 09:45,9422.821
2026-02-03 10:00,9422.871
2026-02-03 10:15,9422.923
2026-02-03 10:30,9422.973
2026-02-03 10:45,9423.045
2026-02-03 11:00,9423.091
2026-02-03 11:15,9423.130
2026-02-03 11:30,9423.130
2026-02-03 11:45,9423.181
2026-02-03 12:00,9423.181
2026-02-03 12:15,9423.181
2026-02-03 12:30,9423.193
2026-02-03 12:45,9423.193
2026-02-03 13:00,9423.193
2026-02-03 13:15,9423.193
2026-02-03 13:30,9423.442
2026-02-03 13:45,9423.442
2026-02-03 14:00,9423.442
2026-02-03 14:15,9423.442
2026-02-03 14:30,9423.442
2026-02-03 14:45,9423.481
2026-02-03 15:00,9423.481
2026-02-03 15:15,9423.481
2026-02-03 15:30,9423.481
2026-02-03 15:45,9423.481
2026-02-03 16:00,9423.481
2026-02-03 16:15,9423.507
2026-02-03 16:30,9423.507
2026-02-03 16:45,9423.507
2026-02-03 17:00,9423.524
2026-02-03 17:15,9423.524
2026-02-03 17:30,9423.524
2026-02-03 17:45,9423.524
2026-02-03 18:00,9423.574
2026-02-03 18:15,9423.596
2026-02-03 18:30,9423.596
2026-02-03 18:45,9423.596
2026-02-03 19:00,9423.596
2026-02-03 19:15,9423.596
2026-02-03 19:30,9423.628
2026-02-03 19:45,9423.697
2026-02-03 20:00,9423.738
2026-02-03 20:15,9423.777
2026-02-03 20:30,9423.808
2026-02-03 20:45,9423.848
2026-02-03 21:00,9423.913
2026-02-03 21:15,9423.913
2026-02-03 21:30,9423.913
2026-02-03 21:45,9423.913
2026-02-03 22:00,9423.963
2026-02-03 22:15,9423.963
2026-02-03 22:30,9424.059
2026-02-03 22:45,9424.059
2026-02-03 23:00,9424.059
2026-02-03 23:15,9424.059
2026-02-03 23:30,9424.059
2026-02-03 23:45,9424.072
2026-02-04 00:00,9424.125
2026-02-04 00:15,9424.125
2026-02-04 00:30,9424.125
2026-02-04 00:45,9424.125
2026-02-04 01:00,9424.125
2026-02-04 01:15,9424.191
2026-02-04 01:30,9424.191
2026-02-04 01:45,9424.191
2026-02-04 02:00,9424.191
2026-02-04 02:15,9424.191
2026-02-04 02:30,9424.199
2026-02-04 02:45,9424.259
2026-02-04 03:00,9424.259
2026-02-04 03:15,9424.259
2026-02-04 03:30,9424.259
2026-02-04 03:45,9424.259
2026-02-04 04:00,9424.322
2026-02-04 04:15,9424.384
2026-02-04 04:30,9424.384
2026-02-04 04:45,9424.384
2026-02-04 05:00,9424.384
2026-02-04 05:15,9424.441
2026-02-04 05:30,9424.441
2026-02-04 05:45,9424.441
2026-02-04 06:00,9424.441
2026-02-04 06:15,9424.441
2026-02-04 06:30,9424.509
2026-02-04 06:45,9424.509
2026-02-04 07:00,9424.509
2026-02-04 07:15,9424.597
2026-02-04 07:30,9424.597
2026-02-04 07:45,9424.648
2026-02-04 08:00,9424.648
2026-02-04 08:15,9424.664
2026-02-04 08:30,9424.703
2026-02-04 08:45,9424.764
2026-02-04 09:00,9424.832
2026-02-04 09:15,9425.105
2026-02-04 09:30,9425.170
2026-02-04 09:45,9425.229
2026-02-04 10:00,9425.404
2026-02-04 10:15,9425.404
2026-02-04 10:30,9425.404
2026-02-04 10:45,9425.404
2026-02-04 11:00,9425.404
2026-02-04 11:15,9425.404
2026-02-04 11:30,9425.442
2026-02-04 11:45,9425.442
2026-02-04 12:00,9425.442
2026-02-04 12:15,9425.442
2026-02-04 12:30,9425.442
2026-02-04 12:45,9425.442
2026-02-04 13:00,9425.475
2026-02-04 13:15,9425.475
2026-02-04 13:30,9425.475
2026-02-04 13:45,9425.475
2026-02-04 14:00,9425.475
2026-02-04 14:15,9425.475
2026-02-04 14:30,9425.475
2026-02-04 14:45,9425.503
2026-02-04 15:00,9425.503
2026-02-04 15:15,9425.503
2026-02-04 15:30,9425.503
2026-02-04 15:45,9425.503
2026-02-04 16:00,9425.503
2026-02-04 16:15,9425.524
2026-02-04 16:30,9425.648
2026-02-04 16:45,9425.746
2026-02-04 17:00,9425.750
2026-02-04 17:15,9425.750
2026-02-04 17:30,9425.750
2026-02-04 17:45,9425.750
2026-02-04 18:00,9425.750
2026-02-04 18:15,9425.750
2026-02-04 18:30,9425.827
2026-02-04 18:45,9425.876
2026-02-04 19:00,9425.944
2026-02-04 19:15,9425.973
2026-02-04 19:30,9426.107
2026-02-04 19:45,9426.781
2026-02-04 20:00,9426.824
2026-02-04 20:15,9426.876
2026-02-04 20:30,9426.943
2026-02-04 20:45,9426.970
2026-02-04 21:00,9427.000
2026-02-04 21:15,9427.000
2026-02-04 21:30,9427.000
2026-02-04 21:45,9427.000
2026-02-04 22:00,9427.104
2026-02-04 22:15,9427.104
2026-02-04 22:30,9427.104
2026-02-04 22:45,9427.104
2026-02-04 23:00,9427.104
2026-02-04 23:15,9427.104
2026-02-04 23:30,9427.149
2026-02-04 23:45,9427.180
2026-02-05 00:00,9427.180
2026-02-05 00:15,9427.180
2026-02-05 00:30,9427.180
2026-02-05 00:45,9427.180
2026-02-05 01:00,9427.277
2026-02-05 01:15,9427.284
2026-02-05 01:30,9427.284
2026-02-05 01:45,9427.284
2026-02-05 02:00,9427.284
2026-02-05 02:15,9427.349
2026-02-05 02:30,9427.349
2026-02-05 02:45,9427.349
2026-02-05 03:00,9427.398
2026-02-05 03:15,9427.398
2026-02-05 03:30,9427.398
2026-02-05 03:45,9427.398
2026-02-05 04:00,9427.466
2026-02-05 04:15,9427.466
2026-02-05 04:30,9427.466
2026-02-05 04:45,9427.466
2026-02-05 05:00,9427.466
2026-02-05 05:15,9427.502
2026-02-05 05:30,9427.502
2026-02-05 05:45,9427.569
2026-02-05 06:00,9427.569
2026-02-05 06:15,9427.569
2026-02-05 06:30,9427.569
2026-02-05 06:45,9427.569
2026-02-05 07:00,9427.923
2026-02-05 07:15,9427.923
2026-02-05 07:30,9428.004
2026-02-05 07:45,9428.004
2026-02-05 08:00,9428.004
2026-02-05 08:15,9428.072
2026-02-05 08:30,9428.139
2026-02-05 08:45,9428.204
2026-02-05 09:00,9428.276
2026-02-05 09:15,9428.343
2026-02-05 09:30,9428.403
2026-02-05 09:45,9428.517
2026-02-05 10:00,9428.580
2026-02-05 10:15,9428.607
2026-02-05 10:30,9428.636
2026-02-05 10:45,9428.714
2026-02-05 11:00,9428.772
2026-02-05 11:15,9428.827
2026-02-05 11:30,9428.988
2026-02-05 11:45,9429.044
2026-02-05 12:00,9429.124
2026-02-05 12:15,9429.310
2026-02-05 12:30,9429.352
2026-02-05 12:45,9429.403
2026-02-05 13:00,9429.448
2026-02-05 13:15,9429.492
2026-02-05 13:30,9429.492
2026-02-05 13:45,9429.504
2026-02-05 14:00,9429.504
2026-02-05 14:15,9429.504
2026-02-05 14:30,9429.538
2026-02-05 14:45,9429.538
2026-02-05 15:00,9429.538
2026-02-05 15:15,9429.628
2026-02-05 15:30,9429.671
2026-02-05 15:45,9429.704
2026-02-05 16:00,9429.704
2026-02-05 16:15,9429.725
2026-02-05 16:30,9429.725
2026-02-05 16:45,9429.725
2026-02-05 17:00,9429.770
2026-02-05 17:15,9429.770
2026-02-05 17:30,9429.780
2026-02-05 17:45,9429.780
2026-02-05 18:00,9429.780
2026-02-05 18:15,9429.780
2026-02-05 18:30,9429.780
2026-02-05 18:45,9429.780
2026-02-05 19:00,9429.780
2026-02-05 19:15,9430.148
2026-02-05 19:30,9430.803
2026-02-05 19:45,9430.813
2026-02-05 20:00,9431.442
2026-02-05 20:15,9431.571
2026-02-05 20:30,9431.571
2026-02-05 20:45,9431.571
2026-02-05 21:00,9431.571
2026-02-05 21:15,9431.841
2026-02-05 21:30,9431.841
2026-02-05 21:45,9431.841
2026-02-05 22:00,9431.841
2026-02-05 22:15,9431.841
2026-02-05 22:30,9431.978
2026-02-05 22:45,9432.138
2026-02-05 23:00,9432.138
2026-02-05 23:15,9432.138
2026-02-05 23:30,9432.138
2026-02-05 23:45,9432.138
2026-02-06 00:00,9432.138
2026-02-06 00:15,9432.200
2026-02-06 00:30,9432.243
2026-02-06 00:45,9432.243
2026-02-06 01:00,9432.243
2026-02-06 01:15,9432.243
2026-02-06 01:30,9432.243
2026-02-06 01:45,9432.243
2026-02-06 02:00,9432.345
2026-02-06 02:15,9432.345
2026-02-06 02:30,9432.345
2026-02-06 02:45,9432.345
2026-02-06 03:00,9432.345
2026-02-06 03:15,9432.407
2026-02-06 03:30,9432.407
2026-02-06 03:45,9432.407
2026-02-06 04:00,9432.458
2026-02-06 04:15,9432.458
2026-02-06 04:30,9432.520
2026-02-06 04:45,9432.520
2026-02-06 05:00,9432.520
2026-02-06 05:15,9432.520
2026-02-06 05:30,9432.520
2026-02-06 05:45,9432.586
2026-02-06 06:00,9432.586
2026-02-06 06:15,9432.586
2026-02-06 06:30,9432.586
2026-02-06 06:45,9432.629
2026-02-06 07:00,9432.675
2026-02-06 07:15,9432.715
2026-02-06 07:30,9432.715
2026-02-06 07:45,9432.747
2026-02-06 08:00,9432.777
2026-02-06 08:15,9433.033
2026-02-06 08:30,9433.063
2026-02-06 08:45,9433.314
2026-02-06 09:00,9433.567
2026-02-06 09:15,9433.627
2026-02-06 09:30,9433.694
2026-02-06 09:45,9433.704
2026-02-06 10:00,9433.768
2026-02-06 10:15,9433.915
2026-02-06 10:30,9433.953
2026-02-06 10:45,9433.989
2026-02-06 11:00,9434.199
2026-02-06 11:15,9434.237
2026-02-06 11:30,9434.237
2026-02-06 11:45,9434.308
2026-02-06 12:00,9434.308
2026-02-06 12:15,9434.324
2026-02-06 12:30,9434.345
2026-02-06 12:45,9434.345
2026-02-06 13:00,9434.345
2026-02-06 13:15,9434.345
2026-02-06 13:30,9434.345
2026-02-06 13:45,9434.345
2026-02-06 14:00,9434.386
2026-02-06 14:15,9434.386
2026-02-06 14:30,9434.386
2026-02-06 14:45,9434.437
2026-02-06 15:00,9434.447
2026-02-06 15:15,9434.447
2026-02-06 15:30,9434.447
2026-02-06 15:45,9434.447
2026-02-06 16:00,9434.447
2026-02-06 16:15,9434.483
2026-02-06 16:30,9434.483
2026-02-06 16:45,9434.483
2026-02-06 17:00,9434.483
2026-02-06 17:15,9434.483
2026-02-06 17:30,9434.518
2026-02-06 17:45,9434.518
2026-02-06 18:00,9434.518
2026-02-06 18:15,9434.518
2026-02-06 18:30,9434.518
2026-02-06 18:45,9434.518
2026-02-06 19:00,9434.518
2026-02-06 19:15,9434.518
2026-02-06 19:30,9434.550
2026-02-06 19:45,9434.611
2026-02-06 20:00,9434.611
2026-02-06 20:15,9434.611
2026-02-06 20:30,9434.611
2026-02-06 20:45,9434.611
2026-02-06 21:00,9434.662
2026-02-06 21:15,9434.662
2026-02-06 21:30,9434.662
2026-02-06 21:45,9434.662
2026-02-06 22:00,9434.662
2026-02-06 22:15,9434.662
2026-02-06 22:30,9434.662
2026-02-06 22:45,9434.662
2026-02-06 23:00,9434.684
2026-02-06 23:15,9434.752
2026-02-06 23:30,9434.752
2026-02-06 23:45,9434.752
2026-02-07 00:00,9434.752
2026-02-07 00:15,9434.752
2026-02-07 00:30,9434.806
2026-02-07 00:45,9434.806
2026-02-07 01:00,9434.806
2026-02-07 01:15,9434.806
2026-02-07 01:30,9434.806
2026-02-07 01:45,9434.806
2026-02-07 02:00,9434.806
2026-02-07 02:15,9434.806
2026-02-07 02:30,9434.806
2026-02-07 02:45,9434.806
2026-02-07 03:00,9434.806
2026-02-07 03:15,9434.847
2026-02-07 03:30,9434.854
2026-02-07 03:45,9434.854
2026-02-07 04:00,9434.854
2026-02-07 04:15,9434.854
2026-02-07 04:30,9434.854
2026-02-07 04:45,9434.854
2026-02-07 05:00,9434.854
2026-02-07 05:15,9434.854
2026-02-07 05:30,9434.854
2026-02-07 05:45,9434.887
2026-02-07 06:00,9434.887
2026-02-07 06:15,9434.887
2026-02-07 06:30,9434.887
2026-02-07 06:45,9434.887
2026-02-07 07:00,9434.923
2026-02-07 07:15,9434.923
2026-02-07 07:30,9434.923
2026-02-07 07:45,9435.031
2026-02-07 08:00,9435.073
2026-02-07 08:15,9435.113
2026-02-07 08:30,9435.175
2026-02-07 08:45,9435.210
2026-02-07 09:00,9435.259
2026-02-07 09:15,9435.490
2026-02-07 09:30,9435.504
2026-02-07 09:45,9435.504
2026-02-07 10:00,9435.504
2026-02-07 10:15,9435.504
2026-02-07 10:30,9435.504
2026-02-07 10:45,9435.504
2026-02-07 11:00,9435.504
2026-02-07 11:15,9435.504
2026-02-07 11:30,9435.504
2026-02-07 11:45,9435.504
2026-02-07 12:00,9435.550
2026-02-07 12:15,9435.550
2026-02-07 12:30,9435.550
2026-02-07 12:45,9435.550
2026-02-07 13:00,9435.550
2026-02-07 13:15,9435.550
2026-02-07 13:30,9435.550
2026-02-07 13:45,9435.550
2026-02-07 14:00,9435.550
2026-02-07 14:15,9435.615
2026-02-07 14:30,9435.615
2026-02-07 14:45,9435.615
2026-02-07 15:00,9435.615
2026-02-07 15:15,9435.615
2026-02-07 15:30,9435.615
2026-02-07 15:45,9435.658
2026-02-07 16:00,9435.658
2026-02-07 16:15,9435.688
2026-02-07 16:30,9435.688
2026-02-07 16:45,9435.688
2026-02-07 17:00,9435.744
2026-02-07 17:15,9435.759
2026-02-07 17:30,9435.759
2026-02-07 17:45,9435.759
2026-02-07 18:00,9435.797
2026-02-07 18:15,9435.828
2026-02-07 18:30,9435.828
2026-02-07 18:45,9435.828
2026-02-07 19:00,9435.915
2026-02-07 19:15,9435.915
2026-02-07 19:30,9435.915
2026-02-07 19:45,9435.915
2026-02-07 20:00,9435.915
2026-02-07 20:15,9435.915
2026-02-07 20:30,9435.915
2026-02-07 20:45,9435.942
2026-02-07 21:00,9435.942
2026-02-07 21:15,9435.942
2026-02-07 21:30,9435.942
2026-02-07 21:45,9435.942
2026-02-07 22:00,9435.942
2026-02-07 22:15,9435.942
2026-02-07 22:30,9435.987
2026-02-07 22:45,9435.987
2026-02-07 23:00,9435.987
2026-02-07 23:15,9435.987
2026-02-07 23:30,9435.987
2026-02-07 23:45,9435.987
2026-02-08 00:00,9435.987
2026-02-08 00:15,9435.987
2026-02-08 00:30,9435.987
2026-02-08 00:45,9435.987
2026-02-08 01:00,9435.987
2026-02-08 01:15,9436.020
2026-02-08 01:30,9436.020
2026-02-08 01:45,9436.020
2026-02-08 02:00,9436.020
2026-02-08 02:15,9436.047
2026-02-08 02:30,9436.047
2026-02-08 02:45,9436.047
2026-02-08 03:00,9436.047
2026-02-08 03:15,9436.047
2026-02-08 03:30,9436.047
2026-02-08 03:45,9436.078
2026-02-08 04:00,9436.141
2026-02-08 04:15,9436.194
2026-02-08 04:30,9436.239
2026-02-08 04:45,9436.249
2026-02-08 05:00,9436.358
2026-02-08 05:15,9436.358
2026-02-08 05:30,9436.423
2026-02-08 05:45,9436.423
2026-02-08 06:00,9436.423
2026-02-08 06:15,9436.457
2026-02-08 06:30,9436.457
2026-02-08 06:45,9436.457
2026-02-08 07:00,9436.457
2026-02-08 07:15,9436.457
2026-02-08 07:30,9436.457
2026-02-08 07:45,9436.457
2026-02-08 08:00,9436.636
2026-02-08 08:15,9436.684
2026-02-08 08:30,9436.749
2026-02-08 08:45,9436.832
2026-02-08 09:00,9436.903
2026-02-08 09:15,9436.988
2026-02-08 09:30,9437.240
2026-02-08 09:45,9437.240
2026-02-08 10:00,9437.399
2026-02-08 10:15,9437.450
2026-02-08 10:30,9437.497
2026-02-08 10:45,9437.579
2026-02-08 11:00,9437.626
2026-02-08 11:15,9437.704
2026-02-08 11:30,9437.704
2026-02-08 11:45,9437.704
2026-02-08 12:00,9437.704
2026-02-08 12:15,9437.758
2026-02-08 12:30,9437.758
2026-02-08 12:45,9437.861
2026-02-08 13:00,9437.861
2026-02-08 13:15,9437.861
2026-02-08 13:30,9437.861
2026-02-08 13:45,9437.861
2026-02-08 14:00,9437.861
2026-02-08 14:15,9437.899
2026-02-08 14:30,9437.899
2026-02-08 14:45,9437.899
2026-02-08 15:00,9437.900
2026-02-08 15:15,9437.902
2026-02-08 15:30,9437.902
2026-02-08 15:45,9437.907
2026-02-08 16:00,9438.008
2026-02-08 16:15,9438.008
2026-02-08 16:30,9438.008
2026-02-08 16:45,9438.008
2026-02-08 17:00,9438.008
2026-02-08 17:15,9438.052
2026-02-08 17:30,9438.162
2026-02-08 17:45,9438.223
2026-02-08 18:00,9438.236
2026-02-08 18:15,9438.248
2026-02-08 18:30,9438.260
2026-02-08 18:45,9438.272
2026-02-08 19:00,9438.284
2026-02-08 19:15,9438.342
2026-02-08 19:30,9438.382
2026-02-08 19:45,9438.429
2026-02-08 20:00,9438.441
2026-02-08 20:15,9438.453
2026-02-08 20:30,9438.465
2026-02-08 20:45,9438.531
2026-02-08 21:00,9438.538
2026-02-08 21:15,9438.593
2026-02-08 21:30,9438.611
2026-02-08 21:45,9438.614
2026-02-08 22:00,9438.614
2026-02-08 22:15,9438.614
2026-02-08 22:30,9438.663
2026-02-08 22:45,9438.875
2026-02-08 23:00,9438.875
2026-02-08 23:15,9438.924
2026-02-08 23:30,9438.924
2026-02-08 23:45,9438.924
2026-02-09 00:00,9438.924
2026-02-09 00:15,9438.977
2026-02-09 00:30,9438.977
2026-02-09 00:45,9438.977
2026-02-09 01:00,9439.063
2026-02-09 01:15,9439.063
2026-02-09 01:30,9439.063
2026-02-09 01:45,9439.063
2026-02-09 02:00,9439.112
2026-02-09 02:15,9439.112
2026-02-09 02:30,9439.155
2026-02-09 02:45,9439.155
2026-02-09 03:00,9439.155
2026-02-09 03:15,9439.155
2026-02-09 03:30,9439.155
2026-02-09 03:45,9439.155
2026-02-09 04:00,9439.216
2026-02-09 04:15,9439.253
2026-02-09 04:30,9439.253
2026-02-09 04:45,9439.253
2026-02-09 05:00,9439.253
2026-02-09 05:15,9439.253
2026-02-09 05:30,9439.304
2026-02-09 05:45,9439.304
2026-02-09 06:00,9439.356
2026-02-09 06:15,9439.356
2026-02-09 06:30,9439.356
2026-02-09 06:45,9439.356
2026-02-09 07:00,9439.356
2026-02-09 07:15,9439.400
2026-02-09 07:30,9439.400
2026-02-09 07:45,9439.455
2026-02-09 08:00,9439.465
2026-02-09 08:15,9439.535
2026-02-09 08:30,9439.577
2026-02-09 08:45,9439.599
2026-02-09 09:00,9439.724
2026-02-09 09:15,9440.099
2026-02-09 09:30,9440.169
2026-02-09 09:45,9440.169
2026-02-09 10:00,9440.229
2026-02-09 10:15,9440.296
2026-02-09 10:30,9440.346
2026-02-09 10:45,9440.363
2026-02-09 11:00,9440.473
2026-02-09 11:15,9440.473
2026-02-09 11:30,9440.473
2026-02-09 11:45,9440.473
2026-02-09 12:00,9440.473
2026-02-09 12:15,9440.473
2026-02-09 12:30,9440.639
2026-02-09 12:45,9440.685
2026-02-09 13:00,9440.685
2026-02-09 13:15,9440.685
2026-02-09 13:30,9440.685
2026-02-09 13:45,9440.685
2026-02-09 14:00,9440.710
2026-02-09 14:15,9440.710
2026-02-09 14:30,9440.710
2026-02-09 14:45,9440.710
2026-02-09 15:00,9440.747
2026-02-09 15:15,9440.747
2026-02-09 15:30,9440.789
2026-02-09 15:45,9440.789
2026-02-09 16:00,9440.807
2026-02-09 16:15,9440.807
2026-02-09 16:30,9440.807
2026-02-09 16:45,9440.842
2026-02-09 17:00,9440.842
2026-02-09 17:15,9440.842
2026-02-09 17:30,9440.874
2026-02-09 17:45,9440.874
2026-02-09 18:00,9440.874
2026-02-09 18:15,9440.874
2026-02-09 18:30,9440.917
2026-02-09 18:45,9440.917
2026-02-09 19:00,9440.917
2026-02-09 19:15,9440.917
2026-02-09 19:30,9440.917
2026-02-09 19:45,9440.943
2026-02-09 20:00,9440.943
2026-02-09 20:15,9440.943
2026-02-09 20:30,9440.943
2026-02-09 20:45,9440.943
2026-02-09 21:00,9440.943
2026-02-09 21:15,9440.943
2026-02-09 21:30,9440.943
2026-02-09 21:45,9440.966
2026-02-09 22:00,9440.988
2026-02-09 22:15,9440.988
2026-02-09 22:30,9441.319
2026-02-09 22:45,9441.319
2026-02-09 23:00,9441.319
2026-02-09 23:15,9441.319
2026-02-09 23:30,9441.319
2026-02-09 23:45,9441.319
2026-02-10 00:00,9441.319
2026-02-10 00:15,9441.319
2026-02-10 00:30,9441.319
2026-02-10 00:45,9441.319
2026-02-10 01:00,9441.354
2026-02-10 01:15,9441.354
2026-02-10 01:30,9441.440
2026-02-10 01:45,9441.458
2026-02-10 02:00,9441.551
2026-02-10 02:15,9441.551
2026-02-10 02:30,9441.551
2026-02-10 02:45,9441.622
2026-02-10 03:00,9441.622
2026-02-10 03:15,9441.622
2026-02-10 03:30,9441.622
2026-02-10 03:45,9441.622
2026-02-10 04:00,9441.698
2026-02-10 04:15,9441.698
2026-02-10 04:30,9441.735
2026-02-10 04:45,9441.735
2026-02-10 05:00,9441.735
2026-02-10 05:15,9441.807
2026-02-10 05:30,9441.848
2026-02-10 05:45,9441.848
2026-02-10 06:00,9441.848
2026-02-10 06:15,9441.848
2026-02-10 06:30,9441.913
2026-02-10 06:45,9441.913
2026-02-10 07:00,9441.913
2026-02-10 07:15,9441.959
2026-02-10 07:30,9441.959
2026-02-10 07:45,9442.001
2026-02-10 08:00,9442.001
2026-02-10 08:15,9442.001
2026-02-10 08:30,9442.263
2026-02-10 08:45,9442.315
2026-02-10 09:00,9442.389
2026-02-10 09:15,9443.139
2026-02-10 09:30,9443.441
2026-02-10 09:45,9443.497
2026-02-10 10:00,9443.497
2026-02-10 10:15,9443.590
2026-02-10 10:30,9443.612
2026-02-10 10:45,9443.612
2026-02-10 11:00,9443.612
2026-02-10 11:15,9443.612
2026-02-10 11:30,9443.612
2026-02-10 11:45,9443.664
2026-02-10 12:00,9443.664
2026-02-10 12:15,9443.664
2026-02-10 12:30,9443.664
2026-02-10 12:45,9443.664
2026-02-10 13:00,9443.664
2026-02-10 13:15,9443.664
2026-02-10 13:30,9443.664
2026-02-10 13:45,9443.664
2026-02-10 14:00,9443.716
2026-02-10 14:15,9443.716
2026-02-10 14:30,9443.754
2026-02-10 14:45,9443.798
2026-02-10 15:00,9443.798
2026-02-10 15:15,9443.842
2026-02-10 15:30,9443.842
2026-02-10 15:45,9443.842
2026-02-10 16:00,9443.842
2026-02-10 16:15,9443.842
2026-02-10 16:30,9443.842
2026-02-10 16:45,9443.842
2026-02-10 17:00,9443.870
2026-02-10 17:15,9443.870
2026-02-10 17:30,9443.870
2026-02-10 17:45,9443.870
2026-02-10 18:00,9443.870
2026-02-10 18:15,9443.895
2026-02-10 18:30,9444.324
2026-02-10 18:45,9444.363
2026-02-10 19:00,9444.367
2026-02-10 19:15,9444.367
2026-02-10 19:30,9444.367
2026-02-10 19:45,9444.367
2026-02-10 20:00,9444.367
2026-02-10 20:15,9444.367
2026-02-10 20:30,9444.367
2026-02-10 20:45,9444.367
2026-02-10 21:00,9444.407
2026-02-10 21:15,9444.407
2026-02-10 21:30,9444.407
2026-02-10 21:45,9444.407
2026-02-10 22:00,9444.433
2026-02-10 22:15,9444.433
2026-02-10 22:30,9444.484
2026-02-10 22:45,9444.484
2026-02-10 23:00,9444.484
2026-02-10 23:15,9444.718
2026-02-10 23:30,9444.718
2026-02-10 23:45,9444.718
2026-02-11 00:00,9444.718
2026-02-11 00:15,9444.718
2026-02-11 00:30,9444.718
2026-02-11 00:45,9444.718
2026-02-11 01:00,9444.718
2026-02-11 01:15,9444.770
2026-02-11 01:30,9444.770
2026-02-11 01:45,9444.770
2026-02-11 02:00,9444.770
2026-02-11 02:15,9444.770
2026-02-11 02:30,9444.770
2026-02-11 02:45,9444.770
2026-02-11 03:00,9444.770
2026-02-11 03:15,9444.770
2026-02-11 03:30,9444.770
2026-02-11 03:45,9444.858
2026-02-11 04:00,9444.919
2026-02-11 04:15,9444.919
2026-02-11 04:30,9444.919
2026-02-11 04:45,9444.919
2026-02-11 05:00,9444.919
2026-02-11 05:15,9444.919
2026-02-11 05:30,9444.919
2026-02-11 05:45,9444.919
2026-02-11 06:00,9444.919
2026-02-11 06:15,9444.919
2026-02-11 06:30,9444.919
2026-02-11 06:45,9444.952
2026-02-11 07:00,9444.952
2026-02-11 07:15,9444.952
2026-02-11 07:30,9444.952
2026-02-11 07:45,9444.978
2026-02-11 08:00,9444.978
2026-02-11 08:15,9444.978
2026-02-11 08:30,9445.279
2026-02-11 08:45,9445.279
2026-02-11 09:00,9445.279
2026-02-11 09:15,9445.906
2026-02-11 09:30,9446.423
2026-02-11 09:45,9446.423
2026-02-11 10:00,9446.423
2026-02-11 10:15,9446.423
2026-02-11 10:30,9446.423
2026-02-11 10:45,9446.423
2026-02-11 11:00,9446.423
2026-02-11 11:15,9446.423
2026-02-11 11:30,9447.187
2026-02-11 11:45,9447.231
2026-02-11 12:00,9447.239
2026-02-11 12:15,9447.239
2026-02-11 12:30,9447.239
2026-02-11 12:45,9447.239
2026-02-11 13:00,9447.282
2026-02-11 13:15,9447.282
2026-02-11 13:30,9447.282
2026-02-11 13:45,9447.282
2026-02-11 14:00,9447.282
2026-02-11 14:15,9447.282
2026-02-11 14:30,9447.341
2026-02-11 14:45,9447.341
2026-02-11 15:00,9447.341
2026-02-11 15:15,9447.341
2026-02-11 15:30,9447.341
2026-02-11 15:45,9447.341
2026-02-11 16:00,9447.341
2026-02-11 16:15,9447.341
2026-02-11 16:30,9447.341
2026-02-11 16:45,9447.341
2026-02-11 17:00,9447.405
2026-02-11 17:15,9447.521
2026-02-11 17:30,9447.521
2026-02-11 17:45,9447.521
2026-02-11 18:00,9447.630
2026-02-11 18:15,9448.350
2026-02-11 18:30,9448.382
2026-02-11 18:45,9448.382
2026-02-11 19:00,9448.382
2026-02-11 19:15,9448.815
2026-02-11 19:30,9448.925
2026-02-11 19:45,9448.925
2026-02-11 20:00,9448.925
2026-02-11 20:15,9448.925
2026-02-11 20:30,9448.925
2026-02-11 20:45,9448.925
2026-02-11 21:00,9448.925
2026-02-11 21:15,9448.925
2026-02-11 21:30,9448.925
2026-02-11 21:45,9448.961
2026-02-11 22:00,9448.961
2026-02-11 22:15,9448.961
2026-02-11 22:30,9448.984
2026-02-11 22:45,9449.179
2026-02-11 23:00,9449.404
2026-02-11 23:15,9449.598
2026-02-11 23:30,9449.789
2026-02-11 23:45,9449.981
2026-02-12 00:00,9450.063
2026-02-12 00:15,9450.078
2026-02-12 00:30,9450.090
2026-02-12 00:45,9450.090
2026-02-12 01:00,9450.090
2026-02-12 01:15,9450.090
2026-02-12 01:30,9450.090
2026-02-12 01:45,9450.090
2026-02-12 02:00,9450.133
2026-02-12 02:15,9450.133
2026-02-12 02:30,9450.133
2026-02-12 02:45,9450.133
2026-02-12 03:00,9450.133
2026-02-12 03:15,9450.133
2026-02-12 03:30,9450.133
2026-02-12 03:45,9450.133
2026-02-12 04:00,9450.133
2026-02-12 04:15,9450.133
2026-02-12 04:30,9450.166
2026-02-12 04:45,9450.166
2026-02-12 05:00,9450.166
2026-02-12 05:15,9450.166
2026-02-12 05:30,9450.272
2026-02-12 05:45,9450.272
2026-02-12 06:00,9450.272
2026-02-12 06:15,9450.272
2026-02-12 06:30,9450.272
2026-02-12 06:45,9450.310
2026-02-12 07:00,9450.310
2026-02-12 07:15,9450.435
2026-02-12 07:30,9450.435
2026-02-12 07:45,9450.435
2026-02-12 08:00,9450.435
2026-02-12 08:15,9450.435
2026-02-12 08:30,9451.069
2026-02-12 08:45,9451.204
2026-02-12 09:00,9451.204
2026-02-12 09:15,9451.204
2026-02-12 09:30,9451.204
2026-02-12 09:45,9451.204
2026-02-12 10:00,9451.204
2026-02-12 10:15,9451.204
2026-02-12 10:30,9451.204
2026-02-12 10:45,9451.204
2026-02-12 11:00,9451.237
2026-02-12 11:15,9451.237
2026-02-12 11:30,9451.272
2026-02-12 11:45,9451.272
2026-02-12 12:00,9451.317
2026-02-12 12:15,9451.317
2026-02-12 12:30,9451.363
2026-02-12 12:45,9451.363
2026-02-12 13:00,9451.363
2026-02-12 13:15,9451.363
2026-02-12 13:30,9451.363
2026-02-12 13:45,9451.400
2026-02-12 14:00,9451.452
2026-02-12 14:15,9451.476
2026-02-12 14:30,9451.514
2026-02-12 14:45,9451.546
2026-02-12 15:00,9451.564
2026-02-12 15:15,9451.627
2026-02-12 15:30,9451.666
2026-02-12 15:45,9451.666
2026-02-12 16:00,9451.666
2026-02-12 16:15,9451.721
2026-02-12 16:30,9451.721
2026-02-12 16:45,9451.721
2026-02-12 17:00,9451.721
2026-02-12 17:15,9451.721
2026-02-12 17:30,9451.721
2026-02-12 17:45,9451.813
2026-02-12 18:00,9451.813
2026-02-12 18:15,9451.857
2026-02-12 18:30,9451.857
2026-02-12 18:45,9451.909
2026-02-12 19:00,9451.909
2026-02-12 19:15,9451.909
2026-02-12 19:30,9451.909
2026-02-12 19:45,9451.909
2026-02-12 20:00,9451.948
2026-02-12 20:15,9452.000
2026-02-12 20:30,9452.000
2026-02-12 20:45,9452.000
2026-02-12 21:00,9452.000
2026-02-12 21:15,9452.030
2026-02-12 21:30,9452.052
2026-02-12 21:45,9452.052
2026-02-12 22:00,9452.052
2026-02-12 22:15,9452.052
2026-02-12 22:30,9452.052
2026-02-12 22:45,9452.052
2026-02-12 23:00,9452.052
2026-02-12 23:15,9452.052
2026-02-12 23:30,9452.052
2026-02-12 23:45,9452.084
2026-02-13 00:00,9452.084
2026-02-13 00:15,9452.084
2026-02-13 00:30,9452.084
2026-02-13 00:45,9452.084
2026-02-13 01:00,9452.122
2026-02-13 01:15,9452.122
2026-02-13 01:30,9452.122
2026-02-13 01:45,9452.122
2026-02-13 02:00,9452.122
2026-02-13 02:15,9452.122
2026-02-13 02:30,9452.152
2026-02-13 02:45,9452.152
2026-02-13 03:00,9452.152
2026-02-13 03:15,9452.266
2026-02-13 03:30,9452.266
2026-02-13 03:45,9452.313
2026-02-13 04:00,9452.364
2026-02-13 04:15,9452.441
2026-02-13 04:30,9452.441
2026-02-13 04:45,9452.441
2026-02-13 05:00,9452.441
2026-02-13 05:15,9452.514
2026-02-13 05:30,9452.514
2026-02-13 05:45,9452.514
2026-02-13 06:00,9452.514
2026-02-13 06:15,9452.514
2026-02-13 06:30,9452.632
2026-02-13 06:45,9452.632
2026-02-13 07:00,9452.632
2026-02-13 07:15,9452.632
2026-02-13 07:30,9452.706
2026-02-13 07:45,9452.706
2026-02-13 08:00,9452.974
2026-02-13 08:15,9452.988
2026-02-13 08:30,9453.054
2026-02-13 08:45,9453.119
2026-02-13 09:00,9453.199
2026-02-13 09:15,9453.245
2026-02-13 09:30,9453.299
2026-02-13 09:45,9453.380
2026-02-13 10:00,9453.447
2026-02-13 10:15,9453.543
2026-02-13 10:30,9453.547
2026-02-13 10:45,9453.643
2026-02-13 11:00,9453.721
2026-02-13 11:15,9453.929
2026-02-13 11:30,9453.995
2026-02-13 11:45,9454.005
2026-02-13 12:00,9454.064
2026-02-13 12:15,9454.141
2026-02-13 12:30,9454.141
2026-02-13 12:45,9454.141
2026-02-13 13:00,9454.141
2026-02-13 13:15,9454.141
2026-02-13 13:30,9454.189
2026-02-13 13:45,9454.189
2026-02-13 14:00,9454.189
2026-02-13 14:15,9454.261
2026-02-13 14:30,9454.302
2026-02-13 14:45,9454.302
2026-02-13 15:00,9454.302
2026-02-13 15:15,9454.416
2026-02-13 15:30,9454.556
2026-02-13 15:45,9454.602
2026-02-13 16:00,9454.646
2026-02-13 16:15,9454.746
2026-02-13 16:30,9454.746
2026-02-13 16:45,9454.793
2026-02-13 17:00,9454.793
2026-02-13 17:15,9454.793
2026-02-13 17:30,9454.845
2026-02-13 17:45,9454.845
2026-02-13 18:00,9454.895
2026-02-13 18:15,9454.895
2026-02-13 18:30,9454.895
2026-02-13 18:45,9454.895
2026-02-13 19:00,9454.895
2026-02-13 19:15,9454.895
2026-02-13 19:30,9454.926
2026-02-13 19:45,9454.926
2026-02-13 20:00,9454.926
2026-02-13 20:15,9454.926
2026-02-13 20:30,9454.972
2026-02-13 20:45,9454.972
2026-02-13 21:00,9454.972
2026-02-13 21:15,9454.972
2026-02-13 21:30,9455.011
2026-02-13 21:45,9455.011
2026-02-13 22:00,9455.011
2026-02-13 22:15,9455.011
2026-02-13 22:30,9455.011
2026-02-13 22:45,9455.011
2026-02-13 23:00,9455.011
2026-02-13 23:15,9455.040
2026-02-13 23:30,9455.040
2026-02-13 23:45,9455.040
2026-02-14 00:00,9455.102
2026-02-14 00:15,9455.102
2026-02-14 00:30,9455.102
2026-02-14 00:45,9455.102
2026-02-14 01:00,9455.152
2026-02-14 01:15,9455.152
2026-02-14 01:30,9455.180
2026-02-14 01:45,9455.216
2026-02-14 02:00,9455.216
2026-02-14 02:15,9455.216
2026-02-14 02:30,9455.216
2026-02-14 02:45,9455.216
2026-02-14 03:00,9455.252
2026-02-14 03:15,9455.252
2026-02-14 03:30,9455.252
2026-02-14 03:45,9455.252
2026-02-14 04:00,9455.252
2026-02-14 04:15,9455.252
2026-02-14 04:30,9455.274
2026-02-14 04:45,9455.288
2026-02-14 05:00,9455.288
2026-02-14 05:15,9455.288
2026-02-14 05:30,9455.288
2026-02-14 05:45,9455.288
2026-02-14 06:00,9455.288
2026-02-14 06:15,9455.288
2026-02-14 06:30,9455.319
2026-02-14 06:45,9455.319
2026-02-14 07:00,9455.319
2026-02-14 07:15,9455.319
2026-02-14 07:30,9455.319
2026-02-14 07:45,9455.420
2026-02-14 08:00,9455.420
2026-02-14 08:15,9455.420
2026-02-14 08:30,9455.487
2026-02-14 08:45,9455.537
2026-02-14 09:00,9455.589
2026-02-14 09:15,9455.868
2026-02-14 09:30,9455.881
2026-02-14 09:45,9455.944
2026-02-14 10:00,9455.990
2026-02-14 10:15,9456.038
2026-02-14 10:30,9456.523
2026-02-14 10:45,9456.889
2026-02-14 11:00,9456.889
2026-02-14 11:15,9456.889
2026-02-14 11:30,9456.889
2026-02-14 11:45,9456.889
2026-02-14 12:00,9456.889
2026-02-14 12:15,9456.889
2026-02-14 12:30,9456.889
2026-02-14 12:45,9456.889
2026-02-14 13:00,9456.889
2026-02-14 13:15,9456.889
2026-02-14 13:30,9456.934
2026-02-14 13:45,9456.934
2026-02-14 14:00,9456.934
2026-02-14 14:15,9456.934
2026-02-14 14:30,9456.934
2026-02-14 14:45,9456.934
2026-02-14 15:00,9456.934
2026-02-14 15:15,9456.934
2026-02-14 15:30,9456.962
2026-02-14 15:45,9456.962
2026-02-14 16:00,9456.962
2026-02-14 16:15,9456.962
2026-02-14 16:30,9456.962
2026-02-14 16:45,9456.997
2026-02-14 17:00,9457.026
2026-02-14 17:15,9457.069
2026-02-14 17:30,9457.069
2026-02-14 17:45,9457.069
2026-02-14 18:00,9457.069
2026-02-14 18:15,9457.069
2026-02-14 18:30,9457.069
2026-02-14 18:45,9457.069
2026-02-14 19:00,9457.069
2026-02-14 19:15,9457.069
2026-02-14 19:30,9457.100
2026-02-14 19:45,9457.109
2026-02-14 20:00,9457.109
2026-02-14 20:15,9457.109
2026-02-14 20:30,9457.109
2026-02-14 20:45,9457.109
2026-02-14 21:00,9457.156
2026-02-14 21:15,9457.156
2026-02-14 21:30,9457.156
2026-02-14 21:45,9457.156
2026-02-14 22:00,9457.156
2026-02-14 22:15,9457.156
2026-02-14 22:30,9457.156
2026-02-14 22:45,9457.156
2026-02-14 23:00,9457.156
2026-02-14 23:15,9457.156
2026-02-14 23:30,9457.188
2026-02-14 23:45,9457.258
2026-02-15 00:00,9457.258
2026-02-15 00:15,9457.258
2026-02-15 00:30,9457.301
2026-02-15 00:45,9457.301
2026-02-15 01:00,9457.301
2026-02-15 01:15,9457.365
2026-02-15 01:30,9457.365
2026-02-15 01:45,9457.365
2026-02-15 02:00,9457.392
2026-02-15 02:15,9457.399
2026-02-15 02:30,9457.399
2026-02-15 02:45,9457.416
2026-02-15 03:00,9457.416
2026-02-15 03:15,9457.416
2026-02-15 03:30,9457.416
2026-02-15 03:45,9457.416
2026-02-15 04:00,9457.464
2026-02-15 04:15,9457.477
2026-02-15 04:30,9457.477
2026-02-15 04:45,9457.477
2026-02-15 05:00,9457.477
2026-02-15 05:15,9457.477
2026-02-15 05:30,9457.477
2026-02-15 05:45,9457.516
2026-02-15 06:00,9457.516
2026-02-15 06:15,9457.550
2026-02-15 06:30,9457.550
2026-02-15 06:45,9457.550
2026-02-15 07:00,9457.550
2026-02-15 07:15,9457.590
2026-02-15 07:30,9457.628
2026-02-15 07:45,9457.630
2026-02-15 08:00,9457.630
2026-02-15 08:15,9457.630
2026-02-15 08:30,9457.760
2026-02-15 08:45,9457.838
2026-02-15 09:00,9457.855
2026-02-15 09:15,9458.090
2026-02-15 09:30,9458.139
2026-02-15 09:45,9458.440
2026-02-15 10:00,9458.498
2026-02-15 10:15,9458.553
2026-02-15 10:30,9458.553
2026-02-15 10:45,9458.553
2026-02-15 11:00,9458.553
2026-02-15 11:15,9458.553
2026-02-15 11:30,9458.553
2026-02-15 11:45,9458.584
2026-02-15 12:00,9458.616
2026-02-15 12:15,9458.616
2026-02-15 12:30,9458.748
2026-02-15 12:45,9458.953
2026-02-15 13:00,9458.953
2026-02-15 13:15,9458.953
2026-02-15 13:30,9458.953
2026-02-15 13:45,9458.953
2026-02-15 14:00,9458.953
2026-02-15 14:15,9458.953
2026-02-15 14:30,9458.953
2026-02-15 14:45,9458.953
2026-02-15 15:00,9458.953
2026-02-15 15:15,9458.953
2026-02-15 15:30,9458.953
2026-02-15 15:45,9458.993
2026-02-15 16:00,9459.000
2026-02-15 16:15,9459.000
2026-02-15 16:30,9459.000
2026-02-15 16:45,9459.000
2026-02-15 17:00,9459.000
2026-02-15 17:15,9459.000
2026-02-15 17:30,9459.000
2026-02-15 17:45,9459.000
2026-02-15 18:00,9459.000
2026-02-15 18:15,9459.000
2026-02-15 18:30,9459.032
2026-02-15 18:45,9459.032
2026-02-15 19:00,9459.032
2026-02-15 19:15,9459.032
2026-02-15 19:30,9459.032
2026-02-15 19:45,9459.048
2026-02-15 20:00,9459.065
2026-02-15 20:15,9459.065
2026-02-15 20:30,9459.065
2026-02-15 20:45,9459.065
2026-02-15 21:00,9459.065
2026-02-15 21:15,9459.065
2026-02-15 21:30,9459.065
2026-02-15 21:45,9459.574
2026-02-15 22:00,9460.245
2026-02-15 22:15,9460.266
2026-02-15 22:30,9460.266
2026-02-15 22:45,9460.266
2026-02-15 23:00,9460.266
2026-02-15 23:15,9460.266
2026-02-15 23:30,9460.266
2026-02-15 23:45,9460.312
2026-02-16 00:00,9460.312
2026-02-16 00:15,9460.312
2026-02-16 00:30,9460.350
2026-02-16 00:45,9460.350
2026-02-16 01:00,9460.350
2026-02-16 01:15,9460.404
2026-02-16 01:30,9460.404
2026-02-16 01:45,9460.455
2026-02-16 02:00,9460.455
2026-02-16 02:15,9460.455
2026-02-16 02:30,9460.514
2026-02-16 02:45,9460.514
2026-02-16 03:00,9460.514
2026-02-16 03:15,9460.514
2026-02-16 03:30,9460.514
2026-02-16 03:45,9460.577
2026-02-16 04:00,9460.615
2026-02-16 04:15,9460.615
2026-02-16 04:30,9460.615
2026-02-16 04:45,9460.615
2026-02-16 05:00,9460.677
2026-02-16 05:15,9460.703
2026-02-16 05:30,9460.727
2026-02-16 05:45,9460.727
2026-02-16 06:00,9460.784
2026-02-16 06:15,9460.784
2026-02-16 06:30,9460.784
2026-02-16 06:45,9460.843
2026-02-16 07:00,9460.843
2026-02-16 07:15,9460.881
2026-02-16 07:30,9460.881
2026-02-16 07:45,9460.923
2026-02-16 08:00,9461.151
2026-02-16 08:15,9461.203
2026-02-16 08:30,9461.220
2026-02-16 08:45,9461.351
2026-02-16 09:00,9461.419
2026-02-16 09:15,9461.427
2026-02-16 09:30,9461.495
2026-02-16 09:45,9461.583
2026-02-16 10:00,9461.658
2026-02-16 10:15,9461.701
2026-02-16 10:30,9461.715
2026-02-16 10:45,9461.748
2026-02-16 11:00,9461.748
2026-02-16 11:15,9461.851
2026-02-16 11:30,9461.851
2026-02-16 11:45,9461.851
2026-02-16 12:00,9461.851
2026-02-16 12:15,9461.851
2026-02-16 12:30,9461.851
2026-02-16 12:45,9461.851
2026-02-16 13:00,9461.851
2026-02-16 13:15,9461.851
2026-02-16 13:30,9461.881
2026-02-16 13:45,9461.881
2026-02-16 14:00,9461.881
2026-02-16 14:15,9461.881
2026-02-16 14:30,9461.881
2026-02-16 14:45,9461.881
2026-02-16 15:00,9461.924
2026-02-16 15:15,9461.924
2026-02-16 15:30,9461.924
2026-02-16 15:45,9461.924
2026-02-16 16:00,9461.924
2026-02-16 16:15,9461.924
2026-02-16 16:30,9461.924
2026-02-16 16:45,9461.924
2026-02-16 17:00,9461.924
2026-02-16 17:15,9461.956
2026-02-16 17:30,9461.956
2026-02-16 17:45,9461.956
2026-02-16 18:00,9461.956
2026-02-16 18:15,9461.956
2026-02-16 18:30,9461.988
2026-02-16 18:45,9461.988
2026-02-16 19:00,9461.988
2026-02-16 19:15,9461.988
2026-02-16 19:30,9461.988
2026-02-16 19:45,9461.988
2026-02-16 20:00,9462.016
2026-02-16 20:15,9462.016
2026-02-16 20:30,9462.016
2026-02-16 20:45,9462.016
2026-02-16 21:00,9462.016
2026-02-16 21:15,9462.016
2026-02-16 21:30,9462.052
2026-02-16 21:45,9462.052
2026-02-16 22:00,9462.052
2026-02-16 22:15,9462.052
2026-02-16 22:30,9462.052
2026-02-16 22:45,9462.052
2026-02-16 23:00,9462.052
2026-02-16 23:15,9462.052
2026-02-16 23:30,9462.083
2026-02-16 23:45,9462.083
2026-02-17 00:00,9462.083
2026-02-17 00:15,9462.083
2026-02-17 00:30,9462.083
2026-02-17 00:45,9462.083
2026-02-17 01:00,9462.127
2026-02-17 01:15,9462.127
2026-02-17 01:30,9462.127
2026-02-17 01:45,9462.127
2026-02-17 02:00,9462.127
2026-02-17 02:15,9462.127
2026-02-17 02:30,9462.127
2026-02-17 02:45,9462.127
2026-02-17 03:00,9462.127
2026-02-17 03:15,9462.127
2026-02-17 03:30,9462.160
2026-02-17 03:45,9462.160
2026-02-17 04:00,9462.160
2026-02-17 04:15,9462.160
2026-02-17 04:30,9462.181
2026-02-17 04:45,9462.237
2026-02-17 05:00,9462.283
2026-02-17 05:15,9462.283
2026-02-17 05:30,9462.348
2026-02-17 05:45,9462.348
2026-02-17 06:00,9462.385
2026-02-17 06:15,9462.450
2026-02-17 06:30,9462.450
2026-02-17 06:45,9462.450
2026-02-17 07:00,9462.522
2026-02-17 07:15,9462.553
2026-02-17 07:30,9462.598
2026-02-17 07:45,9462.643
2026-02-17 08:00,9462.886
2026-02-17 08:15,9462.886
2026-02-17 08:30,9462.938
2026-02-17 08:45,9462.959
2026-02-17 09:00,9463.060
2026-02-17 09:15,9463.120
2026-02-17 09:30,9463.232
2026-02-17 09:45,9463.393
2026-02-17 10:00,9463.482
2026-02-17 10:15,9463.540
2026-02-17 10:30,9463.540
2026-02-17 10:45,9463.540
2026-02-17 11:00,9463.540
2026-02-17 11:15,9463.540
2026-02-17 11:30,9463.540
2026-02-17 11:45,9463.540
2026-02-17 12:00,9463.540
2026-02-17 12:15,9463.592
2026-02-17 12:30,9463.592
2026-02-17 12:45,9463.592
2026-02-17 13:00,9463.592
2026-02-17 13:15,9463.592
2026-02-17 13:30,9463.592
2026-02-17 13:45,9463.592
2026-02-17 14:00,9463.592
2026-02-17 14:15,9463.592
2026-02-17 14:30,9463.673
2026-02-17 14:45,9463.673
2026-02-17 15:00,9463.673
2026-02-17 15:15,9463.673
2026-02-17 15:30,9463.673
2026-02-17 15:45,9463.708
2026-02-17 16:00,9463.708
2026-02-17 16:15,9463.708
2026-02-17 16:30,9463.708
2026-02-17 16:45,9463.708
2026-02-17 17:00,9463.708
2026-02-17 17:15,9463.708
2026-02-17 17:30,9463.708
2026-02-17 17:45,9463.806
2026-02-17 18:00,9463.806
2026-02-17 18:15,9463.806
2026-02-17 18:30,9463.806
2026-02-17 18:45,9463.806
2026-02-17 19:00,9463.806
2026-02-17 19:15,9463.806
2026-02-17 19:30,9463.848
2026-02-17 19:45,9463.848
2026-02-17 20:00,9463.848
2026-02-17 20:15,9463.848
2026-02-17 20:30,9463.928
2026-02-17 20:45,9463.928
2026-02-17 21:00,9463.928
2026-02-17 21:15,9463.928
2026-02-17 21:30,9463.965
2026-02-17 21:45,9463.965
2026-02-17 22:00,9463.965
2026-02-17 22:15,9463.965
2026-02-17 22:30,9464.026
2026-02-17 22:45,9464.026
2026-02-17 23:00,9464.026
2026-02-17 23:15,9464.026
2026-02-17 23:30,9464.026
2026-02-17 23:45,9464.026
2026-02-18 00:00,9464.026
2026-02-18 00:15,9464.026
2026-02-18 00:30,9464.026
2026-02-18 00:45,9464.026
2026-02-18 01:00,9464.026
2026-02-18 01:15,9464.026
2026-02-18 01:30,9464.026
2026-02-18 01:45,9464.026
2026-02-18 02:00,9464.026
2026-02-18 02:15,9464.104
2026-02-18 02:30,9464.149
2026-02-18 02:45,9464.209
2026-02-18 03:00,9464.209
2026-02-18 03:15,9464.209
2026-02-18 03:30,9464.209
2026-02-18 03:45,9464.240
2026-02-18 04:00,9464.240
2026-02-18 04:15,9464.272
2026-02-18 04:30,9464.301
2026-02-18 04:45,9464.301
2026-02-18 05:00,9464.313
2026-02-18 05:15,9464.313
2026-02-18 05:30,9464.313
2026-02-18 05:45,9464.313
2026-02-18 06:00,9464.313
2026-02-18 06:15,9464.313
2026-02-18 06:30,9464.313
2026-02-18 06:45,9464.313
2026-02-18 07:00,9464.313
2026-02-18 07:15,9464.313
2026-02-18 07:30,9464.364
2026-02-18 07:45,9464.364
2026-02-18 08:00,9464.538
2026-02-18 08:15,9464.538
2026-02-18 08:30,9464.609
2026-02-18 08:45,9464.666
2026-02-18 09:00,9464.689
2026-02-18 09:15,9464.714
2026-02-18 09:30,9464.767
2026-02-18 09:45,9465.064
2026-02-18 10:00,9465.064
2026-02-18 10:15,9465.116
2026-02-18 10:30,9465.162
2026-02-18 10:45,9465.201
2026-02-18 11:00,9465.233
2026-02-18 11:15,9465.233
2026-02-18 11:30,9465.233
2026-02-18 11:45,9465.246
2026-02-18 12:00,9465.246
2026-02-18 12:15,9465.246
2026-02-18 12:30,9465.246
2026-02-18 12:45,9465.246
2026-02-18 13:00,9465.294
2026-02-18 13:15,9465.294
2026-02-18 13:30,9465.294
2026-02-18 13:45,9465.294
2026-02-18 14:00,9465.294
2026-02-18 14:15,9465.294
2026-02-18 14:30,9465.294
2026-02-18 14:45,9465.362
2026-02-18 15:00,9465.391
2026-02-18 15:15,9465.391
2026-02-18 15:30,9465.425
2026-02-18 15:45,9465.425
2026-02-18 16:00,9465.425
2026-02-18 16:15,9465.425
2026-02-18 16:30,9465.425
2026-02-18 16:45,9465.454
2026-02-18 17:00,9465.454
2026-02-18 17:15,9465.454
2026-02-18 17:30,9465.454
2026-02-18 17:45,9465.454
2026-02-18 18:00,9465.454
2026-02-18 18:15,9465.454
2026-02-18 18:30,9465.482
2026-02-18 18:45,9465.553
2026-02-18 19:00,9465.573
2026-02-18 19:15,9465.733
2026-02-18 19:30,9465.906
2026-02-18 19:45,9466.050
2026-02-18 20:00,9466.138
2026-02-18 20:15,9466.190
2026-02-18 20:30,9466.226
2026-02-18 20:45,9466.271
2026-02-18 21:00,9466.271
2026-02-18 21:15,9466.309
2026-02-18 21:30,9466.309
2026-02-18 21:45,9466.309
2026-02-18 22:00,9466.309
2026-02-18 22:15,9466.309
2026-02-18 22:30,9466.343
2026-02-18 22:45,9466.343
2026-02-18 23:00,9466.343
2026-02-18 23:15,9466.343
2026-02-18 23:30,9466.387
2026-02-18 23:45,9466.402
2026-02-19 00:00,9466.438
2026-02-19 00:15,9466.438
2026-02-19 00:30,9466.438
2026-02-19 00:45,9466.438
2026-02-19 01:00,9466.438
2026-02-19 01:15,9466.492
2026-02-19 01:30,9466.492
2026-02-19 01:45,9466.535
2026-02-19 02:00,9466.535
2026-02-19 02:15,9466.535
2026-02-19 02:30,9466.535
2026-02-19 02:45,9466.535
2026-02-19 03:00,9466.535
2026-02-19 03:15,9466.535
2026-02-19 03:30,9466.561
2026-02-19 03:45,9466.561
2026-02-19 04:00,9466.624
2026-02-19 04:15,9466.624
2026-02-19 04:30,9466.624
2026-02-19 04:45,9466.624
2026-02-19 05:00,9466.624
2026-02-19 05:15,9466.624
2026-02-19 05:30,9466.675
2026-02-19 05:45,9466.675
2026-02-19 06:00,9466.675
2026-02-19 06:15,9466.675
2026-02-19 06:30,9466.675
2026-02-19 06:45,9466.675
2026-02-19 07:00,9466.675
2026-02-19 07:15,9466.712
2026-02-19 07:30,9466.712
2026-02-19 07:45,9466.712
2026-02-19 08:00,9466.712
2026-02-19 08:15,9466.748
2026-02-19 08:30,9467.016
2026-02-19 08:45,9467.252
2026-02-19 09:00,9467.304
2026-02-19 09:15,9467.352
2026-02-19 09:30,9467.401
2026-02-19 09:45,9467.449
2026-02-19 10:00,9467.471
2026-02-19 10:15,9467.570
2026-02-19 10:30,9467.666
2026-02-19 10:45,9467.666
2026-02-19 11:00,9467.710
2026-02-19 11:15,9467.755
2026-02-19 11:30,9467.795
2026-02-19 11:45,9467.795
2026-02-19 12:00,9467.883
2026-02-19 12:15,9467.914
2026-02-19 12:30,9467.914
2026-02-19 12:45,9467.914
2026-02-19 13:00,9467.949
2026-02-19 13:15,9467.949
2026-02-19 13:30,9467.949
2026-02-19 13:45,9467.953
2026-02-19 14:00,9468.053
2026-02-19 14:15,9468.081
2026-02-19 14:30,9468.089
2026-02-19 14:45,9468.098
2026-02-19 15:00,9468.106
2026-02-19 15:15,9468.114
2026-02-19 15:30,9468.122
2026-02-19 15:45,9468.130
2026-02-19 16:00,9468.138
2026-02-19 16:15,9468.144
2026-02-19 16:30,9468.144
2026-02-19 16:45,9468.175
2026-02-19 17:00,9468.175
2026-02-19 17:15,9468.175
2026-02-19 17:30,9468.175
2026-02-19 17:45,9468.175
2026-02-19 18:00,9468.175
2026-02-19 18:15,9468.209
2026-02-19 18:30,9468.209
2026-02-19 18:45,9468.209
2026-02-19 19:00,9468.209
2026-02-19 19:15,9468.209
2026-02-19 19:30,9468.209
2026-02-19 19:45,9468.209
2026-02-19 20:00,9468.233
2026-02-19 20:15,9468.233
2026-02-19 20:30,9468.233
2026-02-19 20:45,9468.233
2026-02-19 21:00,9468.233
2026-02-19 21:15,9468.233
2026-02-19 21:30,9468.233
2026-02-19 21:45,9468.233
2026-02-19 22:00,9468.276
2026-02-19 22:15,9468.276
2026-02-19 22:30,9468.276
2026-02-19 22:45,9468.276
2026-02-19 23:00,9468.276
2026-02-19 23:15,9468.276
2026-02-19 23:30,9468.276
2026-02-19 23:45,9468.313
2026-02-20 00:00,9468.313
2026-02-20 00:15,9468.313
2026-02-20 00:30,9468.350
2026-02-20 00:45,9468.350
2026-02-20 01:00,9468.350
2026-02-20 01:15,9468.350
2026-02-20 01:30,9468.350
2026-02-20 01:45,9468.384
2026-02-20 02:00,9468.384
2026-02-20 02:15,9468.384
2026-02-20 02:30,9468.384
2026-02-20 02:45,9468.384
2026-02-20 03:00,9468.384
2026-02-20 03:15,9468.384
2026-02-20 03:30,9468.412
2026-02-20 03:45,9468.412
2026-02-20 04:00,9468.412
2026-02-20 04:15,9468.412
2026-02-20 04:30,9468.412
2026-02-20 04:45,9468.412
2026-02-20 05:00,9468.419
2026-02-20 05:15,9468.449
2026-02-20 05:30,9468.449
2026-02-20 05:45,9468.449
2026-02-20 06:00,9468.449
2026-02-20 06:15,9468.449
2026-02-20 06:30,9468.449
2026-02-20 06:45,9468.449
2026-02-20 07:00,9468.449
2026-02-20 07:15,9468.515
2026-02-20 07:30,9468.537
2026-02-20 07:45,9468.544
2026-02-20 08:00,9468.553
2026-02-20 08:15,9468.576
2026-02-20 08:30,9468.887
2026-02-20 08:45,9469.113
2026-02-20 09:00,9469.149
2026-02-20 09:15,9469.196
2026-02-20 09:30,9469.241
2026-02-20 09:45,9469.241
2026-02-20 10:00,9469.568
2026-02-20 10:15,9469.772
2026-02-20 10:30,9469.909
2026-02-20 10:45,9469.909
2026-02-20 11:00,9469.957
2026-02-20 11:15,9469.957
2026-02-20 11:30,9469.957
2026-02-20 11:45,9469.957
2026-02-20 12:00,9469.994
2026-02-20 12:15,9469.994
2026-02-20 12:30,9469.994
2026-02-20 12:45,9469.994
2026-02-20 13:00,9469.994
2026-02-20 13:15,9469.994
2026-02-20 13:30,9470.030
2026-02-20 13:45,9470.033
2026-02-20 14:00,9470.033
2026-02-20 14:15,9470.033
2026-02-20 14:30,9470.033
2026-02-20 14:45,9470.033
2026-02-20 15:00,9470.033
2026-02-20 15:15,9470.033
2026-02-20 15:30,9470.033
2026-02-20 15:45,9470.064
2026-02-20 16:00,9470.064
2026-02-20 16:15,9470.064
2026-02-20 16:30,9470.064
2026-02-20 16:45,9470.064
2026-02-20 17:00,9470.064
2026-02-20 17:15,9470.103
2026-02-20 17:30,9470.103
2026-02-20 17:45,9470.103
2026-02-20 18:00,9470.103
2026-02-20 18:15,9470.103
2026-02-20 18:30,9470.103
2026-02-20 18:45,9470.103
2026-02-20 19:00,9470.103
2026-02-20 19:15,9470.134
2026-02-20 19:30,9470.134
2026-02-20 19:45,9470.134
2026-02-20 20:00,9470.134
2026-02-20 20:15,9470.134
2026-02-20 20:30,9470.134
2026-02-20 20:45,9470.169
2026-02-20 21:00,9470.169
2026-02-20 21:15,9470.169
2026-02-20 21:30,9470.169
2026-02-20 21:45,9470.169
2026-02-20 22:00,9470.169
2026-02-20 22:15,9470.169
2026-02-20 22:30,9470.169
2026-02-20 22:45,9470.201
2026-02-20 23:00,9470.201
2026-02-20 23:15,9470.201
2026-02-20 23:30,9470.201
2026-02-20 23:45,9470.201
2026-02-21 00:00,9470.201
2026-02-21 00:15,9470.236
2026-02-21 00:30,9470.236
2026-02-21 00:45,9470.236
2026-02-21 01:00,9470.236
2026-02-21 01:15,9470.236
2026-02-21 01:30,9470.236
2026-02-21 01:45,9470.236
2026-02-21 02:00,9470.267
2026-02-21 02:15,9470.267
2026-02-21 02:30,9470.267
2026-02-21 02:45,9470.267
2026-02-21 03:00,9470.267
2026-02-21 03:15,9470.267
2026-02-21 03:30,9470.311
2026-02-21 03:45,9470.311
2026-02-21 04:00,9470.311
2026-02-21 04:15,9470.311
2026-02-21 04:30,9470.311
2026-02-21 04:45,9470.311
2026-02-21 05:00,9470.311
2026-02-21 05:15,9470.311
2026-02-21 05:30,9470.311
2026-02-21 05:45,9470.342
2026-02-21 06:00,9470.342
2026-02-21 06:15,9470.342
2026-02-21 06:30,9470.342
2026-02-21 06:45,9470.416
2026-02-21 07:00,9470.468
2026-02-21 07:15,9470.468
2026-02-21 07:30,9470.678
2026-02-21 07:45,9470.678
2026-02-21 08:00,9470.678
2026-02-21 08:15,9470.678
2026-02-21 08:30,9470.678
2026-02-21 08:45,9470.722
2026-02-21 09:00,9470.722
2026-02-21 09:15,9470.722
2026-02-21 09:30,9470.722
2026-02-21 09:45,9470.722
2026-02-21 10:00,9470.722
2026-02-21 10:15,9470.722
2026-02-21 10:30,9470.746
2026-02-21 10:45,9470.746
2026-02-21 11:00,9470.746
2026-02-21 11:15,9470.746
2026-02-21 11:30,9470.746
2026-02-21 11:45,9470.746
2026-02-21 12:00,9470.784
2026-02-21 12:15,9470.840
2026-02-21 12:30,9470.840
2026-02-21 12:45,9470.840
2026-02-21 13:00,9470.872
2026-02-21 13:15,9470.872
2026-02-21 13:30,9470.872
2026-02-21 13:45,9470.872
2026-02-21 14:00,9470.872
2026-02-21 14:15,9470.913
2026-02-21 14:30,9470.913
2026-02-21 14:45,9470.944
2026-02-21 15:00,9470.970
2026-02-21 15:15,9470.970
2026-02-21 15:30,9470.970
2026-02-21 15:45,9470.970
2026-02-21 16:00,9470.970
2026-02-21 16:15,9470.970
2026-02-21 16:30,9470.970
2026-02-21 16:45,9470.970
2026-02-21 17:00,9470.970
2026-02-21 17:15,9470.970
2026-02-21 17:30,9470.970
2026-02-21 17:45,9471.037
2026-02-21 18:00,9471.037
2026-02-21 18:15,9471.072
2026-02-21 18:30,9471.074
2026-02-21 18:45,9471.074
2026-02-21 19:00,9471.074
2026-02-21 19:15,9471.115
2026-02-21 19:30,9471.115
2026-02-21 19:45,9471.115
2026-02-21 20:00,9471.153
2026-02-21 20:15,9471.187
2026-02-21 20:30,9471.187
2026-02-21 20:45,9471.187
2026-02-21 21:00,9471.232
2026-02-21 21:15,9471.277
2026-02-21 21:30,9471.277
2026-02-21 21:45,9471.277
2026-02-21 22:00,9471.277
2026-02-21 22:15,9471.277
2026-02-21 22:30,9471.305
2026-02-21 22:45,9471.305
2026-02-21 23:00,9471.305
2026-02-21 23:15,9471.305
2026-02-21 23:30,9471.305
2026-02-21 23:45,9471.305
2026-02-22 00:00,9471.305
2026-02-22 00:15,9471.350
2026-02-22 00:30,9471.350
2026-02-22 00:45,9471.350
2026-02-22 01:00,9471.350
2026-02-22 01:15,9471.350
2026-02-22 01:30,9471.350
2026-02-22 01:45,9471.350
2026-02-22 02:00,9471.350
2026-02-22 02:15,9471.350
2026-02-22 02:30,9471.382
2026-02-22 02:45,9471.382
2026-02-22 03:00,9471.382
2026-02-22 03:15,9471.382
2026-02-22 03:30,9471.382
2026-02-22 03:45,9471.423
2026-02-22 04:00,9471.423
2026-02-22 04:15,9471.423
2026-02-22 04:30,9471.423
2026-02-22 04:45,9471.423
2026-02-22 05:00,9471.423
2026-02-22 05:15,9471.423
2026-02-22 05:30,9471.423
2026-02-22 05:45,9471.447
2026-02-22 06:00,9471.454
2026-02-22 06:15,9471.454
2026-02-22 06:30,9471.454
2026-02-22 06:45,9471.454
2026-02-22 07:00,9471.490
2026-02-22 07:15,9471.490
2026-02-22 07:30,9471.490
2026-02-22 07:45,9471.490
2026-02-22 08:00,9471.490
2026-02-22 08:15,9471.490
2026-02-22 08:30,9471.490
2026-02-22 08:45,9471.490
2026-02-22 09:00,9471.520
2026-02-22 09:15,9471.748
2026-02-22 09:30,9471.748
2026-02-22 09:45,9471.748
2026-02-22 10:00,9471.748
2026-02-22 10:15,9471.789
2026-02-22 10:30,9471.789
2026-02-22 10:45,9471.789
2026-02-22 11:00,9471.789
2026-02-22 11:15,9471.789
2026-02-22 11:30,9471.789
2026-02-22 11:45,9471.789
2026-02-22 12:00,9471.837
2026-02-22 12:15,9471.837
2026-02-22 12:30,9471.837
2026-02-22 12:45,9471.880
2026-02-22 13:00,9471.880
2026-02-22 13:15,9471.912
2026-02-22 13:30,9471.947
2026-02-22 13:45,9471.947
2026-02-22 14:00,9471.979
2026-02-22 14:15,9471.979
2026-02-22 14:30,9471.979
2026-02-22 14:45,9472.020
2026-02-22 15:00,9472.020
2026-02-22 15:15,9472.020
2026-02-22 15:30,9472.066
2026-02-22 15:45,9472.066
2026-02-22 16:00,9472.066
2026-02-22 16:15,9472.066
2026-02-22 16:30,9472.091
2026-02-22 16:45,9472.091
2026-02-22 17:00,9472.091
2026-02-22 17:15,9472.141
2026-02-22 17:30,9472.141
2026-02-22 17:45,9472.141
2026-02-22 18:00,9472.141
2026-02-22 18:15,9472.193
2026-02-22 18:30,9472.228
2026-02-22 18:45,9472.228
2026-02-22 19:00,9472.228
2026-02-22 19:15,9472.277
2026-02-22 19:30,9472.277
2026-02-22 19:45,9472.277
2026-02-22 20:00,9472.325
2026-02-22 20:15,9472.325
2026-02-22 20:30,9472.364
2026-02-22 20:45,9472.364
2026-02-22 21:00,9472.364
2026-02-22 21:15,9472.364
2026-02-22 21:30,9472.398
2026-02-22 21:45,9472.398
2026-02-22 22:00,9472.398
2026-02-22 22:15,9472.398
2026-02-22 22:30,9472.398
2026-02-22 22:45,9472.398
2026-02-22 23:00,9472.398
2026-02-22 23:15,9472.428
2026-02-22 23:30,9472.428
2026-02-22 23:45,9472.428
2026-02-23 00:00,9472.428
2026-02-23 00:15,9472.428
2026-02-23 00:30,9472.428
2026-02-23 00:45,9472.470
2026-02-23 01:00,9472.472
2026-02-23 01:15,9472.472
2026-02-23 01:30,9472.472
2026-02-23 01:45,9472.472
2026-02-23 02:00,9472.472
2026-02-23 02:15,9472.472
2026-02-23 02:30,9472.472
2026-02-23 02:45,9472.549
2026-02-23 03:00,9472.583
2026-02-23 03:15,9472.583
2026-02-23 03:30,9472.583
2026-02-23 03:45,9472.638
2026-02-23 04:00,9472.689
2026-02-23 04:15,9472.690
2026-02-23 04:30,9472.690
2026-02-23 04:45,9472.690
2026-02-23 05:00,9472.745
2026-02-23 05:15,9472.745
2026-02-23 05:30,9472.745
2026-02-23 05:45,9472.745
2026-02-23 06:00,9472.805
2026-02-23 06:15,9472.805
2026-02-23 06:30,9472.845
2026-02-23 06:45,9472.845
2026-02-23 07:00,9472.929
2026-02-23 07:15,9472.929
2026-02-23 07:30,9472.977
2026-02-23 07:45,9472.977
2026-02-23 08:00,9472.977
2026-02-23 08:15,9472.977
2026-02-23 08:30,9472.977
2026-02-23 08:45,9473.245
2026-02-23 09:00,9473.245
2026-02-23 09:15,9473.245
2026-02-23 09:30,9473.245
2026-02-23 09:45,9473.245
2026-02-23 10:00,9473.245
2026-02-23 10:15,9473.280
2026-02-23 10:30,9473.280
2026-02-23 10:45,9473.280
2026-02-23 11:00,9473.280
2026-02-23 11:15,9473.280
2026-02-23 11:30,9473.280
2026-02-23 11:45,9473.320
2026-02-23 12:00,9473.357
2026-02-23 12:15,9473.357
2026-02-23 12:30,9473.390
2026-02-23 12:45,9473.390
2026-02-23 13:00,9473.390
2026-02-23 13:15,9473.390
2026-02-23 13:30,9473.441
2026-02-23 13:45,9473.441
2026-02-23 14:00,9473.478
2026-02-23 14:15,9473.478
2026-02-23 14:30,9473.478
2026-02-23 14:45,9473.478
2026-02-23 15:00,9473.478
2026-02-23 15:15,9473.478
2026-02-23 15:30,9473.478
2026-02-23 15:45,9473.478
2026-02-23 16:00,9473.519
2026-02-23 16:15,9473.519
2026-02-23 16:30,9473.519
2026-02-23 16:45,9473.544
2026-02-23 17:00,9473.544
2026-02-23 17:15,9473.605
2026-02-23 17:30,9473.605
2026-02-23 17:45,9473.657
2026-02-23 18:00,9473.666
2026-02-23 18:15,9473.666
2026-02-23 18:30,9473.738
2026-02-23 18:45,9473.738
2026-02-23 19:00,9473.738
2026-02-23 19:15,9473.791
2026-02-23 19:30,9473.791
2026-02-23 19:45,9473.832
2026-02-23 20:00,9473.878
2026-02-23 20:15,9473.878
2026-02-23 20:30,9473.878
2026-02-23 20:45,9473.929
2026-02-23 21:00,9473.929
2026-02-23 21:15,9473.929
2026-02-23 21:30,9473.988
2026-02-23 21:45,9473.988
2026-02-23 22:00,9473.988
2026-02-23 22:15,9473.988
2026-02-23 22:30,9473.988
2026-02-23 22:45,9473.988
2026-02-23 23:00,9473.988
2026-02-23 23:15,9473.988
2026-02-23 23:30,9473.988
2026-02-23 23:45,9473.988
2026-02-24 00:00,9473.988
2026-02-24 00:15,9473.988
2026-02-24 00:30,9474.036
2026-02-24 00:45,9474.036
2026-02-24 01:00,9474.036
2026-02-24 01:15,9474.036
2026-02-24 01:30,9474.036
2026-02-24 01:45,9474.036
2026-02-24 02:00,9474.036
2026-02-24 02:15,9474.036
2026-02-24 02:30,9474.036
2026-02-24 02:45,9474.068
2026-02-24 03:00,9474.068
2026-02-24 03:15,9474.068
2026-02-24 03:30,9474.068
2026-02-24 03:45,9474.068
2026-02-24 04:00,9474.068
2026-02-24 04:15,9474.102
2026-02-24 04:30,9474.102
2026-02-24 04:45,9474.102
2026-02-24 05:00,9474.102
2026-02-24 05:15,9474.102
2026-02-24 05:30,9474.102
2026-02-24 05:45,9474.102
2026-02-24 06:00,9474.131
2026-02-24 06:15,9474.131
2026-02-24 06:30,9474.131
2026-02-24 06:45,9474.131
2026-02-24 07:00,9474.131
2026-02-24 07:15,9474.131
2026-02-24 07:30,9474.131
2026-02-24 07:45,9474.175
2026-02-24 08:00,9474.346
2026-02-24 08:15,9474.372
2026-02-24 08:30,9474.410
2026-02-24 08:45,9474.410
2026-02-24 09:00,9474.638
2026-02-24 09:15,9474.695
2026-02-24 09:30,9474.695
2026-02-24 09:45,9474.695
2026-02-24 10:00,9474.695
2026-02-24 10:15,9474.695
2026-02-24 10:30,9474.695
2026-02-24 10:45,9474.695
2026-02-24 11:00,9474.695
2026-02-24 11:15,9474.695
2026-02-24 11:30,9474.695
2026-02-24 11:45,9474.753
2026-02-24 12:00,9474.753
2026-02-24 12:15,9474.753
2026-02-24 12:30,9474.753
2026-02-24 12:45,9474.753
2026-02-24 13:00,9474.753
2026-02-24 13:15,9474.753
2026-02-24 13:30,9474.753
2026-02-24 13:45,9474.753
2026-02-24 14:00,9474.753
2026-02-24 14:15,9474.753
2026-02-24 14:30,9474.800
2026-02-24 14:45,9474.800
2026-02-24 15:00,9474.800
2026-02-24 15:15,9474.800
2026-02-24 15:30,9474.800
2026-02-24 15:45,9474.878
2026-02-24 16:00,9474.878
2026-02-24 16:15,9474.878
2026-02-24 16:30,9474.967
2026-02-24 16:45,9474.967
2026-02-24 17:00,9474.967
2026-02-24 17:15,9475.021
2026-02-24 17:30,9475.021
2026-02-24 17:45,9475.021
2026-02-24 18:00,9475.077
2026-02-24 18:15,9475.077
2026-02-24 18:30,9475.077
2026-02-24 18:45,9475.077
2026-02-24 19:00,9475.077
2026-02-24 19:15,9475.077
2026-02-24 19:30,9475.077
2026-02-24 19:45,9475.077
2026-02-24 20:00,9475.077
2026-02-24 20:15,9475.108
2026-02-24 20:30,9475.108
2026-02-24 20:45,9475.108
2026-02-24 21:00,9475.108
2026-02-24 21:15,9475.108
2026-02-24 21:30,9475.108
2026-02-24 21:45,9475.137
2026-02-24 22:00,9475.151
2026-02-24 22:15,9475.151
2026-02-24 22:30,9475.196
2026-02-24 22:45,9475.196
2026-02-24 23:00,9475.196
2026-02-24 23:15,9475.196
2026-02-24 23:30,9475.196
2026-02-24 23:45,9475.196
2026-02-25 00:00,9475.196
2026-02-25 00:15,9475.196
2026-02-25 00:30,9475.196
2026-02-25 00:45,9475.196
2026-02-25 01:00,9475.196
2026-02-25 01:15,9475.196
2026-02-25 01:30,9475.196
2026-02-25 01:45,9475.270
2026-02-25 02:00,9475.270
2026-02-25 02:15,9475.270
2026-02-25 02:30,9475.270
2026-02-25 02:45,9475.270
2026-02-25 03:00,9475.270
2026-02-25 03:15,9475.270
2026-02-25 03:30,9475.270
2026-02-25 03:45,9475.270
2026-02-25 04:00,9475.335
2026-02-25 04:15,9475.396
2026-02-25 04:30,9475.396
2026-02-25 04:45,9475.396
2026-02-25 05:00,9475.396
2026-02-25 05:15,9475.459
2026-02-25 05:30,9475.459
2026-02-25 05:45,9475.459
2026-02-25 06:00,9475.459
2026-02-25 06:15,9475.459
2026-02-25 06:30,9475.523
2026-02-25 06:45,9475.523
2026-02-25 07:00,9475.585
2026-02-25 07:15,9475.585
2026-02-25 07:30,9475.585
2026-02-25 07:45,9475.585
2026-02-25 08:00,9475.585
2026-02-25 08:15,9475.585
2026-02-25 08:30,9475.585
2026-02-25 08:45,9475.585
2026-02-25 09:00,9475.845
2026-02-25 09:15,9475.845
2026-02-25 09:30,9475.845
2026-02-25 09:45,9475.845
2026-02-25 10:00,9475.845
2026-02-25 10:15,9475.871
2026-02-25 10:30,9475.871
2026-02-25 10:45,9475.871
2026-02-25 11:00,9475.921
2026-02-25 11:15,9475.921
2026-02-25 11:30,9475.965
2026-02-25 11:45,9475.965
2026-02-25 12:00,9475.965
2026-02-25 12:15,9475.965
2026-02-25 12:30,9475.965
2026-02-25 12:45,9475.965
2026-02-25 13:00,9476.078
2026-02-25 13:15,9476.078
2026-02-25 13:30,9476.078
2026-02-25 13:45,9476.078
2026-02-25 14:00,9476.078
2026-02-25 14:15,9476.078
2026-02-25 14:30,9476.078
2026-02-25 14:45,9476.136
2026-02-25 15:00,9476.136
2026-02-25 15:15,9476.136
2026-02-25 15:30,9476.136
2026-02-25 15:45,9476.136
2026-02-25 16:00,9476.136
2026-02-25 16:15,9476.136
2026-02-25 16:30,9476.136
2026-02-25 16:45,9476.136
2026-02-25 17:00,9476.136
2026-02-25 17:15,9476.136
2026-02-25 17:30,9476.136
2026-02-25 17:45,9476.183
2026-02-25 18:00,9476.183
2026-02-25 18:15,9476.183
2026-02-25 18:30,9476.183
2026-02-25 18:45,9476.183
2026-02-25 19:00,9476.183
2026-02-25 19:15,9476.183
2026-02-25 19:30,9476.183
2026-02-25 19:45,9476.183
2026-02-25 20:00,9476.183
2026-02-25 20:15,9476.215
2026-02-25 20:30,9476.215
2026-02-25 20:45,9476.273
2026-02-25 21:00,9476.273
2026-02-25 21:15,9476.305
2026-02-25 21:30,9476.320
2026-02-25 21:45,9476.320
2026-02-25 22:00,9476.320
2026-02-25 22:15,9476.320
2026-02-25 22:30,9476.320
2026-02-25 22:45,9476.320
2026-02-25 23:00,9476.320
2026-02-25 23:15,9476.350
2026-02-25 23:30,9476.350
2026-02-25 23:45,9476.350
2026-02-26 00:00,9476.350
2026-02-26 00:15,9476.350
2026-02-26 00:30,9476.350
2026-02-26 00:45,9476.350
2026-02-26 01:00,9476.394
2026-02-26 01:15,9476.394
2026-02-26 01:30,9476.394
2026-02-26 01:45,9476.394
2026-02-26 02:00,9476.394
2026-02-26 02:15,9476.394
2026-02-26 02:30,9476.394
2026-02-26 02:45,9476.394
2026-02-26 03:00,9476.394
2026-02-26 03:15,9476.503
2026-02-26 03:30,9476.503
2026-02-26 03:45,9476.503
2026-02-26 04:00,9476.503
2026-02-26 04:15,9476.609
2026-02-26 04:30,9476.609
2026-02-26 04:45,9476.609
2026-02-26 05:00,9476.609
2026-02-26 05:15,9476.615
2026-02-26 05:30,9476.661
2026-02-26 05:45,9476.661
2026-02-26 06:00,9476.661
2026-02-26 06:15,9476.724
2026-02-26 06:30,9476.724
2026-02-26 06:45,9476.724
2026-02-26 07:00,9476.724
2026-02-26 07:15,9476.724
2026-02-26 07:30,9476.724
2026-02-26 07:45,9476.775
2026-02-26 08:00,9476.775
2026-02-26 08:15,9476.775
2026-02-26 08:30,9476.775
2026-02-26 08:45,9476.775
2026-02-26 09:00,9476.775
2026-02-26 09:15,9476.957
2026-02-26 09:30,9477.017
2026-02-26 09:45,9477.017
2026-02-26 10:00,9477.017
2026-02-26 10:15,9477.017
2026-02-26 10:30,9477.017
2026-02-26 10:45,9477.017
2026-02-26 11:00,9477.046
2026-02-26 11:15,9477.046
2026-02-26 11:30,9477.046
2026-02-26 11:45,9477.097
2026-02-26 12:00,9477.097
2026-02-26 12:15,9477.097
2026-02-26 12:30,9477.148
2026-02-26 12:45,9477.148
2026-02-26 13:00,9477.148
2026-02-26 13:15,9477.148
2026-02-26 13:30,9477.148
2026-02-26 13:45,9477.262
2026-02-26 14:00,9477.262
2026-02-26 14:15,9477.262
2026-02-26 14:30,9477.262
2026-02-26 14:45,9477.262
2026-02-26 15:00,9477.262
2026-02-26 15:15,9477.293
2026-02-26 15:30,9477.293
2026-02-26 15:45,9477.293
2026-02-26 16:00,9477.293
2026-02-26 16:15,9477.293
2026-02-26 16:30,9477.293
2026-02-26 16:45,9477.293
2026-02-26 17:00,9477.354
2026-02-26 17:15,9477.354
2026-02-26 17:30,9477.354
2026-02-26 17:45,9477.354
2026-02-26 18:00,9477.354
2026-02-26 18:15,9477.354
2026-02-26 18:30,9477.354
2026-02-26 18:45,9477.354
2026-02-26 19:00,9477.354
2026-02-26 19:15,9477.354
2026-02-26 19:30,9477.393
2026-02-26 19:45,9477.393
2026-02-26 20:00,9477.393
2026-02-26 20:15,9477.422
2026-02-26 20:30,9477.422
2026-02-26 20:45,9477.422
2026-02-26 21:00,9477.422
2026-02-26 21:15,9477.422
2026-02-26 21:30,9477.422
2026-02-26 21:45,9477.422
2026-02-26 22:00,9477.461
2026-02-26 22:15,9477.461
2026-02-26 22:30,9477.461
2026-02-26 22:45,9477.461
2026-02-26 23:00,9477.488
2026-02-26 23:15,9477.488
2026-02-26 23:30,9477.488
2026-02-26 23:45,9477.488
2026-02-27 00:00,9477.488
2026-02-27 00:15,9477.488
2026-02-27 00:30,9477.541
2026-02-27 00:45,9477.541
2026-02-27 01:00,9477.541
2026-02-27 01:15,9477.541
2026-02-27 01:30,9477.611
2026-02-27 01:45,9477.611
2026-02-27 02:00,9477.611
2026-02-27 02:15,9477.611
2026-02-27 02:30,9477.611
2026-02-27 02:45,9477.650
2026-02-27 03:00,9477.708
2026-02-27 03:15,9477.708
2026-02-27 03:30,9477.708
2026-02-27 03:45,9477.722
2026-02-27 04:00,9477.815
2026-02-27 04:15,9477.815
2026-02-27 04:30,9477.815
2026-02-27 04:45,9477.815
2026-02-27 05:00,9477.815
2026-02-27 05:15,9477.876
2026-02-27 05:30,9477.876
2026-02-27 05:45,9477.876
2026-02-27 06:00,9477.876
2026-02-27 06:15,9477.915
2026-02-27 06:30,9477.963
2026-02-27 06:45,9477.963
2026-02-27 07:00,9478.007
2026-02-27 07:15,9478.007
2026-02-27 07:30,9478.007
2026-02-27 07:45,9478.007
2026-02-27 08:00,9478.007
2026-02-27 08:15,9478.007
2026-02-27 08:30,9478.007
2026-02-27 08:45,9478.255
2026-02-27 09:00,9478.255
2026-02-27 09:15,9478.255
2026-02-27 09:30,9478.255
2026-02-27 09:45,9478.292
2026-02-27 10:00,9478.292
2026-02-27 10:15,9478.292
2026-02-27 10:30,9478.337
2026-02-27 10:45,9478.375
2026-02-27 11:00,9478.375
2026-02-27 11:15,9478.375
2026-02-27 11:30,9478.375
2026-02-27 11:45,9478.375
2026-02-27 12:00,9478.375
2026-02-27 12:15,9478.410
2026-02-27 12:30,9478.410
2026-02-27 12:45,9478.410
2026-02-27 13:00,9478.410
2026-02-27 13:15,9478.410
2026-02-27 13:30,9478.410
2026-02-27 13:45,9478.410
2026-02-27 14:00,9478.449
2026-02-27 14:15,9478.449
2026-02-27 14:30,9478.449
2026-02-27 14:45,9478.449
2026-02-27 15:00,9478.449
2026-02-27 15:15,9478.449
2026-02-27 15:30,9478.493
2026-02-27 15:45,9478.493
2026-02-27 16:00,9478.493
2026-02-27 16:15,9478.493
2026-02-27 16:30,9478.493
2026-02-27 16:45,9478.493
2026-02-27 17:00,9478.493
2026-02-27 17:15,9478.493
2026-02-27 17:30,9478.493
2026-02-27 17:45,9478.493
2026-02-27 18:00,9478.525
2026-02-27 18:15,9478.525
2026-02-27 18:30,9478.525
2026-02-27 18:45,9478.525
2026-02-27 19:00,9478.525
2026-02-27 19:15,9478.560
2026-02-27 19:30,9478.595
2026-02-27 19:45,9478.595
2026-02-27 20:00,9478.595
2026-02-27 20:15,9478.658
2026-02-27 20:30,9478.658
2026-02-27 20:45,9478.658
2026-02-27 21:00,9478.658
2026-02-27 21:15,9478.658
2026-02-27 21:30,9478.718
2026-02-27 21:45,9478.718
2026-02-27 22:00,9478.718
2026-02-27 22:15,9478.718
2026-02-27 22:30,9478.718
2026-02-27 22:45,9478.718
2026-02-27 23:00,9478.718
2026-02-27 23:15,9478.718
2026-02-27 23:30,9478.718
2026-02-27 23:45,9478.718
2026-02-28 00:00,9478.718
2026-02-28 00:15,9478.718
2026-02-28 00:30,9478.767
2026-02-28 00:45,9478.767
2026-02-28 01:00,9478.767
2026-02-28 01:15,9478.767
2026-02-28 01:30,9478.767
2026-02-28 01:45,9478.767
2026-02-28 02:00,9478.767
2026-02-28 02:15,9478.767
2026-02-28 02:30,9478.767
2026-02-28 02:45,9478.800
2026-02-28 03:00,9478.800
2026-02-28 03:15,9478.800
2026-02-28 03:30,9478.800
2026-02-28 03:45,9478.800
2026-02-28 04:00,9478.802
2026-02-28 04:15,9478.835
2026-02-28 04:30,9478.835
2026-02-28 04:45,9478.835
2026-02-28 05:00,9478.835
2026-02-28 05:15,9478.835
2026-02-28 05:30,9478.874
2026-02-28 05:45,9478.940
2026-02-28 06:00,9478.940
2026-02-28 06:15,9478.940
2026-02-28 06:30,9478.940
2026-02-28 06:45,9478.940
2026-02-28 07:00,9478.985
2026-02-28 07:15,9479.062
2026-02-28 07:30,9479.062
2026-02-28 07:45,9479.062
2026-02-28 08:00,9479.062
2026-02-28 08:15,9479.062
2026-02-28 08:30,9479.062
2026-02-28 08:45,9479.062
2026-02-28 09:00,9479.108
2026-02-28 09:15,9479.108
2026-02-28 09:30,9479.358
2026-02-28 09:45,9479.358
2026-02-28 10:00,9479.358
2026-02-28 10:15,9479.358
2026-02-28 10:30,9479.358
2026-02-28 10:45,9479.358
2026-02-28 11:00,9479.358
2026-02-28 11:15,9479.401
2026-02-28 11:30,9479.401
2026-02-28 11:45,9479.556
2026-02-28 12:00,9479.599
2026-02-28 12:15,9479.599
2026-02-28 12:30,9479.599
2026-02-28 12:45,9479.643
2026-02-28 13:00,9479.643
2026-02-28 13:15,9479.643
2026-02-28 13:30,9479.643
2026-02-28 13:45,9479.687
2026-02-28 14:00,9479.687
2026-02-28 14:15,9479.740
2026-02-28 14:30,9479.774
2026-02-28 14:45,9479.774
2026-02-28 15:00,9479.774
2026-02-28 15:15,9479.774
2026-02-28 15:30,9479.774
2026-02-28 15:45,9479.816
2026-02-28 16:00,9479.816
2026-02-28 16:15,9479.816
2026-02-28 16:30,9479.816
2026-02-28 16:45,9479.904
2026-02-28 17:00,9479.904
2026-02-28 17:15,9479.920
2026-02-28 17:30,9480.094
2026-02-28 17:45,9480.185
2026-02-28 18:00,9480.185
2026-02-28 18:15,9480.226
2026-02-28 18:30,9480.229
2026-02-28 18:45,9480.229
2026-02-28 19:00,9480.239
2026-02-28 19:15,9480.277
2026-02-28 19:30,9480.277
2026-02-28 19:45,9480.277
2026-02-28 20:00,9480.325
2026-02-28 20:15,9480.368
2026-02-28 20:30,9480.368
2026-02-28 20:45,9480.368
2026-02-28 21:00,9480.368
2026-02-28 21:15,9480.368
2026-02-28 21:30,9480.368
2026-02-28 21:45,9480.397
2026-02-28 22:00,9480.397
2026-02-28 22:15,9480.397
2026-02-28 22:30,9480.397
2026-02-28 22:45,9480.397
2026-02-28 23:00,9480.397
2026-02-28 23:15,9480.408
2026-02-28 23:30,9480.434
2026-02-28 23:45,9480.434
2026-03-01 00:00,9480.434
2026-03-01 00:15,9480.434
2026-03-01 00:30,9480.434
2026-03-01 00:45,9480.434
2026-03-01 01:00,9480.434
2026-03-01 01:15,9480.464
2026-03-01 01:30,9480.464
2026-03-01 01:45,9480.464
2026-03-01 02:00,9480.464
2026-03-01 02:15,9480.464
2026-03-01 02:30,9480.464
2026-03-01 02:45,9480.494
2026-03-01 03:00,9480.508
2026-03-01 03:15,9480.508
2026-03-01 03:30,9480.508
2026-03-01 03:45,9480.508
2026-03-01 04:00,9480.508
2026-03-01 04:15,9480.508
2026-03-01 04:30,9480.508
2026-03-01 04:45,9480.508
2026-03-01 05:00,9480.508
2026-03-01 05:15,9480.625
2026-03-01 05:30,9480.625
2026-03-01 05:45,9480.625
2026-03-01 06:00,9480.625
2026-03-01 06:15,9480.625
2026-03-01 06:30,9480.656
2026-03-01 06:45,9480.656
2026-03-01 07:00,9480.656
2026-03-01 07:15,9480.656
2026-03-01 07:30,9480.656
2026-03-01 07:45,9480.764
2026-03-01 08:00,9480.799
2026-03-01 08:15,9480.857
2026-03-01 08:30,9480.868
2026-03-01 08:45,9480.868
2026-03-01 09:00,9481.296
2026-03-01 09:15,9481.484
2026-03-01 09:30,9481.484
2026-03-01 09:45,9481.484
2026-03-01 10:00,9481.484
2026-03-01 10:15,9481.484
2026-03-01 10:30,9481.484
2026-03-01 10:45,9481.484
2026-03-01 11:00,9481.484
2026-03-01 11:15,9481.521
2026-03-01 11:30,9481.521
2026-03-01 11:45,9481.521
2026-03-01 12:00,9481.521
2026-03-01 12:15,9481.521
2026-03-01 12:30,9481.556
2026-03-01 12:45,9481.556
2026-03-01 13:00,9481.556
2026-03-01 13:15,9481.556
2026-03-01 13:30,9481.598
2026-03-01 13:45,9481.598
2026-03-01 14:00,9481.635
2026-03-01 14:15,9481.635
2026-03-01 14:30,9481.635
2026-03-01 14:45,9481.635
2026-03-01 15:00,9481.635
2026-03-01 15:15,9481.635
2026-03-01 15:30,9481.675
2026-03-01 15:45,9481.675
2026-03-01 16:00,9481.675
2026-03-01 16:15,9481.675
2026-03-01 16:30,9481.675
2026-03-01 16:45,9481.726
2026-03-01 17:00,9481.726
2026-03-01 17:15,9481.726
2026-03-01 17:30,9481.764
2026-03-01 17:45,9481.764
2026-03-01 18:00,9481.764
2026-03-01 18:15,9481.808
2026-03-01 18:30,9481.808
2026-03-01 18:45,9482.309
2026-03-01 19:00,9482.466
2026-03-01 19:15,9482.466
2026-03-01 19:30,9482.466
2026-03-01 19:45,9482.510
2026-03-01 20:00,9482.510
2026-03-01 20:15,9482.510
2026-03-01 20:30,9482.510
2026-03-01 20:45,9482.510
2026-03-01 21:00,9482.510
2026-03-01 21:15,9482.510
2026-03-01 21:30,9482.571
2026-03-01 21:45,9482.571
2026-03-01 22:00,9482.571
2026-03-01 22:15,9482.571
2026-03-01 22:30,9483.005
2026-03-01 22:45,9483.544
2026-03-01 23:00,9483.544
2026-03-01 23:15,9483.544
2026-03-01 23:30,9483.544
2026-03-01 23:45,9483.544
2026-03-02 00:00,9483.544
2026-03-02 00:15,9483.544
2026-03-02 00:30,9483.544
2026-03-02 00:45,9483.544
2026-03-02 01:00,9483.575
2026-03-02 01:15,9483.575
2026-03-02 01:30,9483.575
2026-03-02 01:45,9483.575
2026-03-02 02:00,9483.575
2026-03-02 02:15,9483.607
2026-03-02 02:30,9483.607
2026-03-02 02:45,9483.607
2026-03-02 03:00,9483.607
2026-03-02 03:15,9483.607
2026-03-02 03:30,9483.607
2026-03-02 03:45,9483.636
2026-03-02 04:00,9483.636
2026-03-02 04:15,9483.636
2026-03-02 04:30,9483.636
2026-03-02 04:45,9483.636
2026-03-02 05:00,9483.636
2026-03-02 05:15,9483.759
2026-03-02 05:30,9483.759
2026-03-02 05:45,9483.759
2026-03-02 06:00,9483.759
2026-03-02 06:15,9483.759
2026-03-02 06:30,9483.759
2026-03-02 06:45,9483.759
2026-03-02 07:00,9483.759
2026-03-02 07:15,9483.759
2026-03-02 07:30,9483.791
2026-03-02 07:45,9483.791
2026-03-02 08:00,9483.791
2026-03-02 08:15,9483.791
2026-03-02 08:30,9483.791
2026-03-02 08:45,9483.791
2026-03-02 09:00,9484.022
2026-03-02 09:15,9484.022
2026-03-02 09:30,9484.022
2026-03-02 09:45,9484.022
2026-03-02 10:00,9484.055
2026-03-02 10:15,9484.055
2026-03-02 10:30,9484.055
2026-03-02 10:45,9484.055
2026-03-02 11:00,9484.102
2026-03-02 11:15,9484.102
2026-03-02 11:30,9484.155
2026-03-02 11:45,9484.155
2026-03-02 12:00,9484.155
2026-03-02 12:15,9484.155
2026-03-02 12:30,9484.155
2026-03-02 12:45,9484.155
2026-03-02 13:00,9484.155
2026-03-02 13:15,9484.155
2026-03-02 13:30,9484.155
2026-03-02 13:45,9484.155
2026-03-02 14:00,9484.180
2026-03-02 14:15,9484.187
2026-03-02 14:30,9484.187
2026-03-02 14:45,9484.187
2026-03-02 15:00,9484.385
2026-03-02 15:15,9485.073
2026-03-02 15:30,9485.073
2026-03-02 15:45,9485.073
2026-03-02 16:00,9485.073
2026-03-02 16:15,9485.073
2026-03-02 16:30,9485.073
2026-03-02 16:45,9485.073
2026-03-02 17:00,9485.073
2026-03-02 17:15,9485.073
2026-03-02 17:30,9485.073
2026-03-02 17:45,9485.073
2026-03-02 18:00,9485.121
2026-03-02 18:15,9485.121
2026-03-02 18:30,9485.121
2026-03-02 18:45,9485.121
2026-03-02 19:00,9485.121
2026-03-02 19:15,9485.121
2026-03-02 19:30,9485.121
2026-03-02 19:45,9485.121
2026-03-02 20:00,9485.121
2026-03-02 20:15,9485.121
2026-03-02 20:30,9485.221
2026-03-02 20:45,9485.221
2026-03-02 21:00,9485.221
2026-03-02 21:15,9485.221
2026-03-02 21:30,9485.221
2026-03-02 21:45,9485.255
2026-03-02 22:00,9485.255
2026-03-02 22:15,9485.255
2026-03-02 22:30,9485.255
2026-03-02 22:45,9485.255
2026-03-02 23:00,9485.255
2026-03-02 23:15,9485.255
2026-03-02 23:30,9485.294
2026-03-02 23:45,9485.294
2026-03-03 00:00,9485.294
2026-03-03 00:15,9485.294
2026-03-03 00:30,9485.294
2026-03-03 00:45,9485.330
2026-03-03 01:00,9485.370
2026-03-03 01:15,9485.370
2026-03-03 01:30,9485.370
2026-03-03 01:45,9485.370
2026-03-03 02:00,9485.430
2026-03-03 02:15,9485.430
2026-03-03 02:30,9485.430
2026-03-03 02:45,9485.430
2026-03-03 03:00,9485.515
2026-03-03 03:15,9485.515
2026-03-03 03:30,9485.515
2026-03-03 03:45,9485.597
2026-03-03 04:00,9485.623
2026-03-03 04:15,9485.623
2026-03-03 04:30,9485.671
2026-03-03 04:45,9485.671
2026-03-03 05:00,9485.671
2026-03-03 05:15,9485.671
2026-03-03 05:30,9485.724
2026-03-03 05:45,9485.724
2026-03-03 06:00,9485.724
2026-03-03 06:15,9485.819
2026-03-03 06:30,9485.819
2026-03-03 06:45,9485.819
2026-03-03 07:00,9485.903
2026-03-03 07:15,9485.938
2026-03-03 07:30,9485.950
2026-03-03 07:45,9485.950
2026-03-03 08:00,9485.950
2026-03-03 08:15,9485.950
2026-03-03 08:30,9486.004
2026-03-03 08:45,9486.151
2026-03-03 09:00,9486.151
2026-03-03 09:15,9486.151
2026-03-03 09:30,9486.151
2026-03-03 09:45,9486.208
2026-03-03 10:00,9486.208
2026-03-03 10:15,9486.208
2026-03-03 10:30,9486.208
2026-03-03 10:45,9486.208
2026-03-03 11:00,9486.208
2026-03-03 11:15,9486.208
2026-03-03 11:30,9486.208
2026-03-03 11:45,9486.245
2026-03-03 12:00,9486.245
2026-03-03 12:15,9486.245
2026-03-03 12:30,9486.245
2026-03-03 12:45,9486.245
2026-03-03 13:00,9486.245
2026-03-03 13:15,9486.286
2026-03-03 13:30,9486.286
2026-03-03 13:45,9486.286
2026-03-03 14:00,9486.286
2026-03-03 14:15,9486.286
2026-03-03 14:30,9486.286
2026-03-03 14:45,9486.286
2026-03-03 15:00,9486.286
2026-03-03 15:15,9486.302
2026-03-03 15:30,9486.317
2026-03-03 15:45,9486.317
2026-03-03 16:00,9486.317
2026-03-03 16:15,9486.317
2026-03-03 16:30,9486.317
2026-03-03 16:45,9486.358
2026-03-03 17:00,9486.358
2026-03-03 17:15,9486.358
2026-03-03 17:30,9486.358
2026-03-03 17:45,9486.358
2026-03-03 18:00,9486.358
2026-03-03 18:15,9486.358
2026-03-03 18:30,9486.358
2026-03-03 18:45,9486.358
2026-03-03 19:00,9486.389
2026-03-03 19:15,9486.456
2026-03-03 19:30,9486.456
2026-03-03 19:45,9486.456
2026-03-03 20:00,9486.456
2026-03-03 20:15,9486.523
2026-03-03 20:30,9486.523
2026-03-03 20:45,9486.523
2026-03-03 21:00,9486.561
2026-03-03 21:15,9486.589
2026-03-03 21:30,9486.589
2026-03-03 21:45,9486.589
2026-03-03 22:00,9486.589
2026-03-03 22:15,9486.628
2026-03-03 22:30,9486.678
2026-03-03 22:45,9486.678
2026-03-03 23:00,9486.678
2026-03-03 23:15,9486.678
2026-03-03 23:30,9486.678
2026-03-03 23:45,9486.678
2026-03-04 00:00,9486.678
2026-03-04 00:15,9486.742
2026-03-04 00:30,9486.742
2026-03-04 00:45,9486.742
2026-03-04 01:00,9486.742
2026-03-04 01:15,9486.803
2026-03-04 01:30,9486.803
2026-03-04 01:45,9486.803
2026-03-04 02:00,9486.803
2026-03-04 02:15,9486.860
2026-03-04 02:30,9486.860
2026-03-04 02:45,9486.860
2026-03-04 03:00,9486.917
2026-03-04 03:15,9486.917
2026-03-04 03:30,9486.917
2026-03-04 03:45,9486.917
2026-03-04 04:00,9486.977
2026-03-04 04:15,9487.041
2026-03-04 04:30,9487.041
2026-03-04 04:45,9487.041
2026-03-04 05:00,9487.041
2026-03-04 05:15,9487.041
2026-03-04 05:30,9487.041
2026-03-04 05:45,9487.041
2026-03-04 06:00,9487.041
2026-03-04 06:15,9487.041
2026-03-04 06:30,9487.041
2026-03-04 06:45,9487.041
2026-03-04 07:00,9487.041
2026-03-04 07:15,9487.150
2026-03-04 07:30,9487.166
2026-03-04 07:45,9487.178
2026-03-04 08:00,9487.178
2026-03-04 08:15,9487.178
2026-03-04 08:30,9487.227
2026-03-04 08:45,9487.227
2026-03-04 09:00,9487.310
2026-03-04 09:15,9487.499
2026-03-04 09:30,9487.499
2026-03-04 09:45,9487.499
2026-03-04 10:00,9487.499
2026-03-04 10:15,9487.499
2026-03-04 10:30,9487.499
2026-03-04 10:45,9487.534
2026-03-04 11:00,9487.534
2026-03-04 11:15,9487.534
2026-03-04 11:30,9487.534
2026-03-04 11:45,9487.576
2026-03-04 12:00,9487.617
2026-03-04 12:15,9487.617
2026-03-04 12:30,9487.617
2026-03-04 12:45,9487.642
2026-03-04 13:00,9487.642
2026-03-04 13:15,9487.642
2026-03-04 13:30,9487.642
2026-03-04 13:45,9487.642
2026-03-04 14:00,9487.642
2026-03-04 14:15,9487.642
2026-03-04 14:30,9487.695
2026-03-04 14:45,9487.695
2026-03-04 15:00,9487.695
2026-03-04 15:15,9487.695
2026-03-04 15:30,9487.736
2026-03-04 15:45,9487.736
2026-03-04 16:00,9487.736
2026-03-04 16:15,9487.736
2026-03-04 16:30,9487.774
2026-03-04 16:45,9487.774
2026-03-04 17:00,9487.774
2026-03-04 17:15,9487.774
2026-03-04 17:30,9487.774
2026-03-04 17:45,9488.007
2026-03-04 18:00,9488.664
2026-03-04 18:15,9488.707
2026-03-04 18:30,9488.776
2026-03-04 18:45,9488.776
2026-03-04 19:00,9488.776
2026-03-04 19:15,9488.776
2026-03-04 19:30,9489.028
2026-03-04 19:45,9489.074
2026-03-04 20:00,9489.074
2026-03-04 20:15,9489.074
2026-03-04 20:30,9489.074
2026-03-04 20:45,9489.074
2026-03-04 21:00,9489.132
2026-03-04 21:15,9489.132
2026-03-04 21:30,9489.132
2026-03-04 21:45,9489.132
2026-03-04 22:00,9489.185
2026-03-04 22:15,9489.185
2026-03-04 22:30,9489.185
2026-03-04 22:45,9489.185
2026-03-04 23:00,9489.185
2026-03-04 23:15,9489.185
2026-03-04 23:30,9489.185
2026-03-04 23:45,9489.185
2026-03-05 00:00,9489.185
2026-03-05 00:15,9489.185
2026-03-05 00:30,9489.218
2026-03-05 00:45,9489.218
2026-03-05 01:00,9489.281
2026-03-05 01:15,9489.281
2026-03-05 01:30,9489.281
2026-03-05 01:45,9489.326
2026-03-05 02:00,9489.376
2026-03-05 02:15,9489.376
2026-03-05 02:30,9489.376
2026-03-05 02:45,9489.437
2026-03-05 03:00,9489.437
2026-03-05 03:15,9489.475
2026-03-05 03:30,9489.475
2026-03-05 03:45,9489.524
2026-03-05 04:00,9489.524
2026-03-05 04:15,9489.524
2026-03-05 04:30,9489.577
2026-03-05 04:45,9489.577
2026-03-05 05:00,9489.634
2026-03-05 05:15,9489.634
2026-03-05 05:30,9489.675
2026-03-05 05:45,9489.675
2026-03-05 06:00,9489.675
2026-03-05 06:15,9489.725
2026-03-05 06:30,9489.725
2026-03-05 06:45,9489.725
2026-03-05 07:00,9489.725
2026-03-05 07:15,9489.725
2026-03-05 07:30,9489.725
2026-03-05 07:45,9489.781
2026-03-05 08:00,9489.781
2026-03-05 08:15,9489.781
2026-03-05 08:30,9489.781
2026-03-05 08:45,9489.781
2026-03-05 09:00,9489.781
2026-03-05 09:15,9490.214
2026-03-05 09:30,9490.214
2026-03-05 09:45,9490.240
2026-03-05 10:00,9490.266
2026-03-05 10:15,9490.410
2026-03-05 10:30,9490.417
2026-03-05 10:45,9490.417
2026-03-05 11:00,9490.417
2026-03-05 11:15,9490.417
2026-03-05 11:30,9490.417
2026-03-05 11:45,9490.417
2026-03-05 12:00,9490.417
2026-03-05 12:15,9490.417
2026-03-05 12:30,9490.417
2026-03-05 12:45,9490.417
2026-03-05 13:00,9490.448
2026-03-05 13:15,9490.448
2026-03-05 13:30,9490.448
2026-03-05 13:45,9490.448
2026-03-05 14:00,9490.475
2026-03-05 14:15,9490.483
2026-03-05 14:30,9490.483
2026-03-05 14:45,9490.483
2026-03-05 15:00,9490.483
2026-03-05 15:15,9490.483
2026-03-05 15:30,9490.483
2026-03-05 15:45,9490.512
2026-03-05 16:00,9490.512
2026-03-05 16:15,9490.512
2026-03-05 16:30,9490.512
2026-03-05 16:45,9490.552
2026-03-05 17:00,9490.562
2026-03-05 17:15,9490.562
2026-03-05 17:30,9490.606
2026-03-05 17:45,9490.606
2026-03-05 18:00,9490.606
2026-03-05 18:15,9490.606
2026-03-05 18:30,9490.606
2026-03-05 18:45,9490.606
2026-03-05 19:00,9490.606
2026-03-05 19:15,9490.606
2026-03-05 19:30,9490.606
2026-03-05 19:45,9490.638
2026-03-05 20:00,9490.638
2026-03-05 20:15,9490.638
2026-03-05 20:30,9490.638
2026-03-05 20:45,9490.638
2026-03-05 21:00,9490.638
2026-03-05 21:15,9490.678
2026-03-05 21:30,9490.678
2026-03-05 21:45,9490.678
2026-03-05 22:00,9490.678
2026-03-05 22:15,9490.678
2026-03-05 22:30,9490.678
2026-03-05 22:45,9490.678
2026-03-05 23:00,9490.678
2026-03-05 23:15,9490.710
2026-03-05 23:30,9490.710
2026-03-05 23:45,9490.710
2026-03-06 00:00,9490.710
2026-03-06 00:15,9490.710
2026-03-06 00:30,9490.731
2026-03-06 00:45,9490.745
2026-03-06 01:00,9490.745
2026-03-06 01:15,9490.745
2026-03-06 01:30,9490.745
2026-03-06 01:45,9490.745
2026-03-06 02:00,9490.745
2026-03-06 02:15,9490.773
2026-03-06 02:30,9490.773
2026-03-06 02:45,9490.773
2026-03-06 03:00,9490.773
2026-03-06 03:15,9490.773
2026-03-06 03:30,9490.773
2026-03-06 03:45,9490.773
2026-03-06 04:00,9490.817
2026-03-06 04:15,9490.887
2026-03-06 04:30,9490.887
2026-03-06 04:45,9490.887
2026-03-06 05:00,9490.887
2026-03-06 05:15,9490.887
2026-03-06 05:30,9490.887
2026-03-06 05:45,9490.887
2026-03-06 06:00,9490.887
2026-03-06 06:15,9490.926
2026-03-06 06:30,9490.926
2026-03-06 06:45,9490.926
2026-03-06 07:00,9490.960
2026-03-06 07:15,9491.076
2026-03-06 07:30,9491.076
2026-03-06 07:45,9491.076
2026-03-06 08:00,9491.076
2026-03-06 08:15,9491.129
2026-03-06 08:30,9491.129
2026-03-06 08:45,9491.129
2026-03-06 09:00,9491.165
2026-03-06 09:15,9491.165
2026-03-06 09:30,9491.306
2026-03-06 09:45,9491.306
2026-03-06 10:00,9491.306
2026-03-06 10:15,9491.306
2026-03-06 10:30,9491.335
2026-03-06 10:45,9491.335
2026-03-06 11:00,9491.335
2026-03-06 11:15,9491.335
2026-03-06 11:30,9491.335
2026-03-06 11:45,9491.335
2026-03-06 12:00,9491.365
2026-03-06 12:15,9491.365
2026-03-06 12:30,9491.365
2026-03-06 12:45,9491.365
2026-03-06 13:00,9491.365
2026-03-06 13:15,9491.365
2026-03-06 13:30,9491.401
2026-03-06 13:45,9491.401
2026-03-06 14:00,9491.401
2026-03-06 14:15,9491.401
2026-03-06 14:30,9491.401
2026-03-06 14:45,9491.401
2026-03-06 15:00,9491.430
2026-03-06 15:15,9491.430
2026-03-06 15:30,9491.430
2026-03-06 15:45,9491.430
2026-03-06 16:00,9491.430
2026-03-06 16:15,9491.430
2026-03-06 16:30,9491.430
2026-03-06 16:45,9491.430
2026-03-06 17:00,9491.474
2026-03-06 17:15,9491.474
2026-03-06 17:30,9491.474
2026-03-06 17:45,9491.474
2026-03-06 18:00,9491.474
2026-03-06 18:15,9491.474
2026-03-06 18:30,9491.474
2026-03-06 18:45,9491.474
2026-03-06 19:00,9491.474
2026-03-06 19:15,9491.474
2026-03-06 19:30,9491.506
2026-03-06 19:45,9491.506
2026-03-06 20:00,9491.506
2026-03-06 20:15,9491.506
2026-03-06 20:30,9491.506
2026-03-06 20:45,9491.615
2026-03-06 21:00,9491.615
2026-03-06 21:15,9491.615
2026-03-06 21:30,9491.615
2026-03-06 21:45,9491.615
2026-03-06 22:00,9491.615
2026-03-06 22:15,9491.652
2026-03-06 22:30,9491.652
2026-03-06 22:45,9491.652
2026-03-06 23:00,9491.652
2026-03-06 23:15,9491.652
2026-03-06 23:30,9491.652
2026-03-06 23:45,9491.652
2026-03-07 00:00,9491.696
2026-03-07 00:15,9491.696
2026-03-07 00:30,9491.696
2026-03-07 00:45,9491.696
2026-03-07 01:00,9491.696
2026-03-07 01:15,9491.696
2026-03-07 01:30,9491.696
2026-03-07 01:45,9491.696
2026-03-07 02:00,9491.696
2026-03-07 02:15,9491.728
2026-03-07 02:30,9491.728
2026-03-07 02:45,9491.728
2026-03-07 03:00,9491.728
2026-03-07 03:15,9491.728
2026-03-07 03:30,9491.749
2026-03-07 03:45,9491.769
2026-03-07 04:00,9491.769
2026-03-07 04:15,9491.769
2026-03-07 04:30,9491.769
2026-03-07 04:45,9491.769
2026-03-07 05:00,9491.769
2026-03-07 05:15,9491.769
2026-03-07 05:30,9491.769
2026-03-07 05:45,9491.792
2026-03-07 06:00,9491.800
2026-03-07 06:15,9491.843
2026-03-07 06:30,9491.843
2026-03-07 06:45,9491.843
2026-03-07 07:00,9491.843
2026-03-07 07:15,9491.936
2026-03-07 07:30,9492.175
2026-03-07 07:45,9492.175
2026-03-07 08:00,9492.251
2026-03-07 08:15,9492.261
2026-03-07 08:30,9492.261
2026-03-07 08:45,9492.261
2026-03-07 09:00,9492.335
2026-03-07 09:15,9492.335
2026-03-07 09:30,9492.335
2026-03-07 09:45,9492.335
2026-03-07 10:00,9492.335
2026-03-07 10:15,9492.775
2026-03-07 10:30,9493.015
2026-03-07 10:45,9493.044
2026-03-07 11:00,9493.044
2026-03-07 11:15,9493.044
2026-03-07 11:30,9493.044
2026-03-07 11:45,9493.044
2026-03-07 12:00,9493.093
2026-03-07 12:15,9493.093
2026-03-07 12:30,9493.093
2026-03-07 12:45,9493.146
2026-03-07 13:00,9493.146
2026-03-07 13:15,9493.146
2026-03-07 13:30,9493.146
2026-03-07 13:45,9493.146
2026-03-07 14:00,9493.187
2026-03-07 14:15,9493.187
2026-03-07 14:30,9493.187
2026-03-07 14:45,9493.187
2026-03-07 15:00,9493.257
2026-03-07 15:15,9493.257
2026-03-07 15:30,9493.257
2026-03-07 15:45,9493.257
2026-03-07 16:00,9493.257
2026-03-07 16:15,9493.309
2026-03-07 16:30,9493.333
2026-03-07 16:45,9493.347
2026-03-07 17:00,9493.347
2026-03-07 17:15,9493.347
2026-03-07 17:30,9493.347
2026-03-07 17:45,9493.347
2026-03-07 18:00,9493.347
2026-03-07 18:15,9493.347
2026-03-07 18:30,9493.347
2026-03-07 18:45,9493.347
2026-03-07 19:00,9493.380
2026-03-07 19:15,9493.380
2026-03-07 19:30,9493.380
2026-03-07 19:45,9493.439
2026-03-07 20:00,9493.485
2026-03-07 20:15,9493.485
2026-03-07 20:30,9493.485
2026-03-07 20:45,9493.485
2026-03-07 21:00,9493.535
2026-03-07 21:15,9493.535
2026-03-07 21:30,9493.572
2026-03-07 21:45,9493.572
2026-03-07 22:00,9493.572
2026-03-07 22:15,9493.572
2026-03-07 22:30,9493.572
2026-03-07 22:45,9493.572
2026-03-07 23:00,9493.609
2026-03-07 23:15,9493.609
2026-03-07 23:30,9493.609
2026-03-07 23:45,9493.609
2026-03-08 00:00,9493.609
2026-03-08 00:15,9493.625
2026-03-08 00:30,9493.637
2026-03-08 00:45,9493.637
2026-03-08 01:00,9493.637
2026-03-08 01:15,9493.637
2026-03-08 01:30,9493.637
2026-03-08 01:45,9493.699
2026-03-08 02:00,9493.709
2026-03-08 02:15,9493.751
2026-03-08 02:30,9493.803
2026-03-08 02:45,9493.803
2026-03-08 03:00,9493.803
2026-03-08 03:15,9493.803
2026-03-08 03:30,9493.859
2026-03-08 03:45,9493.859
2026-03-08 04:00,9493.876
2026-03-08 04:15,9493.916
2026-03-08 04:30,9493.956
2026-03-08 04:45,9493.956
2026-03-08 05:00,9493.969
2026-03-08 05:15,9494.002
2026-03-08 05:30,9494.046
2026-03-08 05:45,9494.046
2026-03-08 06:00,9494.091
2026-03-08 06:15,9494.091
2026-03-08 06:30,9494.091
2026-03-08 06:45,9494.140
2026-03-08 07:00,9494.140
2026-03-08 07:15,9494.140
2026-03-08 07:30,9494.178
2026-03-08 07:45,9494.223
2026-03-08 08:00,9494.223
2026-03-08 08:15,9494.223
2026-03-08 08:30,9494.223
2026-03-08 08:45,9494.274
2026-03-08 09:00,9494.274
2026-03-08 09:15,9494.419
2026-03-08 09:30,9494.419
2026-03-08 09:45,9494.419
2026-03-08 10:00,9494.419
2026-03-08 10:15,9494.419
2026-03-08 10:30,9494.419
2026-03-08 10:45,9494.419
2026-03-08 11:00,9494.442
2026-03-08 11:15,9494.537
2026-03-08 11:30,9494.537
2026-03-08 11:45,9494.537
2026-03-08 12:00,9494.778
2026-03-08 12:15,9494.778
2026-03-08 12:30,9494.778
2026-03-08 12:45,9494.778
2026-03-08 13:00,9494.778
2026-03-08 13:15,9494.778
2026-03-08 13:30,9494.778
2026-03-08 13:45,9494.832
2026-03-08 14:00,9494.832
2026-03-08 14:15,9494.832
2026-03-08 14:30,9494.863
2026-03-08 14:45,9494.863
2026-03-08 15:00,9494.987
2026-03-08 15:15,9495.179
2026-03-08 15:30,9495.179
2026-03-08 15:45,9495.179
2026-03-08 16:00,9495.179
2026-03-08 16:15,9495.222
2026-03-08 16:30,9495.239
2026-03-08 16:45,9495.239
2026-03-08 17:00,9495.239
2026-03-08 17:15,9495.239
2026-03-08 17:30,9495.239
2026-03-08 17:45,9495.239
2026-03-08 18:00,9495.239
2026-03-08 18:15,9495.239
2026-03-08 18:30,9495.239
2026-03-08 18:45,9495.795
2026-03-08 19:00,9496.116
2026-03-08 19:15,9496.116
2026-03-08 19:30,9496.116
2026-03-08 19:45,9496.116
2026-03-08 20:00,9496.116
2026-03-08 20:15,9496.116
2026-03-08 20:30,9496.153
2026-03-08 20:45,9496.170
2026-03-08 21:00,9496.170
2026-03-08 21:15,9496.208
2026-03-08 21:30,9496.208
2026-03-08 21:45,9496.208
2026-03-08 22:00,9496.208
2026-03-08 22:15,9496.242
2026-03-08 22:30,9496.242
2026-03-08 22:45,9496.242
2026-03-08 23:00,9496.242
2026-03-08 23:15,9496.242
2026-03-08 23:30,9496.242
2026-03-08 23:45,9496.281
2026-03-09 00:00,9496.281
2026-03-09 00:15,9496.281
2026-03-09 00:30,9496.281
2026-03-09 00:45,9496.281
2026-03-09 01:00,9496.343
2026-03-09 01:15,9496.395
2026-03-09 01:30,9496.395
2026-03-09 01:45,9496.448
2026-03-09 02:00,9496.448
2026-03-09 02:15,9496.448
2026-03-09 02:30,9496.503
2026-03-09 02:45,9496.503
2026-03-09 03:00,9496.503
2026-03-09 03:15,9496.547
2026-03-09 03:30,9496.601
2026-03-09 03:45,9496.601
2026-03-09 04:00,9496.601
2026-03-09 04:15,9496.601
2026-03-09 04:30,9496.654
2026-03-09 04:45,9496.705
2026-03-09 05:00,9496.705
2026-03-09 05:15,9496.705
2026-03-09 05:30,9496.705
2026-03-09 05:45,9496.705
2026-03-09 06:00,9496.705
2026-03-09 06:15,9496.705
2026-03-09 06:30,9496.705
2026-03-09 06:45,9496.705
2026-03-09 07:00,9496.810
2026-03-09 07:15,9496.899
2026-03-09 07:30,9496.942
2026-03-09 07:45,9496.942
2026-03-09 08:00,9496.942
2026-03-09 08:15,9497.029
2026-03-09 08:30,9497.058
2026-03-09 08:45,9497.105
2026-03-09 09:00,9497.105
2026-03-09 09:15,9497.289
2026-03-09 09:30,9497.289
2026-03-09 09:45,9497.289
2026-03-09 10:00,9497.289
2026-03-09 10:15,9497.289
2026-03-09 10:30,9497.289
2026-03-09 10:45,9497.289
2026-03-09 11:00,9497.289
2026-03-09 11:15,9497.366
2026-03-09 11:30,9497.366
2026-03-09 11:45,9497.366
2026-03-09 12:00,9497.366
2026-03-09 12:15,9497.366
2026-03-09 12:30,9497.366
2026-03-09 12:45,9497.401
2026-03-09 13:00,9497.401
2026-03-09 13:15,9497.401
2026-03-09 13:30,9497.401
2026-03-09 13:45,9497.401
2026-03-09 14:00,9497.401
2026-03-09 14:15,9497.440
2026-03-09 14:30,9497.440
2026-03-09 14:45,9497.440
2026-03-09 15:00,9497.440
2026-03-09 15:15,9497.440
2026-03-09 15:30,9497.440
2026-03-09 15:45,9497.461
2026-03-09 16:00,9497.483
2026-03-09 16:15,9497.483
2026-03-09 16:30,9497.483
2026-03-09 16:45,9497.483
2026-03-09 17:00,9497.483
2026-03-09 17:15,9497.483
2026-03-09 17:30,9497.483
2026-03-09 17:45,9497.483
2026-03-09 18:00,9497.483
2026-03-09 18:15,9497.515
2026-03-09 18:30,9497.515
2026-03-09 18:45,9497.515
2026-03-09 19:00,9497.515
2026-03-09 19:15,9497.515
2026-03-09 19:30,9497.550
2026-03-09 19:45,9497.550
2026-03-09 20:00,9497.550
2026-03-09 20:15,9497.550
2026-03-09 20:30,9497.550
2026-03-09 20:45,9497.550
2026-03-09 21:00,9497.589
2026-03-09 21:15,9497.589
2026-03-09 21:30,9497.589
2026-03-09 21:45,9497.589
2026-03-09 22:00,9497.589
2026-03-09 22:15,9497.589
2026-03-09 22:30,9497.589
2026-03-09 22:45,9497.633
2026-03-09 23:00,9497.633
2026-03-09 23:15,9497.633
2026-03-09 23:30,9497.633
2026-03-09 23:45,9497.633
2026-03-10 00:00,9497.633
2026-03-10 00:15,9497.633
2026-03-10 00:30,9497.633
2026-03-10 00:45,9497.633
2026-03-10 01:00,9497.648
2026-03-10 01:15,9497.726
2026-03-10 01:30,9497.726
2026-03-10 01:45,9497.726
2026-03-10 02:00,9497.726
2026-03-10 02:15,9497.814
2026-03-10 02:30,9497.814
2026-03-10 02:45,9497.814
2026-03-10 03:00,9497.873
2026-03-10 03:15,9497.873
2026-03-10 03:30,9497.873
2026-03-10 03:45,9497.932
2026-03-10 04:00,9497.932
2026-03-10 04:15,9497.932
2026-03-10 04:30,9498.017
2026-03-10 04:45,9498.017
2026-03-10 05:00,9498.017
2026-03-10 05:15,9498.017
2026-03-10 05:30,9498.061
2026-03-10 05:45,9498.085
2026-03-10 06:00,9498.085
2026-03-10 06:15,9498.085
2026-03-10 06:30,9498.139
2026-03-10 06:45,9498.139
2026-03-10 07:00,9498.139
2026-03-10 07:15,9498.139
2026-03-10 07:30,9498.139
2026-03-10 07:45,9498.139
2026-03-10 08:00,9498.177
2026-03-10 08:15,9498.177
2026-03-10 08:30,9498.177
2026-03-10 08:45,9498.177
2026-03-10 09:00,9498.409
2026-03-10 09:15,9498.415
2026-03-10 09:30,9498.415
2026-03-10 09:45,9498.415
2026-03-10 10:00,9498.468
2026-03-10 10:15,9498.535
2026-03-10 10:30,9498.535
2026-03-10 10:45,9498.535
2026-03-10 11:00,9498.535
2026-03-10 11:15,9498.535
2026-03-10 11:30,9498.535
2026-03-10 11:45,9498.711
2026-03-10 12:00,9498.711
2026-03-10 12:15,9498.711
2026-03-10 12:30,9498.711
2026-03-10 12:45,9498.711
2026-03-10 13:00,9498.738
2026-03-10 13:15,9498.738
2026-03-10 13:30,9498.738
2026-03-10 13:45,9498.738
2026-03-10 14:00,9498.738
2026-03-10 14:15,9498.738
2026-03-10 14:30,9498.792
2026-03-10 14:45,9498.792
2026-03-10 15:00,9498.792
2026-03-10 15:15,9498.792
2026-03-10 15:30,9498.792
2026-03-10 15:45,9498.792
2026-03-10 16:00,9498.792
2026-03-10 16:15,9498.792
2026-03-10 16:30,9498.792
2026-03-10 16:45,9498.814
2026-03-10 17:00,9498.823
2026-03-10 17:15,9498.823
2026-03-10 17:30,9498.823
2026-03-10 17:45,9498.823
2026-03-10 18:00,9498.823
2026-03-10 18:15,9498.863
2026-03-10 18:30,9498.924
2026-03-10 18:45,9498.924
2026-03-10 19:00,9498.924
2026-03-10 19:15,9498.924
2026-03-10 19:30,9498.924
2026-03-10 19:45,9498.984
2026-03-10 20:00,9498.984
2026-03-10 20:15,9499.023
2026-03-10 20:30,9499.023
2026-03-10 20:45,9499.074
2026-03-10 21:00,9499.074
2026-03-10 21:15,9499.074
2026-03-10 21:30,9499.125
2026-03-10 21:45,9499.125
2026-03-10 22:00,9499.125
2026-03-10 22:15,9499.125
2026-03-10 22:30,9499.182
2026-03-10 22:45,9499.182
2026-03-10 23:00,9499.182
2026-03-10 23:15,9499.182
2026-03-10 23:30,9499.182
2026-03-10 23:45,9499.182
2026-03-11 00:00,9499.182
2026-03-11 00:15,9499.182
2026-03-11 00:30,9499.182
2026-03-11 00:45,9499.182
2026-03-11 01:00,9499.200
2026-03-11 01:15,9499.200
2026-03-11 01:30,9499.200
2026-03-11 01:45,9499.200
2026-03-11 02:00,9499.200
2026-03-11 02:15,9499.200
2026-03-11 02:30,9499.267
2026-03-11 02:45,9499.267
2026-03-11 03:00,9499.267
2026-03-11 03:15,9499.267
2026-03-11 03:30,9499.335
2026-03-11 03:45,9499.335
2026-03-11 04:00,9499.335
2026-03-11 04:15,9499.401
2026-03-11 04:30,9499.401
2026-03-11 04:45,9499.456
2026-03-11 05:00,9499.456
2026-03-11 05:15,9499.456
2026-03-11 05:30,9499.515
2026-03-11 05:45,9499.515
2026-03-11 06:00,9499.515
2026-03-11 06:15,9499.515
2026-03-11 06:30,9499.521
2026-03-11 06:45,9499.576
2026-03-11 07:00,9499.576
2026-03-11 07:15,9499.637
2026-03-11 07:30,9499.637
2026-03-11 07:45,9499.637
2026-03-11 08:00,9499.637
2026-03-11 08:15,9499.637
2026-03-11 08:30,9499.637
2026-03-11 08:45,9499.637
2026-03-11 09:00,9499.637
2026-03-11 09:15,9499.878
2026-03-11 09:30,9499.887
2026-03-11 09:45,9499.887
2026-03-11 10:00,9499.924
2026-03-11 10:15,9499.924
2026-03-11 10:30,9499.924
2026-03-11 10:45,9499.924
2026-03-11 11:00,9499.924
2026-03-11 11:15,9499.979
2026-03-11 11:30,9499.979
2026-03-11 11:45,9499.979
2026-03-11 12:00,9499.979
2026-03-11 12:15,9500.021
2026-03-11 12:30,9500.057
2026-03-11 12:45,9500.073
2026-03-11 13:00,9500.073
2026-03-11 13:15,9500.073
2026-03-11 13:30,9500.073
2026-03-11 13:45,9500.116
2026-03-11 14:00,9500.116
2026-03-11 14:15,9500.116
2026-03-11 14:30,9500.116
2026-03-11 14:45,9500.154
2026-03-11 15:00,9500.190
2026-03-11 15:15,9500.190
2026-03-11 15:30,9500.190
2026-03-11 15:45,9500.190
2026-03-11 16:00,9500.241
2026-03-11 16:15,9500.279
2026-03-11 16:30,9500.337
2026-03-11 16:45,9500.435
2026-03-11 17:00,9500.435
2026-03-11 17:15,9500.506
2026-03-11 17:30,9500.506
2026-03-11 17:45,9500.506
2026-03-11 18:00,9500.559
2026-03-11 18:15,9500.559
2026-03-11 18:30,9500.598
2026-03-11 18:45,9500.598
2026-03-11 19:00,9500.637
2026-03-11 19:15,9500.686
2026-03-11 19:30,9500.848
2026-03-11 19:45,9500.848
2026-03-11 20:00,9500.848
2026-03-11 20:15,9500.848
2026-03-11 20:30,9500.848
2026-03-11 20:45,9500.848
2026-03-11 21:00,9500.848
2026-03-11 21:15,9500.848
2026-03-11 21:30,9500.882
2026-03-11 21:45,9500.882
2026-03-11 22:00,9500.882
2026-03-11 22:15,9500.882
2026-03-11 22:30,9500.882
2026-03-11 22:45,9500.930
2026-03-11 23:00,9500.930
2026-03-11 23:15,9500.930
2026-03-11 23:30,9500.930
2026-03-11 23:45,9500.930
2026-03-12 00:00,9500.930
2026-03-12 00:15,9500.930
2026-03-12 00:30,9500.963
2026-03-12 00:45,9500.963
2026-03-12 01:00,9500.963
2026-03-12 01:15,9500.963
2026-03-12 01:30,9500.963
2026-03-12 01:45,9500.963
2026-03-12 02:00,9501.013
2026-03-12 02:15,9501.013
2026-03-12 02:30,9501.013
2026-03-12 02:45,9501.013
2026-03-12 03:00,9501.013
2026-03-12 03:15,9501.013
2026-03-12 03:30,9501.013
2026-03-12 03:45,9501.046
2026-03-12 04:00,9501.046
2026-03-12 04:15,9501.046
2026-03-12 04:30,9501.046
2026-03-12 04:45,9501.137
2026-03-12 05:00,9501.143
2026-03-12 05:15,9501.208
2026-03-12 05:30,9501.208
2026-03-12 05:45,9501.208
2026-03-12 06:00,9501.208
2026-03-12 06:15,9501.208
2026-03-12 06:30,9501.208
2026-03-12 06:45,9501.208
2026-03-12 07:00,9501.208
2026-03-12 07:15,9501.208
2026-03-12 07:30,9501.208
2026-03-12 07:45,9501.222
2026-03-12 08:00,9501.283
2026-03-12 08:15,9501.283
2026-03-12 08:30,9501.283
2026-03-12 08:45,9501.283
2026-03-12 09:00,9501.314
2026-03-12 09:15,9501.314
2026-03-12 09:30,9501.537
2026-03-12 09:45,9501.545
2026-03-12 10:00,9501.545
2026-03-12 10:15,9501.582
2026-03-12 10:30,9501.582
2026-03-12 10:45,9501.582
2026-03-12 11:00,9501.620
2026-03-12 11:15,9501.623
2026-03-12 11:30,9501.675
2026-03-12 11:45,9501.675
2026-03-12 12:00,9501.675
2026-03-12 12:15,9501.675
2026-03-12 12:30,9501.726
2026-03-12 12:45,9501.726
2026-03-12 13:00,9501.726
2026-03-12 13:15,9501.726
2026-03-12 13:30,9501.726
2026-03-12 13:45,9501.726
2026-03-12 14:00,9501.726
2026-03-12 14:15,9501.726
2026-03-12 14:30,9501.790
2026-03-12 14:45,9501.790
2026-03-12 15:00,9501.790
2026-03-12 15:15,9501.844
2026-03-12 15:30,9501.905
2026-03-12 15:45,9501.973
2026-03-12 16:00,9501.978
2026-03-12 16:15,9501.994
2026-03-12 16:30,9501.997
2026-03-12 16:45,9501.997
2026-03-12 17:00,9501.997
2026-03-12 17:15,9501.997
2026-03-12 17:30,9501.997
2026-03-12 17:45,9502.031
2026-03-12 18:00,9502.031
2026-03-12 18:15,9502.031
2026-03-12 18:30,9502.031
2026-03-12 18:45,9502.253
2026-03-12 19:00,9502.253
2026-03-12 19:15,9502.253
2026-03-12 19:30,9502.253
2026-03-12 19:45,9502.253
2026-03-12 20:00,9502.253
2026-03-12 20:15,9502.253
2026-03-12 20:30,9502.253
2026-03-12 20:45,9502.253
2026-03-12 21:00,9502.253
2026-03-12 21:15,9502.253
2026-03-12 21:30,9502.292
2026-03-12 21:45,9502.292
2026-03-12 22:00,9502.292
2026-03-12 22:15,9502.292
2026-03-12 22:30,9502.317
2026-03-12 22:45,9502.317
2026-03-12 23:00,9502.317
2026-03-12 23:15,9502.317
2026-03-12 23:30,9502.317
2026-03-12 23:45,9502.317
2026-03-13 00:00,9502.317
2026-03-13 00:15,9502.372
2026-03-13 00:30,9502.372
2026-03-13 00:45,9502.372
2026-03-13 01:00,9502.438
2026-03-13 01:15,9502.438
2026-03-13 01:30,9502.438
2026-03-13 01:45,9502.438
2026-03-13 02:00,9502.438
2026-03-13 02:15,9502.500
2026-03-13 02:30,9502.500
2026-03-13 02:45,9502.540
2026-03-13 03:00,9502.602
2026-03-13 03:15,9502.602
2026-03-13 03:30,9502.602
2026-03-13 03:45,9502.602
2026-03-13 04:00,9502.659
2026-03-13 04:15,9502.659
2026-03-13 04:30,9502.659
2026-03-13 04:45,9502.659
2026-03-13 05:00,9502.659
2026-03-13 05:15,9502.765
2026-03-13 05:30,9502.773
2026-03-13 05:45,9502.773
2026-03-13 06:00,9502.773
2026-03-13 06:15,9502.776
2026-03-13 06:30,9502.823
2026-03-13 06:45,9502.823
2026-03-13 07:00,9502.823
2026-03-13 07:15,9502.823
2026-03-13 07:30,9502.823
2026-03-13 07:45,9502.861
2026-03-13 08:00,9502.861
2026-03-13 08:15,9502.861
2026-03-13 08:30,9502.861
2026-03-13 08:45,9503.162
2026-03-13 09:00,9503.162
2026-03-13 09:15,9503.162
2026-03-13 09:30,9503.162
2026-03-13 09:45,9503.162
2026-03-13 10:00,9503.162
2026-03-13 10:15,9503.162
2026-03-13 10:30,9503.162
2026-03-13 10:45,9503.162
2026-03-13 11:00,9503.162
2026-03-13 11:15,9503.331
2026-03-13 11:30,9503.345
2026-03-13 11:45,9503.345
2026-03-13 12:00,9503.345
2026-03-13 12:15,9503.345
2026-03-13 12:30,9503.345
2026-03-13 12:45,9503.345
2026-03-13 13:00,9503.345
2026-03-13 13:15,9503.383
2026-03-13 13:30,9503.383
2026-03-13 13:45,9503.421
2026-03-13 14:00,9503.465
2026-03-13 14:15,9503.465
2026-03-13 14:30,9503.494
2026-03-13 14:45,9503.508
2026-03-13 15:00,9503.508
2026-03-13 15:15,9503.508
2026-03-13 15:30,9503.508
2026-03-13 15:45,9503.548
2026-03-13 16:00,9503.548
2026-03-13 16:15,9503.584
2026-03-13 16:30,9503.584
2026-03-13 16:45,9503.584
2026-03-13 17:00,9503.584
2026-03-13 17:15,9503.584
2026-03-13 17:30,9503.584
2026-03-13 17:45,9503.620
2026-03-13 18:00,9503.620
2026-03-13 18:15,9503.620
2026-03-13 18:30,9503.620
2026-03-13 18:45,9503.620
2026-03-13 19:00,9504.027
2026-03-13 19:15,9504.027
2026-03-13 19:30,9504.027
2026-03-13 19:45,9504.027
2026-03-13 20:00,9504.072
2026-03-13 20:15,9504.325
2026-03-13 20:30,9504.559
2026-03-13 20:45,9504.798
2026-03-13 21:00,9504.798
2026-03-13 21:15,9504.798
2026-03-13 21:30,9504.798
2026-03-13 21:45,9504.798
2026-03-13 22:00,9504.798
2026-03-13 22:15,9504.798
2026-03-13 22:30,9504.798
2026-03-13 22:45,9504.798
2026-03-13 23:00,9504.857
2026-03-13 23:15,9504.857
2026-03-13 23:30,9504.857
2026-03-13 23:45,9504.857
2026-03-14 00:00,9504.857
2026-03-14 00:15,9504.857
2026-03-14 00:30,9504.857
2026-03-14 00:45,9504.857
2026-03-14 01:00,9504.857
2026-03-14 01:15,9504.857
2026-03-14 01:30,9504.857
2026-03-14 01:45,9504.857
2026-03-14 02:00,9504.910
2026-03-14 02:15,9504.910
2026-03-14 02:30,9504.910
2026-03-14 02:45,9504.910
2026-03-14 03:00,9504.910
2026-03-14 03:15,9504.910
2026-03-14 03:30,9504.910
2026-03-14 03:45,9504.910
2026-03-14 04:00,9504.910
2026-03-14 04:15,9504.910
2026-03-14 04:30,9505.039
2026-03-14 04:45,9505.064
2026-03-14 05:00,9505.064
2026-03-14 05:15,9505.064
2026-03-14 05:30,9505.064
2026-03-14 05:45,9505.064
2026-03-14 06:00,9505.064
2026-03-14 06:15,9505.064
2026-03-14 06:30,9505.064
2026-03-14 06:45,9505.064
2026-03-14 07:00,9505.064
2026-03-14 07:15,9505.069
2026-03-14 07:30,9505.111
2026-03-14 07:45,9505.111
2026-03-14 08:00,9505.111
2026-03-14 08:15,9505.132
2026-03-14 08:30,9505.174
2026-03-14 08:45,9505.174
2026-03-14 09:00,9505.221
2026-03-14 09:15,9505.221
2026-03-14 09:30,9505.516
2026-03-14 09:45,9505.516
2026-03-14 10:00,9505.516
2026-03-14 10:15,9505.516
2026-03-14 10:30,9505.516
2026-03-14 10:45,9505.516
2026-03-14 11:00,9505.571
2026-03-14 11:15,9505.571
2026-03-14 11:30,9505.571
2026-03-14 11:45,9505.607
2026-03-14 12:00,9505.607
2026-03-14 12:15,9505.607
2026-03-14 12:30,9505.607
2026-03-14 12:45,9505.607
2026-03-14 13:00,9505.642
2026-03-14 13:15,9505.642
2026-03-14 13:30,9505.642
2026-03-14 13:45,9505.642
2026-03-14 14:00,9505.642
2026-03-14 14:15,9505.642
2026-03-14 14:30,9505.668
2026-03-14 14:45,9505.668
2026-03-14 15:00,9505.668
2026-03-14 15:15,9505.668
2026-03-14 15:30,9505.697
2026-03-14 15:45,9505.697
2026-03-14 16:00,9505.697
2026-03-14 16:15,9505.787
2026-03-14 16:30,9505.787
2026-03-14 16:45,9505.787
2026-03-14 17:00,9505.787
2026-03-14 17:15,9505.814
2026-03-14 17:30,9505.814
2026-03-14 17:45,9505.814
2026-03-14 18:00,9505.814
2026-03-14 18:15,9505.861
2026-03-14 18:30,9505.861
2026-03-14 18:45,9505.861
2026-03-14 19:00,9505.899
2026-03-14 19:15,9505.943
2026-03-14 19:30,9505.943
2026-03-14 19:45,9505.986
2026-03-14 20:00,9505.986
2026-03-14 20:15,9505.986
2026-03-14 20:30,9505.986
2026-03-14 20:45,9505.986
2026-03-14 21:00,9505.986
2026-03-14 21:15,9505.986
2026-03-14 21:30,9506.016
2026-03-14 21:45,9506.016
2026-03-14 22:00,9506.016
2026-03-14 22:15,9506.016
2026-03-14 22:30,9506.016
2026-03-14 22:45,9506.016
2026-03-14 23:00,9506.052
2026-03-14 23:15,9506.057
2026-03-14 23:30,9506.057
2026-03-14 23:45,9506.057
2026-03-15 00:00,9506.057
2026-03-15 00:15,9506.057
2026-03-15 00:30,9506.057
2026-03-15 00:45,9506.057
2026-03-15 01:00,9506.057
2026-03-15 01:15,9506.089
2026-03-15 01:30,9506.089
2026-03-15 01:45,9506.089
2026-03-15 02:00,9506.089
2026-03-15 02:15,9506.089
2026-03-15 02:30,9506.125
2026-03-15 02:45,9506.132
2026-03-15 03:00,9506.132
2026-03-15 03:15,9506.256
2026-03-15 03:30,9506.272
2026-03-15 03:45,9506.304
2026-03-15 04:00,9506.376
2026-03-15 04:15,9506.376
2026-03-15 04:30,9506.391
2026-03-15 04:45,9506.481
2026-03-15 05:00,9506.481
2026-03-15 05:15,9506.544
2026-03-15 05:30,9506.544
2026-03-15 05:45,9506.544
2026-03-15 06:00,9506.584
2026-03-15 06:15,9506.584
2026-03-15 06:30,9506.650
2026-03-15 06:45,9506.650
2026-03-15 07:00,9506.650
2026-03-15 07:15,9506.714
2026-03-15 07:30,9506.750
2026-03-15 07:45,9506.750
2026-03-15 08:00,9506.797
2026-03-15 08:15,9506.797
2026-03-15 08:30,9506.894
2026-03-15 08:45,9506.935
2026-03-15 09:00,9506.979
2026-03-15 09:15,9507.027
2026-03-15 09:30,9507.178
2026-03-15 09:45,9507.178
2026-03-15 10:00,9507.178
2026-03-15 10:15,9507.178
2026-03-15 10:30,9507.178
2026-03-15 10:45,9507.178
2026-03-15 11:00,9507.178
2026-03-15 11:15,9507.178
2026-03-15 11:30,9507.178
2026-03-15 11:45,9507.210
2026-03-15 12:00,9507.274
2026-03-15 12:15,9507.274
2026-03-15 12:30,9507.274
2026-03-15 12:45,9507.274
2026-03-15 13:00,9507.274
2026-03-15 13:15,9507.274
2026-03-15 13:30,9507.282
2026-03-15 13:45,9507.282
2026-03-15 14:00,9507.282
2026-03-15 14:15,9507.282
2026-03-15 14:30,9507.282
2026-03-15 14:45,9507.598
2026-03-15 15:00,9507.606
2026-03-15 15:15,9507.606
2026-03-15 15:30,9507.647
2026-03-15 15:45,9507.647
2026-03-15 16:00,9507.647
2026-03-15 16:15,9507.647
2026-03-15 16:30,9507.647
2026-03-15 16:45,9507.647
2026-03-15 17:00,9507.647
2026-03-15 17:15,9507.695
2026-03-15 17:30,9507.749
2026-03-15 17:45,9507.749
2026-03-15 18:00,9507.749
2026-03-15 18:15,9507.790
2026-03-15 18:30,9507.790
2026-03-15 18:45,9507.790
2026-03-15 19:00,9507.796
2026-03-15 19:15,9507.835
2026-03-15 19:30,9507.835
2026-03-15 19:45,9507.835
2026-03-15 20:00,9507.880
2026-03-15 20:15,9507.880
2026-03-15 20:30,9507.880
2026-03-15 20:45,9507.880
2026-03-15 21:00,9507.903
2026-03-15 21:15,9507.903
2026-03-15 21:30,9507.903
2026-03-15 21:45,9507.903
2026-03-15 22:00,9507.903
2026-03-15 22:15,9507.903
2026-03-15 22:30,9507.903
2026-03-15 22:45,9507.955
2026-03-15 23:00,9507.955
2026-03-15 23:15,9507.955
2026-03-15 23:30,9507.955
2026-03-15 23:45,9507.955
2026-03-16 00:00,9507.955
2026-03-16 00:15,9507.955
2026-03-16 00:30,9507.955
2026-03-16 00:45,9507.955
2026-03-16 01:00,9507.987
2026-03-16 01:15,9507.987
2026-03-16 01:30,9507.987
2026-03-16 01:45,9507.987
2026-03-16 02:00,9507.987
2026-03-16 02:15,9507.987
2026-03-16 02:30,9508.023
2026-03-16 02:45,9508.023
2026-03-16 03:00,9508.098
2026-03-16 03:15,9508.098
2026-03-16 03:30,9508.098
2026-03-16 03:45,9508.098
2026-03-16 04:00,9508.098
2026-03-16 04:15,9508.136
2026-03-16 04:30,9508.136
2026-03-16 04:45,9508.136
2026-03-16 05:00,9508.136
2026-03-16 05:15,9508.136
2026-03-16 05:30,9508.136
2026-03-16 05:45,9508.180
2026-03-16 06:00,9508.180
2026-03-16 06:15,9508.180
2026-03-16 06:30,9508.180
2026-03-16 06:45,9508.180
2026-03-16 07:00,9508.180
2026-03-16 07:15,9508.180
2026-03-16 07:30,9508.180
2026-03-16 07:45,9508.180
2026-03-16 08:00,9508.189
2026-03-16 08:15,9508.348
2026-03-16 08:30,9508.348
2026-03-16 08:45,9508.348
2026-03-16 09:00,9508.501
2026-03-16 09:15,9508.511
2026-03-16 09:30,9508.537
2026-03-16 09:45,9508.537
2026-03-16 10:00,9508.537
2026-03-16 10:15,9508.537
2026-03-16 10:30,9508.537
2026-03-16 10:45,9508.537
2026-03-16 11:00,9508.567
2026-03-16 11:15,9508.596
2026-03-16 11:30,9508.596
2026-03-16 11:45,9508.638
2026-03-16 12:00,9508.638
2026-03-16 12:15,9508.675
2026-03-16 12:30,9508.675
2026-03-16 12:45,9508.675
2026-03-16 13:00,9508.717
2026-03-16 13:15,9508.717
2026-03-16 13:30,9508.759
2026-03-16 13:45,9508.759
2026-03-16 14:00,9508.759
2026-03-16 14:15,9508.759
2026-03-16 14:30,9508.759
2026-03-16 14:45,9508.759
2026-03-16 15:00,9508.787
2026-03-16 15:15,9508.787
2026-03-16 15:30,9508.787
2026-03-16 15:45,9508.830
2026-03-16 16:00,9508.830
2026-03-16 16:15,9508.830
2026-03-16 16:30,9509.609
2026-03-16 16:45,9510.048
2026-03-16 17:00,9510.048
2026-03-16 17:15,9510.048
2026-03-16 17:30,9510.048
2026-03-16 17:45,9510.048
2026-03-16 18:00,9510.096
2026-03-16 18:15,9510.096
2026-03-16 18:30,9510.096
2026-03-16 18:45,9510.141
2026-03-16 19:00,9510.180
2026-03-16 19:15,9510.180
2026-03-16 19:30,9510.180
2026-03-16 19:45,9510.180
2026-03-16 20:00,9510.209
2026-03-16 20:15,9510.209
2026-03-16 20:30,9510.209
2026-03-16 20:45,9510.209
2026-03-16 21:00,9510.209
2026-03-16 21:15,9510.209
2026-03-16 21:30,9510.209
2026-03-16 21:45,9510.238
2026-03-16 22:00,9510.238
2026-03-16 22:15,9510.300
2026-03-16 22:30,9510.300
2026-03-16 22:45,9510.300
2026-03-16 23:00,9510.343
2026-03-16 23:15,9510.392
2026-03-16 23:30,9510.392
2026-03-16 23:45,9510.392
2026-03-17 00:00,9510.392
2026-03-17 00:15,9510.444
2026-03-17 00:30,9510.482
2026-03-17 00:45,9510.482
2026-03-17 01:00,9510.482
2026-03-17 01:15,9510.525
2026-03-17 01:30,9510.525
2026-03-17 01:45,9510.525
2026-03-17 02:00,9510.575
2026-03-17 02:15,9510.633
2026-03-17 02:30,9510.633
2026-03-17 02:45,9510.672
2026-03-17 03:00,9510.672
2026-03-17 03:15,9510.672
2026-03-17 03:30,9510.719
2026-03-17 03:45,9510.719
2026-03-17 04:00,9510.719
2026-03-17 04:15,9510.769
2026-03-17 04:30,9510.769
2026-03-17 04:45,9510.769
2026-03-17 05:00,9510.838
2026-03-17 05:15,9510.838
2026-03-17 05:30,9510.838
2026-03-17 05:45,9510.884
2026-03-17 06:00,9510.884
2026-03-17 06:15,9510.884
2026-03-17 06:30,9510.932
2026-03-17 06:45,9510.932
2026-03-17 07:00,9510.932
2026-03-17 07:15,9510.932
2026-03-17 07:30,9510.985
2026-03-17 07:45,9510.985
2026-03-17 08:00,9510.985
2026-03-17 08:15,9510.985
2026-03-17 08:30,9510.985
2026-03-17 08:45,9511.285
2026-03-17 09:00,9511.285
2026-03-17 09:15,9511.285
2026-03-17 09:30,9511.285
2026-03-17 09:45,9511.285
2026-03-17 10:00,9511.285
2026-03-17 10:15,9511.324
2026-03-17 10:30,9511.346
2026-03-17 10:45,9511.397
2026-03-17 11:00,9511.397
2026-03-17 11:15,9511.397
2026-03-17 11:30,9511.397
2026-03-17 11:45,9511.397
2026-03-17 12:00,9511.397
2026-03-17 12:15,9511.397
2026-03-17 12:30,9511.397
2026-03-17 12:45,9511.441
2026-03-17 13:00,9511.494
2026-03-17 13:15,9511.497
2026-03-17 13:30,9511.528
2026-03-17 13:45,9511.528
2026-03-17 14:00,9511.528
2026-03-17 14:15,9511.528
2026-03-17 14:30,9511.570
2026-03-17 14:45,9511.570
2026-03-17 15:00,9511.570
2026-03-17 15:15,9511.570
2026-03-17 15:30,9511.614
2026-03-17 15:45,9511.667
2026-03-17 16:00,9511.667
2026-03-17 16:15,9511.667
2026-03-17 16:30,9511.667
2026-03-17 16:45,9511.667
2026-03-17 17:00,9511.667
2026-03-17 17:15,9511.718
2026-03-17 17:30,9511.718
2026-03-17 17:45,9511.718
2026-03-17 18:00,9511.718
2026-03-17 18:15,9511.757
2026-03-17 18:30,9511.757
2026-03-17 18:45,9511.757
2026-03-17 19:00,9511.805
2026-03-17 19:15,9511.848
2026-03-17 19:30,9511.848
2026-03-17 19:45,9511.848
2026-03-17 20:00,9511.893
2026-03-17 20:15,9511.893
2026-03-17 20:30,9511.893
2026-03-17 20:45,9512.208
2026-03-17 21:00,9512.757
2026-03-17 21:15,9512.952
2026-03-17 21:30,9512.952
2026-03-17 21:45,9512.952
2026-03-17 22:00,9513.029
2026-03-17 22:15,9513.029
2026-03-17 22:30,9513.424
2026-03-17 22:45,9513.437
2026-03-17 23:00,9513.561
2026-03-17 23:15,9513.747
2026-03-17 23:30,9513.760
2026-03-17 23:45,9513.760
2026-03-18 00:00,9513.760
2026-03-18 00:15,9513.760
2026-03-18 00:30,9513.760
2026-03-18 00:45,9513.760
2026-03-18 01:00,9513.760
2026-03-18 01:15,9513.799
2026-03-18 01:30,9513.799
2026-03-18 01:45,9513.799
2026-03-18 02:00,9513.799
2026-03-18 02:15,9513.799
2026-03-18 02:30,9513.833
2026-03-18 02:45,9513.833
2026-03-18 03:00,9513.901
2026-03-18 03:15,9513.901
2026-03-18 03:30,9513.901
2026-03-18 03:45,9513.901
2026-03-18 04:00,9513.975
2026-03-18 04:15,9513.983
2026-03-18 04:30,9513.983
2026-03-18 04:45,9513.983
2026-03-18 05:00,9513.983
2026-03-18 05:15,9514.037
2026-03-18 05:30,9514.037
2026-03-18 05:45,9514.037
2026-03-18 06:00,9514.089
2026-03-18 06:15,9514.138
2026-03-18 06:30,9514.138
2026-03-18 06:45,9514.138
2026-03-18 07:00,9514.138
2026-03-18 07:15,9514.226
2026-03-18 07:30,9514.226
2026-03-18 07:45,9514.226
2026-03-18 08:00,9514.264
2026-03-18 08:15,9514.264
2026-03-18 08:30,9514.264
2026-03-18 08:45,9514.264
2026-03-18 09:00,9514.264
2026-03-18 09:15,9514.463
2026-03-18 09:30,9514.495
2026-03-18 09:45,9514.495
2026-03-18 10:00,9514.495
2026-03-18 10:15,9514.495
2026-03-18 10:30,9514.557
2026-03-18 10:45,9514.557
2026-03-18 11:00,9514.557
2026-03-18 11:15,9514.622
2026-03-18 11:30,9514.675
2026-03-18 11:45,9514.675
2026-03-18 12:00,9514.675
2026-03-18 12:15,9514.675
2026-03-18 12:30,9514.675
2026-03-18 12:45,9514.675
2026-03-18 13:00,9514.675
2026-03-18 13:15,9514.675
2026-03-18 13:30,9514.707
2026-03-18 13:45,9514.741
2026-03-18 14:00,9514.741
2026-03-18 14:15,9514.780
2026-03-18 14:30,9514.780
2026-03-18 14:45,9514.780
2026-03-18 15:00,9514.780
2026-03-18 15:15,9514.813
2026-03-18 15:30,9514.813
2026-03-18 15:45,9514.813
2026-03-18 16:00,9514.813
2026-03-18 16:15,9514.813
2026-03-18 16:30,9514.813
2026-03-18 16:45,9514.813
2026-03-18 17:00,9514.852
2026-03-18 17:15,9514.852
2026-03-18 17:30,9514.852
2026-03-18 17:45,9514.852
2026-03-18 18:00,9514.852
2026-03-18 18:15,9514.852
2026-03-18 18:30,9514.852
2026-03-18 18:45,9514.895
2026-03-18 19:00,9514.895
2026-03-18 19:15,9514.895
2026-03-18 19:30,9515.039
2026-03-18 19:45,9515.467
2026-03-18 20:00,9515.467
2026-03-18 20:15,9515.540
2026-03-18 20:30,9515.540
2026-03-18 20:45,9515.540
2026-03-18 21:00,9515.540
2026-03-18 21:15,9515.602
2026-03-18 21:30,9515.602
2026-03-18 21:45,9515.602
2026-03-18 22:00,9515.602
2026-03-18 22:15,9515.656
2026-03-18 22:30,9515.656
2026-03-18 22:45,9515.656
2026-03-18 23:00,9515.656
2026-03-18 23:15,9515.656
2026-03-18 23:30,9515.656
2026-03-18 23:45,9515.656
2026-03-19 00:00,9515.656
2026-03-19 00:15,9515.711
2026-03-19 00:30,9515.711
2026-03-19 00:45,9515.750
2026-03-19 01:00,9515.750
2026-03-19 01:15,9515.797
2026-03-19 01:30,9515.797
2026-03-19 01:45,9515.840
2026-03-19 02:00,9515.840
2026-03-19 02:15,9515.886
2026-03-19 02:30,9515.886
2026-03-19 02:45,9515.886
2026-03-19 03:00,9515.932
2026-03-19 03:15,9515.975
2026-03-19 03:30,9515.975
2026-03-19 03:45,9515.975
2026-03-19 04:00,9515.975
2026-03-19 04:15,9515.975
2026-03-19 04:30,9515.975
2026-03-19 04:45,9515.975
2026-03-19 05:00,9515.975
2026-03-19 05:15,9516.019
2026-03-19 05:30,9516.019
2026-03-19 05:45,9516.107
2026-03-19 06:00,9516.107
2026-03-19 06:15,9516.107
2026-03-19 06:30,9516.107
2026-03-19 06:45,9516.107
2026-03-19 07:00,9516.181
2026-03-19 07:15,9516.210
2026-03-19 07:30,9516.210
2026-03-19 07:45,9516.243
2026-03-19 08:00,9516.254
2026-03-19 08:15,9516.412
2026-03-19 08:30,9516.420
2026-03-19 08:45,9516.754
2026-03-19 09:00,9516.754
2026-03-19 09:15,9516.792
2026-03-19 09:30,9516.792
2026-03-19 09:45,9516.792
2026-03-19 10:00,9516.792
2026-03-19 10:15,9516.792
2026-03-19 10:30,9516.814
2026-03-19 10:45,9516.843
2026-03-19 11:00,9516.843
2026-03-19 11:15,9516.843
2026-03-19 11:30,9516.843
2026-03-19 11:45,9516.843
2026-03-19 12:00,9516.843
2026-03-19 12:15,9516.843
2026-03-19 12:30,9516.843
2026-03-19 12:45,9516.843
2026-03-19 13:00,9516.843
2026-03-19 13:15,9516.843
2026-03-19 13:30,9516.891
2026-03-19 13:45,9516.891
2026-03-19 14:00,9516.891
2026-03-19 14:15,9516.891
2026-03-19 14:30,9516.891
2026-03-19 14:45,9516.891
2026-03-19 15:00,9516.891
2026-03-19 15:15,9516.891
2026-03-19 15:30,9516.891
2026-03-19 15:45,9516.891
2026-03-19 16:00,9516.924
2026-03-19 16:15,9516.924
2026-03-19 16:30,9516.924
2026-03-19 16:45,9516.924
2026-03-19 17:00,9516.924
2026-03-19 17:15,9516.990
2026-03-19 17:30,9516.990
2026-03-19 17:45,9516.990
2026-03-19 18:00,9516.990
2026-03-19 18:15,9517.290
2026-03-19 18:30,9517.503
2026-03-19 18:45,9517.503
2026-03-19 19:00,9517.503
2026-03-19 19:15,9517.726
2026-03-19 19:30,9518.465
2026-03-19 19:45,9518.731
2026-03-19 20:00,9518.731
2026-03-19 20:15,9518.803
2026-03-19 20:30,9518.803
2026-03-19 20:45,9518.803
2026-03-19 21:00,9518.881
2026-03-19 21:15,9518.881
2026-03-19 21:30,9518.881
2026-03-19 21:45,9518.921
2026-03-19 22:00,9518.921
2026-03-19 22:15,9518.921
2026-03-19 22:30,9518.921
2026-03-19 22:45,9518.956
2026-03-19 23:00,9518.956
2026-03-19 23:15,9518.956
2026-03-19 23:30,9518.956
2026-03-19 23:45,9518.956
2026-03-20 00:00,9518.956
2026-03-20 00:15,9518.956
2026-03-20 00:30,9518.956
2026-03-20 00:45,9518.996
2026-03-20 01:00,9518.996
2026-03-20 01:15,9518.996
2026-03-20 01:30,9518.996
2026-03-20 01:45,9519.058
2026-03-20 02:00,9519.106
2026-03-20 02:15,9519.106
2026-03-20 02:30,9519.106
2026-03-20 02:45,9519.157
2026-03-20 03:00,9519.157
2026-03-20 03:15,9519.157
2026-03-20 03:30,9519.157
2026-03-20 03:45,9519.214
2026-03-20 04:00,9519.214
2026-03-20 04:15,9519.252
2026-03-20 04:30,9519.297
2026-03-20 04:45,9519.297
2026-03-20 05:00,9519.297
2026-03-20 05:15,9519.341
2026-03-20 05:30,9519.386
2026-03-20 05:45,9519.386
2026-03-20 06:00,9519.386
2026-03-20 06:15,9519.437
2026-03-20 06:30,9519.437
2026-03-20 06:45,9519.437
2026-03-20 07:00,9519.555
2026-03-20 07:15,9519.555
2026-03-20 07:30,9519.555
2026-03-20 07:45,9519.555
2026-03-20 08:00,9519.555
2026-03-20 08:15,9519.565
2026-03-20 08:30,9519.606
2026-03-20 08:45,9519.788
2026-03-20 09:00,9519.788
2026-03-20 09:15,9519.788
2026-03-20 09:30,9519.788
2026-03-20 09:45,9519.788
2026-03-20 10:00,9519.818
2026-03-20 10:15,9519.818
2026-03-20 10:30,9519.818
2026-03-20 10:45,9519.818
2026-03-20 11:00,9519.818
2026-03-20 11:15,9519.856
2026-03-20 11:30,9519.886
2026-03-20 11:45,9519.886
2026-03-20 12:00,9519.886
2026-03-20 12:15,9519.886
2026-03-20 12:30,9519.886
2026-03-20 12:45,9519.886
2026-03-20 13:00,9519.886
2026-03-20 13:15,9519.886
2026-03-20 13:30,9519.886
2026-03-20 13:45,9519.886
2026-03-20 14:00,9519.886
2026-03-20 14:15,9519.929
2026-03-20 14:30,9519.933
2026-03-20 14:45,9519.933
2026-03-20 15:00,9519.933
2026-03-20 15:15,9519.933
2026-03-20 15:30,9519.933
2026-03-20 15:45,9519.933
2026-03-20 16:00,9519.933
2026-03-20 16:15,9519.933
2026-03-20 16:30,9519.933
2026-03-20 16:45,9519.933
2026-03-20 17:00,9519.981
2026-03-20 17:15,9519.981
2026-03-20 17:30,9519.981
2026-03-20 17:45,9519.981
2026-03-20 18:00,9519.981
2026-03-20 18:15,9519.981
2026-03-20 18:30,9519.981
2026-03-20 18:45,9519.981
2026-03-20 19:00,9519.981
2026-03-20 19:15,9520.012
2026-03-20 19:30,9520.012
2026-03-20 19:45,9520.012
2026-03-20 20:00,9520.012
2026-03-20 20:15,9520.012
2026-03-20 20:30,9520.012
2026-03-20 20:45,9520.055
2026-03-20 21:00,9520.055
2026-03-20 21:15,9520.055
2026-03-20 21:30,9520.055
2026-03-20 21:45,9520.055
2026-03-20 22:00,9520.055
2026-03-20 22:15,9520.055
2026-03-20 22:30,9520.055
2026-03-20 22:45,9520.055
2026-03-20 23:00,9520.055
2026-03-20 23:15,9520.086
2026-03-20 23:30,9520.086
2026-03-20 23:45,9520.086
2026-03-21 00:00,9520.086
2026-03-21 00:15,9520.086
2026-03-21 00:30,9520.121
2026-03-21 00:45,9520.121
2026-03-21 01:00,9520.121
2026-03-21 01:15,9520.121
2026-03-21 01:30,9520.121
2026-03-21 01:45,9520.121
2026-03-21 02:00,9520.121
2026-03-21 02:15,9520.121
2026-03-21 02:30,9520.151
2026-03-21 02:45,9520.151
2026-03-21 03:00,9520.151
2026-03-21 03:15,9520.151
2026-03-21 03:30,9520.151
2026-03-21 03:45,9520.151
2026-03-21 04:00,9520.188
2026-03-21 04:15,9520.188
2026-03-21 04:30,9520.304
2026-03-21 04:45,9520.348
2026-03-21 05:00,9520.348
2026-03-21 05:15,9520.348
2026-03-21 05:30,9520.398
2026-03-21 05:45,9520.430
2026-03-21 06:00,9520.503
2026-03-21 06:15,9520.513
2026-03-21 06:30,9520.513
2026-03-21 06:45,9520.513
2026-03-21 07:00,9520.513
2026-03-21 07:15,9520.563
2026-03-21 07:30,9520.637
2026-03-21 07:45,9520.822
2026-03-21 08:00,9520.822
2026-03-21 08:15,9520.873
2026-03-21 08:30,9520.873
2026-03-21 08:45,9521.008
2026-03-21 09:00,9521.072
2026-03-21 09:15,9521.115
2026-03-21 09:30,9521.152
2026-03-21 09:45,9521.208
2026-03-21 10:00,9521.329
2026-03-21 10:15,9521.329
2026-03-21 10:30,9521.382
2026-03-21 10:45,9521.382
2026-03-21 11:00,9521.382
2026-03-21 11:15,9521.382
2026-03-21 11:30,9521.483
2026-03-21 11:45,9521.483
2026-03-21 12:00,9521.483
2026-03-21 12:15,9521.483
2026-03-21 12:30,9521.483
2026-03-21 12:45,9521.491
2026-03-21 13:00,9521.526
2026-03-21 13:15,9521.526
2026-03-21 13:30,9521.526
2026-03-21 13:45,9521.526
2026-03-21 14:00,9521.526
2026-03-21 14:15,9521.526
2026-03-21 14:30,9521.526
2026-03-21 14:45,9521.526
2026-03-21 15:00,9521.526
2026-03-21 15:15,9521.526
2026-03-21 15:30,9521.526
2026-03-21 15:45,9521.571
2026-03-21 16:00,9521.571
2026-03-21 16:15,9521.571
2026-03-21 16:30,9521.571
2026-03-21 16:45,9521.571
2026-03-21 17:00,9521.571
2026-03-21 17:15,9521.571
2026-03-21 17:30,9521.571
2026-03-21 17:45,9521.571
2026-03-21 18:00,9521.571
2026-03-21 18:15,9521.616
2026-03-21 18:30,9521.616
2026-03-21 18:45,9521.616
2026-03-21 19:00,9521.616
2026-03-21 19:15,9521.616
2026-03-21 19:30,9521.667
2026-03-21 19:45,9521.667
2026-03-21 20:00,9521.697
2026-03-21 20:15,9521.697
2026-03-21 20:30,9521.697
2026-03-21 20:45,9521.757
2026-03-21 21:00,9521.757
2026-03-21 21:15,9521.757
2026-03-21 21:30,9521.757
2026-03-21 21:45,9521.795
2026-03-21 22:00,9521.795
2026-03-21 22:15,9521.795
2026-03-21 22:30,9521.795
2026-03-21 22:45,9521.795
2026-03-21 23:00,9521.831
2026-03-21 23:15,9521.831
2026-03-21 23:30,9521.831
2026-03-21 23:45,9521.831
2026-03-22 00:00,9521.831
2026-03-22 00:15,9521.831
2026-03-22 00:30,9521.831
2026-03-22 00:45,9521.861
2026-03-22 01:00,9521.861
2026-03-22 01:15,9521.861
2026-03-22 01:30,9521.861
2026-03-22 01:45,9521.861
2026-03-22 02:00,9521.861
2026-03-22 02:15,9521.861
2026-03-22 02:30,9521.905
2026-03-22 02:45,9521.905
2026-03-22 03:00,9521.905
2026-03-22 03:15,9521.905
2026-03-22 03:30,9521.905
2026-03-22 03:45,9521.905
2026-03-22 04:00,9521.905
2026-03-22 04:15,9521.905
2026-03-22 04:30,9521.905
2026-03-22 04:45,9522.012
2026-03-22 05:00,9522.012
2026-03-22 05:15,9522.012
2026-03-22 05:30,9522.086
2026-03-22 05:45,9522.086
2026-03-22 06:00,9522.136
2026-03-22 06:15,9522.136
2026-03-22 06:30,9522.201
2026-03-22 06:45,9522.201
2026-03-22 07:00,9522.201
2026-03-22 07:15,9522.201
2026-03-22 07:30,9522.201
2026-03-22 07:45,9522.201
2026-03-22 08:00,9522.210
2026-03-22 08:15,9522.288
2026-03-22 08:30,9522.343
2026-03-22 08:45,9522.598
2026-03-22 09:00,9522.598
2026-03-22 09:15,9522.598
2026-03-22 09:30,9522.598
2026-03-22 09:45,9522.598
2026-03-22 10:00,9522.598
2026-03-22 10:15,9522.692
2026-03-22 10:30,9522.739
2026-03-22 10:45,9522.739
2026-03-22 11:00,9522.739
2026-03-22 11:15,9522.739
2026-03-22 11:30,9522.739
2026-03-22 11:45,9522.739
2026-03-22 12:00,9522.739
2026-03-22 12:15,9522.759
2026-03-22 12:30,9522.770
2026-03-22 12:45,9522.770
2026-03-22 13:00,9522.770
2026-03-22 13:15,9522.770
2026-03-22 13:30,9522.812
2026-03-22 13:45,9522.863
2026-03-22 14:00,9522.866
2026-03-22 14:15,9522.911
2026-03-22 14:30,9522.911
2026-03-22 14:45,9522.911
2026-03-22 15:00,9522.911
2026-03-22 15:15,9522.911
2026-03-22 15:30,9522.911
2026-03-22 15:45,9523.050
2026-03-22 16:00,9523.050
2026-03-22 16:15,9523.059
2026-03-22 16:30,9523.207
2026-03-22 16:45,9523.280
2026-03-22 17:00,9523.280
2026-03-22 17:15,9523.280
2026-03-22 17:30,9523.280
2026-03-22 17:45,9523.280
2026-03-22 18:00,9523.301
2026-03-22 18:15,9523.998
2026-03-22 18:30,9524.445
2026-03-22 18:45,9524.445
2026-03-22 19:00,9524.445
2026-03-22 19:15,9524.445
2026-03-22 19:30,9524.445
2026-03-22 19:45,9524.494
2026-03-22 20:00,9524.494
2026-03-22 20:15,9524.494
2026-03-22 20:30,9524.524
2026-03-22 20:45,9524.577
2026-03-22 21:00,9524.577
2026-03-22 21:15,9524.577
2026-03-22 21:30,9524.577
2026-03-22 21:45,9524.629
2026-03-22 22:00,9524.629
2026-03-22 22:15,9524.629
2026-03-22 22:30,9524.629
2026-03-22 22:45,9524.629
2026-03-22 23:00,9524.629
2026-03-22 23:15,9524.687
2026-03-22 23:30,9524.687
2026-03-22 23:45,9524.687
2026-03-23 00:00,9524.725
2026-03-23 00:15,9524.774
2026-03-23 00:30,9524.774
2026-03-23 00:45,9524.774
2026-03-23 01:00,9524.830
2026-03-23 01:15,9524.881
2026-03-23 01:30,9524.881
2026-03-23 01:45,9524.927
2026-03-23 02:00,9524.927
2026-03-23 02:15,9524.927
2026-03-23 02:30,9524.979
2026-03-23 02:45,9524.979
2026-03-23 03:00,9524.979
2026-03-23 03:15,9524.979
2026-03-23 03:30,9524.979
2026-03-23 03:45,9525.017
2026-03-23 04:00,9525.017
2026-03-23 04:15,9525.017
2026-03-23 04:30,9525.017
2026-03-23 04:45,9525.046
2026-03-23 05:00,9525.046
2026-03-23 05:15,9525.046
2026-03-23 05:30,9525.046
2026-03-23 05:45,9525.046
2026-03-23 06:00,9525.122
2026-03-23 06:15,9525.122
2026-03-23 06:30,9525.159
2026-03-23 06:45,9525.159
2026-03-23 07:00,9525.159
2026-03-23 07:15,9525.159
2026-03-23 07:30,9525.159
2026-03-23 07:45,9525.187
2026-03-23 08:00,9525.187
2026-03-23 08:15,9525.187
2026-03-23 08:30,9525.187
2026-03-23 08:45,9525.346
2026-03-23 09:00,9525.461
2026-03-23 09:15,9525.517
2026-03-23 09:30,9525.517
2026-03-23 09:45,9525.517
2026-03-23 10:00,9525.517
2026-03-23 10:15,9525.517
2026-03-23 10:30,9525.554
2026-03-23 10:45,9525.554
2026-03-23 11:00,9525.554
2026-03-23 11:15,9525.554
2026-03-23 11:30,9525.554
2026-03-23 11:45,9525.614
2026-03-23 12:00,9525.614
2026-03-23 12:15,9525.614
2026-03-23 12:30,9525.614
2026-03-23 12:45,9525.614
2026-03-23 13:00,9525.614
2026-03-23 13:15,9525.614
2026-03-23 13:30,9525.614
2026-03-23 13:45,9525.614
2026-03-23 14:00,9525.614
2026-03-23 14:15,9525.614
2026-03-23 14:30,9525.614
2026-03-23 14:45,9525.662
2026-03-23 15:00,9525.662
2026-03-23 15:15,9525.662
2026-03-23 15:30,9525.662
2026-03-23 15:45,9525.662
2026-03-23 16:00,9525.662
2026-03-23 16:15,9525.662
2026-03-23 16:30,9525.662
2026-03-23 16:45,9525.662
2026-03-23 17:00,9525.662
2026-03-23 17:15,9525.662
2026-03-23 17:30,9525.702
2026-03-23 17:45,9525.702
2026-03-23 18:00,9525.702
2026-03-23 18:15,9525.702
2026-03-23 18:30,9525.726
2026-03-23 18:45,9525.726
2026-03-23 19:00,9525.726
2026-03-23 19:15,9525.726
2026-03-23 19:30,9525.726
2026-03-23 19:45,9525.726
2026-03-23 20:00,9525.726
2026-03-23 20:15,9525.779
2026-03-23 20:30,9525.779
2026-03-23 20:45,9525.779
2026-03-23 21:00,9525.835
2026-03-23 21:15,9525.835
2026-03-23 21:30,9525.835
2026-03-23 21:45,9525.835
2026-03-23 22:00,9525.835
2026-03-23 22:15,9525.835
2026-03-23 22:30,9525.873
2026-03-23 22:45,9525.873
2026-03-23 23:00,9525.873
2026-03-23 23:15,9525.873
2026-03-23 23:30,9525.873
2026-03-23 23:45,9525.908
2026-03-24 00:00,9525.908
2026-03-24 00:15,9525.908
2026-03-24 00:30,9525.908
2026-03-24 00:45,9525.908
2026-03-24 01:00,9525.975
2026-03-24 01:15,9525.975
2026-03-24 01:30,9525.975
2026-03-24 01:45,9526.014
2026-03-24 02:00,9526.065
2026-03-24 02:15,9526.065
2026-03-24 02:30,9526.065
2026-03-24 02:45,9526.109
2026-03-24 03:00,9526.162
2026-03-24 03:15,9526.162
2026-03-24 03:30,9526.162
2026-03-24 03:45,9526.216
2026-03-24 04:00,9526.216
2026-03-24 04:15,9526.216
2026-03-24 04:30,9526.216
2026-03-24 04:45,9526.271
2026-03-24 05:00,9526.271
2026-03-24 05:15,9526.310
2026-03-24 05:30,9526.351
2026-03-24 05:45,9526.351
2026-03-24 06:00,9526.351
2026-03-24 06:15,9526.395
2026-03-24 06:30,9526.433
2026-03-24 06:45,9526.433
2026-03-24 07:00,9526.433
2026-03-24 07:15,9526.433
2026-03-24 07:30,9526.433
2026-03-24 07:45,9526.433
2026-03-24 08:00,9526.470
2026-03-24 08:15,9526.470
2026-03-24 08:30,9526.698
2026-03-24 08:45,9526.698
2026-03-24 09:00,9526.698
2026-03-24 09:15,9526.698
2026-03-24 09:30,9526.698
2026-03-24 09:45,9526.698
2026-03-24 10:00,9526.734
2026-03-24 10:15,9526.734
2026-03-24 10:30,9526.771
2026-03-24 10:45,9526.771
2026-03-24 11:00,9526.771
2026-03-24 11:15,9526.802
2026-03-24 11:30,9526.802
2026-03-24 11:45,9526.802
2026-03-24 12:00,9526.852
2026-03-24 12:15,9526.852
2026-03-24 12:30,9526.852
2026-03-24 12:45,9526.852
2026-03-24 13:00,9526.852
2026-03-24 13:15,9526.852
2026-03-24 13:30,9526.852
2026-03-24 13:45,9526.852
2026-03-24 14:00,9526.852
2026-03-24 14:15,9526.884
2026-03-24 14:30,9526.884
2026-03-24 14:45,9526.884
2026-03-24 15:00,9526.884
2026-03-24 15:15,9526.884
2026-03-24 15:30,9526.884
2026-03-24 15:45,9526.925
2026-03-24 16:00,9526.925
2026-03-24 16:15,9526.925
2026-03-24 16:30,9526.925
2026-03-24 16:45,9526.925
2026-03-24 17:00,9526.925
2026-03-24 17:15,9526.934
2026-03-24 17:30,9526.974
2026-03-24 17:45,9527.012
2026-03-24 18:00,9527.012
2026-03-24 18:15,9527.012
2026-03-24 18:30,9527.012
2026-03-24 18:45,9527.060
2026-03-24 19:00,9527.090
2026-03-24 19:15,9527.111
2026-03-24 19:30,9527.111
2026-03-24 19:45,9527.156
2026-03-24 20:00,9527.156
2026-03-24 20:15,9527.156
2026-03-24 20:30,9527.210
2026-03-24 20:45,9527.210
2026-03-24 21:00,9527.210
2026-03-24 21:15,9527.210
2026-03-24 21:30,9527.210
2026-03-24 21:45,9527.263
2026-03-24 22:00,9527.263
2026-03-24 22:15,9527.263
2026-03-24 22:30,9527.312
2026-03-24 22:45,9527.312
2026-03-24 23:00,9527.312
2026-03-24 23:15,9527.312
2026-03-24 23:30,9527.312
2026-03-24 23:45,9527.312
2026-03-25 00:00,9527.312
2026-03-25 00:15,9527.312
2026-03-25 00:30,9527.312
2026-03-25 00:45,9527.312
2026-03-25 01:00,9527.312
2026-03-25 01:15,9527.312
2026-03-25 01:30,9527.312
2026-03-25 01:45,9527.312
2026-03-25 02:00,9527.312
2026-03-25 02:15,9527.312
2026-03-25 02:30,9527.312
2026-03-25 02:45,9527.312
2026-03-25 03:00,9527.387
2026-03-25 03:15,9527.387
2026-03-25 03:30,9527.387
2026-03-25 03:45,9527.441
2026-03-25 04:00,9527.454
2026-03-25 04:15,9527.510
2026-03-25 04:30,9527.510
2026-03-25 04:45,9527.510
2026-03-25 05:00,9527.570
2026-03-25 05:15,9527.570
2026-03-25 05:30,9527.570
2026-03-25 05:45,9527.570
2026-03-25 06:00,9527.631
2026-03-25 06:15,9527.631
2026-03-25 06:30,9527.631
2026-03-25 06:45,9527.711
2026-03-25 07:00,9527.711
2026-03-25 07:15,9527.711
2026-03-25 07:30,9527.711
2026-03-25 07:45,9527.711
2026-03-25 08:00,9527.711
2026-03-25 08:15,9527.711
2026-03-25 08:30,9527.711
2026-03-25 08:45,9527.711
2026-03-25 09:00,9527.711
2026-03-25 09:15,9527.912
2026-03-25 09:30,9527.912
2026-03-25 09:45,9527.912
2026-03-25 10:00,9527.912
2026-03-25 10:15,9527.912
2026-03-25 10:30,9527.912
2026-03-25 10:45,9527.912
2026-03-25 11:00,9527.912
2026-03-25 11:15,9527.912
2026-03-25 11:30,9527.912
2026-03-25 11:45,9528.056
2026-03-25 12:00,9528.056
2026-03-25 12:15,9528.056
2026-03-25 12:30,9528.095
2026-03-25 12:45,9528.130
2026-03-25 13:00,9528.130
2026-03-25 13:15,9528.130
2026-03-25 13:30,9528.130
2026-03-25 13:45,9528.195
2026-03-25 14:00,9528.195
2026-03-25 14:15,9528.195
2026-03-25 14:30,9528.235
2026-03-25 14:45,9528.273
2026-03-25 15:00,9528.273
2026-03-25 15:15,9528.304
2026-03-25 15:30,9528.304
2026-03-25 15:45,9528.347
2026-03-25 16:00,9528.347
2026-03-25 16:15,9528.347
2026-03-25 16:30,9528.347
2026-03-25 16:45,9528.387
2026-03-25 17:00,9528.457
2026-03-25 17:15,9528.471
2026-03-25 17:30,9528.509
2026-03-25 17:45,9528.545
2026-03-25 18:00,9528.555
2026-03-25 18:15,9529.154
2026-03-25 18:30,9529.168
2026-03-25 18:45,9529.168
2026-03-25 19:00,9529.168
2026-03-25 19:15,9529.168
2026-03-25 19:30,9529.366
2026-03-25 19:45,9529.942
2026-03-25 20:00,9529.949
2026-03-25 20:15,9529.949
2026-03-25 20:30,9529.949
2026-03-25 20:45,9529.976
2026-03-25 21:00,9529.988
2026-03-25 21:15,9529.988
2026-03-25 21:30,9529.988
2026-03-25 21:45,9529.988
2026-03-25 22:00,9530.025
2026-03-25 22:15,9530.025
2026-03-25 22:30,9530.025
2026-03-25 22:45,9530.025
2026-03-25 23:00,9530.025
2026-03-25 23:15,9530.046
2026-03-25 23:30,9530.061
2026-03-25 23:45,9530.061
2026-03-26 00:00,9530.061
2026-03-26 00:15,9530.061
2026-03-26 00:30,9530.061
2026-03-26 00:45,9530.061
2026-03-26 01:00,9530.091
2026-03-26 01:15,9530.091
2026-03-26 01:30,9530.091
2026-03-26 01:45,9530.091
2026-03-26 02:00,9530.091
2026-03-26 02:15,9530.091
2026-03-26 02:30,9530.091
2026-03-26 02:45,9530.136
2026-03-26 03:00,9530.136
2026-03-26 03:15,9530.136
2026-03-26 03:30,9530.136
2026-03-26 03:45,9530.136
2026-03-26 04:00,9530.136
2026-03-26 04:15,9530.150
2026-03-26 04:30,9530.173
2026-03-26 04:45,9530.173
2026-03-26 05:00,9530.248
2026-03-26 05:15,9530.286
2026-03-26 05:30,9530.286
2026-03-26 05:45,9530.286
2026-03-26 06:00,9530.286
2026-03-26 06:15,9530.331
2026-03-26 06:30,9530.331
2026-03-26 06:45,9530.331
2026-03-26 07:00,9530.331
2026-03-26 07:15,9530.331
2026-03-26 07:30,9530.361
2026-03-26 07:45,9530.361
2026-03-26 08:00,9530.400
2026-03-26 08:15,9530.452
2026-03-26 08:30,9530.505
2026-03-26 08:45,9530.505
2026-03-26 09:00,9530.668
2026-03-26 09:15,9530.965
2026-03-26 09:30,9530.965
2026-03-26 09:45,9530.965
2026-03-26 10:00,9531.033
2026-03-26 10:15,9531.033
2026-03-26 10:30,9531.033
2026-03-26 10:45,9531.033
2026-03-26 11:00,9531.033
2026-03-26 11:15,9531.033
2026-03-26 11:30,9531.033
2026-03-26 11:45,9531.033
2026-03-26 12:00,9531.033
2026-03-26 12:15,9531.088
2026-03-26 12:30,9531.088
2026-03-26 12:45,9531.140
2026-03-26 13:00,9531.140
2026-03-26 13:15,9531.140
2026-03-26 13:30,9531.140
2026-03-26 13:45,9531.140
2026-03-26 14:00,9531.175
2026-03-26 14:15,9531.175
2026-03-26 14:30,9531.175
2026-03-26 14:45,9531.175
2026-03-26 15:00,9531.198
2026-03-26 15:15,9531.229
2026-03-26 15:30,9531.229
2026-03-26 15:45,9531.267
2026-03-26 16:00,9531.320
2026-03-26 16:15,9531.332
2026-03-26 16:30,9531.412
2026-03-26 16:45,9531.471
2026-03-26 17:00,9531.496
2026-03-26 17:15,9531.496
2026-03-26 17:30,9531.496
2026-03-26 17:45,9531.496
2026-03-26 18:00,9531.556
2026-03-26 18:15,9531.556
2026-03-26 18:30,9531.556
2026-03-26 18:45,9531.556
2026-03-26 19:00,9531.556
2026-03-26 19:15,9531.556
2026-03-26 19:30,9531.556
2026-03-26 19:45,9531.556
2026-03-26 20:00,9531.607
2026-03-26 20:15,9531.607
2026-03-26 20:30,9531.607
2026-03-26 20:45,9531.674
2026-03-26 21:00,9531.674
2026-03-26 21:15,9531.674
2026-03-26 21:30,9531.674
2026-03-26 21:45,9531.674
2026-03-26 22:00,9531.674
2026-03-26 22:15,9531.674
2026-03-26 22:30,9531.711
2026-03-26 22:45,9531.711
2026-03-26 23:00,9531.711
2026-03-26 23:15,9531.711
2026-03-26 23:30,9531.740
2026-03-26 23:45,9531.740
2026-03-27 00:00,9531.740
2026-03-27 00:15,9531.740
2026-03-27 00:30,9531.740
2026-03-27 00:45,9531.740
2026-03-27 01:00,9531.740
2026-03-27 01:15,9531.771
2026-03-27 01:30,9531.771
2026-03-27 01:45,9531.771
2026-03-27 02:00,9531.889
2026-03-27 02:15,9531.889
2026-03-27 02:30,9531.990
2026-03-27 02:45,9532.001
2026-03-27 03:00,9532.033
2026-03-27 03:15,9532.033
2026-03-27 03:30,9532.033
2026-03-27 03:45,9532.065
2026-03-27 04:00,9532.096
2026-03-27 04:15,9532.163
2026-03-27 04:30,9532.163
2026-03-27 04:45,9532.163
2026-03-27 05:00,9532.163
2026-03-27 05:15,9532.325
2026-03-27 05:30,9532.325
2026-03-27 05:45,9532.325
2026-03-27 06:00,9532.325
2026-03-27 06:15,9532.325
2026-03-27 06:30,9532.325
2026-03-27 06:45,9532.325
2026-03-27 07:00,9532.325
2026-03-27 07:15,9532.356
2026-03-27 07:30,9532.356
2026-03-27 07:45,9532.399
2026-03-27 08:00,9532.418
2026-03-27 08:15,9532.536
2026-03-27 08:30,9532.642
2026-03-27 08:45,9532.653
2026-03-27 09:00,9532.702
2026-03-27 09:15,9532.702
2026-03-27 09:30,9532.702
2026-03-27 09:45,9532.702
2026-03-27 10:00,9532.751
2026-03-27 10:15,9532.751
2026-03-27 10:30,9532.751
2026-03-27 10:45,9532.751
2026-03-27 11:00,9532.751
2026-03-27 11:15,9532.751
2026-03-27 11:30,9532.751
2026-03-27 11:45,9532.751
2026-03-27 12:00,9532.751
2026-03-27 12:15,9532.779
2026-03-27 12:30,9532.779
2026-03-27 12:45,9532.779
2026-03-27 13:00,9532.779
2026-03-27 13:15,9532.779
2026-03-27 13:30,9532.779
2026-03-27 13:45,9532.823
2026-03-27 14:00,9532.823
2026-03-27 14:15,9532.823
2026-03-27 14:30,9532.823
2026-03-27 14:45,9532.823
2026-03-27 15:00,9532.823
2026-03-27 15:15,9532.872
2026-03-27 15:30,9532.916
2026-03-27 15:45,9532.916
2026-03-27 16:00,9532.916
2026-03-27 16:15,9532.916
2026-03-27 16:30,9532.916
2026-03-27 16:45,9532.959
2026-03-27 17:00,9533.019
2026-03-27 17:15,9533.019
2026-03-27 17:30,9533.019
2026-03-27 17:45,9533.019
2026-03-27 18:00,9533.058
2026-03-27 18:15,9533.058
2026-03-27 18:30,9533.058
2026-03-27 18:45,9533.102
2026-03-27 19:00,9533.124
2026-03-27 19:15,9533.124
2026-03-27 19:30,9533.124
2026-03-27 19:45,9533.124
2026-03-27 20:00,9533.230
2026-03-27 20:15,9533.230
2026-03-27 20:30,9533.230
2026-03-27 20:45,9533.230
2026-03-27 21:00,9533.230
2026-03-27 21:15,9533.230
2026-03-27 21:30,9533.230
2026-03-27 21:45,9533.230
2026-03-27 22:00,9533.230
2026-03-27 22:15,9533.230
2026-03-27 22:30,9533.230
2026-03-27 22:45,9533.230
2026-03-27 23:00,9533.277
2026-03-27 23:15,9533.277
2026-03-27 23:30,9533.277
2026-03-27 23:45,9533.277
2026-03-28 00:00,9533.277
2026-03-28 00:15,9533.277
2026-03-28 00:30,9533.277
2026-03-28 00:45,9533.277
2026-03-28 01:00,9533.277
2026-03-28 01:15,9533.308
2026-03-28 01:30,9533.308
2026-03-28 01:45,9533.308
2026-03-28 02:00,9533.308
2026-03-28 02:15,9533.308
2026-03-28 02:30,9533.331
2026-03-28 02:45,9533.344
2026-03-28 03:00,9533.344
2026-03-28 03:15,9533.425
2026-03-28 03:30,9533.425
2026-03-28 03:45,9533.425
2026-03-28 04:00,9533.425
2026-03-28 04:15,9533.463
2026-03-28 04:30,9533.463
2026-03-28 04:45,9533.463
2026-03-28 05:00,9533.463
2026-03-28 05:15,9533.463
2026-03-28 05:30,9533.463
2026-03-28 05:45,9533.463
2026-03-28 06:00,9533.506
2026-03-28 06:15,9533.506
2026-03-28 06:30,9533.506
2026-03-28 06:45,9533.506
2026-03-28 07:00,9533.545
2026-03-28 07:15,9533.545
2026-03-28 07:30,9533.545
2026-03-28 07:45,9533.596
2026-03-28 08:00,9533.596
2026-03-28 08:15,9533.634
2026-03-28 08:30,9533.634
2026-03-28 08:45,9533.634
2026-03-28 09:00,9533.634
2026-03-28 09:15,9533.644
2026-03-28 09:30,9533.912
2026-03-28 09:45,9533.912
2026-03-28 10:00,9533.912
2026-03-28 10:15,9533.912
2026-03-28 10:30,9533.912
2026-03-28 10:45,9534.455
2026-03-28 11:00,9535.213
2026-03-28 11:15,9535.218
2026-03-28 11:30,9535.218
2026-03-28 11:45,9535.218
2026-03-28 12:00,9535.218
2026-03-28 12:15,9535.218
2026-03-28 12:30,9535.254
2026-03-28 12:45,9535.254
2026-03-28 13:00,9535.254
2026-03-28 13:15,9535.284
2026-03-28 13:30,9535.304
2026-03-28 13:45,9535.304
2026-03-28 14:00,9535.304
2026-03-28 14:15,9535.304
2026-03-28 14:30,9535.348
2026-03-28 14:45,9535.348
2026-03-28 15:00,9535.348
2026-03-28 15:15,9535.348
2026-03-28 15:30,9535.348
2026-03-28 15:45,9535.348
2026-03-28 16:00,9535.348
2026-03-28 16:15,9535.379
2026-03-28 16:30,9535.379
2026-03-28 16:45,9535.379
2026-03-28 17:00,9535.379
2026-03-28 17:15,9535.379
2026-03-28 17:30,9535.379
2026-03-28 17:45,9535.392
2026-03-28 18:00,9535.490
2026-03-28 18:15,9535.490
2026-03-28 18:30,9535.490
2026-03-28 18:45,9535.490
2026-03-28 19:00,9535.532
2026-03-28 19:15,9535.532
2026-03-28 19:30,9535.532
2026-03-28 19:45,9535.532
2026-03-28 20:00,9535.532
2026-03-28 20:15,9535.532
2026-03-28 20:30,9535.532
2026-03-28 20:45,9535.585
2026-03-28 21:00,9535.585
2026-03-28 21:15,9535.585
2026-03-28 21:30,9535.585
2026-03-28 21:45,9535.585
2026-03-28 22:00,9535.642
2026-03-28 22:15,9535.642
2026-03-28 22:30,9535.642
2026-03-28 22:45,9535.642
2026-03-28 23:00,9535.703
2026-03-28 23:15,9535.742
2026-03-28 23:30,9535.742
2026-03-28 23:45,9535.742
2026-03-29 00:00,9535.838
2026-03-29 00:15,9535.838
2026-03-29 00:30,9535.838
2026-03-29 00:45,9535.849
2026-03-29 01:00,9535.887
2026-03-29 01:15,9535.887
2026-03-29 01:30,9535.887
2026-03-29 01:45,9535.951
2026-03-29 03:00,9535.951
2026-03-29 03:15,9535.951
2026-03-29 03:30,9535.999
2026-03-29 03:45,9535.999
2026-03-29 04:00,9535.999
2026-03-29 04:15,9536.052
2026-03-29 04:30,9536.052
2026-03-29 04:45,9536.052
2026-03-29 05:00,9536.052
2026-03-29 05:15,9536.052
2026-03-29 05:30,9536.052
2026-03-29 05:45,9536.052
2026-03-29 06:00,9536.052
2026-03-29 06:15,9536.052
2026-03-29 06:30,9536.052
2026-03-29 06:45,9536.083
2026-03-29 07:00,9536.083
2026-03-29 07:15,9536.083
2026-03-29 07:30,9536.133
2026-03-29 07:45,9536.133
2026-03-29 08:00,9536.183
2026-03-29 08:15,9536.261
2026-03-29 08:30,9536.261
2026-03-29 08:45,9536.317
2026-03-29 09:00,9536.317
2026-03-29 09:15,9536.317
2026-03-29 09:30,9536.317
2026-03-29 09:45,9536.317
2026-03-29 10:00,9536.317
2026-03-29 10:15,9536.353
2026-03-29 10:30,9536.353
2026-03-29 10:45,9536.353
2026-03-29 11:00,9536.353
2026-03-29 11:15,9536.353
2026-03-29 11:30,9536.353
2026-03-29 11:45,9536.396
2026-03-29 12:00,9536.396
2026-03-29 12:15,9536.396
2026-03-29 12:30,9536.396
2026-03-29 12:45,9536.396
2026-03-29 13:00,9536.396
2026-03-29 13:15,9536.396
2026-03-29 13:30,9536.396
2026-03-29 13:45,9536.396
2026-03-29 14:00,9536.427
2026-03-29 14:15,9536.427
2026-03-29 14:30,9536.427
2026-03-29 14:45,9536.430
2026-03-29 15:00,9536.480
2026-03-29 15:15,9536.532
2026-03-29 15:30,9536.532
2026-03-29 15:45,9536.532
2026-03-29 16:00,9536.532
2026-03-29 16:15,9536.532
2026-03-29 16:30,9536.532
2026-03-29 16:45,9536.579
2026-03-29 17:00,9536.579
2026-03-29 17:15,9536.610
2026-03-29 17:30,9536.618
2026-03-29 17:45,9536.943
2026-03-29 18:00,9536.969
2026-03-29 18:15,9536.969
2026-03-29 18:30,9536.969
2026-03-29 18:45,9537.004
2026-03-29 19:00,9537.004
2026-03-29 19:15,9537.004
2026-03-29 19:30,9537.004
2026-03-29 19:45,9537.004
2026-03-29 20:00,9537.048
2026-03-29 20:15,9537.106
2026-03-29 20:30,9537.106
2026-03-29 20:45,9537.140
2026-03-29 21:00,9537.140
2026-03-29 21:15,9537.140
2026-03-29 21:30,9537.140
2026-03-29 21:45,9537.140
2026-03-29 22:00,9537.140
2026-03-29 22:15,9537.140
2026-03-29 22:30,9537.140
2026-03-29 22:45,9537.193
2026-03-29 23:00,9537.240
2026-03-29 23:15,9537.240
2026-03-29 23:30,9537.240
2026-03-29 23:45,9537.240
2026-03-30 00:00,9537.296
2026-03-30 00:15,9537.296
2026-03-30 00:30,9537.296
2026-03-30 00:45,9537.353
2026-03-30 01:00,9537.353
2026-03-30 01:15,9537.392
2026-03-30 01:30,9537.392
2026-03-30 01:45,9537.442
2026-03-30 02:00,9537.485
2026-03-30 02:15,9537.485
2026-03-30 02:30,9537.485
2026-03-30 02:45,9537.528
2026-03-30 03:00,9537.535
2026-03-30 03:15,9537.535
2026-03-30 03:30,9537.535
2026-03-30 03:45,9537.610
2026-03-30 04:00,9537.610
2026-03-30 04:15,9537.610
2026-03-30 04:30,9537.610
2026-03-30 04:45,9537.665
2026-03-30 05:00,9537.665
2026-03-30 05:15,9537.718
2026-03-30 05:30,9537.718
2026-03-30 05:45,9537.753
2026-03-30 06:00,9537.764
2026-03-30 06:15,9537.764
2026-03-30 06:30,9537.764
2026-03-30 06:45,9537.816
2026-03-30 07:00,9537.816
2026-03-30 07:15,9537.816
2026-03-30 07:30,9537.816
2026-03-30 07:45,9537.854
2026-03-30 08:00,9537.854
2026-03-30 08:15,9537.854
2026-03-30 08:30,9537.854
2026-03-30 08:45,9538.136
2026-03-30 09:00,9538.136
2026-03-30 09:15,9538.303
2026-03-30 09:30,9538.303
2026-03-30 09:45,9538.303
2026-03-30 10:00,9538.303
2026-03-30 10:15,9538.303
2026-03-30 10:30,9538.340
2026-03-30 10:45,9538.340
2026-03-30 11:00,9538.340
2026-03-30 11:15,9538.340
2026-03-30 11:30,9538.385
2026-03-30 11:45,9538.423
2026-03-30 12:00,9538.423
2026-03-30 12:15,9538.423
2026-03-30 12:30,9538.450
2026-03-30 12:45,9538.450
2026-03-30 13:00,9538.450
2026-03-30 13:15,9538.450
2026-03-30 13:30,9538.450
2026-03-30 13:45,9538.450
2026-03-30 14:00,9538.483
2026-03-30 14:15,9538.493
2026-03-30 14:30,9538.493
2026-03-30 14:45,9538.493
2026-03-30 15:00,9538.546
2026-03-30 15:15,9538.584
2026-03-30 15:30,9538.584
2026-03-30 15:45,9538.584
2026-03-30 16:00,9538.584
2026-03-30 16:15,9538.635
2026-03-30 16:30,9538.635
2026-03-30 16:45,9538.680
2026-03-30 17:00,9538.680
2026-03-30 17:15,9538.729
2026-03-30 17:30,9538.729
2026-03-30 17:45,9538.729
2026-03-30 18:00,9538.729
2026-03-30 18:15,9538.810
2026-03-30 18:30,9538.810
2026-03-30 18:45,9538.810
2026-03-30 19:00,9538.810
2026-03-30 19:15,9538.863
2026-03-30 19:30,9538.863
2026-03-30 19:45,9538.863
2026-03-30 20:00,9538.922
2026-03-30 20:15,9538.922
2026-03-30 20:30,9538.922
2026-03-30 20:45,9538.922
2026-03-30 21:00,9539.114
2026-03-30 21:15,9539.178
2026-03-30 21:30,9539.178
2026-03-30 21:45,9539.225
2026-03-30 22:00,9539.246
2026-03-30 22:15,9539.246
2026-03-30 22:30,9539.246
2026-03-30 22:45,9539.313
2026-03-30 23:00,9539.313
2026-03-30 23:15,9539.313
2026-03-30 23:30,9539.372
2026-03-30 23:45,9539.372
2026-03-31 00:00,9539.372
2026-03-31 00:15,9539.428
2026-03-31 00:30,9539.483
2026-03-31 00:45,9539.483
2026-03-31 01:00,9539.527
2026-03-31 01:15,9539.527
2026-03-31 01:30,9539.527
2026-03-31 01:45,9539.527
2026-03-31 02:00,9539.578
2026-03-31 02:15,9539.578
2026-03-31 02:30,9539.578
2026-03-31 02:45,9539.578
2026-03-31 03:00,9539.631
2026-03-31 03:15,9539.631
2026-03-31 03:30,9539.631
2026-03-31 03:45,9539.631
2026-03-31 04:00,9539.631
2026-03-31 04:15,9539.631
2026-03-31 04:30,9539.631
2026-03-31 04:45,9539.631
2026-03-31 05:00,9539.631
2026-03-31 05:15,9539.631
2026-03-31 05:30,9539.631
2026-03-31 05:45,9539.664
2026-03-31 06:00,9539.664
2026-03-31 06:15,9539.720
2026-03-31 06:30,9539.741
2026-03-31 06:45,9539.785
2026-03-31 07:00,9539.785
2026-03-31 07:15,9539.823
2026-03-31 07:30,9539.864
2026-03-31 07:45,9539.864
2026-03-31 08:00,9539.864
2026-03-31 08:15,9539.955
2026-03-31 08:30,9539.968
2026-03-31 08:45,9540.146
2026-03-31 09:00,9540.338
2026-03-31 09:15,9540.339
2026-03-31 09:30,9540.339
2026-03-31 09:45,9540.339
2026-03-31 10:00,9540.339
2026-03-31 10:15,9540.339
2026-03-31 10:30,9540.373
2026-03-31 10:45,9540.373
2026-03-31 11:00,9540.373
2026-03-31 11:15,9540.411
2026-03-31 11:30,9540.411
2026-03-31 11:45,9540.411
2026-03-31 12:00,9540.420
2026-03-31 12:15,9540.481
2026-03-31 12:30,9540.488
2026-03-31 12:45,9540.488
2026-03-31 13:00,9540.488
2026-03-31 13:15,9540.488
2026-03-31 13:30,9540.488
2026-03-31 13:45,9540.488
2026-03-31 14:00,9540.518
2026-03-31 14:15,9540.518
2026-03-31 14:30,9540.518
2026-03-31 14:45,9540.518
2026-03-31 15:00,9540.518
2026-03-31 15:15,9540.518
2026-03-31 15:30,9540.518
2026-03-31 15:45,9540.562
2026-03-31 16:00,9540.562
2026-03-31 16:15,9540.562
2026-03-31 16:30,9540.562
2026-03-31 16:45,9540.562
2026-03-31 17:00,9540.562
2026-03-31 17:15,9540.562
2026-03-31 17:30,9540.562
2026-03-31 17:45,9540.562
2026-03-31 18:00,9540.593
2026-03-31 18:15,9540.593
2026-03-31 18:30,9540.593
2026-03-31 18:45,9540.652
2026-03-31 19:00,9540.652
2026-03-31 19:15,9540.703
2026-03-31 19:30,9540.703
2026-03-31 19:45,9540.755
2026-03-31 20:00,9540.755
2026-03-31 20:15,9540.755
2026-03-31 20:30,9540.768
2026-03-31 20:45,9540.809
2026-03-31 21:00,9540.809
2026-03-31 21:15,9540.847
2026-03-31 21:30,9540.847
2026-03-31 21:45,9540.847
2026-03-31 22:00,9540.847
2026-03-31 22:15,9540.847
2026-03-31 22:30,9540.847
2026-03-31 22:45,9540.890
2026-03-31 23:00,9540.955
2026-03-31 23:15,9540.955
2026-03-31 23:30,9541.024
2026-03-31 23:45,9541.024
2026-04-01 00:00,9541.076
2026-04-01 00:15,9541.076
2026-04-01 00:30,9541.076
2026-04-01 00:45,9541.134
2026-04-01 01:00,9541.134
2026-04-01 01:15,9541.134
2026-04-01 01:30,9541.134
2026-04-01 01:45,9541.134
2026-04-01 02:00,9541.190
2026-04-01 02:15,9541.190
2026-04-01 02:30,9541.190
2026-04-01 02:45,9541.190
2026-04-01 03:00,9541.190
2026-04-01 03:15,9541.190
2026-04-01 03:30,9541.190
2026-04-01 03:45,9541.190
2026-04-01 04:00,9541.190
2026-04-01 04:15,9541.190
2026-04-01 04:30,9541.285
2026-04-01 04:45,9541.285
2026-04-01 05:00,9541.285
2026-04-01 05:15,9541.285
2026-04-01 05:30,9541.349
2026-04-01 05:45,9541.349
2026-04-01 06:00,9541.408
2026-04-01 06:15,9541.408
2026-04-01 06:30,9541.408
2026-04-01 06:45,9541.408
2026-04-01 07:00,9541.490
2026-04-01 07:15,9541.490
2026-04-01 07:30,9541.533
2026-04-01 07:45,9541.828
2026-04-01 08:00,9541.828
2026-04-01 08:15,9541.898
2026-04-01 08:30,9541.898
2026-04-01 08:45,9541.965
2026-04-01 09:00,9542.051
2026-04-01 09:15,9542.115
2026-04-01 09:30,9542.195
2026-04-01 09:45,9542.233
2026-04-01 10:00,9542.275
2026-04-01 10:15,9542.275
2026-04-01 10:30,9542.275
2026-04-01 10:45,9542.275
2026-04-01 11:00,9542.319
2026-04-01 11:15,9542.319
2026-04-01 11:30,9542.319
2026-04-01 11:45,9542.349
2026-04-01 12:00,9542.349
2026-04-01 12:15,9542.349
2026-04-01 12:30,9542.349
2026-04-01 12:45,9542.349
2026-04-01 13:00,9542.387
2026-04-01 13:15,9542.387
2026-04-01 13:30,9542.387
2026-04-01 13:45,9542.387
2026-04-01 14:00,9542.387
2026-04-01 14:15,9542.387
2026-04-01 14:30,9542.429
2026-04-01 14:45,9542.429
2026-04-01 15:00,9542.429
2026-04-01 15:15,9542.429
2026-04-01 15:30,9542.429
2026-04-01 15:45,9542.429
2026-04-01 16:00,9542.429
2026-04-01 16:15,9542.429
2026-04-01 16:30,9542.429
2026-04-01 16:45,9542.460
2026-04-01 17:00,9542.460
2026-04-01 17:15,9542.609
2026-04-01 17:30,9542.609
2026-04-01 17:45,9542.609
2026-04-01 18:00,9542.609
2026-04-01 18:15,9542.609
2026-04-01 18:30,9542.609
2026-04-01 18:45,9542.609
2026-04-01 19:00,9542.609
2026-04-01 19:15,9542.609
2026-04-01 19:30,9542.648
2026-04-01 19:45,9542.648
2026-04-01 20:00,9542.648
2026-04-01 20:15,9542.666
2026-04-01 20:30,9542.674
2026-04-01 20:45,9542.674
2026-04-01 21:00,9542.674
2026-04-01 21:15,9542.674
2026-04-01 21:30,9542.674
2026-04-01 21:45,9542.674
2026-04-01 22:00,9542.674
2026-04-01 22:15,9542.712
2026-04-01 22:30,9542.712
2026-04-01 22:45,9542.712
2026-04-01 23:00,9542.712
2026-04-01 23:15,9542.712
2026-04-01 23:30,9542.736
2026-04-01 23:45,9542.736
2026-04-02 00:00,9542.736
2026-04-02 00:15,9542.736
2026-04-02 00:30,9542.736
2026-04-02 00:45,9542.736
2026-04-02 01:00,9542.736
2026-04-02 01:15,9542.786
2026-04-02 01:30,9542.786
2026-04-02 01:45,9542.786
2026-04-02 02:00,9542.786
2026-04-02 02:15,9542.786
2026-04-02 02:30,9542.786
2026-04-02 02:45,9542.786
2026-04-02 03:00,9542.786
2026-04-02 03:15,9542.836
2026-04-02 03:30,9542.836
2026-04-02 03:45,9542.874
2026-04-02 04:00,9542.874
2026-04-02 04:15,9542.874
2026-04-02 04:30,9542.874
2026-04-02 04:45,9542.900
2026-04-02 05:00,9542.900
2026-04-02 05:15,9542.965
2026-04-02 05:30,9542.965
2026-04-02 05:45,9542.965
2026-04-02 06:00,9542.965
2026-04-02 06:15,9542.965
2026-04-02 06:30,9543.009
2026-04-02 06:45,9543.009
2026-04-02 07:00,9543.009
2026-04-02 07:15,9543.009
2026-04-02 07:30,9543.034
2026-04-02 07:45,9543.034
2026-04-02 08:00,9543.034
2026-04-02 08:15,9543.034
2026-04-02 08:30,9543.034
2026-04-02 08:45,9543.034
2026-04-02 09:00,9543.034
2026-04-02 09:15,9543.034
2026-04-02 09:30,9543.246
2026-04-02 09:45,9543.330
2026-04-02 10:00,9543.330
2026-04-02 10:15,9543.330
2026-04-02 10:30,9543.330
2026-04-02 10:45,9543.330
2026-04-02 11:00,9543.330
2026-04-02 11:15,9543.330
2026-04-02 11:30,9543.330
2026-04-02 11:45,9543.368
2026-04-02 12:00,9543.391
2026-04-02 12:15,9543.391
2026-04-02 12:30,9543.391
2026-04-02 12:45,9543.391
2026-04-02 13:00,9543.391
2026-04-02 13:15,9543.391
2026-04-02 13:30,9543.391
2026-04-02 13:45,9543.391
2026-04-02 14:00,9543.425
2026-04-02 14:15,9543.425
2026-04-02 14:30,9543.425
2026-04-02 14:45,9543.470
2026-04-02 15:00,9543.485
2026-04-02 15:15,9543.485
2026-04-02 15:30,9543.524
2026-04-02 15:45,9543.524
2026-04-02 16:00,9543.524
2026-04-02 16:15,9543.524
2026-04-02 16:30,9543.524
2026-04-02 16:45,9543.575
2026-04-02 17:00,9543.575
2026-04-02 17:15,9543.575
2026-04-02 17:30,9543.628
2026-04-02 17:45,9543.662
2026-04-02 18:00,9543.662
2026-04-02 18:15,9543.662
2026-04-02 18:30,9543.662
2026-04-02 18:45,9543.708
2026-04-02 19:00,9543.708
2026-04-02 19:15,9543.708
2026-04-02 19:30,9543.708
2026-04-02 19:45,9543.758
2026-04-02 20:00,9543.796
2026-04-02 20:15,9543.811
2026-04-02 20:30,9543.811
2026-04-02 20:45,9543.811
2026-04-02 21:00,9543.811
2026-04-02 21:15,9543.811
2026-04-02 21:30,9543.811
2026-04-02 21:45,9543.811
2026-04-02 22:00,9543.811
2026-04-02 22:15,9543.811
2026-04-02 22:30,9543.811
2026-04-02 22:45,9543.844
2026-04-02 23:00,9543.844
2026-04-02 23:15,9543.844
2026-04-02 23:30,9543.844
2026-04-02 23:45,9543.879
2026-04-03 00:00,9543.879
2026-04-03 00:15,9543.879
2026-04-03 00:30,9543.879
2026-04-03 00:45,9543.879
2026-04-03 01:00,9543.879
2026-04-03 01:15,9543.879
2026-04-03 01:30,9543.910
2026-04-03 01:45,9543.910
2026-04-03 02:00,9543.910
2026-04-03 02:15,9543.910
2026-04-03 02:30,9543.910
2026-04-03 02:45,9543.910
2026-04-03 03:00,9543.919
2026-04-03 03:15,9544.044
2026-04-03 03:30,9544.044
2026-04-03 03:45,9544.044
2026-04-03 04:00,9544.044
2026-04-03 04:15,9544.044
2026-04-03 04:30,9544.044
2026-04-03 04:45,9544.044
2026-04-03 05:00,9544.044
2026-04-03 05:15,9544.044
2026-04-03 05:30,9544.075
2026-04-03 05:45,9544.119
2026-04-03 06:00,9544.152
2026-04-03 06:15,9544.152
2026-04-03 06:30,9544.152
2026-04-03 06:45,9544.204
2026-04-03 07:00,9544.204
2026-04-03 07:15,9544.204
2026-04-03 07:30,9544.204
2026-04-03 07:45,9544.204
2026-04-03 08:00,9544.204
2026-04-03 08:15,9544.204
2026-04-03 08:30,9544.204
2026-04-03 08:45,9544.402
2026-04-03 09:00,9544.402
2026-04-03 09:15,9544.402
2026-04-03 09:30,9544.402
2026-04-03 09:45,9544.402
2026-04-03 10:00,9544.402
2026-04-03 10:15,9544.402
2026-04-03 10:30,9544.402
2026-04-03 10:45,9544.433
2026-04-03 11:00,9544.433
2026-04-03 11:15,9544.433
2026-04-03 11:30,9544.433
2026-04-03 11:45,9544.433
2026-04-03 12:00,9544.433
2026-04-03 12:15,9544.468
2026-04-03 12:30,9544.480
2026-04-03 12:45,9544.480
2026-04-03 13:00,9544.480
2026-04-03 13:15,9544.480
2026-04-03 13:30,9544.759
2026-04-03 13:45,9544.759
2026-04-03 14:00,9544.781
2026-04-03 14:15,9544.804
2026-04-03 14:30,9544.826
2026-04-03 14:45,9544.835
2026-04-03 15:00,9544.891
2026-04-03 15:15,9544.896
2026-04-03 15:30,9544.903
2026-04-03 15:45,9544.909
2026-04-03 16:00,9544.915
2026-04-03 16:15,9544.921
2026-04-03 16:30,9544.927
2026-04-03 16:45,9544.933
2026-04-03 17:00,9544.939
2026-04-03 17:15,9544.939
2026-04-03 17:30,9544.992
2026-04-03 17:45,9545.045
2026-04-03 18:00,9545.045
2026-04-03 18:15,9545.045
2026-04-03 18:30,9545.090
2026-04-03 18:45,9545.090
2026-04-03 19:00,9545.090
2026-04-03 19:15,9545.090
2026-04-03 19:30,9545.090
2026-04-03 19:45,9545.090
2026-04-03 20:00,9545.149
2026-04-03 20:15,9545.188
2026-04-03 20:30,9545.188
2026-04-03 20:45,9545.188
2026-04-03 21:00,9545.245
2026-04-03 21:15,9545.296
2026-04-03 21:30,9545.296
2026-04-03 21:45,9545.296
2026-04-03 22:00,9545.296
2026-04-03 22:15,9545.296
2026-04-03 22:30,9545.296
2026-04-03 22:45,9545.296
2026-04-03 23:00,9545.296
2026-04-03 23:15,9545.296
2026-04-03 23:30,9545.328
2026-04-03 23:45,9545.328
2026-04-04 00:00,9545.328
2026-04-04 00:15,9545.328
2026-04-04 00:30,9545.328
2026-04-04 00:45,9545.328
2026-04-04 01:00,9545.365
2026-04-04 01:15,9545.365
2026-04-04 01:30,9545.365
2026-04-04 01:45,9545.365
2026-04-04 02:00,9545.365
2026-04-04 02:15,9545.365
2026-04-04 02:30,9545.365
2026-04-04 02:45,9545.394
2026-04-04 03:00,9545.396
2026-04-04 03:15,9545.396
2026-04-04 03:30,9545.396
2026-04-04 03:45,9545.396
2026-04-04 04:00,9545.396
2026-04-04 04:15,9545.396
2026-04-04 04:30,9545.440
2026-04-04 04:45,9545.440
2026-04-04 05:00,9545.440
2026-04-04 05:15,9545.440
2026-04-04 05:30,9545.440
2026-04-04 05:45,9545.440
2026-04-04 06:00,9545.440
2026-04-04 06:15,9545.440
2026-04-04 06:30,9545.440
2026-04-04 06:45,9545.472
2026-04-04 07:00,9545.472
2026-04-04 07:15,9545.472
2026-04-04 07:30,9545.472
2026-04-04 07:45,9545.472
2026-04-04 08:00,9545.507
2026-04-04 08:15,9545.507
2026-04-04 08:30,9545.507
2026-04-04 08:45,9545.507
2026-04-04 09:00,9545.694
2026-04-04 09:15,9545.694
2026-04-04 09:30,9545.694
2026-04-04 09:45,9545.694
2026-04-04 10:00,9545.694
2026-04-04 10:15,9545.694
2026-04-04 10:30,9545.743
2026-04-04 10:45,9545.743
2026-04-04 11:00,9545.781
2026-04-04 11:15,9545.781
2026-04-04 11:30,9545.781
2026-04-04 11:45,9545.781
2026-04-04 12:00,9545.835
2026-04-04 12:15,9545.887
2026-04-04 12:30,9545.887
2026-04-04 12:45,9545.887
2026-04-04 13:00,9545.887
2026-04-04 13:15,9545.887
2026-04-04 13:30,9545.887
2026-04-04 13:45,9545.887
2026-04-04 14:00,9545.887
2026-04-04 14:15,9545.887
2026-04-04 14:30,9545.918
2026-04-04 14:45,9545.918
2026-04-04 15:00,9545.918
2026-04-04 15:15,9545.918
2026-04-04 15:30,9545.918
2026-04-04 15:45,9545.918
2026-04-04 16:00,9546.122
2026-04-04 16:15,9546.122
2026-04-04 16:30,9546.122
2026-04-04 16:45,9546.122
2026-04-04 17:00,9546.122
2026-04-04 17:15,9546.122
2026-04-04 17:30,9546.122
2026-04-04 17:45,9546.139
2026-04-04 18:00,9546.165
2026-04-04 18:15,9546.165
2026-04-04 18:30,9546.165
2026-04-04 18:45,9546.212
2026-04-04 19:00,9546.212
2026-04-04 19:15,9546.212
2026-04-04 19:30,9546.212
2026-04-04 19:45,9546.212
2026-04-04 20:00,9546.212
2026-04-04 20:15,9546.212
2026-04-04 20:30,9546.212
2026-04-04 20:45,9546.212
2026-04-04 21:00,9546.246
2026-04-04 21:15,9546.246
2026-04-04 21:30,9546.246
2026-04-04 21:45,9546.246
2026-04-04 22:00,9546.246
2026-04-04 22:15,9546.246
2026-04-04 22:30,9546.289
2026-04-04 22:45,9546.289
2026-04-04 23:00,9546.289
2026-04-04 23:15,9546.289
2026-04-04 23:30,9546.289
2026-04-04 23:45,9546.289
2026-04-05 00:00,9546.289
2026-04-05 00:15,9546.289
2026-04-05 00:30,9546.289
2026-04-05 00:45,9546.322
2026-04-05 01:00,9546.322
2026-04-05 01:15,9546.322
2026-04-05 01:30,9546.322
2026-04-05 01:45,9546.322
2026-04-05 02:00,9546.342
2026-04-05 02:15,9546.357
2026-04-05 02:30,9546.357
2026-04-05 02:45,9546.357
2026-04-05 03:00,9546.357
2026-04-05 03:15,9546.357
2026-04-05 03:30,9546.357
2026-04-05 03:45,9546.397
2026-04-05 04:00,9546.397
2026-04-05 04:15,9546.397
2026-04-05 04:30,9546.397
2026-04-05 04:45,9546.449
2026-04-05 05:00,9546.449
2026-04-05 05:15,9546.500
2026-04-05 05:30,9546.500
2026-04-05 05:45,9546.500
2026-04-05 06:00,9546.500
2026-04-05 06:15,9546.500
2026-04-05 06:30,9546.500
2026-04-05 06:45,9546.500
2026-04-05 07:00,9546.500
2026-04-05 07:15,9546.500
2026-04-05 07:30,9546.500
2026-04-05 07:45,9546.549
2026-04-05 08:00,9546.549
2026-04-05 08:15,9546.549
2026-04-05 08:30,9546.549
2026-04-05 08:45,9546.549
2026-04-05 09:00,9546.549
2026-04-05 09:15,9546.549
2026-04-05 09:30,9546.745
2026-04-05 09:45,9546.745
2026-04-05 10:00,9546.745
2026-04-05 10:15,9546.745
2026-04-05 10:30,9546.802
2026-04-05 10:45,9546.878
2026-04-05 11:00,9546.892
2026-04-05 11:15,9546.904
2026-04-05 11:30,9546.955
2026-04-05 11:45,9546.955
2026-04-05 12:00,9547.101
2026-04-05 12:15,9547.109
2026-04-05 12:30,9547.109
2026-04-05 12:45,9547.109
2026-04-05 13:00,9547.109
2026-04-05 13:15,9547.109
2026-04-05 13:30,9547.109
2026-04-05 13:45,9547.109
2026-04-05 14:00,9547.109
2026-04-05 14:15,9547.109
2026-04-05 14:30,9547.143
2026-04-05 14:45,9547.143
2026-04-05 15:00,9547.143
2026-04-05 15:15,9547.143
2026-04-05 15:30,9547.174
2026-04-05 15:45,9547.174
2026-04-05 16:00,9547.174
2026-04-05 16:15,9547.174
2026-04-05 16:30,9547.174
2026-04-05 16:45,9547.174
2026-04-05 17:00,9547.213
2026-04-05 17:15,9547.213
2026-04-05 17:30,9547.228
2026-04-05 17:45,9547.324
2026-04-05 18:00,9547.387
2026-04-05 18:15,9547.387
2026-04-05 18:30,9547.387
2026-04-05 18:45,9547.387
2026-04-05 19:00,9547.387
2026-04-05 19:15,9547.387
2026-04-05 19:30,9547.416
2026-04-05 19:45,9547.416
2026-04-05 20:00,9547.416
2026-04-05 20:15,9547.476
2026-04-05 20:30,9547.476
2026-04-05 20:45,9547.476
2026-04-05 21:00,9547.534
2026-04-05 21:15,9547.940
2026-04-05 21:30,9548.072
2026-04-05 21:45,9548.072
2026-04-05 22:00,9548.072
2026-04-05 22:15,9548.072
2026-04-05 22:30,9548.072
2026-04-05 22:45,9548.072
2026-04-05 23:00,9548.072
2026-04-05 23:15,9548.072
2026-04-05 23:30,9548.124
2026-04-05 23:45,9548.124
2026-04-06 00:00,9548.124
2026-04-06 00:15,9548.124
2026-04-06 00:30,9548.179
2026-04-06 00:45,9548.179
2026-04-06 01:00,9548.179
2026-04-06 01:15,9548.239
2026-04-06 01:30,9548.239
2026-04-06 01:45,9548.279
2026-04-06 02:00,9548.327
2026-04-06 02:15,9548.327
2026-04-06 02:30,9548.327
2026-04-06 02:45,9548.371
2026-04-06 03:00,9548.418
2026-04-06 03:15,9548.418
2026-04-06 03:30,9548.418
2026-04-06 03:45,9548.418
2026-04-06 04:00,9548.471
2026-04-06 04:15,9548.471
2026-04-06 04:30,9548.502
2026-04-06 04:45,9548.509
2026-04-06 05:00,9548.552
2026-04-06 05:15,9548.552
2026-04-06 05:30,9548.552
2026-04-06 05:45,9548.552
2026-04-06 06:00,9548.603
2026-04-06 06:15,9548.603
2026-04-06 06:30,9548.640
2026-04-06 06:45,9548.642
2026-04-06 07:00,9548.642
2026-04-06 07:15,9548.642
2026-04-06 07:30,9548.642
2026-04-06 07:45,9548.642
2026-04-06 08:00,9548.642
2026-04-06 08:15,9548.642
2026-04-06 08:30,9548.642
2026-04-06 08:45,9548.695
2026-04-06 09:00,9548.695
2026-04-06 09:15,9548.695
2026-04-06 09:30,9548.864
2026-04-06 09:45,9548.864
2026-04-06 10:00,9548.864
2026-04-06 10:15,9548.864
2026-04-06 10:30,9548.887
2026-04-06 10:45,9548.887
2026-04-06 11:00,9548.887
2026-04-06 11:15,9548.947
2026-04-06 11:30,9548.947
2026-04-06 11:45,9548.947
2026-04-06 12:00,9548.947
2026-04-06 12:15,9548.947
2026-04-06 12:30,9548.947
2026-04-06 12:45,9548.947
2026-04-06 13:00,9548.947
2026-04-06 13:15,9548.947
2026-04-06 13:30,9548.947
2026-04-06 13:45,9548.947
2026-04-06 14:00,9548.995
2026-04-06 14:15,9548.995
2026-04-06 14:30,9548.995
2026-04-06 14:45,9548.995
2026-04-06 15:00,9548.995
2026-04-06 15:15,9548.995
2026-04-06 15:30,9548.995
2026-04-06 15:45,9548.995
2026-04-06 16:00,9548.995
2026-04-06 16:15,9549.027
2026-04-06 16:30,9549.027
2026-04-06 16:45,9549.027
2026-04-06 17:00,9549.027
2026-04-06 17:15,9549.027
2026-04-06 17:30,9549.027
2026-04-06 17:45,9549.064
2026-04-06 18:00,9549.064
2026-04-06 18:15,9549.064
2026-04-06 18:30,9549.064
2026-04-06 18:45,9549.064
2026-04-06 19:00,9549.064
2026-04-06 19:15,9549.064
2026-04-06 19:30,9549.102
2026-04-06 19:45,9549.102
2026-04-06 20:00,9549.102
2026-04-06 20:15,9549.102
2026-04-06 20:30,9549.102
2026-04-06 20:45,9549.102
2026-04-06 21:00,9549.142
2026-04-06 21:15,9549.142
2026-04-06 21:30,9549.142
2026-04-06 21:45,9549.142
2026-04-06 22:00,9549.142
2026-04-06 22:15,9549.142
2026-04-06 22:30,9549.142
2026-04-06 22:45,9549.142
2026-04-06 23:00,9549.142
2026-04-06 23:15,9549.173
2026-04-06 23:30,9549.173
2026-04-06 23:45,9549.173
2026-04-07 00:00,9549.173
2026-04-07 00:15,9549.173
2026-04-07 00:30,9549.209
2026-04-07 00:45,9549.209
2026-04-07 01:00,9549.209
2026-04-07 01:15,9549.209
2026-04-07 01:30,9549.209
2026-04-07 01:45,9549.240
2026-04-07 02:00,9549.281
2026-04-07 02:15,9549.281
2026-04-07 02:30,9549.319
2026-04-07 02:45,9549.319
2026-04-07 03:00,9549.319
2026-04-07 03:15,9549.319
2026-04-07 03:30,9549.319
2026-04-07 03:45,9549.319
2026-04-07 04:00,9549.361
2026-04-07 04:15,9549.361
2026-04-07 04:30,9549.428
2026-04-07 04:45,9549.428
2026-04-07 05:00,9549.428
2026-04-07 05:15,9549.428
2026-04-07 05:30,9549.428
2026-04-07 05:45,9549.428
2026-04-07 06:00,9549.428
2026-04-07 06:15,9549.465
2026-04-07 06:30,9549.541
2026-04-07 06:45,9549.541
2026-04-07 07:00,9549.541
2026-04-07 07:15,9549.574
2026-04-07 07:30,9549.620
2026-04-07 07:45,9549.633
2026-04-07 08:00,9549.633
2026-04-07 08:15,9549.710
2026-04-07 08:30,9549.710
2026-04-07 08:45,9549.763
2026-04-07 09:00,9549.763
2026-04-07 09:15,9550.048
2026-04-07 09:30,9550.048
2026-04-07 09:45,9550.048
2026-04-07 10:00,9550.048
2026-04-07 10:15,9550.048
2026-04-07 10:30,9550.048
2026-04-07 10:45,9550.048
2026-04-07 11:00,9550.104
2026-04-07 11:15,9550.111
2026-04-07 11:30,9550.111
2026-04-07 11:45,9550.111
2026-04-07 12:00,9550.111
2026-04-07 12:15,9550.111
2026-04-07 12:30,9550.111
2026-04-07 12:45,9550.133
2026-04-07 13:00,9550.153
2026-04-07 13:15,9550.153
2026-04-07 13:30,9550.153
2026-04-07 13:45,9550.153
2026-04-07 14:00,9550.153
2026-04-07 14:15,9550.153
2026-04-07 14:30,9550.153
2026-04-07 14:45,9550.153
2026-04-07 15:00,9550.153
2026-04-07 15:15,9550.185
2026-04-07 15:30,9550.185
2026-04-07 15:45,9550.185
2026-04-07 16:00,9550.185
2026-04-07 16:15,9550.185
2026-04-07 16:30,9550.185
2026-04-07 16:45,9550.222
2026-04-07 17:00,9550.222
2026-04-07 17:15,9550.222
2026-04-07 17:30,9550.222
2026-04-07 17:45,9550.222
2026-04-07 18:00,9550.222
2026-04-07 18:15,9550.222
2026-04-07 18:30,9550.222
2026-04-07 18:45,9550.260
2026-04-07 19:00,9550.260
2026-04-07 19:15,9550.260
2026-04-07 19:30,9550.260
2026-04-07 19:45,9550.260
2026-04-07 20:00,9550.294
2026-04-07 20:15,9550.294
2026-04-07 20:30,9550.294
2026-04-07 20:45,9550.294
2026-04-07 21:00,9550.294
2026-04-07 21:15,9550.294
2026-04-07 21:30,9550.294
2026-04-07 21:45,9550.294
2026-04-07 22:00,9550.324
2026-04-07 22:15,9550.324
2026-04-07 22:30,9550.375
2026-04-07 22:45,9550.375
2026-04-07 23:00,9550.375
2026-04-07 23:15,9550.375
2026-04-07 23:30,9550.375
2026-04-07 23:45,9550.375
2026-04-08 00:00,9550.375
2026-04-08 00:15,9550.375
2026-04-08 00:30,9550.375
2026-04-08 00:45,9550.375
2026-04-08 01:00,9550.375
2026-04-08 01:15,9550.375
2026-04-08 01:30,9550.375
2026-04-08 01:45,9550.375
2026-04-08 02:00,9550.375
2026-04-08 02:15,9550.375
2026-04-08 02:30,9550.375
2026-04-08 02:45,9550.375
2026-04-08 03:00,9550.375
2026-04-08 03:15,9550.375
2026-04-08 03:30,9550.375
2026-04-08 03:45,9550.375
2026-04-08 04:00,9550.375
2026-04-08 04:15,9550.375
2026-04-08 04:30,9550.437
2026-04-08 04:45,9550.437
2026-04-08 05:00,9550.437
2026-04-08 05:15,9550.437
2026-04-08 05:30,9550.437
2026-04-08 05:45,9550.437
2026-04-08 06:00,9550.437
2026-04-08 06:15,9550.437
2026-04-08 06:30,9550.437
2026-04-08 06:45,9550.437
2026-04-08 07:00,9550.437
2026-04-08 07:15,9550.505
2026-04-08 07:30,9550.536
2026-04-08 07:45,9550.557
2026-04-08 08:00,9550.557
2026-04-08 08:15,9550.557
2026-04-08 08:30,9550.557
2026-04-08 08:45,9550.557
2026-04-08 09:00,9550.557
2026-04-08 09:15,9550.779
2026-04-08 09:30,9550.779
2026-04-08 09:45,9550.779
2026-04-08 10:00,9550.791
2026-04-08 10:15,9550.791
2026-04-08 10:30,9550.827
2026-04-08 10:45,9550.841
2026-04-08 11:00,9550.841
2026-04-08 11:15,9550.841
2026-04-08 11:30,9550.841
2026-04-08 11:45,9550.841
2026-04-08 12:00,9550.841
2026-04-08 12:15,9550.841
2026-04-08 12:30,9550.841
2026-04-08 12:45,9550.841
2026-04-08 13:00,9550.872
2026-04-08 13:15,9550.872
2026-04-08 13:30,9550.872
2026-04-08 13:45,9550.872
2026-04-08 14:00,9550.872
2026-04-08 14:15,9550.893
2026-04-08 14:30,9550.913
2026-04-08 14:45,9550.913
2026-04-08 15:00,9550.913
2026-04-08 15:15,9550.913
2026-04-08 15:30,9550.913
2026-04-08 15:45,9550.913
2026-04-08 16:00,9550.913
2026-04-08 16:15,9550.913
2026-04-08 16:30,9550.913
2026-04-08 16:45,9550.945
2026-04-08 17:00,9550.945
2026-04-08 17:15,9550.945
2026-04-08 17:30,9550.945
2026-04-08 17:45,9550.945
2026-04-08 18:00,9550.980
2026-04-08 18:15,9550.980
2026-04-08 18:30,9550.980
2026-04-08 18:45,9550.980
2026-04-08 19:00,9550.980
2026-04-08 19:15,9550.980
2026-04-08 19:30,9550.980
2026-04-08 19:45,9551.082
2026-04-08 20:00,9551.295
2026-04-08 20:15,9551.295
2026-04-08 20:30,9551.295
2026-04-08 20:45,9551.343
2026-04-08 21:00,9551.343
2026-04-08 21:15,9551.343
2026-04-08 21:30,9551.343
2026-04-08 21:45,9551.343
2026-04-08 22:00,9551.343
2026-04-08 22:15,9551.343
2026-04-08 22:30,9551.343
2026-04-08 22:45,9551.343
2026-04-08 23:00,9551.343
2026-04-08 23:15,9551.343
2026-04-08 23:30,9551.396
2026-04-08 23:45,9551.396
2026-04-09 00:00,9551.396
2026-04-09 00:15,9551.396
2026-04-09 00:30,9551.396
2026-04-09 00:45,9551.396
2026-04-09 01:00,9551.396
2026-04-09 01:15,9551.396
2026-04-09 01:30,9551.396
2026-04-09 01:45,9551.396
2026-04-09 02:00,9551.396
2026-04-09 02:15,9551.396
2026-04-09 02:30,9551.442
2026-04-09 02:45,9551.442
2026-04-09 03:00,9551.442
2026-04-09 03:15,9551.442
2026-04-09 03:30,9551.442
2026-04-09 03:45,9551.442
2026-04-09 04:00,9551.442
2026-04-09 04:15,9551.442
2026-04-09 04:30,9551.442
2026-04-09 04:45,9551.442
2026-04-09 05:00,9551.467
2026-04-09 05:15,9551.474
2026-04-09 05:30,9551.474
2026-04-09 05:45,9551.474
2026-04-09 06:00,9551.474
2026-04-09 06:15,9551.501
2026-04-09 06:30,9551.501
2026-04-09 06:45,9551.501
2026-04-09 07:00,9551.593
2026-04-09 07:15,9551.593
2026-04-09 07:30,9551.593
2026-04-09 07:45,9551.630
2026-04-09 08:00,9551.630
2026-04-09 08:15,9551.630
2026-04-09 08:30,9551.630
2026-04-09 08:45,9551.630
2026-04-09 09:00,9551.646
2026-04-09 09:15,9551.846
2026-04-09 09:30,9551.846
2026-04-09 09:45,9551.846
2026-04-09 10:00,9551.846
2026-04-09 10:15,9551.846
2026-04-09 10:30,9551.918
2026-04-09 10:45,9552.259
2026-04-09 11:00,9552.898
2026-04-09 11:15,9553.146
2026-04-09 11:30,9553.146
2026-04-09 11:45,9553.146
2026-04-09 12:00,9553.146
2026-04-09 12:15,9553.146
2026-04-09 12:30,9553.146
2026-04-09 12:45,9553.146
2026-04-09 13:00,9553.146
2026-04-09 13:15,9553.146
2026-04-09 13:30,9553.177
2026-04-09 13:45,9553.177
2026-04-09 14:00,9553.177
2026-04-09 14:15,9553.177
2026-04-09 14:30,9553.177
2026-04-09 14:45,9553.177
2026-04-09 15:00,9553.210
2026-04-09 15:15,9553.210
2026-04-09 15:30,9553.210
2026-04-09 15:45,9553.210
2026-04-09 16:00,9553.210
2026-04-09 16:15,9553.210
2026-04-09 16:30,9553.210
2026-04-09 16:45,9553.210
2026-04-09 17:00,9553.241
2026-04-09 17:15,9553.241
2026-04-09 17:30,9553.241
2026-04-09 17:45,9553.241
2026-04-09 18:00,9553.241
2026-04-09 18:15,9553.241
2026-04-09 18:30,9553.241
2026-04-09 18:45,9553.257
2026-04-09 19:00,9553.283
2026-04-09 19:15,9553.283
2026-04-09 19:30,9553.283
2026-04-09 19:45,9553.283
2026-04-09 20:00,9553.283
2026-04-09 20:15,9553.283
2026-04-09 20:30,9553.283
2026-04-09 20:45,9553.283
2026-04-09 21:00,9553.283
2026-04-09 21:15,9553.314
2026-04-09 21:30,9553.314
2026-04-09 21:45,9553.314
2026-04-09 22:00,9553.314
2026-04-09 22:15,9553.314
2026-04-09 22:30,9553.314
2026-04-09 22:45,9553.354
2026-04-09 23:00,9553.354
2026-04-09 23:15,9553.354
2026-04-09 23:30,9553.354
2026-04-09 23:45,9553.354
2026-04-10 00:00,9553.354
2026-04-10 00:15,9553.354
2026-04-10 00:30,9553.354
2026-04-10 00:45,9553.354
2026-04-10 01:00,9553.385
2026-04-10 01:15,9553.385
2026-04-10 01:30,9553.385
2026-04-10 01:45,9553.385
2026-04-10 02:00,9553.385
2026-04-10 02:15,9553.420
2026-04-10 02:30,9553.427
2026-04-10 02:45,9553.427
2026-04-10 03:00,9553.427
2026-04-10 03:15,9553.427
2026-04-10 03:30,9553.427
2026-04-10 03:45,9553.427
2026-04-10 04:00,9553.427
2026-04-10 04:15,9553.427
2026-04-10 04:30,9553.427
2026-04-10 04:45,9553.459
2026-04-10 05:00,9553.459
2026-04-10 05:15,9553.459
2026-04-10 05:30,9553.459
2026-04-10 05:45,9553.459
2026-04-10 06:00,9553.494
2026-04-10 06:15,9553.494
2026-04-10 06:30,9553.494
2026-04-10 06:45,9553.494
2026-04-10 07:00,9553.494
2026-04-10 07:15,9553.574
2026-04-10 07:30,9553.612
2026-04-10 07:45,9553.612
2026-04-10 08:00,9553.612
2026-04-10 08:15,9553.612
2026-04-10 08:30,9553.808
2026-04-10 08:45,9553.808
2026-04-10 09:00,9553.808
2026-04-10 09:15,9553.808
2026-04-10 09:30,9553.808
2026-04-10 09:45,9553.808
2026-04-10 10:00,9553.808
2026-04-10 10:15,9553.842
2026-04-10 10:30,9553.842
2026-04-10 10:45,9553.842
2026-04-10 11:00,9553.842
2026-04-10 11:15,9553.894
2026-04-10 11:30,9553.922
2026-04-10 11:45,9553.922
2026-04-10 12:00,9553.922
2026-04-10 12:15,9553.922
2026-04-10 12:30,9553.922
2026-04-10 12:45,9553.922
2026-04-10 13:00,9553.922
2026-04-10 13:15,9553.954
2026-04-10 13:30,9553.960
2026-04-10 13:45,9554.000
2026-04-10 14:00,9554.000
2026-04-10 14:15,9554.000
2026-04-10 14:30,9554.000
2026-04-10 14:45,9554.051
2026-04-10 15:00,9554.051
2026-04-10 15:15,9554.051
2026-04-10 15:30,9554.051
2026-04-10 15:45,9554.051
2026-04-10 16:00,9554.051
2026-04-10 16:15,9554.051
2026-04-10 16:30,9554.051
2026-04-10 16:45,9554.051
2026-04-10 17:00,9554.051
2026-04-10 17:15,9554.051
2026-04-10 17:30,9554.085
2026-04-10 17:45,9554.085
2026-04-10 18:00,9554.085
2026-04-10 18:15,9554.085
2026-04-10 18:30,9554.119
2026-04-10 18:45,9554.119
2026-04-10 19:00,9554.119
2026-04-10 19:15,9554.119
2026-04-10 19:30,9554.119
2026-04-10 19:45,9554.119
2026-04-10 20:00,9554.119
2026-04-10 20:15,9554.149
2026-04-10 20:30,9554.149
2026-04-10 20:45,9554.149
2026-04-10 21:00,9554.149
2026-04-10 21:15,9554.149
2026-04-10 21:30,9554.149
2026-04-10 21:45,9554.178
2026-04-10 22:00,9554.189
2026-04-10 22:15,9554.480
2026-04-10 22:30,9555.071
2026-04-10 22:45,9555.071
2026-04-10 23:00,9555.071
2026-04-10 23:15,9555.071
2026-04-10 23:30,9555.071
2026-04-10 23:45,9555.071
2026-04-11 00:00,9555.071
2026-04-11 00:15,9555.071
2026-04-11 00:30,9555.071
2026-04-11 00:45,9555.071
2026-04-11 01:00,9555.071
2026-04-11 01:15,9555.109
2026-04-11 01:30,9555.109
2026-04-11 01:45,9555.109
2026-04-11 02:00,9555.109
2026-04-11 02:15,9555.134
2026-04-11 02:30,9555.134
2026-04-11 02:45,9555.134
2026-04-11 03:00,9555.134
2026-04-11 03:15,9555.134
2026-04-11 03:30,9555.134
2026-04-11 03:45,9555.134
2026-04-11 04:00,9555.171
2026-04-11 04:15,9555.171
2026-04-11 04:30,9555.171
2026-04-11 04:45,9555.171
2026-04-11 05:00,9555.171
2026-04-11 05:15,9555.171
2026-04-11 05:30,9555.197
2026-04-11 05:45,9555.197
2026-04-11 06:00,9555.197
2026-04-11 06:15,9555.239
2026-04-11 06:30,9555.239
2026-04-11 06:45,9555.239
2026-04-11 07:00,9555.290
2026-04-11 07:15,9555.335
2026-04-11 07:30,9555.455
2026-04-11 07:45,9555.508
2026-04-11 08:00,9555.508
2026-04-11 08:15,9555.508
2026-04-11 08:30,9555.508
2026-04-11 08:45,9555.508
2026-04-11 09:00,9555.508
2026-04-11 09:15,9555.508
2026-04-11 09:30,9555.508
2026-04-11 09:45,9555.508
2026-04-11 10:00,9555.545
2026-04-11 10:15,9555.569
2026-04-11 10:30,9555.569
2026-04-11 10:45,9555.625
2026-04-11 11:00,9555.625
2026-04-11 11:15,9555.625
2026-04-11 11:30,9555.625
2026-04-11 11:45,9555.625
2026-04-11 12:00,9555.625
2026-04-11 12:15,9555.625
2026-04-11 12:30,9555.625
2026-04-11 12:45,9555.625
2026-04-11 13:00,9555.625
2026-04-11 13:15,9555.685
2026-04-11 13:30,9555.685
2026-04-11 13:45,9555.685
2026-04-11 14:00,9555.685
2026-04-11 14:15,9555.685
2026-04-11 14:30,9555.685
2026-04-11 14:45,9555.685
2026-04-11 15:00,9555.685
2026-04-11 15:15,9555.685
2026-04-11 15:30,9555.685
2026-04-11 15:45,9555.685
2026-04-11 16:00,9555.685
2026-04-11 16:15,9555.708
2026-04-11 16:30,9555.731
2026-04-11 16:45,9555.731
2026-04-11 17:00,9555.731
2026-04-11 17:15,9555.731
2026-04-11 17:30,9555.731
2026-04-11 17:45,9555.731
2026-04-11 18:00,9555.731
2026-04-11 18:15,9555.731
2026-04-11 18:30,9555.731
2026-04-11 18:45,9555.763
2026-04-11 19:00,9555.763
2026-04-11 19:15,9555.763
2026-04-11 19:30,9555.763
2026-04-11 19:45,9555.763
2026-04-11 20:00,9555.763
2026-04-11 20:15,9555.778
2026-04-11 20:30,9555.806
2026-04-11 20:45,9555.806
2026-04-11 21:00,9555.806
2026-04-11 21:15,9555.806
2026-04-11 21:30,9555.806
2026-04-11 21:45,9555.806
2026-04-11 22:00,9555.806
2026-04-11 22:15,9555.806
2026-04-11 22:30,9555.844
2026-04-11 22:45,9555.844
2026-04-11 23:00,9555.844
2026-04-11 23:15,9555.844
2026-04-11 23:30,9555.844
2026-04-11 23:45,9555.879
2026-04-12 00:00,9555.879
2026-04-12 00:15,9555.879
2026-04-12 00:30,9555.879
2026-04-12 00:45,9555.879
2026-04-12 01:00,9555.879
2026-04-12 01:15,9555.879
2026-04-12 01:30,9555.910
2026-04-12 01:45,9555.910
2026-04-12 02:00,9555.910
2026-04-12 02:15,9555.910
2026-04-12 02:30,9555.910
2026-04-12 02:45,9555.910
2026-04-12 03:00,9555.910
2026-04-12 03:15,9555.946
2026-04-12 03:30,9555.946
2026-04-12 03:45,9555.946
2026-04-12 04:00,9555.946
2026-04-12 04:15,9555.946
2026-04-12 04:30,9555.946
2026-04-12 04:45,9556.017
2026-04-12 05:00,9556.055
2026-04-12 05:15,9556.055
2026-04-12 05:30,9556.055
2026-04-12 05:45,9556.104
2026-04-12 06:00,9556.104
2026-04-12 06:15,9556.104
2026-04-12 06:30,9556.156
2026-04-12 06:45,9556.200
2026-04-12 07:00,9556.200
2026-04-12 07:15,9556.200
2026-04-12 07:30,9556.200
2026-04-12 07:45,9556.200
2026-04-12 08:00,9556.288
2026-04-12 08:15,9556.288
2026-04-12 08:30,9556.288
2026-04-12 08:45,9556.288
2026-04-12 09:00,9556.288
2026-04-12 09:15,9556.493
2026-04-12 09:30,9556.493
2026-04-12 09:45,9556.493
2026-04-12 10:00,9556.493
2026-04-12 10:15,9556.493
2026-04-12 10:30,9556.493
2026-04-12 10:45,9556.524
2026-04-12 11:00,9556.524
2026-04-12 11:15,9556.583
2026-04-12 11:30,9556.583
2026-04-12 11:45,9556.583
2026-04-12 12:00,9556.583
2026-04-12 12:15,9556.583
2026-04-12 12:30,9556.583
2026-04-12 12:45,9556.583
2026-04-12 13:00,9556.583
2026-04-12 13:15,9556.583
2026-04-12 13:30,9556.583
2026-04-12 13:45,9556.583
2026-04-12 14:00,9556.583
2026-04-12 14:15,9556.632
2026-04-12 14:30,9556.632
2026-04-12 14:45,9556.632
2026-04-12 15:00,9556.632
2026-04-12 15:15,9556.632
2026-04-12 15:30,9556.632
2026-04-12 15:45,9556.632
2026-04-12 16:00,9556.632
2026-04-12 16:15,9556.632
2026-04-12 16:30,9556.632
2026-04-12 16:45,9556.661
2026-04-12 17:00,9556.665
2026-04-12 17:15,9556.665
2026-04-12 17:30,9556.665
2026-04-12 17:45,9556.665
2026-04-12 18:00,9556.694
2026-04-12 18:15,9556.694
2026-04-12 18:30,9556.694
2026-04-12 18:45,9556.694
2026-04-12 19:00,9556.694
2026-04-12 19:15,9556.733
2026-04-12 19:30,9556.734
2026-04-12 19:45,9556.734
2026-04-12 20:00,9556.734
2026-04-12 20:15,9556.734
2026-04-12 20:30,9556.762
2026-04-12 20:45,9556.762
2026-04-12 21:00,9556.762
2026-04-12 21:15,9556.762
2026-04-12 21:30,9556.762
2026-04-12 21:45,9556.762
2026-04-12 22:00,9556.814
2026-04-12 22:15,9556.814
2026-04-12 22:30,9556.814
2026-04-12 22:45,9556.814
2026-04-12 23:00,9556.814
2026-04-12 23:15,9556.814
2026-04-12 23:30,9556.814
2026-04-12 23:45,9556.814
2026-04-13 00:00,9556.838
2026-04-13 00:15,9556.838
2026-04-13 00:30,9556.838
2026-04-13 00:45,9556.838
2026-04-13 01:00,9556.838
2026-04-13 01:15,9556.838
2026-04-13 01:30,9556.882
2026-04-13 01:45,9556.882
2026-04-13 02:00,9556.882
2026-04-13 02:15,9556.882
2026-04-13 02:30,9556.882
2026-04-13 02:45,9556.882
2026-04-13 03:00,9556.882
2026-04-13 03:15,9556.882
2026-04-13 03:30,9556.882
2026-04-13 03:45,9556.882
2026-04-13 04:00,9556.908
2026-04-13 04:15,9556.920
2026-04-13 04:30,9556.920
2026-04-13 04:45,9556.920
2026-04-13 05:00,9556.920
2026-04-13 05:15,9556.945
2026-04-13 05:30,9556.945
2026-04-13 05:45,9556.945
2026-04-13 06:00,9556.945
2026-04-13 06:15,9556.945
2026-04-13 06:30,9556.945
2026-04-13 06:45,9556.952
2026-04-13 07:00,9556.982
2026-04-13 07:15,9557.032
2026-04-13 07:30,9557.032
2026-04-13 07:45,9557.032
2026-04-13 08:00,9557.032
2026-04-13 08:15,9557.068
2026-04-13 08:30,9557.068
2026-04-13 08:45,9557.068
2026-04-13 09:00,9557.265
2026-04-13 09:15,9557.265
2026-04-13 09:30,9557.265
2026-04-13 09:45,9557.265
2026-04-13 10:00,9557.265
2026-04-13 10:15,9557.265
2026-04-13 10:30,9557.265
2026-04-13 10:45,9557.265
2026-04-13 11:00,9557.288
2026-04-13 11:15,9557.294
2026-04-13 11:30,9557.294
2026-04-13 11:45,9557.294
2026-04-13 12:00,9557.294
2026-04-13 12:15,9557.294
2026-04-13 12:30,9557.371
2026-04-13 12:45,9557.371
2026-04-13 13:00,9557.371
2026-04-13 13:15,9557.371
2026-04-13 13:30,9557.371
2026-04-13 13:45,9557.371
2026-04-13 14:00,9557.371
2026-04-13 14:15,9557.371
2026-04-13 14:30,9557.371
2026-04-13 14:45,9557.371
2026-04-13 15:00,9557.371
2026-04-13 15:15,9557.403
2026-04-13 15:30,9557.403
2026-04-13 15:45,9557.403
2026-04-13 16:00,9557.403
2026-04-13 16:15,9557.403
2026-04-13 16:30,9557.438
2026-04-13 16:45,9557.438
2026-04-13 17:00,9557.438
2026-04-13 17:15,9557.438
2026-04-13 17:30,9557.438
2026-04-13 17:45,9557.438
2026-04-13 18:00,9557.466
2026-04-13 18:15,9557.466
2026-04-13 18:30,9557.466
2026-04-13 18:45,9557.466
2026-04-13 19:00,9557.466
2026-04-13 19:15,9557.520
2026-04-13 19:30,9557.520
2026-04-13 19:45,9557.571
2026-04-13 20:00,9557.571
2026-04-13 20:15,9557.571
2026-04-13 20:30,9557.571
2026-04-13 20:45,9557.622
2026-04-13 21:00,9557.622
2026-04-13 21:15,9557.622
2026-04-13 21:30,9557.622
2026-04-13 21:45,9557.661
2026-04-13 22:00,9557.661
2026-04-13 22:15,9557.661
2026-04-13 22:30,9557.661
2026-04-13 22:45,9557.661
2026-04-13 23:00,9557.661
2026-04-13 23:15,9557.703
2026-04-13 23:30,9557.703
2026-04-13 23:45,9557.703
2026-04-14 00:00,9557.703
2026-04-14 00:15,9557.703
2026-04-14 00:30,9557.703
2026-04-14 00:45,9557.703
2026-04-14 01:00,9557.703
2026-04-14 01:15,9557.703
2026-04-14 01:30,9557.735
2026-04-14 01:45,9557.735
2026-04-14 02:00,9557.735
2026-04-14 02:15,9557.735
2026-04-14 02:30,9557.735
2026-04-14 02:45,9557.763
2026-04-14 03:00,9557.770
2026-04-14 03:15,9557.770
2026-04-14 03:30,9557.770
2026-04-14 03:45,9557.770
2026-04-14 04:00,9557.770
2026-04-14 04:15,9557.770
2026-04-14 04:30,9557.770
2026-04-14 04:45,9557.801
2026-04-14 05:00,9557.801
2026-04-14 05:15,9557.801
2026-04-14 05:30,9557.801
2026-04-14 05:45,9557.801
2026-04-14 06:00,9557.801
2026-04-14 06:15,9557.845
2026-04-14 06:30,9557.845
2026-04-14 06:45,9557.845
2026-04-14 07:00,9557.845
2026-04-14 07:15,9557.845
2026-04-14 07:30,9557.920
2026-04-14 07:45,9557.920
2026-04-14 08:00,9557.920
2026-04-14 08:15,9557.920
2026-04-14 08:30,9557.920
2026-04-14 08:45,9557.956
2026-04-14 09:00,9557.956
2026-04-14 09:15,9558.139
2026-04-14 09:30,9558.139
2026-04-14 09:45,9558.139
2026-04-14 10:00,9558.170
2026-04-14 10:15,9558.170
2026-04-14 10:30,9558.170
2026-04-14 10:45,9558.170
2026-04-14 11:00,9558.170
2026-04-14 11:15,9558.170
2026-04-14 11:30,9558.538
2026-04-14 11:45,9558.893
2026-04-14 12:00,9558.893
2026-04-14 12:15,9558.893
2026-04-14 12:30,9558.893
2026-04-14 12:45,9558.893
2026-04-14 13:00,9558.893
2026-04-14 13:15,9558.893
2026-04-14 13:30,9558.893
2026-04-14 13:45,9558.925
2026-04-14 14:00,9558.925
2026-04-14 14:15,9558.925
2026-04-14 14:30,9558.925
2026-04-14 14:45,9558.925
2026-04-14 15:00,9558.925
2026-04-14 15:15,9558.966
2026-04-14 15:30,9558.966
2026-04-14 15:45,9558.966
2026-04-14 16:00,9558.966
2026-04-14 16:15,9558.966
2026-04-14 16:30,9558.966
2026-04-14 16:45,9558.966
2026-04-14 17:00,9558.966
2026-04-14 17:15,9558.966
2026-04-14 17:30,9558.998
2026-04-14 17:45,9558.998
2026-04-14 18:00,9558.998
2026-04-14 18:15,9558.998
2026-04-14 18:30,9558.998
2026-04-14 18:45,9558.998
2026-04-14 19:00,9559.033
2026-04-14 19:15,9559.033
2026-04-14 19:30,9559.033
2026-04-14 19:45,9559.033
2026-04-14 20:00,9559.033
2026-04-14 20:15,9559.033
2026-04-14 20:30,9559.062
2026-04-14 20:45,9559.062
2026-04-14 21:00,9559.062
2026-04-14 21:15,9559.062
2026-04-14 21:30,9559.062
2026-04-14 21:45,9559.062
2026-04-14 22:00,9559.062
2026-04-14 22:15,9559.105
2026-04-14 22:30,9559.139
2026-04-14 22:45,9559.139
2026-04-14 23:00,9559.139
2026-04-14 23:15,9559.139
2026-04-14 23:30,9559.139
2026-04-14 23:45,9559.139
2026-04-15 00:00,9559.139
2026-04-15 00:15,9559.139
2026-04-15 00:30,9559.139
2026-04-15 00:45,9559.139
2026-04-15 01:00,9559.139
2026-04-15 01:15,9559.139
2026-04-15 01:30,9559.139
2026-04-15 01:45,9559.139
2026-04-15 02:00,9559.139
2026-04-15 02:15,9559.139
2026-04-15 02:30,9559.139
2026-04-15 02:45,9559.139
2026-04-15 03:00,9559.139
2026-04-15 03:15,9559.139
2026-04-15 03:30,9559.139
2026-04-15 03:45,9559.139
2026-04-15 04:00,9559.139
2026-04-15 04:15,9559.199
2026-04-15 04:30,9559.199
2026-04-15 04:45,9559.199
2026-04-15 05:00,9559.199
2026-04-15 05:15,9559.199
2026-04-15 05:30,9559.199
2026-04-15 05:45,9559.199
2026-04-15 06:00,9559.199
2026-04-15 06:15,9559.199
2026-04-15 06:30,9559.199
2026-04-15 06:45,9559.402
2026-04-15 07:00,9559.402
2026-04-15 07:15,9559.402
2026-04-15 07:30,9559.402
2026-04-15 07:45,9559.402
2026-04-15 08:00,9559.402
2026-04-15 08:15,9559.402
2026-04-15 08:30,9559.402
2026-04-15 08:45,9559.402
2026-04-15 09:00,9559.402
2026-04-15 09:15,9559.427
2026-04-15 09:30,9559.433
2026-04-15 09:45,9559.433
2026-04-15 10:00,9559.433
2026-04-15 10:15,9559.433
2026-04-15 10:30,9559.461
2026-04-15 10:45,9559.461
2026-04-15 11:00,9559.461
2026-04-15 11:15,9559.461
2026-04-15 11:30,9559.461
2026-04-15 11:45,9559.461
2026-04-15 12:00,9559.498
2026-04-15 12:15,9559.498
2026-04-15 12:30,9559.498
2026-04-15 12:45,9559.498
2026-04-15 13:00,9559.498
2026-04-15 13:15,9559.532
2026-04-15 13:30,9559.532
2026-04-15 13:45,9559.532
2026-04-15 14:00,9559.532
2026-04-15 14:15,9559.532
2026-04-15 14:30,9559.532
2026-04-15 14:45,9559.561
2026-04-15 15:00,9559.561
2026-04-15 15:15,9559.561
2026-04-15 15:30,9559.561
2026-04-15 15:45,9559.561
2026-04-15 16:00,9559.561
2026-04-15 16:15,9559.614
2026-04-15 16:30,9559.614
2026-04-15 16:45,9559.614
2026-04-15 17:00,9559.614
2026-04-15 17:15,9559.614
2026-04-15 17:30,9559.614
2026-04-15 17:45,9559.614
2026-04-15 18:00,9559.614
2026-04-15 18:15,9559.614
2026-04-15 18:30,9559.614
2026-04-15 18:45,9559.645
2026-04-15 19:00,9559.645
2026-04-15 19:15,9559.645
2026-04-15 19:30,9559.645
2026-04-15 19:45,9559.645
2026-04-15 20:00,9559.645
2026-04-15 20:15,9559.681
2026-04-15 20:30,9559.681
2026-04-15 20:45,9559.681
2026-04-15 21:00,9559.681
2026-04-15 21:15,9559.681
2026-04-15 21:30,9559.681
2026-04-15 21:45,9559.681
2026-04-15 22:00,9559.711
2026-04-15 22:15,9559.711
2026-04-15 22:30,9559.711
2026-04-15 22:45,9559.711
2026-04-15 23:00,9559.711
2026-04-15 23:15,9559.711
2026-04-15 23:30,9559.711
2026-04-15 23:45,9559.754
2026-04-16 00:00,9559.754
2026-04-16 00:15,9559.754
2026-04-16 00:30,9559.754
2026-04-16 00:45,9559.754
2026-04-16 01:00,9559.754
2026-04-16 01:15,9559.754
2026-04-16 01:30,9559.754
2026-04-16 01:45,9559.754
2026-04-16 02:00,9559.785
2026-04-16 02:15,9559.785
2026-04-16 02:30,9559.785
2026-04-16 02:45,9559.785
2026-04-16 03:00,9559.785
2026-04-16 03:15,9559.785
2026-04-16 03:30,9559.820
2026-04-16 03:45,9559.820
2026-04-16 04:00,9559.820
2026-04-16 04:15,9559.820
2026-04-16 04:30,9559.820
2026-04-16 04:45,9559.820
2026-04-16 05:00,9559.848
2026-04-16 05:15,9559.848
2026-04-16 05:30,9559.848
2026-04-16 05:45,9559.848
2026-04-16 06:00,9559.848
2026-04-16 06:15,9559.848
2026-04-16 06:30,9559.848
2026-04-16 06:45,9559.892
2026-04-16 07:00,9559.892
2026-04-16 07:15,9559.959
2026-04-16 07:30,9559.959
2026-04-16 07:45,9559.959
2026-04-16 08:00,9559.959
2026-04-16 08:15,9560.024
2026-04-16 08:30,9560.024
2026-04-16 08:45,9560.186
2026-04-16 09:00,9560.315
2026-04-16 09:15,9560.315
2026-04-16 09:30,9560.315
2026-04-16 09:45,9560.315
2026-04-16 10:00,9560.315
2026-04-16 10:15,9560.315
2026-04-16 10:30,9560.315
2026-04-16 10:45,9560.315
2026-04-16 11:00,9560.315
2026-04-16 11:15,9560.315
2026-04-16 11:30,9560.385
2026-04-16 11:45,9560.385
2026-04-16 12:00,9560.385
2026-04-16 12:15,9560.385
2026-04-16 12:30,9560.385
2026-04-16 12:45,9560.385
2026-04-16 13:00,9560.385
2026-04-16 13:15,9560.385
2026-04-16 13:30,9560.385
2026-04-16 13:45,9560.385
2026-04-16 14:00,9560.385
2026-04-16 14:15,9560.385
2026-04-16 14:30,9560.385
2026-04-16 14:45,9560.438
2026-04-16 15:00,9560.438
2026-04-16 15:15,9560.438
2026-04-16 15:30,9560.438
2026-04-16 15:45,9560.454
2026-04-16 16:00,9560.454
2026-04-16 16:15,9560.454
2026-04-16 16:30,9560.454
2026-04-16 16:45,9560.454
2026-04-16 17:00,9560.454
2026-04-16 17:15,9560.454
2026-04-16 17:30,9560.518
2026-04-16 17:45,9560.636
2026-04-16 18:00,9560.704
2026-04-16 18:15,9560.704
2026-04-16 18:30,9560.704
2026-04-16 18:45,9560.704
2026-04-16 19:00,9560.704
2026-04-16 19:15,9560.704
2026-04-16 19:30,9560.704
2026-04-16 19:45,9560.736
2026-04-16 20:00,9560.736
2026-04-16 20:15,9560.736
2026-04-16 20:30,9560.736
2026-04-16 20:45,9560.736
2026-04-16 21:00,9560.736
2026-04-16 21:15,9560.736
2026-04-16 21:30,9560.779
2026-04-16 21:45,9560.779
2026-04-16 22:00,9560.779
2026-04-16 22:15,9560.779
2026-04-16 22:30,9560.779
2026-04-16 22:45,9560.779
2026-04-16 23:00,9560.779
2026-04-16 23:15,9560.779
2026-04-16 23:30,9560.779
2026-04-16 23:45,9560.779
2026-04-17 00:00,9560.779
2026-04-17 00:15,9560.827
2026-04-17 00:30,9560.827
2026-04-17 00:45,9560.827
2026-04-17 01:00,9560.827
2026-04-17 01:15,9560.827
2026-04-17 01:30,9560.827
2026-04-17 01:45,9560.827
2026-04-17 02:00,9560.827
2026-04-17 02:15,9560.827
2026-04-17 02:30,9560.827
2026-04-17 02:45,9560.858
2026-04-17 03:00,9560.858
2026-04-17 03:15,9560.858
2026-04-17 03:30,9560.858
2026-04-17 03:45,9560.858
2026-04-17 04:00,9560.886
2026-04-17 04:15,9560.893
2026-04-17 04:30,9560.893
2026-04-17 04:45,9560.893
2026-04-17 05:00,9560.893
2026-04-17 05:15,9560.893
2026-04-17 05:30,9560.893
2026-04-17 05:45,9560.893
2026-04-17 06:00,9560.923
2026-04-17 06:15,9560.923
2026-04-17 06:30,9560.923
2026-04-17 06:45,9560.923
2026-04-17 07:00,9560.923
2026-04-17 07:15,9560.923
2026-04-17 07:30,9560.923
2026-04-17 07:45,9560.967
2026-04-17 08:00,9561.015
2026-04-17 08:15,9561.015
2026-04-17 08:30,9561.015
2026-04-17 08:45,9561.188
2026-04-17 09:00,9561.188
2026-04-17 09:15,9561.188
2026-04-17 09:30,9561.188
2026-04-17 09:45,9561.188
2026-04-17 10:00,9561.188
2026-04-17 10:15,9561.188
2026-04-17 10:30,9561.218
2026-04-17 10:45,9561.218
2026-04-17 11:00,9561.218
2026-04-17 11:15,9561.218
2026-04-17 11:30,9561.218
2026-04-17 11:45,9561.218
2026-04-17 12:00,9561.218
2026-04-17 12:15,9561.261
2026-04-17 12:30,9561.261
2026-04-17 12:45,9561.261
2026-04-17 13:00,9561.261
2026-04-17 13:15,9561.261
2026-04-17 13:30,9561.261
2026-04-17 13:45,9561.261
2026-04-17 14:00,9561.261
2026-04-17 14:15,9561.261
2026-04-17 14:30,9561.314
2026-04-17 14:45,9561.314
2026-04-17 15:00,9561.314
2026-04-17 15:15,9561.314
2026-04-17 15:30,9561.314
2026-04-17 15:45,9561.314
2026-04-17 16:00,9561.314
2026-04-17 16:15,9561.314
2026-04-17 16:30,9561.314
2026-04-17 16:45,9561.314
2026-04-17 17:00,9561.345
2026-04-17 17:15,9561.345
2026-04-17 17:30,9561.345
2026-04-17 17:45,9561.345
2026-04-17 18:00,9561.345
2026-04-17 18:15,9561.345
2026-04-17 18:30,9561.380
2026-04-17 18:45,9561.380
2026-04-17 19:00,9561.380
2026-04-17 19:15,9561.380
2026-04-17 19:30,9561.380
2026-04-17 19:45,9561.380
2026-04-17 20:00,9561.380
2026-04-17 20:15,9561.380
2026-04-17 20:30,9561.411
2026-04-17 20:45,9561.411
2026-04-17 21:00,9561.411
2026-04-17 21:15,9561.411
2026-04-17 21:30,9561.411
2026-04-17 21:45,9561.411
2026-04-17 22:00,9561.411
2026-04-17 22:15,9561.454
2026-04-17 22:30,9561.454
2026-04-17 22:45,9561.454
2026-04-17 23:00,9561.454
2026-04-17 23:15,9561.454
2026-04-17 23:30,9561.454
2026-04-17 23:45,9561.454
2026-04-18 00:00,9561.454
2026-04-18 00:15,9561.454
2026-04-18 00:30,9561.454
2026-04-18 00:45,9561.487
2026-04-18 01:00,9561.487
2026-04-18 01:15,9561.487
2026-04-18 01:30,9561.487
2026-04-18 01:45,9561.487
2026-04-18 02:00,9561.521
2026-04-18 02:15,9561.521
2026-04-18 02:30,9561.521
2026-04-18 02:45,9561.521
2026-04-18 03:00,9561.521
2026-04-18 03:15,9561.521
2026-04-18 03:30,9561.521
2026-04-18 03:45,9561.521
2026-04-18 04:00,9561.551
2026-04-18 04:15,9561.551
2026-04-18 04:30,9561.551
2026-04-18 04:45,9561.551
2026-04-18 05:00,9561.551
2026-04-18 05:15,9561.551
2026-04-18 05:30,9561.551
2026-04-18 05:45,9561.595
2026-04-18 06:00,9561.595
2026-04-18 06:15,9561.595
2026-04-18 06:30,9561.595
2026-04-18 06:45,9561.595
2026-04-18 07:00,9561.595
2026-04-18 07:15,9561.595
2026-04-18 07:30,9561.595
2026-04-18 07:45,9561.595
2026-04-18 08:00,9561.595
2026-04-18 08:15,9561.691
2026-04-18 08:30,9561.691
2026-04-18 08:45,9561.691
2026-04-18 09:00,9561.752
2026-04-18 09:15,9562.024
2026-04-18 09:30,9562.024
2026-04-18 09:45,9562.024
2026-04-18 10:00,9562.024
2026-04-18 10:15,9562.024
2026-04-18 10:30,9562.068
2026-04-18 10:45,9562.077
2026-04-18 11:00,9562.077
2026-04-18 11:15,9562.077
2026-04-18 11:30,9562.139
2026-04-18 11:45,9562.139
2026-04-18 12:00,9562.139
2026-04-18 12:15,9562.139
2026-04-18 12:30,9562.139
2026-04-18 12:45,9562.139
2026-04-18 13:00,9562.139
2026-04-18 13:15,9562.139
2026-04-18 13:30,9562.200
2026-04-18 13:45,9562.200
2026-04-18 14:00,9562.200
2026-04-18 14:15,9562.200
2026-04-18 14:30,9562.200
2026-04-18 14:45,9562.200
2026-04-18 15:00,9562.200
2026-04-18 15:15,9562.200
2026-04-18 15:30,9562.200
2026-04-18 15:45,9562.200
2026-04-18 16:00,9562.200
2026-04-18 16:15,9562.200
2026-04-18 16:30,9562.248
2026-04-18 16:45,9562.248
2026-04-18 17:00,9562.415
2026-04-18 17:15,9562.415
2026-04-18 17:30,9562.415
2026-04-18 17:45,9562.415
2026-04-18 18:00,9562.415
2026-04-18 18:15,9562.415
2026-04-18 18:30,9562.415
2026-04-18 18:45,9562.415
2026-04-18 19:00,9562.458
2026-04-18 19:15,9562.470
2026-04-18 19:30,9562.470
2026-04-18 19:45,9562.470
2026-04-18 20:00,9562.470
2026-04-18 20:15,9562.470
2026-04-18 20:30,9562.470
2026-04-18 20:45,9562.470
2026-04-18 21:00,9562.470
2026-04-18 21:15,9562.470
2026-04-18 21:30,9562.470
2026-04-18 21:45,9562.470
2026-04-18 22:00,9562.517
2026-04-18 22:15,9562.517
2026-04-18 22:30,9562.517
2026-04-18 22:45,9562.517
2026-04-18 23:00,9562.517
2026-04-18 23:15,9562.517
2026-04-18 23:30,9562.517
2026-04-18 23:45,9562.517
2026-04-19 00:00,9562.517
2026-04-19 00:15,9562.517
2026-04-19 00:30,9562.549
2026-04-19 00:45,9562.549
2026-04-19 01:00,9562.549
2026-04-19 01:15,9562.549
2026-04-19 01:30,9562.549
2026-04-19 01:45,9562.584
2026-04-19 02:00,9562.584
2026-04-19 02:15,9562.584
2026-04-19 02:30,9562.584
2026-04-19 02:45,9562.584
2026-04-19 03:00,9562.584
2026-04-19 03:15,9562.614
2026-04-19 03:30,9562.614
2026-04-19 03:45,9562.614
2026-04-19 04:00,9562.614
2026-04-19 04:15,9562.614
2026-04-19 04:30,9562.614
2026-04-19 04:45,9562.614
2026-04-19 05:00,9562.657
2026-04-19 05:15,9562.657
2026-04-19 05:30,9562.657
2026-04-19 05:45,9562.657
2026-04-19 06:00,9562.657
2026-04-19 06:15,9562.657
2026-04-19 06:30,9562.717
2026-04-19 06:45,9562.717
2026-04-19 07:00,9562.751
2026-04-19 07:15,9562.754
2026-04-19 07:30,9562.802
2026-04-19 07:45,9562.807
2026-04-19 08:00,9562.807
2026-04-19 08:15,9562.828
2026-04-19 08:30,9562.859
2026-04-19 08:45,9562.859
2026-04-19 09:00,9562.859
2026-04-19 09:15,9562.859
2026-04-19 09:30,9562.888
2026-04-19 09:45,9562.903
2026-04-19 10:00,9562.903
2026-04-19 10:15,9562.903
2026-04-19 10:30,9562.954
2026-04-19 10:45,9562.954
2026-04-19 11:00,9563.114
2026-04-19 11:15,9563.121
2026-04-19 11:30,9563.192
2026-04-19 11:45,9563.192
2026-04-19 12:00,9563.192
2026-04-19 12:15,9563.444
2026-04-19 12:30,9563.444
2026-04-19 12:45,9563.444
2026-04-19 13:00,9563.444
2026-04-19 13:15,9563.444
2026-04-19 13:30,9563.444
2026-04-19 13:45,9563.444
2026-04-19 14:00,9563.444
2026-04-19 14:15,9563.444
2026-04-19 14:30,9563.475
2026-04-19 14:45,9563.475
2026-04-19 15:00,9563.475
2026-04-19 15:15,9563.475
2026-04-19 15:30,9563.475
2026-04-19 15:45,9563.511
2026-04-19 16:00,9563.511
2026-04-19 16:15,9563.511
2026-04-19 16:30,9563.511
2026-04-19 16:45,9563.511
2026-04-19 17:00,9563.511
2026-04-19 17:15,9563.511
2026-04-19 17:30,9563.550
2026-04-19 17:45,9563.550
2026-04-19 18:00,9563.550
2026-04-19 18:15,9563.550
2026-04-19 18:30,9563.550
2026-04-19 18:45,9563.550
2026-04-19 19:00,9563.654
2026-04-19 19:15,9563.654
2026-04-19 19:30,9563.654
2026-04-19 19:45,9563.705
2026-04-19 20:00,9563.705
2026-04-19 20:15,9563.860
2026-04-19 20:30,9563.999
2026-04-19 20:45,9563.999
2026-04-19 21:00,9564.054
2026-04-19 21:15,9564.054
2026-04-19 21:30,9564.054
2026-04-19 21:45,9564.054
2026-04-19 22:00,9564.054
2026-04-19 22:15,9564.054
2026-04-19 22:30,9564.054
2026-04-19 22:45,9564.054
2026-04-19 23:00,9564.107
2026-04-19 23:15,9564.107
2026-04-19 23:30,9564.107
2026-04-19 23:45,9564.107
2026-04-20 00:00,9564.107
2026-04-20 00:15,9564.107
2026-04-20 00:30,9564.107
2026-04-20 00:45,9564.107
2026-04-20 01:00,9564.169
2026-04-20 01:15,9564.169
2026-04-20 01:30,9564.221
2026-04-20 01:45,9564.221
2026-04-20 02:00,9564.269
2026-04-20 02:15,9564.269
2026-04-20 02:30,9564.269
2026-04-20 02:45,9564.306
2026-04-20 03:00,9564.325
2026-04-20 03:15,9564.325
2026-04-20 03:30,9564.325
2026-04-20 03:45,9564.408
2026-04-20 04:00,9564.408
2026-04-20 04:15,9564.408
2026-04-20 04:30,9564.408
2026-04-20 04:45,9564.472
2026-04-20 05:00,9564.486
2026-04-20 05:15,9564.486
2026-04-20 05:30,9564.530
2026-04-20 05:45,9564.530
2026-04-20 06:00,9564.530
2026-04-20 06:15,9564.552
2026-04-20 06:30,9564.579
2026-04-20 06:45,9564.579
2026-04-20 07:00,9564.579
2026-04-20 07:15,9564.671
2026-04-20 07:30,9564.671
2026-04-20 07:45,9564.671
2026-04-20 08:00,9564.671
2026-04-20 08:15,9564.671
2026-04-20 08:30,9564.671
2026-04-20 08:45,9564.707
2026-04-20 09:00,9564.707
2026-04-20 09:15,9564.726
2026-04-20 09:30,9564.879
2026-04-20 09:45,9564.899
2026-04-20 10:00,9564.904
2026-04-20 10:15,9564.904
2026-04-20 10:30,9564.904
2026-04-20 10:45,9564.904
2026-04-20 11:00,9564.955
2026-04-20 11:15,9564.955
2026-04-20 11:30,9564.955
2026-04-20 11:45,9564.955
2026-04-20 12:00,9564.955
2026-04-20 12:15,9564.955
2026-04-20 12:30,9564.955
2026-04-20 12:45,9564.955
2026-04-20 13:00,9564.955
2026-04-20 13:15,9564.955
2026-04-20 13:30,9564.955
2026-04-20 13:45,9564.991
2026-04-20 14:00,9564.991
2026-04-20 14:15,9564.991
2026-04-20 14:30,9564.991
2026-04-20 14:45,9565.017
2026-04-20 15:00,9565.017
2026-04-20 15:15,9565.017
2026-04-20 15:30,9565.017
2026-04-20 15:45,9565.017
2026-04-20 16:00,9565.017
2026-04-20 16:15,9565.066
2026-04-20 16:30,9565.119
2026-04-20 16:45,9565.119
2026-04-20 17:00,9565.119
2026-04-20 17:15,9565.119
2026-04-20 17:30,9565.119
2026-04-20 17:45,9565.156
2026-04-20 18:00,9565.199
2026-04-20 18:15,9565.199
2026-04-20 18:30,9565.199
2026-04-20 18:45,9565.249
2026-04-20 19:00,9565.249
2026-04-20 19:15,9565.249
2026-04-20 19:30,9565.350
2026-04-20 19:45,9565.350
2026-04-20 20:00,9565.350
2026-04-20 20:15,9565.350
2026-04-20 20:30,9565.400
2026-04-20 20:45,9565.400
2026-04-20 21:00,9565.400
2026-04-20 21:15,9565.400
2026-04-20 21:30,9565.400
2026-04-20 21:45,9565.400
2026-04-20 22:00,9565.400
2026-04-20 22:15,9565.446
2026-04-20 22:30,9565.458
2026-04-20 22:45,9565.458
2026-04-20 23:00,9565.458
2026-04-20 23:15,9565.458
2026-04-20 23:30,9565.458
2026-04-20 23:45,9565.458
2026-04-21 00:00,9565.458
2026-04-21 00:15,9565.458
2026-04-21 00:30,9565.458
2026-04-21 00:45,9565.458
2026-04-21 01:00,9565.458
2026-04-21 01:15,9565.505
2026-04-21 01:30,9565.505
2026-04-21 01:45,9565.505
2026-04-21 02:00,9565.505
2026-04-21 02:15,9565.505
2026-04-21 02:30,9565.505
2026-04-21 02:45,9565.505
2026-04-21 03:00,9565.505
2026-04-21 03:15,9565.505
2026-04-21 03:30,9565.537
2026-04-21 03:45,9565.537
2026-04-21 04:00,9565.537
2026-04-21 04:15,9565.607
2026-04-21 04:30,9565.607
2026-04-21 04:45,9565.646
2026-04-21 05:00,9565.659
2026-04-21 05:15,9565.659
2026-04-21 05:30,9565.659
2026-04-21 05:45,9565.659
2026-04-21 06:00,9565.659
2026-04-21 06:15,9565.659
2026-04-21 06:30,9565.659
2026-04-21 06:45,9565.693
2026-04-21 07:00,9565.712
2026-04-21 07:15,9565.749
2026-04-21 07:30,9565.749
2026-04-21 07:45,9565.749
2026-04-21 08:00,9565.749
2026-04-21 08:15,9565.820
2026-04-21 08:30,9565.869
2026-04-21 08:45,9565.869
2026-04-21 09:00,9565.869
2026-04-21 09:15,9565.962
2026-04-21 09:30,9566.198
2026-04-21 09:45,9566.198
2026-04-21 10:00,9566.198
2026-04-21 10:15,9566.198
2026-04-21 10:30,9566.198
2026-04-21 10:45,9566.198
2026-04-21 11:00,9566.198
2026-04-21 11:15,9566.198
2026-04-21 11:30,9566.198
2026-04-21 11:45,9566.198
2026-04-21 12:00,9566.198
2026-04-21 12:15,9566.230
2026-04-21 12:30,9566.230
2026-04-21 12:45,9566.230
2026-04-21 13:00,9566.230
2026-04-21 13:15,9566.255
2026-04-21 13:30,9566.255
2026-04-21 13:45,9566.255
2026-04-21 14:00,9566.255
2026-04-21 14:15,9566.255
2026-04-21 14:30,9566.255
2026-04-21 14:45,9566.255
2026-04-21 15:00,9566.307
2026-04-21 15:15,9566.307
2026-04-21 15:30,9566.307
2026-04-21 15:45,9566.307
2026-04-21 16:00,9566.307
2026-04-21 16:15,9566.307
2026-04-21 16:30,9566.307
2026-04-21 16:45,9566.307
2026-04-21 17:00,9566.331
2026-04-21 17:15,9566.331
2026-04-21 17:30,9566.331
2026-04-21 17:45,9566.331
2026-04-21 18:00,9566.331
2026-04-21 18:15,9566.331
2026-04-21 18:30,9566.331
2026-04-21 18:45,9566.375
2026-04-21 19:00,9566.375
2026-04-21 19:15,9566.375
2026-04-21 19:30,9566.375
2026-04-21 19:45,9566.375
2026-04-21 20:00,9566.375
2026-04-21 20:15,9566.375
2026-04-21 20:30,9566.375
2026-04-21 20:45,9566.375
2026-04-21 21:00,9566.375
2026-04-21 21:15,9566.411
2026-04-21 21:30,9566.411
2026-04-21 21:45,9566.411
2026-04-21 22:00,9566.411
2026-04-21 22:15,9566.411
2026-04-21 22:30,9566.475
2026-04-21 22:45,9566.475
2026-04-21 23:00,9566.475
2026-04-21 23:15,9566.475
2026-04-21 23:30,9566.475
2026-04-21 23:45,9566.475
2026-04-22 00:00,9566.475
2026-04-22 00:15,9566.475
2026-04-22 00:30,9566.475
2026-04-22 00:45,9566.475
2026-04-22 01:00,9566.475
2026-04-22 01:15,9566.475
2026-04-22 01:30,9566.475
2026-04-22 01:45,9566.475
2026-04-22 02:00,9566.475
2026-04-22 02:15,9566.475
2026-04-22 02:30,9566.475
2026-04-22 02:45,9566.475
2026-04-22 03:00,9566.493
2026-04-22 03:15,9566.549
2026-04-22 03:30,9566.549
2026-04-22 03:45,9566.549
2026-04-22 04:00,9566.549
2026-04-22 04:15,9566.549
2026-04-22 04:30,9566.613
2026-04-22 04:45,9566.613
2026-04-22 05:00,9566.613
2026-04-22 05:15,9566.613
2026-04-22 05:30,9566.613
2026-04-22 05:45,9566.613
2026-04-22 06:00,9566.613
2026-04-22 06:15,9566.613
2026-04-22 06:30,9566.613
2026-04-22 06:45,9566.613
2026-04-22 07:00,9566.688
2026-04-22 07:15,9566.688
2026-04-22 07:30,9566.688
2026-04-22 07:45,9566.732
2026-04-22 08:00,9566.741
2026-04-22 08:15,9566.741
2026-04-22 08:30,9566.741
2026-04-22 08:45,9566.741
2026-04-22 09:00,9566.777
2026-04-22 09:15,9567.019
2026-04-22 09:30,9567.019
2026-04-22 09:45,9567.019
2026-04-22 10:00,9567.019
2026-04-22 10:15,9567.019
2026-04-22 10:30,9567.019
2026-04-22 10:45,9567.070
2026-04-22 11:00,9567.070
2026-04-22 11:15,9567.070
2026-04-22 11:30,9567.070
2026-04-22 11:45,9567.070
2026-04-22 12:00,9567.070
2026-04-22 12:15,9567.070
2026-04-22 12:30,9567.070
2026-04-22 12:45,9567.070
2026-04-22 13:00,9567.070
2026-04-22 13:15,9567.070
2026-04-22 13:30,9567.070
2026-04-22 13:45,9567.118
2026-04-22 14:00,9567.118
2026-04-22 14:15,9567.118
2026-04-22 14:30,9567.118
2026-04-22 14:45,9567.118
2026-04-22 15:00,9567.118
2026-04-22 15:15,9567.118
2026-04-22 15:30,9567.118
2026-04-22 15:45,9567.118
2026-04-22 16:00,9567.118
2026-04-22 16:15,9567.118
2026-04-22 16:30,9567.164
2026-04-22 16:45,9567.164
2026-04-22 17:00,9567.169
2026-04-22 17:15,9567.254
2026-04-22 17:30,9567.380
2026-04-22 17:45,9567.382
2026-04-22 18:00,9567.382
2026-04-22 18:15,9567.382
2026-04-22 18:30,9567.409
2026-04-22 18:45,9567.409
2026-04-22 19:00,9567.409
2026-04-22 19:15,9567.409
2026-04-22 19:30,9567.729
2026-04-22 19:45,9567.964
2026-04-22 20:00,9567.964
2026-04-22 20:15,9567.964
2026-04-22 20:30,9567.964
2026-04-22 20:45,9567.964
2026-04-22 21:00,9567.964
2026-04-22 21:15,9567.964
2026-04-22 21:30,9567.964
2026-04-22 21:45,9567.968
2026-04-22 22:00,9567.995
2026-04-22 22:15,9567.995
2026-04-22 22:30,9567.995
2026-04-22 22:45,9567.995
2026-04-22 23:00,9567.995
2026-04-22 23:15,9568.033
2026-04-22 23:30,9568.033
2026-04-22 23:45,9568.033
2026-04-23 00:00,9568.033
2026-04-23 00:15,9568.033
2026-04-23 00:30,9568.033
2026-04-23 00:45,9568.033
2026-04-23 01:00,9568.033
2026-04-23 01:15,9568.033
2026-04-23 01:30,9568.064
2026-04-23 01:45,9568.064
2026-04-23 02:00,9568.064
2026-04-23 02:15,9568.064
2026-04-23 02:30,9568.064
2026-04-23 02:45,9568.099
2026-04-23 03:00,9568.099
2026-04-23 03:15,9568.099
2026-04-23 03:30,9568.099
2026-04-23 03:45,9568.099
2026-04-23 04:00,9568.099
2026-04-23 04:15,9568.099
2026-04-23 04:30,9568.099
2026-04-23 04:45,9568.129
2026-04-23 05:00,9568.129
2026-04-23 05:15,9568.129
2026-04-23 05:30,9568.129
2026-04-23 05:45,9568.129
2026-04-23 06:00,9568.129
2026-04-23 06:15,9568.169
2026-04-23 06:30,9568.238
2026-04-23 06:45,9568.238
2026-04-23 07:00,9568.238
2026-04-23 07:15,9568.238
2026-04-23 07:30,9568.238
2026-04-23 07:45,9568.238
2026-04-23 08:00,9568.238
2026-04-23 08:15,9568.241
2026-04-23 08:30,9568.394
2026-04-23 08:45,9568.585
2026-04-23 09:00,9568.585
2026-04-23 09:15,9568.724
2026-04-23 09:30,9568.724
2026-04-23 09:45,9568.724
2026-04-23 10:00,9568.724
2026-04-23 10:15,9568.765
2026-04-23 10:30,9568.765
2026-04-23 10:45,9568.765
2026-04-23 11:00,9568.765
2026-04-23 11:15,9568.765
2026-04-23 11:30,9568.826
2026-04-23 11:45,9568.826
2026-04-23 12:00,9568.826
2026-04-23 12:15,9568.826
2026-04-23 12:30,9568.826
2026-04-23 12:45,9568.826
2026-04-23 13:00,9568.826
2026-04-23 13:15,9568.826
2026-04-23 13:30,9568.826
2026-04-23 13:45,9568.826
2026-04-23 14:00,9568.826
2026-04-23 14:15,9568.826
2026-04-23 14:30,9568.877
2026-04-23 14:45,9568.934
2026-04-23 15:00,9568.934
2026-04-23 15:15,9568.934
2026-04-23 15:30,9568.934
2026-04-23 15:45,9568.934
2026-04-23 16:00,9568.934
2026-04-23 16:15,9568.934
2026-04-23 16:30,9568.934
2026-04-23 16:45,9568.934
2026-04-23 17:00,9568.967
2026-04-23 17:15,9568.987
2026-04-23 17:30,9568.987
2026-04-23 17:45,9568.987
2026-04-23 18:00,9568.987
2026-04-23 18:15,9568.987
2026-04-23 18:30,9568.987
2026-04-23 18:45,9568.987
2026-04-23 19:00,9568.987
2026-04-23 19:15,9568.987
2026-04-23 19:30,9568.987
2026-04-23 19:45,9569.017
2026-04-23 20:00,9569.026
2026-04-23 20:15,9569.026
2026-04-23 20:30,9569.026
2026-04-23 20:45,9569.051
2026-04-23 21:00,9569.051
2026-04-23 21:15,9569.051
2026-04-23 21:30,9569.051
2026-04-23 21:45,9569.051
2026-04-23 22:00,9569.051
2026-04-23 22:15,9569.051
2026-04-23 22:30,9569.051
2026-04-23 22:45,9569.088
2026-04-23 23:00,9569.088
2026-04-23 23:15,9569.088
2026-04-23 23:30,9569.088
2026-04-23 23:45,9569.088
2026-04-24 00:00,9569.114
2026-04-24 00:15,9569.114
2026-04-24 00:30,9569.114
2026-04-24 00:45,9569.114
2026-04-24 01:00,9569.114
2026-04-24 01:15,9569.114
2026-04-24 01:30,9569.114
2026-04-24 01:45,9569.114
2026-04-24 02:00,9569.159
2026-04-24 02:15,9569.159
2026-04-24 02:30,9569.159
2026-04-24 02:45,9569.159
2026-04-24 03:00,9569.159
2026-04-24 03:15,9569.159
2026-04-24 03:30,9569.159
2026-04-24 03:45,9569.159
2026-04-24 04:00,9569.159
2026-04-24 04:15,9569.159
2026-04-24 04:30,9569.159
2026-04-24 04:45,9569.197
2026-04-24 05:00,9569.197
2026-04-24 05:15,9569.246
2026-04-24 05:30,9569.282
2026-04-24 05:45,9569.282
2026-04-24 06:00,9569.282
2026-04-24 06:15,9569.328
2026-04-24 06:30,9569.328
2026-04-24 06:45,9569.328
2026-04-24 07:00,9569.328
2026-04-24 07:15,9569.373
2026-04-24 07:30,9569.373
2026-04-24 07:45,9569.373
2026-04-24 08:00,9569.373
2026-04-24 08:15,9569.373
2026-04-24 08:30,9569.598
2026-04-24 08:45,9569.598
2026-04-24 09:00,9569.598
2026-04-24 09:15,9569.598
2026-04-24 09:30,9569.598
2026-04-24 09:45,9569.598
2026-04-24 10:00,9569.598
2026-04-24 10:15,9569.634
2026-04-24 10:30,9569.671
2026-04-24 10:45,9569.773
2026-04-24 11:00,9569.773
2026-04-24 11:15,9569.773
2026-04-24 11:30,9569.773
2026-04-24 11:45,9569.773
2026-04-24 12:00,9569.773
2026-04-24 12:15,9569.773
2026-04-24 12:30,9569.811
2026-04-24 12:45,9569.811
2026-04-24 13:00,9569.811
2026-04-24 13:15,9569.811
2026-04-24 13:30,9569.811
2026-04-24 13:45,9569.854
2026-04-24 14:00,9569.854
2026-04-24 14:15,9569.854
2026-04-24 14:30,9569.854
2026-04-24 14:45,9569.854
2026-04-24 15:00,9569.854
2026-04-24 15:15,9569.854
2026-04-24 15:30,9569.854
2026-04-24 15:45,9569.854
2026-04-24 16:00,9569.854
2026-04-24 16:15,9569.885
2026-04-24 16:30,9569.885
2026-04-24 16:45,9569.885
2026-04-24 17:00,9569.901
2026-04-24 17:15,9569.952
2026-04-24 17:30,9570.034
2026-04-24 17:45,9570.066
2026-04-24 18:00,9570.066
2026-04-24 18:15,9570.066
2026-04-24 18:30,9570.066
2026-04-24 18:45,9570.066
2026-04-24 19:00,9570.105
2026-04-24 19:15,9570.105
2026-04-24 19:30,9570.370
2026-04-24 19:45,9571.065
2026-04-24 20:00,9571.252
2026-04-24 20:15,9571.322
2026-04-24 20:30,9571.322
2026-04-24 20:45,9571.368
2026-04-24 21:00,9571.368
2026-04-24 21:15,9571.368
2026-04-24 21:30,9571.368
2026-04-24 21:45,9571.368
2026-04-24 22:00,9571.368
2026-04-24 22:15,9571.681
2026-04-24 22:30,9571.718
2026-04-24 22:45,9571.718
2026-04-24 23:00,9571.718
2026-04-24 23:15,9571.718
2026-04-24 23:30,9571.718
2026-04-24 23:45,9571.718
2026-04-25 00:00,9571.718
2026-04-25 00:15,9571.718
2026-04-25 00:30,9571.741
2026-04-25 00:45,9571.749
2026-04-25 01:00,9571.749
2026-04-25 01:15,9571.749
2026-04-25 01:30,9571.749
2026-04-25 01:45,9571.749
2026-04-25 02:00,9571.784
2026-04-25 02:15,9571.784
2026-04-25 02:30,9571.784
2026-04-25 02:45,9571.784
2026-04-25 03:00,9571.784
2026-04-25 03:15,9571.784
2026-04-25 03:30,9571.784
2026-04-25 03:45,9571.815
2026-04-25 04:00,9571.815
2026-04-25 04:15,9571.815
2026-04-25 04:30,9571.815
2026-04-25 04:45,9571.815
2026-04-25 05:00,9571.815
2026-04-25 05:15,9571.852
2026-04-25 05:30,9571.859
2026-04-25 05:45,9571.903
2026-04-25 06:00,9571.903
2026-04-25 06:15,9571.903
2026-04-25 06:30,9571.903
2026-04-25 06:45,9571.956
2026-04-25 07:00,9571.956
2026-04-25 07:15,9571.956
2026-04-25 07:30,9571.994
2026-04-25 07:45,9572.043
2026-04-25 08:00,9572.043
2026-04-25 08:15,9572.043
2026-04-25 08:30,9572.068
2026-04-25 08:45,9572.094
2026-04-25 09:00,9572.094
2026-04-25 09:15,9572.248
2026-04-25 09:30,9572.248
2026-04-25 09:45,9572.248
2026-04-25 10:00,9572.248
2026-04-25 10:15,9572.248
2026-04-25 10:30,9572.248
2026-04-25 10:45,9572.248
2026-04-25 11:00,9572.287
2026-04-25 11:15,9572.325
2026-04-25 11:30,9572.347
2026-04-25 11:45,9572.347
2026-04-25 12:00,9572.400
2026-04-25 12:15,9572.400
2026-04-25 12:30,9572.400
2026-04-25 12:45,9572.400
2026-04-25 13:00,9572.400
2026-04-25 13:15,9572.400
2026-04-25 13:30,9572.400
2026-04-25 13:45,9572.400
2026-04-25 14:00,9572.400
2026-04-25 14:15,9572.454
2026-04-25 14:30,9572.454
2026-04-25 14:45,9572.454
2026-04-25 15:00,9572.454
2026-04-25 15:15,9572.454
2026-04-25 15:30,9572.454
2026-04-25 15:45,9572.454
2026-04-25 16:00,9572.454
2026-04-25 16:15,9572.454
2026-04-25 16:30,9572.454
2026-04-25 16:45,9572.454
2026-04-25 17:00,9572.503
2026-04-25 17:15,9572.503
2026-04-25 17:30,9572.503
2026-04-25 17:45,9572.503
2026-04-25 18:00,9572.503
2026-04-25 18:15,9572.503
2026-04-25 18:30,9572.503
2026-04-25 18:45,9572.503
2026-04-25 19:00,9572.503
2026-04-25 19:15,9572.534
2026-04-25 19:30,9572.534
2026-04-25 19:45,9572.534
2026-04-25 20:00,9572.534
2026-04-25 20:15,9572.534
2026-04-25 20:30,9572.534
2026-04-25 20:45,9572.578
2026-04-25 21:00,9572.578
2026-04-25 21:15,9572.578
2026-04-25 21:30,9572.578
2026-04-25 21:45,9572.578
2026-04-25 22:00,9572.578
2026-04-25 22:15,9572.578
2026-04-25 22:30,9572.578
2026-04-25 22:45,9572.578
2026-04-25 23:00,9572.609
2026-04-25 23:15,9572.609
2026-04-25 23:30,9572.609
2026-04-25 23:45,9572.609
2026-04-26 00:00,9572.609
2026-04-26 00:15,9572.609
2026-04-26 00:30,9572.645
2026-04-26 00:45,9572.645
2026-04-26 01:00,9572.645
2026-04-26 01:15,9572.645
2026-04-26 01:30,9572.645
2026-04-26 01:45,9572.645
2026-04-26 02:00,9572.645
2026-04-26 02:15,9572.645
2026-04-26 02:30,9572.676
2026-04-26 02:45,9572.676
2026-04-26 03:00,9572.743
2026-04-26 03:15,9572.743
2026-04-26 03:30,9572.743
2026-04-26 03:45,9572.747
2026-04-26 04:00,9572.795
2026-04-26 04:15,9572.843
2026-04-26 04:30,9572.843
2026-04-26 04:45,9572.843
2026-04-26 05:00,9572.843
2026-04-26 05:15,9572.843
2026-04-26 05:30,9572.843
2026-04-26 05:45,9572.843
2026-04-26 06:00,9572.843
2026-04-26 06:15,9572.843
2026-04-26 06:30,9572.881
2026-04-26 06:45,9572.881
2026-04-26 07:00,9572.919
2026-04-26 07:15,9572.919
2026-04-26 07:30,9572.962
2026-04-26 07:45,9573.010
2026-04-26 08:00,9573.010
2026-04-26 08:15,9573.010
2026-04-26 08:30,9573.010
2026-04-26 08:45,9573.010
2026-04-26 09:00,9573.055
2026-04-26 09:15,9573.212
2026-04-26 09:30,9573.212
2026-04-26 09:45,9573.212
2026-04-26 10:00,9573.212
2026-04-26 10:15,9573.212
2026-04-26 10:30,9573.263
2026-04-26 10:45,9573.263
2026-04-26 11:00,9573.263
2026-04-26 11:15,9573.263
2026-04-26 11:30,9573.263
2026-04-26 11:45,9573.263
2026-04-26 12:00,9573.263
2026-04-26 12:15,9573.263
2026-04-26 12:30,9573.263
2026-04-26 12:45,9573.263
2026-04-26 13:00,9573.296
2026-04-26 13:15,9573.296
2026-04-26 13:30,9573.296
2026-04-26 13:45,9573.296
2026-04-26 14:00,9573.296
2026-04-26 14:15,9573.331
2026-04-26 14:30,9573.331
2026-04-26 14:45,9573.331
2026-04-26 15:00,9573.331
2026-04-26 15:15,9573.331
2026-04-26 15:30,9573.331
2026-04-26 15:45,9573.361
2026-04-26 16:00,9573.361
2026-04-26 16:15,9573.361
2026-04-26 16:30,9573.361
2026-04-26 16:45,9573.361
2026-04-26 17:00,9573.361
2026-04-26 17:15,9573.361
2026-04-26 17:30,9573.405
2026-04-26 17:45,9573.405
2026-04-26 18:00,9573.405
2026-04-26 18:15,9573.405
2026-04-26 18:30,9573.405
2026-04-26 18:45,9573.405
2026-04-26 19:00,9573.405
2026-04-26 19:15,9573.405
2026-04-26 19:30,9573.405
2026-04-26 19:45,9573.405
2026-04-26 20:00,9573.437
2026-04-26 20:15,9573.437
2026-04-26 20:30,9573.437
2026-04-26 20:45,9573.437
2026-04-26 21:00,9573.475
2026-04-26 21:15,9573.475
2026-04-26 21:30,9573.475
2026-04-26 21:45,9573.475
2026-04-26 22:00,9573.475
2026-04-26 22:15,9573.505
2026-04-26 22:30,9573.505
2026-04-26 22:45,9573.505
2026-04-26 23:00,9573.505
2026-04-26 23:15,9573.505
2026-04-26 23:30,9573.505
2026-04-26 23:45,9573.534
2026-04-27 00:00,9573.534
2026-04-27 00:15,9573.534
2026-04-27 00:30,9573.534
2026-04-27 00:45,9573.534
2026-04-27 01:00,9573.562
2026-04-27 01:15,9573.562
2026-04-27 01:30,9573.562
2026-04-27 01:45,9573.562
2026-04-27 02:00,9573.562
2026-04-27 02:15,9573.562
2026-04-27 02:30,9573.591
2026-04-27 02:45,9573.591
2026-04-27 03:00,9573.591
2026-04-27 03:15,9573.591
2026-04-27 03:30,9573.659
2026-04-27 03:45,9573.662
2026-04-27 04:00,9573.700
2026-04-27 04:15,9573.700
2026-04-27 04:30,9573.700
2026-04-27 04:45,9573.700
2026-04-27 05:00,9573.700
2026-04-27 05:15,9573.728
2026-04-27 05:30,9573.728
2026-04-27 05:45,9573.728
2026-04-27 06:00,9573.728
2026-04-27 06:15,9573.728
2026-04-27 06:30,9573.728
2026-04-27 06:45,9573.826
2026-04-27 07:00,9573.826
2026-04-27 07:15,9573.826
2026-04-27 07:30,9573.826
2026-04-27 07:45,9573.826
2026-04-27 08:00,9573.930
2026-04-27 08:15,9573.930
2026-04-27 08:30,9573.930
2026-04-27 08:45,9573.930
2026-04-27 09:00,9573.930
2026-04-27 09:15,9573.930
2026-04-27 09:30,9573.930
2026-04-27 09:45,9574.106
2026-04-27 10:00,9574.133
2026-04-27 10:15,9574.192
2026-04-27 10:30,9574.302
2026-04-27 10:45,9574.302
2026-04-27 11:00,9574.795
2026-04-27 11:15,9574.804
2026-04-27 11:30,9574.840
2026-04-27 11:45,9574.840
2026-04-27 12:00,9574.840
2026-04-27 12:15,9574.840
2026-04-27 12:30,9574.840
2026-04-27 12:45,9574.840
2026-04-27 13:00,9574.840
2026-04-27 13:15,9574.879
2026-04-27 13:30,9574.879
2026-04-27 13:45,9574.879
2026-04-27 14:00,9574.879
2026-04-27 14:15,9574.879
2026-04-27 14:30,9574.913
2026-04-27 14:45,9574.913
2026-04-27 15:00,9574.913
2026-04-27 15:15,9574.913
2026-04-27 15:30,9574.913
2026-04-27 15:45,9574.913
2026-04-27 16:00,9574.913
2026-04-27 16:15,9574.943
2026-04-27 16:30,9574.943
2026-04-27 16:45,9574.943
2026-04-27 17:00,9574.943
2026-04-27 17:15,9574.943
2026-04-27 17:30,9574.943
2026-04-27 17:45,9574.986
2026-04-27 18:00,9574.986
2026-04-27 18:15,9574.986
2026-04-27 18:30,9574.986
2026-04-27 18:45,9574.986
2026-04-27 19:00,9574.986
2026-04-27 19:15,9574.986
2026-04-27 19:30,9574.986
2026-04-27 19:45,9574.986
2026-04-27 20:00,9574.986
2026-04-27 20:15,9575.018
2026-04-27 20:30,9575.018
2026-04-27 20:45,9575.018
2026-04-27 21:00,9575.018
2026-04-27 21:15,9575.018
2026-04-27 21:30,9575.052
2026-04-27 21:45,9575.052
2026-04-27 22:00,9575.052
2026-04-27 22:15,9575.052
2026-04-27 22:30,9575.091
2026-04-27 22:45,9575.091
2026-04-27 23:00,9575.091
2026-04-27 23:15,9575.091
2026-04-27 23:30,9575.091
2026-04-27 23:45,9575.091
2026-04-28 00:00,9575.091
2026-04-28 00:15,9575.091
2026-04-28 00:30,9575.138
2026-04-28 00:45,9575.138
2026-04-28 01:00,9575.138
2026-04-28 01:15,9575.138
2026-04-28 01:30,9575.138
2026-04-28 01:45,9575.138
2026-04-28 02:00,9575.138
2026-04-28 02:15,9575.138
2026-04-28 02:30,9575.138
2026-04-28 02:45,9575.138
2026-04-28 03:00,9575.138
2026-04-28 03:15,9575.186
2026-04-28 03:30,9575.186
2026-04-28 03:45,9575.186
2026-04-28 04:00,9575.186
2026-04-28 04:15,9575.186
2026-04-28 04:30,9575.186
2026-04-28 04:45,9575.186
2026-04-28 05:00,9575.186
2026-04-28 05:15,9575.186
2026-04-28 05:30,9575.186
2026-04-28 05:45,9575.219
2026-04-28 06:00,9575.219
2026-04-28 06:15,9575.219
2026-04-28 06:30,9575.219
2026-04-28 06:45,9575.219
2026-04-28 07:00,9575.253
2026-04-28 07:15,9575.253
2026-04-28 07:30,9575.253
2026-04-28 07:45,9575.253
2026-04-28 08:00,9575.253
2026-04-28 08:15,9575.564
2026-04-28 08:30,9575.564
2026-04-28 08:45,9575.564
2026-04-28 09:00,9575.599
2026-04-28 09:15,9575.599
2026-04-28 09:30,9575.624
2026-04-28 09:45,9575.657
2026-04-28 10:00,9575.657
2026-04-28 10:15,9575.714
2026-04-28 10:30,9575.770
2026-04-28 10:45,9575.770
2026-04-28 11:00,9575.770
2026-04-28 11:15,9575.770
2026-04-28 11:30,9575.770
2026-04-28 11:45,9575.770
2026-04-28 12:00,9575.770
2026-04-28 12:15,9575.770
2026-04-28 12:30,9575.770
2026-04-28 12:45,9575.773
2026-04-28 13:00,9575.802
2026-04-28 13:15,9575.802
2026-04-28 13:30,9575.802
2026-04-28 13:45,9575.802
2026-04-28 14:00,9575.802
2026-04-28 14:15,9575.802
2026-04-28 14:30,9575.839
2026-04-28 14:45,9575.839
2026-04-28 15:00,9575.839
2026-04-28 15:15,9575.839
2026-04-28 15:30,9575.839
2026-04-28 15:45,9575.839
2026-04-28 16:00,9575.839
2026-04-28 16:15,9575.878
2026-04-28 16:30,9575.878
2026-04-28 16:45,9575.878
2026-04-28 17:00,9575.878
2026-04-28 17:15,9575.878
2026-04-28 17:30,9575.878
2026-04-28 17:45,9575.915
2026-04-28 18:00,9575.918
2026-04-28 18:15,9575.918
2026-04-28 18:30,9575.918
2026-04-28 18:45,9576.280
2026-04-28 19:00,9576.280
2026-04-28 19:15,9576.280
2026-04-28 19:30,9576.280
2026-04-28 19:45,9576.280
2026-04-28 20:00,9576.338
2026-04-28 20:15,9576.338
2026-04-28 20:30,9576.338
2026-04-28 20:45,9576.338
2026-04-28 21:00,9576.338
2026-04-28 21:15,9576.338
2026-04-28 21:30,9576.338
2026-04-28 21:45,9576.338
2026-04-28 22:00,9576.338
2026-04-28 22:15,9576.338
2026-04-28 22:30,9576.411
2026-04-28 22:45,9576.411
2026-04-28 23:00,9576.411
2026-04-28 23:15,9576.411
2026-04-28 23:30,9576.411
2026-04-28 23:45,9576.411
2026-04-29 00:00,9576.411
2026-04-29 00:15,9576.411
2026-04-29 00:30,9576.411
2026-04-29 00:45,9576.411
2026-04-29 01:00,9576.411
2026-04-29 01:15,9576.411
2026-04-29 01:30,9576.411
2026-04-29 01:45,9576.411
2026-04-29 02:00,9576.411
2026-04-29 02:15,9576.411
2026-04-29 02:30,9576.411
2026-04-29 02:45,9576.411
2026-04-29 03:00,9576.411
2026-04-29 03:15,9576.411
2026-04-29 03:30,9576.411
2026-04-29 03:45,9576.411
2026-04-29 04:00,9576.411
2026-04-29 04:15,9576.411
2026-04-29 04:30,9576.411
2026-04-29 04:45,9576.436
2026-04-29 05:00,9576.473
2026-04-29 05:15,9576.473
2026-04-29 05:30,9576.473
2026-04-29 05:45,9576.473
2026-04-29 06:00,9576.473
2026-04-29 06:15,9576.473
2026-04-29 06:30,9576.473
2026-04-29 06:45,9576.473
2026-04-29 07:00,9576.473
2026-04-29 07:15,9576.473
2026-04-29 07:30,9576.473
2026-04-29 07:45,9576.473
2026-04-29 08:00,9576.521
2026-04-29 08:15,9576.521
2026-04-29 08:30,9576.689
2026-04-29 08:45,9576.689
2026-04-29 09:00,9576.689
2026-04-29 09:15,9576.689
2026-04-29 09:30,9576.689
2026-04-29 09:45,9576.689
2026-04-29 10:00,9576.689
2026-04-29 10:15,9576.689
2026-04-29 10:30,9576.689
2026-04-29 10:45,9576.689
2026-04-29 11:00,9576.743
2026-04-29 11:15,9576.743
2026-04-29 11:30,9576.743
2026-04-29 11:45,9576.743
2026-04-29 12:00,9576.743
2026-04-29 12:15,9576.743
2026-04-29 12:30,9576.743
2026-04-29 12:45,9576.743
2026-04-29 13:00,9576.743
2026-04-29 13:15,9576.743
2026-04-29 13:30,9576.743
2026-04-29 13:45,9576.743
2026-04-29 14:00,9576.743
2026-04-29 14:15,9576.790
2026-04-29 14:30,9576.790
2026-04-29 14:45,9576.790
2026-04-29 15:00,9576.790
2026-04-29 15:15,9576.790
2026-04-29 15:30,9576.790
2026-04-29 15:45,9576.806
2026-04-29 16:00,9576.847
2026-04-29 16:15,9576.847
2026-04-29 16:30,9576.847
2026-04-29 16:45,9576.847
2026-04-29 17:00,9576.894
2026-04-29 17:15,9576.924
2026-04-29 17:30,9576.924
2026-04-29 17:45,9576.924
2026-04-29 18:00,9576.924
2026-04-29 18:15,9576.924
2026-04-29 18:30,9576.924
2026-04-29 18:45,9576.924
2026-04-29 19:00,9576.924
2026-04-29 19:15,9576.924
2026-04-29 19:30,9576.955
2026-04-29 19:45,9577.049
2026-04-29 20:00,9577.049
2026-04-29 20:15,9577.049
2026-04-29 20:30,9577.049
2026-04-29 20:45,9577.049
2026-04-29 21:00,9577.085
2026-04-29 21:15,9577.085
2026-04-29 21:30,9577.085
2026-04-29 21:45,9577.085
2026-04-29 22:00,9577.085
2026-04-29 22:15,9577.085
2026-04-29 22:30,9577.111
2026-04-29 22:45,9577.111
2026-04-29 23:00,9577.111
2026-04-29 23:15,9577.111
2026-04-29 23:30,9577.111
2026-04-29 23:45,9577.111
2026-04-30 00:00,9577.111
2026-04-30 00:15,9577.152
2026-04-30 00:30,9577.152
2026-04-30 00:45,9577.152
2026-04-30 01:00,9577.152
2026-04-30 01:15,9577.152
2026-04-30 01:30,9577.152
2026-04-30 01:45,9577.152
2026-04-30 02:00,9577.152
2026-04-30 02:15,9577.152
2026-04-30 02:30,9577.183
2026-04-30 02:45,9577.183
2026-04-30 03:00,9577.183
2026-04-30 03:15,9577.183
2026-04-30 03:30,9577.183
2026-04-30 03:45,9577.218
2026-04-30 04:00,9577.218
2026-04-30 04:15,9577.218
2026-04-30 04:30,9577.218
2026-04-30 04:45,9577.218
2026-04-30 05:00,9577.218
2026-04-30 05:15,9577.246
2026-04-30 05:30,9577.246
2026-04-30 05:45,9577.310
2026-04-30 06:00,9577.310
2026-04-30 06:15,9577.310
2026-04-30 06:30,9577.310
2026-04-30 06:45,9577.362
2026-04-30 07:00,9577.420
2026-04-30 07:15,9577.420
2026-04-30 07:30,9577.553
2026-04-30 07:45,9577.553
2026-04-30 08:00,9577.553
2026-04-30 08:15,9577.553
2026-04-30 08:30,9577.553
2026-04-30 08:45,9577.553
2026-04-30 09:00,9577.745
2026-04-30 09:15,9577.745
2026-04-30 09:30,9577.745
2026-04-30 09:45,9577.745
2026-04-30 10:00,9577.745
2026-04-30 10:15,9577.745
2026-04-30 10:30,9577.745
2026-04-30 10:45,9577.745
2026-04-30 11:00,9577.745
2026-04-30 11:15,9577.745
2026-04-30 11:30,9577.745
2026-04-30 11:45,9577.777
2026-04-30 12:00,9577.777
2026-04-30 12:15,9577.777
2026-04-30 12:30,9577.777
2026-04-30 12:45,9577.810
2026-04-30 13:00,9577.810
2026-04-30 13:15,9577.810
2026-04-30 13:30,9577.810
2026-04-30 13:45,9577.810
2026-04-30 14:00,9577.810
2026-04-30 14:15,9577.810
2026-04-30 14:30,9577.839
2026-04-30 14:45,9577.839
2026-04-30 15:00,9577.839
2026-04-30 15:15,9577.839
2026-04-30 15:30,9577.839
2026-04-30 15:45,9577.881
2026-04-30 16:00,9577.881
2026-04-30 16:15,9577.881
2026-04-30 16:30,9577.881
2026-04-30 16:45,9577.881
2026-04-30 17:00,9577.909
2026-04-30 17:15,9577.909
2026-04-30 17:30,9577.909
2026-04-30 17:45,9577.909
2026-04-30 18:00,9577.909
2026-04-30 18:15,9577.909
2026-04-30 18:30,9577.954
2026-04-30 18:45,9577.954
2026-04-30 19:00,9577.954
2026-04-30 19:15,9577.954
2026-04-30 19:30,9577.954
2026-04-30 19:45,9577.954
2026-04-30 20:00,9577.954
2026-04-30 20:15,9577.980
2026-04-30 20:30,9577.980
2026-04-30 20:45,9577.980
2026-04-30 21:00,9578.173
2026-04-30 21:15,9578.173
2026-04-30 21:30,9578.173
2026-04-30 21:45,9578.173
2026-04-30 22:00,9578.173
2026-04-30 22:15,9578.572
2026-04-30 22:30,9578.783
2026-04-30 22:45,9578.783
2026-04-30 23:00,9578.783
2026-04-30 23:15,9578.783
2026-04-30 23:30,9578.783
2026-04-30 23:45,9578.783
2026-05-01 00:00,9578.783
2026-05-01 00:15,9578.783
2026-05-01 00:30,9578.809
2026-05-01 00:45,9578.809
2026-05-01 01:00,9578.809
2026-05-01 01:15,9578.809
2026-05-01 01:30,9578.809
2026-05-01 01:45,9578.809
2026-05-01 02:00,9578.851
2026-05-01 02:15,9578.851
2026-05-01 02:30,9578.851
2026-05-01 02:45,9578.851
2026-05-01 03:00,9578.851
2026-05-01 03:15,9578.851
2026-05-01 03:30,9578.851
2026-05-01 03:45,9578.851
2026-05-01 04:00,9578.851
2026-05-01 04:15,9578.851
2026-05-01 04:30,9578.851
2026-05-01 04:45,9578.883
2026-05-01 05:00,9578.883
2026-05-01 05:15,9578.883
2026-05-01 05:30,9578.883
2026-05-01 05:45,9578.883
2026-05-01 06:00,9578.918
2026-05-01 06:15,9578.918
2026-05-01 06:30,9578.918
2026-05-01 06:45,9578.918
2026-05-01 07:00,9578.918
2026-05-01 07:15,9578.987
2026-05-01 07:30,9579.025
2026-05-01 07:45,9579.025
2026-05-01 08:00,9579.025
2026-05-01 08:15,9579.025
2026-05-01 08:30,9579.025
2026-05-01 08:45,9579.025
2026-05-01 09:00,9579.025
2026-05-01 09:15,9579.198
2026-05-01 09:30,9579.198
2026-05-01 09:45,9579.399
2026-05-01 10:00,9579.424
2026-05-01 10:15,9579.424
2026-05-01 10:30,9579.424
2026-05-01 10:45,9579.470
2026-05-01 11:00,9579.485
2026-05-01 11:15,9579.485
2026-05-01 11:30,9579.485
2026-05-01 11:45,9579.485
2026-05-01 12:00,9579.485
2026-05-01 12:15,9579.485
2026-05-01 12:30,9579.485
2026-05-01 12:45,9579.485
2026-05-01 13:00,9579.485
2026-05-01 13:15,9579.485
2026-05-01 13:30,9579.485
2026-05-01 13:45,9579.485
2026-05-01 14:00,9579.485
2026-05-01 14:15,9579.535
2026-05-01 14:30,9579.535
2026-05-01 14:45,9579.535
2026-05-01 15:00,9579.535
2026-05-01 15:15,9579.535
2026-05-01 15:30,9579.535
2026-05-01 15:45,9579.535
2026-05-01 16:00,9579.535
2026-05-01 16:15,9579.535
2026-05-01 16:30,9579.535
2026-05-01 16:45,9579.535
2026-05-01 17:00,9579.535
2026-05-01 17:15,9579.580
2026-05-01 17:30,9579.580
2026-05-01 17:45,9579.580
2026-05-01 18:00,9579.580
2026-05-01 18:15,9579.580
2026-05-01 18:30,9579.580
2026-05-01 18:45,9579.580
2026-05-01 19:00,9579.580
2026-05-01 19:15,9579.580
2026-05-01 19:30,9579.580
2026-05-01 19:45,9579.611
2026-05-01 20:00,9579.611
2026-05-01 20:15,9579.611
2026-05-01 20:30,9579.611
2026-05-01 20:45,9579.611
2026-05-01 21:00,9579.611
2026-05-01 21:15,9579.652
2026-05-01 21:30,9579.652
2026-05-01 21:45,9579.652
2026-05-01 22:00,9579.652
2026-05-01 22:15,9579.652
2026-05-01 22:30,9579.652
2026-05-01 22:45,9579.652
2026-05-01 23:00,9579.652
2026-05-01 23:15,9579.652
2026-05-01 23:30,9579.652
2026-05-01 23:45,9579.683
2026-05-02 00:00,9579.683
2026-05-02 00:15,9579.683
2026-05-02 00:30,9579.683
2026-05-02 00:45,9579.683
2026-05-02 01:00,9579.718
2026-05-02 01:15,9579.718
2026-05-02 01:30,9579.718
2026-05-02 01:45,9579.718
2026-05-02 02:00,9579.718
2026-05-02 02:15,9579.718
2026-05-02 02:30,9579.718
2026-05-02 02:45,9579.748
2026-05-02 03:00,9579.748
2026-05-02 03:15,9579.748
2026-05-02 03:30,9579.748
2026-05-02 03:45,9579.748
2026-05-02 04:00,9579.748
2026-05-02 04:15,9579.748
2026-05-02 04:30,9579.783
2026-05-02 04:45,9579.790
2026-05-02 05:00,9579.790
2026-05-02 05:15,9579.790
2026-05-02 05:30,9579.790
2026-05-02 05:45,9579.790
2026-05-02 06:00,9579.790
2026-05-02 06:15,9579.790
2026-05-02 06:30,9579.790
2026-05-02 06:45,9579.790
2026-05-02 07:00,9579.822
2026-05-02 07:15,9579.822
2026-05-02 07:30,9579.822
2026-05-02 07:45,9579.822
2026-05-02 08:00,9579.822
2026-05-02 08:15,9579.822
2026-05-02 08:30,9579.863
2026-05-02 08:45,9579.863
2026-05-02 09:00,9579.863
2026-05-02 09:15,9579.863
2026-05-02 09:30,9579.863
2026-05-02 09:45,9579.863
2026-05-02 10:00,9579.863
2026-05-02 10:15,9579.863
2026-05-02 10:30,9579.863
2026-05-02 10:45,9579.888
2026-05-02 11:00,9579.895
2026-05-02 11:15,9579.895
2026-05-02 11:30,9579.895
2026-05-02 11:45,9579.895
2026-05-02 12:00,9579.905
2026-05-02 12:15,9579.928
2026-05-02 12:30,9579.928
2026-05-02 12:45,9579.928
2026-05-02 13:00,9579.928
2026-05-02 13:15,9579.928
2026-05-02 13:30,9579.928
2026-05-02 13:45,9579.956
2026-05-02 14:00,9579.956
2026-05-02 14:15,9579.956
2026-05-02 14:30,9579.956
2026-05-02 14:45,9579.956
2026-05-02 15:00,9579.956
2026-05-02 15:15,9579.956
2026-05-02 15:30,9579.992
2026-05-02 15:45,9579.992
2026-05-02 16:00,9579.992
2026-05-02 16:15,9579.992
2026-05-02 16:30,9579.992
2026-05-02 16:45,9579.992
2026-05-02 17:00,9579.992
2026-05-02 17:15,9580.001
2026-05-02 17:30,9580.022
2026-05-02 17:45,9580.022
2026-05-02 18:00,9580.022
2026-05-02 18:15,9580.022
2026-05-02 18:30,9580.022
2026-05-02 18:45,9580.022
2026-05-02 19:00,9580.065
2026-05-02 19:15,9580.065
2026-05-02 19:30,9580.065
2026-05-02 19:45,9580.065
2026-05-02 20:00,9580.065
2026-05-02 20:15,9580.065
2026-05-02 20:30,9580.065
2026-05-02 20:45,9580.065
2026-05-02 21:00,9580.065
2026-05-02 21:15,9580.065
2026-05-02 21:30,9580.087
2026-05-02 21:45,9580.097
2026-05-02 22:00,9580.097
2026-05-02 22:15,9580.097
2026-05-02 22:30,9580.097
2026-05-02 22:45,9580.097
2026-05-02 23:00,9580.131
2026-05-02 23:15,9580.131
2026-05-02 23:30,9580.131
2026-05-02 23:45,9580.131
2026-05-03 00:00,9580.131
2026-05-03 00:15,9580.131
2026-05-03 00:30,9580.158
2026-05-03 00:45,9580.158
2026-05-03 01:00,9580.158
2026-05-03 01:15,9580.158
2026-05-03 01:30,9580.158
2026-05-03 01:45,9580.158
2026-05-03 02:00,9580.158
2026-05-03 02:15,9580.195
2026-05-03 02:30,9580.195
2026-05-03 02:45,9580.195
2026-05-03 03:00,9580.195
2026-05-03 03:15,9580.195
2026-05-03 03:30,9580.195
2026-05-03 03:45,9580.195
2026-05-03 04:00,9580.195
2026-05-03 04:15,9580.195
2026-05-03 04:30,9580.227
2026-05-03 04:45,9580.227
2026-05-03 05:00,9580.227
2026-05-03 05:15,9580.227
2026-05-03 05:30,9580.227
2026-05-03 05:45,9580.227
2026-05-03 06:00,9580.267
2026-05-03 06:15,9580.267
2026-05-03 06:30,9580.267
2026-05-03 06:45,9580.267
2026-05-03 07:00,9580.267
2026-05-03 07:15,9580.267
2026-05-03 07:30,9580.267
2026-05-03 07:45,9580.267
2026-05-03 08:00,9580.267
2026-05-03 08:15,9580.299
2026-05-03 08:30,9580.299
2026-05-03 08:45,9580.299
2026-05-03 09:00,9580.299
2026-05-03 09:15,9580.299
2026-05-03 09:30,9580.299
2026-05-03 09:45,9580.338
2026-05-03 10:00,9580.338
2026-05-03 10:15,9580.338
2026-05-03 10:30,9580.338
2026-05-03 10:45,9580.338
2026-05-03 11:00,9580.338
2026-05-03 11:15,9580.338
2026-05-03 11:30,9580.338
2026-05-03 11:45,9580.338
2026-05-03 12:00,9580.358
2026-05-03 12:15,9580.370
2026-05-03 12:30,9580.370
2026-05-03 12:45,9580.370
2026-05-03 13:00,9580.370
2026-05-03 13:15,9580.370
2026-05-03 13:30,9580.404
2026-05-03 13:45,9580.404
2026-05-03 14:00,9580.404
2026-05-03 14:15,9580.404
2026-05-03 14:30,9580.404
2026-05-03 14:45,9580.404
2026-05-03 15:00,9580.404
2026-05-03 15:15,9580.404
2026-05-03 15:30,9580.434
2026-05-03 15:45,9580.434
2026-05-03 16:00,9580.434
2026-05-03 16:15,9580.434
2026-05-03 16:30,9580.434
2026-05-03 16:45,9580.434
2026-05-03 17:00,9580.470
2026-05-03 17:15,9580.476
2026-05-03 17:30,9580.476
2026-05-03 17:45,9580.476
2026-05-03 18:00,9580.476
2026-05-03 18:15,9580.476
2026-05-03 18:30,9580.476
2026-05-03 18:45,9580.476
2026-05-03 19:00,9580.476
2026-05-03 19:15,9580.476
2026-05-03 19:30,9580.508
2026-05-03 19:45,9580.508
2026-05-03 20:00,9580.508
2026-05-03 20:15,9580.508
2026-05-03 20:30,9580.508
2026-05-03 20:45,9580.508
2026-05-03 21:00,9580.542
2026-05-03 21:15,9580.542
2026-05-03 21:30,9580.542
2026-05-03 21:45,9580.542
2026-05-03 22:00,9580.542
2026-05-03 22:15,9580.542
2026-05-03 22:30,9580.542
2026-05-03 22:45,9580.542
2026-05-03 23:00,9580.573
2026-05-03 23:15,9580.573
2026-05-03 23:30,9580.573
2026-05-03 23:45,9580.573
2026-05-04 00:00,9580.573
2026-05-04 00:15,9580.573
2026-05-04 00:30,9580.608
2026-05-04 00:45,9580.616
2026-05-04 01:00,9580.616
2026-05-04 01:15,9580.616
2026-05-04 01:30,9580.616
2026-05-04 01:45,9580.616
2026-05-04 02:00,9580.616
2026-05-04 02:15,9580.616
2026-05-04 02:30,9580.616
2026-05-04 02:45,9580.616
2026-05-04 03:00,9580.648
2026-05-04 03:15,9580.648
2026-05-04 03:30,9580.648
2026-05-04 03:45,9580.648
2026-05-04 04:00,9580.648
2026-05-04 04:15,9580.648
2026-05-04 04:30,9580.682
2026-05-04 04:45,9580.682
2026-05-04 05:00,9580.682
2026-05-04 05:15,9580.682
2026-05-04 05:30,9580.682
2026-05-04 05:45,9580.682
2026-05-04 06:00,9580.712
2026-05-04 06:15,9580.712
2026-05-04 06:30,9580.712
2026-05-04 06:45,9580.712
2026-05-04 07:00,9580.712
2026-05-04 07:15,9580.712
2026-05-04 07:30,9580.712
2026-05-04 07:45,9580.754
2026-05-04 08:00,9580.754
2026-05-04 08:15,9580.754
2026-05-04 08:30,9580.754
2026-05-04 08:45,9580.754
2026-05-04 09:00,9580.754
2026-05-04 09:15,9580.754
2026-05-04 09:30,9580.754
2026-05-04 09:45,9580.754
2026-05-04 10:00,9580.785
2026-05-04 10:15,9580.785
2026-05-04 10:30,9580.785
2026-05-04 10:45,9580.785
2026-05-04 11:00,9580.785
2026-05-04 11:15,9580.785
2026-05-04 11:30,9580.827
2026-05-04 11:45,9580.827
2026-05-04 12:00,9580.827
2026-05-04 12:15,9580.827
2026-05-04 12:30,9580.827
2026-05-04 12:45,9580.827
2026-05-04 13:00,9580.827
2026-05-04 13:15,9580.827
2026-05-04 13:30,9580.827
2026-05-04 13:45,9580.827
2026-05-04 14:00,9580.859
2026-05-04 14:15,9580.859
2026-05-04 14:30,9580.859
2026-05-04 14:45,9580.859
2026-05-04 15:00,9580.859
2026-05-04 15:15,9580.879
2026-05-04 15:30,9580.894
2026-05-04 15:45,9580.894
2026-05-04 16:00,9580.894
2026-05-04 16:15,9580.894
2026-05-04 16:30,9580.894
2026-05-04 16:45,9580.894
2026-05-04 17:00,9580.894
2026-05-04 17:15,9580.924
2026-05-04 17:30,9580.924
2026-05-04 17:45,9580.924
2026-05-04 18:00,9580.924
2026-05-04 18:15,9580.924
2026-05-04 18:30,9580.924
2026-05-04 18:45,9580.924
2026-05-04 19:00,9580.967
2026-05-04 19:15,9580.967
2026-05-04 19:30,9580.967
2026-05-04 19:45,9580.967
2026-05-04 20:00,9580.967
2026-05-04 20:15,9580.967
2026-05-04 20:30,9580.967
2026-05-04 20:45,9580.967
2026-05-04 21:00,9580.967
2026-05-04 21:15,9580.967
2026-05-04 21:30,9581.000
2026-05-04 21:45,9581.000
2026-05-04 22:00,9581.000
2026-05-04 22:15,9581.000
2026-05-04 22:30,9581.000
2026-05-04 22:45,9581.034
2026-05-04 23:00,9581.034
2026-05-04 23:15,9581.034
2026-05-04 23:30,9581.164
2026-05-04 23:45,9581.264
2026-05-05 00:00,9581.264
2026-05-05 00:15,9581.264
2026-05-05 00:30,9581.264
2026-05-05 00:45,9581.264
2026-05-05 01:00,9581.298
2026-05-05 01:15,9581.298
2026-05-05 01:30,9581.298
2026-05-05 01:45,9581.298
2026-05-05 02:00,9581.298
2026-05-05 02:15,9581.298
2026-05-05 02:30,9581.326
2026-05-05 02:45,9581.326
2026-05-05 03:00,9581.326
2026-05-05 03:15,9581.326
2026-05-05 03:30,9581.326
2026-05-05 03:45,9581.326
2026-05-05 04:00,9581.326
2026-05-05 04:15,9581.368
2026-05-05 04:30,9581.368
2026-05-05 04:45,9581.368
2026-05-05 05:00,9581.368
2026-05-05 05:15,9581.368
2026-05-05 05:30,9581.368
2026-05-05 05:45,9581.368
2026-05-05 06:00,9581.368
2026-05-05 06:15,9581.368
2026-05-05 06:30,9581.400
2026-05-05 06:45,9581.400
2026-05-05 07:00,9581.400
2026-05-05 07:15,9581.467
2026-05-05 07:30,9581.467
2026-05-05 07:45,9581.519
2026-05-05 08:00,9581.519
2026-05-05 08:15,9581.568
2026-05-05 08:30,9581.568
2026-05-05 08:45,9581.700
2026-05-05 09:00,9581.700
2026-05-05 09:15,9581.741
2026-05-05 09:30,9581.741
2026-05-05 09:45,9581.770
2026-05-05 10:00,9581.800
2026-05-05 10:15,9581.843
2026-05-05 10:30,9581.843
2026-05-05 10:45,9581.843
2026-05-05 11:00,9581.843
2026-05-05 11:15,9581.843
2026-05-05 11:30,9581.843
2026-05-05 11:45,9581.843
2026-05-05 12:00,9581.891
2026-05-05 12:15,9581.923
2026-05-05 12:30,9581.923
2026-05-05 12:45,9581.923
2026-05-05 13:00,9581.923
2026-05-05 13:15,9581.958
2026-05-05 13:30,9582.131
2026-05-05 13:45,9582.131
2026-05-05 14:00,9582.131
2026-05-05 14:15,9582.131
2026-05-05 14:30,9582.131
2026-05-05 14:45,9582.131
2026-05-05 15:00,9582.131
2026-05-05 15:15,9582.131
2026-05-05 15:30,9582.197
2026-05-05 15:45,9582.198
2026-05-05 16:00,9582.198
2026-05-05 16:15,9582.198
2026-05-05 16:30,9582.198
2026-05-05 16:45,9582.198
2026-05-05 17:00,9582.198
2026-05-05 17:15,9582.198
2026-05-05 17:30,9582.198
2026-05-05 17:45,9582.198
2026-05-05 18:00,9582.198
2026-05-05 18:15,9582.198
2026-05-05 18:30,9582.198
2026-05-05 18:45,9582.248
2026-05-05 19:00,9582.248
2026-05-05 19:15,9582.248
2026-05-05 19:30,9582.248
2026-05-05 19:45,9582.248
2026-05-05 20:00,9582.248
2026-05-05 20:15,9582.248
2026-05-05 20:30,9582.248
2026-05-05 20:45,9582.248
2026-05-05 21:00,9582.248
2026-05-05 21:15,9582.248
2026-05-05 21:30,9582.295
2026-05-05 21:45,9582.295
2026-05-05 22:00,9582.295
2026-05-05 22:15,9582.295
2026-05-05 22:30,9582.351
2026-05-05 22:45,9582.351
2026-05-05 23:00,9582.351
2026-05-05 23:15,9582.351
2026-05-05 23:30,9582.351
2026-05-05 23:45,9582.351
2026-05-06 00:00,9582.351
2026-05-06 00:15,9582.351
2026-05-06 00:30,9582.351
2026-05-06 00:45,9582.351
2026-05-06 01:00,9582.351
2026-05-06 01:15,9582.351
2026-05-06 01:30,9582.351
2026-05-06 01:45,9582.351
2026-05-06 02:00,9582.351
2026-05-06 02:15,9582.351
2026-05-06 02:30,9582.351
2026-05-06 02:45,9582.351
2026-05-06 03:00,9582.351
2026-05-06 03:15,9582.351
2026-05-06 03:30,9582.351
2026-05-06 03:45,9582.351
2026-05-06 04:00,9582.351
2026-05-06 04:15,9582.351
2026-05-06 04:30,9582.412
2026-05-06 04:45,9582.412
2026-05-06 05:00,9582.412
2026-05-06 05:15,9582.412
2026-05-06 05:30,9582.429
2026-05-06 05:45,9582.478
2026-05-06 06:00,9582.478
2026-05-06 06:15,9582.478
2026-05-06 06:30,9582.478
2026-05-06 06:45,9582.536
2026-05-06 07:00,9582.536
2026-05-06 07:15,9582.536
2026-05-06 07:30,9582.536
2026-05-06 07:45,9582.607
2026-05-06 08:00,9582.724
2026-05-06 08:15,9582.724
2026-05-06 08:30,9582.724
2026-05-06 08:45,9582.724
2026-05-06 09:00,9582.724
2026-05-06 09:15,9582.724
2026-05-06 09:30,9582.724
2026-05-06 09:45,9582.724
2026-05-06 10:00,9582.724
2026-05-06 10:15,9582.724
2026-05-06 10:30,9582.790
2026-05-06 10:45,9582.790
2026-05-06 11:00,9582.823
2026-05-06 11:15,9582.823
2026-05-06 11:30,9582.823
2026-05-06 11:45,9582.823
2026-05-06 12:00,9582.823
2026-05-06 12:15,9582.823
2026-05-06 12:30,9582.823
2026-05-06 12:45,9582.823
2026-05-06 13:00,9582.823
2026-05-06 13:15,9582.823
2026-05-06 13:30,9582.875
2026-05-06 13:45,9582.875
2026-05-06 14:00,9582.875
2026-05-06 14:15,9582.875
2026-05-06 14:30,9582.875
2026-05-06 14:45,9582.875
2026-05-06 15:00,9582.875
2026-05-06 15:15,9582.875
2026-05-06 15:30,9582.875
2026-05-06 15:45,9582.875
2026-05-06 16:00,9582.879
2026-05-06 16:15,9583.001
2026-05-06 16:30,9583.112
2026-05-06 16:45,9583.208
2026-05-06 17:00,9583.208
2026-05-06 17:15,9583.233
2026-05-06 17:30,9583.233
2026-05-06 17:45,9583.233
2026-05-06 18:00,9583.233
2026-05-06 18:15,9583.233
2026-05-06 18:30,9583.233
2026-05-06 18:45,9583.233
2026-05-06 19:00,9583.271
2026-05-06 19:15,9583.271
2026-05-06 19:30,9583.460
2026-05-06 19:45,9583.460
2026-05-06 20:00,9583.460
2026-05-06 20:15,9583.482
2026-05-06 20:30,9583.526
2026-05-06 20:45,9583.526
2026-05-06 21:00,9583.526
2026-05-06 21:15,9583.526
2026-05-06 21:30,9583.526
2026-05-06 21:45,9583.526
2026-05-06 22:00,9583.526
2026-05-06 22:15,9583.526
2026-05-06 22:30,9583.526
2026-05-06 22:45,9583.526
2026-05-06 23:00,9583.526
2026-05-06 23:15,9583.573
2026-05-06 23:30,9583.573
2026-05-06 23:45,9583.573
2026-05-07 00:00,9583.573
2026-05-07 00:15,9583.573
2026-05-07 00:30,9583.573
2026-05-07 00:45,9583.573
2026-05-07 01:00,9583.573
2026-05-07 01:15,9583.573
2026-05-07 01:30,9583.573
2026-05-07 01:45,9583.605
2026-05-07 02:00,9583.605
2026-05-07 02:15,9583.605
2026-05-07 02:30,9583.605
2026-05-07 02:45,9583.605
2026-05-07 03:00,9583.640
2026-05-07 03:15,9583.640
2026-05-07 03:30,9583.640
2026-05-07 03:45,9583.640
2026-05-07 04:00,9583.705
2026-05-07 04:15,9583.705
2026-05-07 04:30,9583.705
2026-05-07 04:45,9583.742
2026-05-07 05:00,9583.742
2026-05-07 05:15,9583.742
2026-05-07 05:30,9583.742
2026-05-07 05:45,9583.742
2026-05-07 06:00,9583.742
2026-05-07 06:15,9583.742
2026-05-07 06:30,9583.786
2026-05-07 06:45,9583.819
2026-05-07 07:00,9583.819
2026-05-07 07:15,9583.964
2026-05-07 07:30,9583.964
2026-05-07 07:45,9583.964
2026-05-07 08:00,9583.964
2026-05-07 08:15,9583.964
2026-05-07 08:30,9583.964
2026-05-07 08:45,9584.000
2026-05-07 09:00,9584.083
2026-05-07 09:15,9584.083
2026-05-07 09:30,9584.083
2026-05-07 09:45,9584.083
2026-05-07 10:00,9584.083
2026-05-07 10:15,9584.083
2026-05-07 10:30,9584.083
2026-05-07 10:45,9584.083
2026-05-07 11:00,9584.083
2026-05-07 11:15,9584.144
2026-05-07 11:30,9584.144
2026-05-07 11:45,9584.144
2026-05-07 12:00,9584.144
2026-05-07 12:15,9584.144
2026-05-07 12:30,9584.144
2026-05-07 12:45,9584.144
2026-05-07 13:00,9584.144
2026-05-07 13:15,9584.144
2026-05-07 13:30,9584.144
2026-05-07 13:45,9584.144
2026-05-07 14:00,9584.144
2026-05-07 14:15,9584.181
2026-05-07 14:30,9584.193
2026-05-07 14:45,9584.193
2026-05-07 15:00,9584.193
2026-05-07 15:15,9584.193
2026-05-07 15:30,9584.193
2026-05-07 15:45,9584.193
2026-05-07 16:00,9584.193
2026-05-07 16:15,9584.193
2026-05-07 16:30,9584.193
2026-05-07 16:45,9584.250
2026-05-07 17:00,9584.284
2026-05-07 17:15,9584.323
2026-05-07 17:30,9584.323
2026-05-07 17:45,9584.323
2026-05-07 18:00,9584.323
2026-05-07 18:15,9584.347
2026-05-07 18:30,9584.347
2026-05-07 18:45,9584.347
2026-05-07 19:00,9584.347
2026-05-07 19:15,9584.347
2026-05-07 19:30,9584.565
2026-05-07 19:45,9584.565
2026-05-07 20:00,9584.565
2026-05-07 20:15,9584.565
2026-05-07 20:30,9584.565
2026-05-07 20:45,9584.565
2026-05-07 21:00,9584.565
2026-05-07 21:15,9584.565
2026-05-07 21:30,9584.595
2026-05-07 21:45,9584.773
2026-05-07 22:00,9585.340
2026-05-07 22:15,9585.515
2026-05-07 22:30,9585.515
2026-05-07 22:45,9585.587
2026-05-07 23:00,9585.587
2026-05-07 23:15,9585.587
2026-05-07 23:30,9585.705
2026-05-07 23:45,9585.705
2026-05-08 00:00,9585.705
2026-05-08 00:15,9585.848
2026-05-08 00:30,9585.848
2026-05-08 00:45,9585.848
2026-05-08 01:00,9585.848
2026-05-08 01:15,9585.848
2026-05-08 01:30,9585.848
2026-05-08 01:45,9585.848
2026-05-08 02:00,9585.848
2026-05-08 02:15,9585.848
2026-05-08 02:30,9585.880
2026-05-08 02:45,9585.880
2026-05-08 03:00,9585.880
2026-05-08 03:15,9585.880
2026-05-08 03:30,9585.880
2026-05-08 03:45,9585.915
2026-05-08 04:00,9585.915
2026-05-08 04:15,9585.915
2026-05-08 04:30,9585.915
2026-05-08 04:45,9585.983
2026-05-08 05:00,9585.983
2026-05-08 05:15,9585.983
2026-05-08 05:30,9586.021
2026-05-08 05:45,9586.069
2026-05-08 06:00,9586.069
2026-05-08 06:15,9586.069
2026-05-08 06:30,9586.069
2026-05-08 06:45,9586.174
2026-05-08 07:00,9586.174
2026-05-08 07:15,9586.174
2026-05-08 07:30,9586.174
2026-05-08 07:45,9586.369
2026-05-08 08:00,9586.485
2026-05-08 08:15,9586.485
2026-05-08 08:30,9586.485
2026-05-08 08:45,9586.485
2026-05-08 09:00,9586.485
2026-05-08 09:15,9586.540
2026-05-08 09:30,9586.540
2026-05-08 09:45,9586.540
2026-05-08 10:00,9586.540
2026-05-08 10:15,9586.540
2026-05-08 10:30,9586.577
2026-05-08 10:45,9586.577
2026-05-08 11:00,9586.577
2026-05-08 11:15,9586.577
2026-05-08 11:30,9586.577
2026-05-08 11:45,9586.577
2026-05-08 12:00,9586.577
2026-05-08 12:15,9586.628
2026-05-08 12:30,9586.628
2026-05-08 12:45,9586.628
2026-05-08 13:00,9586.628
2026-05-08 13:15,9586.628
2026-05-08 13:30,9586.628
2026-05-08 13:45,9586.628
2026-05-08 14:00,9586.628
2026-05-08 14:15,9586.628
2026-05-08 14:30,9586.628
2026-05-08 14:45,9586.628
2026-05-08 15:00,9586.628
2026-05-08 15:15,9586.668
2026-05-08 15:30,9586.668
2026-05-08 15:45,9586.668
2026-05-08 16:00,9586.668
2026-05-08 16:15,9586.691
2026-05-08 16:30,9586.691
2026-05-08 16:45,9586.691
2026-05-08 17:00,9586.691
2026-05-08 17:15,9586.691
2026-05-08 17:30,9586.691
2026-05-08 17:45,9586.696
2026-05-08 18:00,9586.793
2026-05-08 18:15,9586.813
2026-05-08 18:30,9586.813
2026-05-08 18:45,9586.813
2026-05-08 19:00,9586.813
2026-05-08 19:15,9586.813
2026-05-08 19:30,9586.813
2026-05-08 19:45,9586.813
2026-05-08 20:00,9586.813
2026-05-08 20:15,9586.813
2026-05-08 20:30,9586.813
2026-05-08 20:45,9586.845
2026-05-08 21:00,9586.845
2026-05-08 21:15,9586.845
2026-05-08 21:30,9586.845
2026-05-08 21:45,9586.845
2026-05-08 22:00,9586.873
2026-05-08 22:15,9586.880
2026-05-08 22:30,9586.880
2026-05-08 22:45,9586.880
2026-05-08 23:00,9586.880
2026-05-08 23:15,9586.880
2026-05-08 23:30,9586.880
2026-05-08 23:45,9586.909
2026-05-09 00:00,9586.909
2026-05-09 00:15,9586.909
2026-05-09 00:30,9586.909
2026-05-09 00:45,9586.909
2026-05-09 01:00,9586.909
2026-05-09 01:15,9586.909
2026-05-09 01:30,9586.909
2026-05-09 01:45,9586.950
2026-05-09 02:00,9586.950
2026-05-09 02:15,9586.950
2026-05-09 02:30,9586.950
2026-05-09 02:45,9586.950
2026-05-09 03:00,9586.950
2026-05-09 03:15,9586.950
2026-05-09 03:30,9586.950
2026-05-09 03:45,9586.950
2026-05-09 04:00,9586.981
2026-05-09 04:15,9586.981
2026-05-09 04:30,9586.981
2026-05-09 04:45,9586.981
2026-05-09 05:00,9586.981
2026-05-09 05:15,9587.015
2026-05-09 05:30,9587.015
2026-05-09 05:45,9587.015
2026-05-09 06:00,9587.015
2026-05-09 06:15,9587.015
2026-05-09 06:30,9587.015
2026-05-09 06:45,9587.015
2026-05-09 07:00,9587.015
2026-05-09 07:15,9587.046
2026-05-09 07:30,9587.046
2026-05-09 07:45,9587.046
2026-05-09 08:00,9587.046
2026-05-09 08:15,9587.137
2026-05-09 08:30,9587.137
2026-05-09 08:45,9587.684
2026-05-09 09:00,9587.967
2026-05-09 09:15,9587.967
2026-05-09 09:30,9587.967
2026-05-09 09:45,9587.967
2026-05-09 10:00,9587.967
2026-05-09 10:15,9588.059
2026-05-09 10:30,9588.113
2026-05-09 10:45,9588.113
2026-05-09 11:00,9588.113
2026-05-09 11:15,9588.113
2026-05-09 11:30,9588.113
2026-05-09 11:45,9588.113
2026-05-09 12:00,9588.113
2026-05-09 12:15,9588.113
2026-05-09 12:30,9588.113
2026-05-09 12:45,9588.113
2026-05-09 13:00,9588.159
2026-05-09 13:15,9588.173
2026-05-09 13:30,9588.173
2026-05-09 13:45,9588.173
2026-05-09 14:00,9588.173
2026-05-09 14:15,9588.173
2026-05-09 14:30,9588.173
2026-05-09 14:45,9588.173
2026-05-09 15:00,9588.173
2026-05-09 15:15,9588.173
2026-05-09 15:30,9588.173
2026-05-09 15:45,9588.173
2026-05-09 16:00,9588.220
2026-05-09 16:15,9588.220
2026-05-09 16:30,9588.220
2026-05-09 16:45,9588.220
2026-05-09 17:00,9588.220
2026-05-09 17:15,9588.220
2026-05-09 17:30,9588.220
2026-05-09 17:45,9588.220
2026-05-09 18:00,9588.220
2026-05-09 18:15,9588.220
2026-05-09 18:30,9588.252
2026-05-09 18:45,9588.252
2026-05-09 19:00,9588.252
2026-05-09 19:15,9588.252
2026-05-09 19:30,9588.252
2026-05-09 19:45,9588.287
2026-05-09 20:00,9588.287
2026-05-09 20:15,9588.287
2026-05-09 20:30,9588.287
2026-05-09 20:45,9588.623
2026-05-09 21:00,9588.935
2026-05-09 21:15,9588.935
2026-05-09 21:30,9588.935
2026-05-09 21:45,9588.935
2026-05-09 22:00,9588.935
2026-05-09 22:15,9588.970
2026-05-09 22:30,9588.970
2026-05-09 22:45,9588.970
2026-05-09 23:00,9588.970
2026-05-09 23:15,9588.970
2026-05-09 23:30,9588.970
2026-05-09 23:45,9588.970
2026-05-10 00:00,9588.995
2026-05-10 00:15,9588.995
2026-05-10 00:30,9588.995
2026-05-10 00:45,9588.995
2026-05-10 01:00,9588.995
2026-05-10 01:15,9588.995
2026-05-10 01:30,9588.995
2026-05-10 01:45,9589.040
2026-05-10 02:00,9589.040
2026-05-10 02:15,9589.040
2026-05-10 02:30,9589.040
2026-05-10 02:45,9589.040
2026-05-10 03:00,9589.040
2026-05-10 03:15,9589.040
2026-05-10 03:30,9589.040
2026-05-10 03:45,9589.040
2026-05-10 04:00,9589.040
2026-05-10 04:15,9589.071
2026-05-10 04:30,9589.071
2026-05-10 04:45,9589.071
2026-05-10 05:00,9589.071
2026-05-10 05:15,9589.088
2026-05-10 05:30,9589.105
2026-05-10 05:45,9589.105
2026-05-10 06:00,9589.105
2026-05-10 06:15,9589.105
2026-05-10 06:30,9589.105
2026-05-10 06:45,9589.105
2026-05-10 07:00,9589.134
2026-05-10 07:15,9589.134
2026-05-10 07:30,9589.134
2026-05-10 07:45,9589.134
2026-05-10 08:00,9589.134
2026-05-10 08:15,9589.134
2026-05-10 08:30,9589.164
2026-05-10 08:45,9589.173
2026-05-10 09:00,9589.173
2026-05-10 09:15,9589.431
2026-05-10 09:30,9589.492
2026-05-10 09:45,9589.502
2026-05-10 10:00,9589.541
2026-05-10 10:15,9589.541
2026-05-10 10:30,9589.541
2026-05-10 10:45,9589.541
2026-05-10 11:00,9589.541
2026-05-10 11:15,9589.541
2026-05-10 11:30,9589.541
2026-05-10 11:45,9589.541
2026-05-10 12:00,9589.541
2026-05-10 12:15,9589.594
2026-05-10 12:30,9589.594
2026-05-10 12:45,9589.594
2026-05-10 13:00,9589.594
2026-05-10 13:15,9589.594
2026-05-10 13:30,9589.594
2026-05-10 13:45,9589.594
2026-05-10 14:00,9589.594
2026-05-10 14:15,9589.594
2026-05-10 14:30,9589.594
2026-05-10 14:45,9589.626
2026-05-10 15:00,9589.626
2026-05-10 15:15,9589.626
2026-05-10 15:30,9589.626
2026-05-10 15:45,9589.626
2026-05-10 16:00,9589.661
2026-05-10 16:15,9589.661
2026-05-10 16:30,9589.661
2026-05-10 16:45,9589.661
2026-05-10 17:00,9589.661
2026-05-10 17:15,9589.661
2026-05-10 17:30,9589.700
2026-05-10 17:45,9589.700
2026-05-10 18:00,9589.700
2026-05-10 18:15,9589.700
2026-05-10 18:30,9589.700
2026-05-10 18:45,9589.700
2026-05-10 19:00,9589.736
2026-05-10 19:15,9589.740
2026-05-10 19:30,9589.740
2026-05-10 19:45,9589.740
2026-05-10 20:00,9589.740
2026-05-10 20:15,9589.740
2026-05-10 20:30,9589.740
2026-05-10 20:45,9589.740
2026-05-10 21:00,9589.740
2026-05-10 21:15,9589.772
2026-05-10 21:30,9589.772
2026-05-10 21:45,9589.772
2026-05-10 22:00,9589.772
2026-05-10 22:15,9589.772
2026-05-10 22:30,9589.772
2026-05-10 22:45,9589.807
2026-05-10 23:00,9589.807
2026-05-10 23:15,9589.807
2026-05-10 23:30,9589.807
2026-05-10 23:45,9589.807
2026-05-11 00:00,9589.807
2026-05-11 00:15,9589.807
2026-05-11 00:30,9589.838
2026-05-11 00:45,9589.838
2026-05-11 01:00,9589.838
2026-05-11 01:15,9589.838
2026-05-11 01:30,9589.838
2026-05-11 01:45,9589.838
2026-05-11 02:00,9589.838
2026-05-11 02:15,9589.882
2026-05-11 02:30,9589.882
2026-05-11 02:45,9589.882
2026-05-11 03:00,9589.882
2026-05-11 03:15,9589.882
2026-05-11 03:30,9589.882
2026-05-11 03:45,9589.882
2026-05-11 04:00,9589.882
2026-05-11 04:15,9589.882
2026-05-11 04:30,9589.882
2026-05-11 04:45,9589.914
2026-05-11 05:00,9589.914
2026-05-11 05:15,9589.914
2026-05-11 05:30,9589.914
2026-05-11 05:45,9589.941
2026-05-11 06:00,9589.949
2026-05-11 06:15,9589.949
2026-05-11 06:30,9589.949
2026-05-11 06:45,9589.949
2026-05-11 07:00,9590.031
2026-05-11 07:15,9590.031
2026-05-11 07:30,9590.068
2026-05-11 07:45,9590.068
2026-05-11 08:00,9590.068
2026-05-11 08:15,9590.068
2026-05-11 08:30,9590.068
2026-05-11 08:45,9590.068
2026-05-11 09:00,9590.068
2026-05-11 09:15,9590.105
2026-05-11 09:30,9590.105
2026-05-11 09:45,9590.105
2026-05-11 10:00,9590.141
2026-05-11 10:15,9590.141
2026-05-11 10:30,9590.141
2026-05-11 10:45,9590.141
2026-05-11 11:00,9590.179
2026-05-11 11:15,9590.179
2026-05-11 11:30,9590.179
2026-05-11 11:45,9590.179
2026-05-11 12:00,9590.179
2026-05-11 12:15,9590.179
2026-05-11 12:30,9590.337
2026-05-11 12:45,9590.465
2026-05-11 13:00,9590.465
2026-05-11 13:15,9590.465
2026-05-11 13:30,9590.465
2026-05-11 13:45,9590.515
2026-05-11 14:00,9590.515
2026-05-11 14:15,9590.515
2026-05-11 14:30,9590.515
2026-05-11 14:45,9590.515
2026-05-11 15:00,9590.586
2026-05-11 15:15,9590.596
2026-05-11 15:30,9590.596
2026-05-11 15:45,9590.636
2026-05-11 16:00,9590.636
2026-05-11 16:15,9590.636
2026-05-11 16:30,9590.636
2026-05-11 16:45,9590.636
2026-05-11 17:00,9590.636
2026-05-11 17:15,9590.636
2026-05-11 17:30,9590.666
2026-05-11 17:45,9590.666
2026-05-11 18:00,9590.666
2026-05-11 18:15,9590.666
2026-05-11 18:30,9590.666
2026-05-11 18:45,9590.701
2026-05-11 19:00,9590.701
2026-05-11 19:15,9590.701
2026-05-11 19:30,9590.701
2026-05-11 19:45,9590.701
2026-05-11 20:00,9590.701
2026-05-11 20:15,9590.730
2026-05-11 20:30,9590.730
2026-05-11 20:45,9590.730
2026-05-11 21:00,9590.730
2026-05-11 21:15,9590.730
2026-05-11 21:30,9590.730
2026-05-11 21:45,9590.767
2026-05-11 22:00,9590.767
2026-05-11 22:15,9590.767
2026-05-11 22:30,9590.789
2026-05-11 22:45,9590.840
2026-05-11 23:00,9590.840
2026-05-11 23:15,9590.878
2026-05-11 23:30,9590.928
2026-05-11 23:45,9590.928
2026-05-12 00:00,9590.928
2026-05-12 00:15,9590.928
2026-05-12 00:30,9591.018
2026-05-12 00:45,9591.043
2026-05-12 01:00,9591.043
2026-05-12 01:15,9591.043
2026-05-12 01:30,9591.096
2026-05-12 01:45,9591.096
2026-05-12 02:00,9591.096
2026-05-12 02:15,9591.151
2026-05-12 02:30,9591.151
2026-05-12 02:45,9591.151
2026-05-12 03:00,9591.151
2026-05-12 03:15,9591.264
2026-05-12 03:30,9591.264
2026-05-12 03:45,9591.264
2026-05-12 04:00,9591.305
2026-05-12 04:15,9591.305
2026-05-12 04:30,9591.305
2026-05-12 04:45,9591.305
2026-05-12 05:00,9591.358
2026-05-12 05:15,9591.358
2026-05-12 05:30,9591.358
2026-05-12 05:45,9591.450
2026-05-12 06:00,9591.465
2026-05-12 06:15,9591.465
2026-05-12 06:30,9591.465
2026-05-12 06:45,9591.511
2026-05-12 07:00,9591.511
2026-05-12 07:15,9591.511
2026-05-12 07:30,9591.511
2026-05-12 07:45,9591.511
2026-05-12 08:00,9591.511
2026-05-12 08:15,9591.542
2026-05-12 08:30,9591.564
2026-05-12 08:45,9591.645
2026-05-12 09:00,9591.645
2026-05-12 09:15,9591.645
2026-05-12 09:30,9591.645
2026-05-12 09:45,9591.687
2026-05-12 10:00,9591.687
2026-05-12 10:15,9591.687
2026-05-12 10:30,9591.687
2026-05-12 10:45,9591.687
2026-05-12 11:00,9591.749
2026-05-12 11:15,9591.775
2026-05-12 11:30,9591.784
2026-05-12 11:45,9591.784
2026-05-12 12:00,9591.784
2026-05-12 12:15,9591.784
2026-05-12 12:30,9591.784
2026-05-12 12:45,9591.784
2026-05-12 13:00,9591.784
2026-05-12 13:15,9591.784
2026-05-12 13:30,9591.784
2026-05-12 13:45,9591.784
2026-05-12 14:00,9591.845
2026-05-12 14:15,9591.892
2026-05-12 14:30,9591.892
2026-05-12 14:45,9591.892
2026-05-12 15:00,9591.892
2026-05-12 15:15,9591.892
2026-05-12 15:30,9591.892
2026-05-12 15:45,9591.892
2026-05-12 16:00,9591.892
2026-05-12 16:15,9591.892
2026-05-12 16:30,9591.892
2026-05-12 16:45,9591.947
2026-05-12 17:00,9591.947
2026-05-12 17:15,9591.947
2026-05-12 17:30,9591.947
2026-05-12 17:45,9591.947
2026-05-12 18:00,9591.947
2026-05-12 18:15,9591.999
2026-05-12 18:30,9591.999
2026-05-12 18:45,9591.999
2026-05-12 19:00,9591.999
2026-05-12 19:15,9591.999
2026-05-12 19:30,9592.038
2026-05-12 19:45,9592.038
2026-05-12 20:00,9592.038
2026-05-12 20:15,9592.071
2026-05-12 20:30,9592.115
2026-05-12 20:45,9592.115
2026-05-12 21:00,9592.115
2026-05-12 21:15,9592.115
2026-05-12 21:30,9592.115
2026-05-12 21:45,9592.115
2026-05-12 22:00,9592.153
2026-05-12 22:15,9592.153
2026-05-12 22:30,9592.210
2026-05-12 22:45,9592.210
2026-05-12 23:00,9592.210
2026-05-12 23:15,9592.210
2026-05-12 23:30,9592.210
2026-05-12 23:45,9592.210
2026-05-13 00:00,9592.210
2026-05-13 00:15,9592.210
2026-05-13 00:30,9592.210
2026-05-13 00:45,9592.210
2026-05-13 01:00,9592.210
2026-05-13 01:15,9592.210
2026-05-13 01:30,9592.210
2026-05-13 01:45,9592.210
2026-05-13 02:00,9592.267
2026-05-13 02:15,9592.277
2026-05-13 02:30,9592.277
2026-05-13 02:45,9592.277
2026-05-13 03:00,9592.277
2026-05-13 03:15,9592.345
2026-05-13 03:30,9592.345
2026-05-13 03:45,9592.345
2026-05-13 04:00,9592.441
2026-05-13 04:15,9592.475
2026-05-13 04:30,9592.475
2026-05-13 04:45,9592.475
2026-05-13 05:00,9592.530
2026-05-13 05:15,9592.530
2026-05-13 05:30,9592.530
2026-05-13 05:45,9592.530
2026-05-13 06:00,9592.590
2026-05-13 06:15,9592.590
2026-05-13 06:30,9592.590
2026-05-13 06:45,9592.651
2026-05-13 07:00,9592.651
2026-05-13 07:15,9592.713
2026-05-13 07:30,9592.713
2026-05-13 07:45,9592.713
2026-05-13 08:00,9592.713
2026-05-13 08:15,9592.952
2026-05-13 08:30,9592.952
2026-05-13 08:45,9592.952
2026-05-13 09:00,9592.952
2026-05-13 09:15,9592.952
2026-05-13 09:30,9593.003
2026-05-13 09:45,9593.003
2026-05-13 10:00,9593.003
2026-05-13 10:15,9593.003
2026-05-13 10:30,9593.003
2026-05-13 10:45,9593.003
2026-05-13 11:00,9593.003
2026-05-13 11:15,9593.003
2026-05-13 11:30,9593.003
2026-05-13 11:45,9593.053
2026-05-13 12:00,9593.053
2026-05-13 12:15,9593.105
2026-05-13 12:30,9593.105
2026-05-13 12:45,9593.105
2026-05-13 13:00,9593.126
2026-05-13 13:15,9593.136
2026-05-13 13:30,9593.136
2026-05-13 13:45,9593.136
2026-05-13 14:00,9593.176
2026-05-13 14:15,9593.176
2026-05-13 14:30,9593.176
2026-05-13 14:45,9593.214
2026-05-13 15:00,9593.214
2026-05-13 15:15,9593.214
2026-05-13 15:30,9593.256
2026-05-13 15:45,9593.300
2026-05-13 16:00,9593.300
2026-05-13 16:15,9593.300
2026-05-13 16:30,9593.300
2026-05-13 16:45,9593.300
2026-05-13 17:00,9593.300
2026-05-13 17:15,9593.300
2026-05-13 17:30,9593.330
2026-05-13 17:45,9593.330
2026-05-13 18:00,9593.330
2026-05-13 18:15,9593.330
2026-05-13 18:30,9593.330
2026-05-13 18:45,9593.340
2026-05-13 19:00,9593.340
2026-05-13 19:15,9593.531
2026-05-13 19:30,9593.631
2026-05-13 19:45,9593.707
2026-05-13 20:00,9593.707
2026-05-13 20:15,9593.707
2026-05-13 20:30,9593.707
2026-05-13 20:45,9593.707
2026-05-13 21:00,9593.707
2026-05-13 21:15,9593.707
2026-05-13 21:30,9593.707
2026-05-13 21:45,9593.746
2026-05-13 22:00,9593.746
2026-05-13 22:15,9593.746
2026-05-13 22:30,9593.746
2026-05-13 22:45,9593.780
2026-05-13 23:00,9593.780
2026-05-13 23:15,9593.780
2026-05-13 23:30,9593.780
2026-05-13 23:45,9593.780
2026-05-14 00:00,9593.780
2026-05-14 00:15,9593.780
2026-05-14 00:30,9593.811
2026-05-14 00:45,9593.811
2026-05-14 01:00,9593.811
2026-05-14 01:15,9593.811
2026-05-14 01:30,9593.811
2026-05-14 01:45,9593.840
2026-05-14 02:00,9593.847
2026-05-14 02:15,9593.847
2026-05-14 02:30,9593.847
2026-05-14 02:45,9593.847
2026-05-14 03:00,9593.847
2026-05-14 03:15,9593.847
2026-05-14 03:30,9593.875
2026-05-14 03:45,9593.875
2026-05-14 04:00,9593.875
2026-05-14 04:15,9593.875
2026-05-14 04:30,9593.875
2026-05-14 04:45,9593.875
2026-05-14 05:00,9593.875
2026-05-14 05:15,9593.921
2026-05-14 05:30,9593.921
2026-05-14 05:45,9593.921
2026-05-14 06:00,9593.921
2026-05-14 06:15,9593.921
2026-05-14 06:30,9593.921
2026-05-14 06:45,9593.921
2026-05-14 07:00,9594.024
2026-05-14 07:15,9594.024
2026-05-14 07:30,9594.024
2026-05-14 07:45,9594.063
2026-05-14 08:00,9594.063
2026-05-14 08:15,9594.063
2026-05-14 08:30,9594.063
2026-05-14 08:45,9594.089
2026-05-14 09:00,9594.089
2026-05-14 09:15,9594.089
2026-05-14 09:30,9594.089
2026-05-14 09:45,9594.089
2026-05-14 10:00,9594.089
2026-05-14 10:15,9594.089
2026-05-14 10:30,9594.124
2026-05-14 10:45,9594.124
2026-05-14 11:00,9594.124
2026-05-14 11:15,9594.124
2026-05-14 11:30,9594.198
2026-05-14 11:45,9594.198
2026-05-14 12:00,9594.198
2026-05-14 12:15,9594.198
2026-05-14 12:30,9594.198
2026-05-14 12:45,9594.198
2026-05-14 13:00,9594.266
2026-05-14 13:15,9594.268
2026-05-14 13:30,9594.268
2026-05-14 13:45,9594.268
2026-05-14 14:00,9594.268
2026-05-14 14:15,9594.302
2026-05-14 14:30,9594.302
2026-05-14 14:45,9594.302
2026-05-14 15:00,9594.354
2026-05-14 15:15,9594.354
2026-05-14 15:30,9594.354
2026-05-14 15:45,9594.395
2026-05-14 16:00,9594.395
2026-05-14 16:15,9594.395
2026-05-14 16:30,9594.395
2026-05-14 16:45,9594.395
2026-05-14 17:00,9594.395
2026-05-14 17:15,9594.395
2026-05-14 17:30,9594.395
2026-05-14 17:45,9594.487
2026-05-14 18:00,9594.487
2026-05-14 18:15,9594.487
2026-05-14 18:30,9594.487
2026-05-14 18:45,9594.487
2026-05-14 19:00,9594.487
2026-05-14 19:15,9594.487
2026-05-14 19:30,9594.487
2026-05-14 19:45,9594.487
2026-05-14 20:00,9594.587
2026-05-14 20:15,9594.587
2026-05-14 20:30,9594.587
2026-05-14 20:45,9594.688
2026-05-14 21:00,9594.710
2026-05-14 21:15,9594.710
2026-05-14 21:30,9594.710
2026-05-14 21:45,9594.710
2026-05-14 22:00,9594.710
2026-05-14 22:15,9594.710
2026-05-14 22:30,9595.370
2026-05-14 22:45,9595.507
2026-05-14 23:00,9595.507
2026-05-14 23:15,9595.507
2026-05-14 23:30,9595.507
2026-05-14 23:45,9595.507
2026-05-15 00:00,9595.507
2026-05-15 00:15,9595.507
2026-05-15 00:30,9595.507
2026-05-15 00:45,9595.540
2026-05-15 01:00,9595.540
2026-05-15 01:15,9595.540
2026-05-15 01:30,9595.540
2026-05-15 01:45,9595.540
2026-05-15 02:00,9595.540
2026-05-15 02:15,9595.575
2026-05-15 02:30,9595.575
2026-05-15 02:45,9595.575
2026-05-15 03:00,9595.575
2026-05-15 03:15,9595.575
2026-05-15 03:30,9595.575
2026-05-15 03:45,9595.575
2026-05-15 04:00,9595.607
2026-05-15 04:15,9595.607
2026-05-15 04:30,9595.607
2026-05-15 04:45,9595.607
2026-05-15 05:00,9595.607
2026-05-15 05:15,9595.607
2026-05-15 05:30,9595.651
2026-05-15 05:45,9595.651
2026-05-15 06:00,9595.651
2026-05-15 06:15,9595.766
2026-05-15 06:30,9595.766
2026-05-15 06:45,9595.766
2026-05-15 07:00,9595.907
2026-05-15 07:15,9595.907
2026-05-15 07:30,9595.907
2026-05-15 07:45,9595.945
2026-05-15 08:00,9595.945
2026-05-15 08:15,9595.945
2026-05-15 08:30,9595.945
2026-05-15 08:45,9595.945
2026-05-15 09:00,9595.975
2026-05-15 09:15,9595.975
2026-05-15 09:30,9595.975
2026-05-15 09:45,9596.009
2026-05-15 10:00,9596.009
2026-05-15 10:15,9596.009
2026-05-15 10:30,9596.046
2026-05-15 10:45,9596.070
2026-05-15 11:00,9596.320
2026-05-15 11:15,9596.441
2026-05-15 11:30,9596.441
2026-05-15 11:45,9596.588
2026-05-15 12:00,9596.588
2026-05-15 12:15,9596.631
2026-05-15 12:30,9596.631
2026-05-15 12:45,9596.631
2026-05-15 13:00,9596.631
2026-05-15 13:15,9596.631
2026-05-15 13:30,9596.631
2026-05-15 13:45,9596.691
2026-05-15 14:00,9596.691
2026-05-15 14:15,9596.814
2026-05-15 14:30,9596.814
2026-05-15 14:45,9596.814
2026-05-15 15:00,9596.814
2026-05-15 15:15,9596.814
2026-05-15 15:30,9596.814
2026-05-15 15:45,9596.814
2026-05-15 16:00,9596.880
2026-05-15 16:15,9596.880
2026-05-15 16:30,9596.957
2026-05-15 16:45,9596.996
2026-05-15 17:00,9596.996
2026-05-15 17:15,9597.014
2026-05-15 17:30,9597.021
2026-05-15 17:45,9597.021
2026-05-15 18:00,9597.021
2026-05-15 18:15,9597.021
2026-05-15 18:30,9597.021
2026-05-15 18:45,9597.021
2026-05-15 19:00,9597.021
2026-05-15 19:15,9597.163
2026-05-15 19:30,9597.163
2026-05-15 19:45,9597.213
2026-05-15 20:00,9597.224
2026-05-15 20:15,9597.224
2026-05-15 20:30,9597.224
2026-05-15 20:45,9597.224
2026-05-15 21:00,9597.224
2026-05-15 21:15,9597.224
2026-05-15 21:30,9597.224
2026-05-15 21:45,9597.224
2026-05-15 22:00,9597.278
2026-05-15 22:15,9597.278
2026-05-15 22:30,9597.278
2026-05-15 22:45,9597.278
2026-05-15 23:00,9597.278
2026-05-15 23:15,9597.278
2026-05-15 23:30,9597.278
2026-05-15 23:45,9597.278
2026-05-16 00:00,9597.278
2026-05-16 00:15,9597.278
2026-05-16 00:30,9597.312
2026-05-16 00:45,9597.312
2026-05-16 01:00,9597.312
2026-05-16 01:15,9597.312
2026-05-16 01:30,9597.339
2026-05-16 01:45,9597.339
2026-05-16 02:00,9597.339
2026-05-16 02:15,9597.339
2026-05-16 02:30,9597.339
2026-05-16 02:45,9597.339
2026-05-16 03:00,9597.375
2026-05-16 03:15,9597.375
2026-05-16 03:30,9597.375
2026-05-16 03:45,9597.375
2026-05-16 04:00,9597.375
2026-05-16 04:15,9597.375
2026-05-16 04:30,9597.403
2026-05-16 04:45,9597.403
2026-05-16 05:00,9597.403
2026-05-16 05:15,9597.403
2026-05-16 05:30,9597.403
2026-05-16 05:45,9597.529
2026-05-16 06:00,9597.529
2026-05-16 06:15,9597.529
2026-05-16 06:30,9597.529
2026-05-16 06:45,9597.529
2026-05-16 07:00,9597.554
2026-05-16 07:15,9597.554
2026-05-16 07:30,9597.603
2026-05-16 07:45,9597.603
2026-05-16 08:00,9597.603
2026-05-16 08:15,9597.692
2026-05-16 08:30,9597.692
2026-05-16 08:45,9597.752
2026-05-16 09:00,9597.752
2026-05-16 09:15,9597.752
2026-05-16 09:30,9597.752
2026-05-16 09:45,9597.752
2026-05-16 10:00,9597.752
2026-05-16 10:15,9597.799
2026-05-16 10:30,9597.799
2026-05-16 10:45,9597.799
2026-05-16 11:00,9597.799
2026-05-16 11:15,9597.799
2026-05-16 11:30,9597.912
2026-05-16 11:45,9597.912
2026-05-16 12:00,9597.912
2026-05-16 12:15,9597.912
2026-05-16 12:30,9597.912
2026-05-16 12:45,9597.912
2026-05-16 13:00,9597.912
2026-05-16 13:15,9597.912
2026-05-16 13:30,9597.912
2026-05-16 13:45,9597.912
2026-05-16 14:00,9597.912
2026-05-16 14:15,9597.953
2026-05-16 14:30,9598.005
2026-05-16 14:45,9598.005
2026-05-16 15:00,9598.042
2026-05-16 15:15,9598.042
2026-05-16 15:30,9598.042
2026-05-16 15:45,9598.042
2026-05-16 16:00,9598.042
2026-05-16 16:15,9598.042
2026-05-16 16:30,9598.042
2026-05-16 16:45,9598.042
2026-05-16 17:00,9598.081
2026-05-16 17:15,9598.081
2026-05-16 17:30,9598.081
2026-05-16 17:45,9598.081
2026-05-16 18:00,9598.081
2026-05-16 18:15,9598.109
2026-05-16 18:30,9598.109
2026-05-16 18:45,9598.109
2026-05-16 19:00,9598.123
2026-05-16 19:15,9598.215
2026-05-16 19:30,9598.215
2026-05-16 19:45,9598.215
2026-05-16 20:00,9598.267
2026-05-16 20:15,9598.333
2026-05-16 20:30,9598.339
2026-05-16 20:45,9598.339
2026-05-16 21:00,9598.408
2026-05-16 21:15,9598.408
2026-05-16 21:30,9598.450
2026-05-16 21:45,9598.450
2026-05-16 22:00,9598.450
2026-05-16 22:15,9598.450
2026-05-16 22:30,9598.450
2026-05-16 22:45,9598.450
2026-05-16 23:00,9598.472
2026-05-16 23:15,9598.503
2026-05-16 23:30,9598.503
2026-05-16 23:45,9598.503
2026-05-17 00:00,9598.503
2026-05-17 00:15,9598.503
2026-05-17 00:30,9598.503
2026-05-17 00:45,9598.503
2026-05-17 01:00,9598.503
2026-05-17 01:15,9598.503
2026-05-17 01:30,9598.503
2026-05-17 01:45,9598.503
2026-05-17 02:00,9598.552
2026-05-17 02:15,9598.552
2026-05-17 02:30,9598.552
2026-05-17 02:45,9598.552
2026-05-17 03:00,9598.552
2026-05-17 03:15,9598.552
2026-05-17 03:30,9598.552
2026-05-17 03:45,9598.552
2026-05-17 04:00,9598.552
2026-05-17 04:15,9598.552
2026-05-17 04:30,9598.552
2026-05-17 04:45,9598.647
2026-05-17 05:00,9598.647
2026-05-17 05:15,9598.647
2026-05-17 05:30,9598.647
2026-05-17 05:45,9598.704
2026-05-17 06:00,9598.704
2026-05-17 06:15,9598.743
2026-05-17 06:30,9598.789
2026-05-17 06:45,9598.789
2026-05-17 07:00,9598.789
2026-05-17 07:15,9598.847
2026-05-17 07:30,9598.847
2026-05-17 07:45,9598.907
2026-05-17 08:00,9598.917
2026-05-17 08:15,9598.917
2026-05-17 08:30,9598.917
2026-05-17 08:45,9598.917
2026-05-17 09:00,9598.917
2026-05-17 09:15,9598.917
2026-05-17 09:30,9598.917
2026-05-17 09:45,9598.917
2026-05-17 10:00,9598.917
2026-05-17 10:15,9598.917
2026-05-17 10:30,9598.969
2026-05-17 10:45,9598.969
2026-05-17 11:00,9598.969
2026-05-17 11:15,9599.184
2026-05-17 11:30,9599.782
2026-05-17 11:45,9599.783
2026-05-17 12:00,9599.818
2026-05-17 12:15,9599.818
2026-05-17 12:30,9599.818
2026-05-17 12:45,9599.861
2026-05-17 13:00,9599.861
2026-05-17 13:15,9599.861
2026-05-17 13:30,9599.861
2026-05-17 13:45,9599.861
2026-05-17 14:00,9599.920
2026-05-17 14:15,9599.955
2026-05-17 14:30,9599.955
2026-05-17 14:45,9599.955
2026-05-17 15:00,9599.955
2026-05-17 15:15,9599.955
2026-05-17 15:30,9599.955
2026-05-17 15:45,9599.955
2026-05-17 16:00,9599.955
2026-05-17 16:15,9599.955
2026-05-17 16:30,9599.955
2026-05-17 16:45,9600.008
2026-05-17 17:00,9600.008
2026-05-17 17:15,9600.008
2026-05-17 17:30,9600.008
2026-05-17 17:45,9600.008
2026-05-17 18:00,9600.008
2026-05-17 18:15,9600.008
2026-05-17 18:30,9600.008
2026-05-17 18:45,9600.008
2026-05-17 19:00,9600.008
2026-05-17 19:15,9600.040
2026-05-17 19:30,9600.040
2026-05-17 19:45,9600.040
2026-05-17 20:00,9600.040
2026-05-17 20:15,9600.040
2026-05-17 20:30,9600.076
2026-05-17 20:45,9600.076
2026-05-17 21:00,9600.076
2026-05-17 21:15,9600.076
2026-05-17 21:30,9600.076
2026-05-17 21:45,9600.076
2026-05-17 22:00,9600.114
2026-05-17 22:15,9600.114
2026-05-17 22:30,9600.114
2026-05-17 22:45,9600.114
2026-05-17 23:00,9600.114
2026-05-17 23:15,9600.114
2026-05-17 23:30,9600.114
2026-05-17 23:45,9600.157
2026-05-18 00:00,9600.157
2026-05-18 00:15,9600.157
2026-05-18 00:30,9600.157
2026-05-18 00:45,9600.157
2026-05-18 01:00,9600.157
2026-05-18 01:15,9600.157
2026-05-18 01:30,9600.157
2026-05-18 01:45,9600.189
2026-05-18 02:00,9600.189
2026-05-18 02:15,9600.189
2026-05-18 02:30,9600.189
2026-05-18 02:45,9600.189
2026-05-18 03:00,9600.189
2026-05-18 03:15,9600.226
2026-05-18 03:30,9600.233
2026-05-18 03:45,9600.233
2026-05-18 04:00,9600.233
2026-05-18 04:15,9600.233
2026-05-18 04:30,9600.233
2026-05-18 04:45,9600.233
2026-05-18 05:00,9600.233
2026-05-18 05:15,9600.233
2026-05-18 05:30,9600.233
2026-05-18 05:45,9600.265
2026-05-18 06:00,9600.265
2026-05-18 06:15,9600.265
2026-05-18 06:30,9600.265
2026-05-18 06:45,9600.265
2026-05-18 07:00,9600.301
2026-05-18 07:15,9600.301
2026-05-18 07:30,9600.301
2026-05-18 07:45,9600.301
2026-05-18 08:00,9600.301
2026-05-18 08:15,9600.301
2026-05-18 08:30,9600.330
2026-05-18 08:45,9600.330
2026-05-18 09:00,9600.330
2026-05-18 09:15,9600.330
2026-05-18 09:30,9600.330
2026-05-18 09:45,9600.330
2026-05-18 10:00,9600.330
2026-05-18 10:15,9600.375
2026-05-18 10:30,9600.375
2026-05-18 10:45,9600.375
2026-05-18 11:00,9600.375
2026-05-18 11:15,9600.375
2026-05-18 11:30,9600.375
2026-05-18 11:45,9600.375
2026-05-18 12:00,9600.421
2026-05-18 12:15,9600.421
2026-05-18 12:30,9600.421
2026-05-18 12:45,9600.460
2026-05-18 13:00,9600.460
2026-05-18 13:15,9600.460
2026-05-18 13:30,9600.460
2026-05-18 13:45,9600.494
2026-05-18 14:00,9600.494
2026-05-18 14:15,9600.494
2026-05-18 14:30,9600.494
2026-05-18 14:45,9600.494
2026-05-18 15:00,9600.494
2026-05-18 15:15,9600.494
2026-05-18 15:30,9600.525
2026-05-18 15:45,9600.525
2026-05-18 16:00,9600.525
2026-05-18 16:15,9600.525
2026-05-18 16:30,9600.525
2026-05-18 16:45,9600.525
2026-05-18 17:00,9600.562
2026-05-18 17:15,9600.569
2026-05-18 17:30,9600.569
2026-05-18 17:45,9600.569
2026-05-18 18:00,9600.569
2026-05-18 18:15,9600.569
2026-05-18 18:30,9600.569
2026-05-18 18:45,9600.569
2026-05-18 19:00,9600.569
2026-05-18 19:15,9600.600
2026-05-18 19:30,9600.600
2026-05-18 19:45,9600.600
2026-05-18 20:00,9600.600
2026-05-18 20:15,9600.600
2026-05-18 20:30,9600.622
2026-05-18 20:45,9600.636
2026-05-18 21:00,9600.636
2026-05-18 21:15,9600.636
2026-05-18 21:30,9600.636
2026-05-18 21:45,9600.636
2026-05-18 22:00,9600.636
2026-05-18 22:15,9600.636
2026-05-18 22:30,9600.667
2026-05-18 22:45,9600.667
2026-05-18 23:00,9600.667
2026-05-18 23:15,9600.667
2026-05-18 23:30,9600.667
2026-05-18 23:45,9600.667
2026-05-19 00:00,9600.707
2026-05-19 00:15,9600.707
2026-05-19 00:30,9600.707
2026-05-19 00:45,9600.707
2026-05-19 01:00,9600.707
2026-05-19 01:15,9600.707
2026-05-19 01:30,9600.707
2026-05-19 01:45,9600.707
2026-05-19 02:00,9600.738
2026-05-19 02:15,9600.738
2026-05-19 02:30,9600.738
2026-05-19 02:45,9600.738
2026-05-19 03:00,9600.738
2026-05-19 03:15,9600.738
2026-05-19 03:30,9600.781
2026-05-19 03:45,9600.781
2026-05-19 04:00,9600.781
2026-05-19 04:15,9600.781
2026-05-19 04:30,9600.781
2026-05-19 04:45,9600.781
2026-05-19 05:00,9600.781
2026-05-19 05:15,9600.781
2026-05-19 05:30,9600.781
2026-05-19 05:45,9600.894
2026-05-19 06:00,9600.894
2026-05-19 06:15,9600.894
2026-05-19 06:30,9600.952
2026-05-19 06:45,9601.003
2026-05-19 07:00,9601.003
2026-05-19 07:15,9601.003
2026-05-19 07:30,9601.003
2026-05-19 07:45,9601.003
2026-05-19 08:00,9601.003
2026-05-19 08:15,9601.003
2026-05-19 08:30,9601.044
2026-05-19 08:45,9601.044
2026-05-19 09:00,9601.082
2026-05-19 09:15,9601.082
2026-05-19 09:30,9601.082
2026-05-19 09:45,9601.082
2026-05-19 10:00,9601.082
2026-05-19 10:15,9601.082
2026-05-19 10:30,9601.123
2026-05-19 10:45,9601.123
2026-05-19 11:00,9601.123
2026-05-19 11:15,9601.123
2026-05-19 11:30,9601.123
2026-05-19 11:45,9601.123
2026-05-19 12:00,9601.123
2026-05-19 12:15,9601.123
2026-05-19 12:30,9601.123
2026-05-19 12:45,9601.155
2026-05-19 13:00,9601.155
2026-05-19 13:15,9601.155
2026-05-19 13:30,9601.155
2026-05-19 13:45,9601.155
2026-05-19 14:00,9601.181
2026-05-19 14:15,9601.194
2026-05-19 14:30,9601.194
2026-05-19 14:45,9601.194
2026-05-19 15:00,9601.194
2026-05-19 15:15,9601.194
2026-05-19 15:30,9601.194
2026-05-19 15:45,9601.194
2026-05-19 16:00,9601.194
2026-05-19 16:15,9601.233
2026-05-19 16:30,9601.233
2026-05-19 16:45,9601.233
2026-05-19 17:00,9601.233
2026-05-19 17:15,9601.233
2026-05-19 17:30,9601.268
2026-05-19 17:45,9601.268
2026-05-19 18:00,9601.268
2026-05-19 18:15,9601.268
2026-05-19 18:30,9601.268
2026-05-19 18:45,9601.268
2026-05-19 19:00,9601.268
2026-05-19 19:15,9601.268
2026-05-19 19:30,9601.300
2026-05-19 19:45,9601.300
2026-05-19 20:00,9601.300
2026-05-19 20:15,9601.300
2026-05-19 20:30,9601.300
2026-05-19 20:45,9601.300
2026-05-19 21:00,9601.336
2026-05-19 21:15,9601.336
2026-05-19 21:30,9601.336
2026-05-19 21:45,9601.336
2026-05-19 22:00,9601.336
2026-05-19 22:15,9601.343
2026-05-19 22:30,9601.400
2026-05-19 22:45,9601.400
2026-05-19 23:00,9601.400
2026-05-19 23:15,9601.400
2026-05-19 23:30,9601.400
2026-05-19 23:45,9601.400
2026-05-20 00:00,9601.400
2026-05-20 00:15,9601.400
2026-05-20 00:30,9601.400
2026-05-20 00:45,9601.400
2026-05-20 01:00,9601.400
2026-05-20 01:15,9601.400
2026-05-20 01:30,9601.400
2026-05-20 01:45,9601.400
2026-05-20 02:00,9601.400
2026-05-20 02:15,9601.400
2026-05-20 02:30,9601.400
2026-05-20 02:45,9601.400
2026-05-20 03:00,9601.400
2026-05-20 03:15,9601.400
2026-05-20 03:30,9601.400
2026-05-20 03:45,9601.400
2026-05-20 04:00,9601.400
2026-05-20 04:15,9601.400
2026-05-20 04:30,9601.439
2026-05-20 04:45,9601.462
2026-05-20 05:00,9601.462
2026-05-20 05:15,9601.462
2026-05-20 05:30,9601.462
2026-05-20 05:45,9601.462
2026-05-20 06:00,9601.462
2026-05-20 06:15,9601.462
2026-05-20 06:30,9601.462
2026-05-20 06:45,9601.462
2026-05-20 07:00,9601.462
2026-05-20 07:15,9601.462
2026-05-20 07:30,9601.462
2026-05-20 07:45,9601.512
2026-05-20 08:00,9601.564
2026-05-20 08:15,9601.564
2026-05-20 08:30,9601.564
2026-05-20 08:45,9601.635
2026-05-20 09:00,9601.635
2026-05-20 09:15,9601.635
2026-05-20 09:30,9601.635
2026-05-20 09:45,9601.635
2026-05-20 10:00,9601.635
2026-05-20 10:15,9601.688
2026-05-20 10:30,9601.688
2026-05-20 10:45,9601.688
2026-05-20 11:00,9601.688
2026-05-20 11:15,9601.688
2026-05-20 11:30,9601.688
2026-05-20 11:45,9601.688
2026-05-20 12:00,9601.688
2026-05-20 12:15,9601.688
2026-05-20 12:30,9601.688
2026-05-20 12:45,9601.705
2026-05-20 13:00,9601.722
2026-05-20 13:15,9601.722
2026-05-20 13:30,9601.722
2026-05-20 13:45,9601.742
2026-05-20 14:00,9601.750
2026-05-20 14:15,9601.750
2026-05-20 14:30,9601.750
2026-05-20 14:45,9601.750
2026-05-20 15:00,9601.750
2026-05-20 15:15,9601.794
2026-05-20 15:30,9601.794
2026-05-20 15:45,9601.794
2026-05-20 16:00,9601.794
2026-05-20 16:15,9601.824
2026-05-20 16:30,9601.853
2026-05-20 16:45,9601.857
2026-05-20 17:00,9601.857
2026-05-20 17:15,9601.857
2026-05-20 17:30,9601.857
2026-05-20 17:45,9601.857
2026-05-20 18:00,9601.899
2026-05-20 18:15,9601.899
2026-05-20 18:30,9601.899
2026-05-20 18:45,9601.899
2026-05-20 19:00,9601.899
2026-05-20 19:15,9601.899
2026-05-20 19:30,9602.216
2026-05-20 19:45,9602.216
2026-05-20 20:00,9602.216
2026-05-20 20:15,9602.216
2026-05-20 20:30,9602.216
2026-05-20 20:45,9602.216
2026-05-20 21:00,9602.216
2026-05-20 21:15,9602.216
2026-05-20 21:30,9602.216
2026-05-20 21:45,9602.216
2026-05-20 22:00,9602.216
2026-05-20 22:15,9602.263
2026-05-20 22:30,9602.263
2026-05-20 22:45,9602.263
2026-05-20 23:00,9602.263
2026-05-20 23:15,9602.263
2026-05-20 23:30,9602.263
2026-05-20 23:45,9602.263
2026-05-21 00:00,9602.263
2026-05-21 00:15,9602.263
2026-05-21 00:30,9602.263
2026-05-21 00:45,9602.295
2026-05-21 01:00,9602.295
2026-05-21 01:15,9602.295
2026-05-21 01:30,9602.295
2026-05-21 01:45,9602.295
2026-05-21 02:00,9602.327
2026-05-21 02:15,9602.327
2026-05-21 02:30,9602.327
2026-05-21 02:45,9602.327
2026-05-21 03:00,9602.327
2026-05-21 03:15,9602.327
2026-05-21 03:30,9602.356
2026-05-21 03:45,9602.356
2026-05-21 04:00,9602.356
2026-05-21 04:15,9602.356
2026-05-21 04:30,9602.356
2026-05-21 04:45,9602.356
2026-05-21 05:00,9602.394
2026-05-21 05:15,9602.394
2026-05-21 05:30,9602.394
2026-05-21 05:45,9602.394
2026-05-21 06:00,9602.394
2026-05-21 06:15,9602.394
2026-05-21 06:30,9602.394
2026-05-21 06:45,9602.394
2026-05-21 07:00,9602.425
2026-05-21 07:15,9602.425
2026-05-21 07:30,9602.425
2026-05-21 07:45,9602.440
2026-05-21 08:00,9602.494
2026-05-21 08:15,9602.549
2026-05-21 08:30,9602.549
2026-05-21 08:45,9602.549
2026-05-21 09:00,9602.549
2026-05-21 09:15,9602.549
2026-05-21 09:30,9602.549
2026-05-21 09:45,9602.549
2026-05-21 10:00,9602.549
2026-05-21 10:15,9602.549
2026-05-21 10:30,9602.549
2026-05-21 10:45,9602.581
2026-05-21 11:00,9602.581
2026-05-21 11:15,9602.581
2026-05-21 11:30,9602.581
2026-05-21 11:45,9602.581
2026-05-21 12:00,9602.616
2026-05-21 12:15,9602.616
2026-05-21 12:30,9602.616
2026-05-21 12:45,9602.616
2026-05-21 13:00,9602.616
2026-05-21 13:15,9602.616
2026-05-21 13:30,9602.616
2026-05-21 13:45,9602.647
2026-05-21 14:00,9602.647
2026-05-21 14:15,9602.647
2026-05-21 14:30,9602.647
2026-05-21 14:45,9602.647
2026-05-21 15:00,9602.647
2026-05-21 15:15,9602.676
2026-05-21 15:30,9602.691
2026-05-21 15:45,9602.691
2026-05-21 16:00,9602.691
2026-05-21 16:15,9602.691
2026-05-21 16:30,9602.691
2026-05-21 16:45,9602.691
2026-05-21 17:00,9602.691
2026-05-21 17:15,9602.726
2026-05-21 17:30,9602.894
2026-05-21 17:45,9602.976
2026-05-21 18:00,9602.976
2026-05-21 18:15,9603.024
2026-05-21 18:30,9603.038
2026-05-21 18:45,9603.038
2026-05-21 19:00,9603.038
2026-05-21 19:15,9603.038
2026-05-21 19:30,9603.038
2026-05-21 19:45,9603.038
2026-05-21 20:00,9603.062
2026-05-21 20:15,9603.062
2026-05-21 20:30,9603.062
2026-05-21 20:45,9603.062
2026-05-21 21:00,9603.062
2026-05-21 21:15,9603.062
2026-05-21 21:30,9603.062
2026-05-21 21:45,9603.107
2026-05-21 22:00,9603.107
2026-05-21 22:15,9603.107
2026-05-21 22:30,9603.107
2026-05-21 22:45,9603.107
2026-05-21 23:00,9603.107
2026-05-21 23:15,9603.107
2026-05-21 23:30,9603.107
2026-05-21 23:45,9603.107
2026-05-22 00:00,9603.107
2026-05-22 00:15,9603.107
2026-05-22 00:30,9603.144
2026-05-22 00:45,9603.144
2026-05-22 01:00,9603.144
2026-05-22 01:15,9603.144
2026-05-22 01:30,9603.176
2026-05-22 01:45,9603.176
2026-05-22 02:00,9603.176
2026-05-22 02:15,9603.176
2026-05-22 02:30,9603.176
2026-05-22 02:45,9603.176
2026-05-22 03:00,9603.176
2026-05-22 03:15,9603.207
2026-05-22 03:30,9603.207
2026-05-22 03:45,9603.207
2026-05-22 04:00,9603.207
2026-05-22 04:15,9603.207
2026-05-22 04:30,9603.207
2026-05-22 04:45,9603.207
2026-05-22 05:00,9603.250
2026-05-22 05:15,9603.250
2026-05-22 05:30,9603.250
2026-05-22 05:45,9603.250
2026-05-22 06:00,9603.250
2026-05-22 06:15,9603.250
2026-05-22 06:30,9603.250
2026-05-22 06:45,9603.250
2026-05-22 07:00,9603.250
2026-05-22 07:15,9603.250
2026-05-22 07:30,9603.281
2026-05-22 07:45,9603.281
2026-05-22 08:00,9603.281
2026-05-22 08:15,9603.281
2026-05-22 08:30,9603.311
2026-05-22 08:45,9603.311
2026-05-22 09:00,9603.311
2026-05-22 09:15,9603.311
2026-05-22 09:30,9603.482
2026-05-22 09:45,9603.482
2026-05-22 10:00,9603.503
2026-05-22 10:15,9603.545
2026-05-22 10:30,9603.545
2026-05-22 10:45,9603.545
2026-05-22 11:00,9603.545
2026-05-22 11:15,9603.545
2026-05-22 11:30,9603.545
2026-05-22 11:45,9603.545
2026-05-22 12:00,9603.545
2026-05-22 12:15,9603.545
2026-05-22 12:30,9603.545
2026-05-22 12:45,9603.545
2026-05-22 13:00,9603.591
2026-05-22 13:15,9603.591
2026-05-22 13:30,9603.591
2026-05-22 13:45,9603.591
2026-05-22 14:00,9603.591
2026-05-22 14:15,9603.591
2026-05-22 14:30,9603.591
2026-05-22 14:45,9603.591
2026-05-22 15:00,9603.591
2026-05-22 15:15,9603.620
2026-05-22 15:30,9603.620
2026-05-22 15:45,9603.620
2026-05-22 16:00,9603.620
2026-05-22 16:15,9603.620
2026-05-22 16:30,9603.620
2026-05-22 16:45,9603.620
2026-05-22 17:00,9603.662
2026-05-22 17:15,9603.662
2026-05-22 17:30,9603.662
2026-05-22 17:45,9603.662
2026-05-22 18:00,9603.662
2026-05-22 18:15,9603.662
2026-05-22 18:30,9603.662
2026-05-22 18:45,9603.662
2026-05-22 19:00,9603.662
2026-05-22 19:15,9603.662
2026-05-22 19:30,9603.694
2026-05-22 19:45,9603.694
2026-05-22 20:00,9603.748
2026-05-22 20:15,9603.864
2026-05-22 20:30,9604.268
2026-05-22 20:45,9604.287
2026-05-22 21:00,9604.287
2026-05-22 21:15,9604.287
2026-05-22 21:30,9604.287
2026-05-22 21:45,9604.287
2026-05-22 22:00,9604.287
2026-05-22 22:15,9604.287
2026-05-22 22:30,9604.287
2026-05-22 22:45,9604.287
2026-05-22 23:00,9604.317
2026-05-22 23:15,9604.317
2026-05-22 23:30,9604.317
2026-05-22 23:45,9604.317
2026-05-23 00:00,9604.317
2026-05-23 00:15,9604.337
2026-05-23 00:30,9604.355
2026-05-23 00:45,9604.355
2026-05-23 01:00,9604.355
2026-05-23 01:15,9604.355
2026-05-23 01:30,9604.355
2026-05-23 01:45,9604.355
2026-05-23 02:00,9604.355
2026-05-23 02:15,9604.355
2026-05-23 02:30,9604.386
2026-05-23 02:45,9604.386
2026-05-23 03:00,9604.386
2026-05-23 03:15,9604.386
2026-05-23 03:30,9604.386
2026-05-23 03:45,9604.386
2026-05-23 04:00,9604.422
2026-05-23 04:15,9604.422
2026-05-23 04:30,9604.422
2026-05-23 04:45,9604.422
2026-05-23 05:00,9604.422
2026-05-23 05:15,9604.422
2026-05-23 05:30,9604.422
2026-05-23 05:45,9604.422
2026-05-23 06:00,9604.452
2026-05-23 06:15,9604.452
2026-05-23 06:30,9604.452
2026-05-23 06:45,9604.452
2026-05-23 07:00,9604.452
2026-05-23 07:15,9604.452
2026-05-23 07:30,9604.481
2026-05-23 07:45,9604.494
2026-05-23 08:00,9604.494
2026-05-23 08:15,9604.494
2026-05-23 08:30,9604.494
2026-05-23 08:45,9604.494
2026-05-23 09:00,9604.494
2026-05-23 09:15,9604.494
2026-05-23 09:30,9604.494
2026-05-23 09:45,9604.521
2026-05-23 10:00,9604.521
2026-05-23 10:15,9604.521
2026-05-23 10:30,9604.521
2026-05-23 10:45,9604.521
2026-05-23 11:00,9604.521
2026-05-23 11:15,9604.563
2026-05-23 11:30,9604.563
2026-05-23 11:45,9604.563
2026-05-23 12:00,9604.563
2026-05-23 12:15,9604.563
2026-05-23 12:30,9604.563
2026-05-23 12:45,9604.563
2026-05-23 13:00,9604.563
2026-05-23 13:15,9604.563
2026-05-23 13:30,9604.563
2026-05-23 13:45,9604.563
2026-05-23 14:00,9604.595
2026-05-23 14:15,9604.595
2026-05-23 14:30,9604.595
2026-05-23 14:45,9604.595
2026-05-23 15:00,9604.595
2026-05-23 15:15,9604.621
2026-05-23 15:30,9604.621
2026-05-23 15:45,9604.621
2026-05-23 16:00,9604.621
2026-05-23 16:15,9604.621
2026-05-23 16:30,9604.621
2026-05-23 16:45,9604.621
2026-05-23 17:00,9604.649
2026-05-23 17:15,9604.649
2026-05-23 17:30,9604.649
2026-05-23 17:45,9604.649
2026-05-23 18:00,9604.649
2026-05-23 18:15,9604.649
2026-05-23 18:30,9604.677
2026-05-23 18:45,9604.684
2026-05-23 19:00,9604.684
2026-05-23 19:15,9604.684
2026-05-23 19:30,9604.684
2026-05-23 19:45,9604.684
2026-05-23 20:00,9604.684
2026-05-23 20:15,9604.710
2026-05-23 20:30,9604.710
2026-05-23 20:45,9604.710
2026-05-23 21:00,9604.710
2026-05-23 21:15,9604.710
2026-05-23 21:30,9604.710
2026-05-23 21:45,9604.710
2026-05-23 22:00,9604.710
2026-05-23 22:15,9604.753
2026-05-23 22:30,9604.753
2026-05-23 22:45,9604.753
2026-05-23 23:00,9604.753
2026-05-23 23:15,9604.753
2026-05-23 23:30,9604.753
2026-05-23 23:45,9604.753
2026-05-24 00:00,9604.753
2026-05-24 00:15,9604.753
2026-05-24 00:30,9604.753
2026-05-24 00:45,9604.784
2026-05-24 01:00,9604.784
2026-05-24 01:15,9604.784
2026-05-24 01:30,9604.784
2026-05-24 01:45,9604.784
2026-05-24 02:00,9604.803
2026-05-24 02:15,9604.818
2026-05-24 02:30,9604.818
2026-05-24 02:45,9604.818
2026-05-24 03:00,9604.818
2026-05-24 03:15,9604.818
2026-05-24 03:30,9604.818
2026-05-24 03:45,9604.847
2026-05-24 04:00,9604.847
2026-05-24 04:15,9604.847
2026-05-24 04:30,9604.847
2026-05-24 04:45,9604.847
2026-05-24 05:00,9604.847
2026-05-24 05:15,9604.847
2026-05-24 05:30,9604.847
2026-05-24 05:45,9604.888
2026-05-24 06:00,9604.888
2026-05-24 06:15,9604.888
2026-05-24 06:30,9604.888
2026-05-24 06:45,9604.888
2026-05-24 07:00,9604.888
2026-05-24 07:15,9604.888
2026-05-24 07:30,9604.888
2026-05-24 07:45,9604.888
2026-05-24 08:00,9604.919
2026-05-24 08:15,9604.919
2026-05-24 08:30,9604.919
2026-05-24 08:45,9604.919
2026-05-24 09:00,9604.919
2026-05-24 09:15,9604.919
2026-05-24 09:30,9604.953
2026-05-24 09:45,9604.953
2026-05-24 10:00,9604.953
2026-05-24 10:15,9604.953
2026-05-24 10:30,9604.953
2026-05-24 10:45,9604.953
2026-05-24 11:00,9604.953
2026-05-24 11:15,9604.982
2026-05-24 11:30,9604.982
2026-05-24 11:45,9604.982
2026-05-24 12:00,9604.982
2026-05-24 12:15,9604.982
2026-05-24 12:30,9604.982
2026-05-24 12:45,9604.982
2026-05-24 13:00,9604.982
2026-05-24 13:15,9605.025
2026-05-24 13:30,9605.025
2026-05-24 13:45,9605.025
2026-05-24 14:00,9605.025
2026-05-24 14:15,9605.025
2026-05-24 14:30,9605.025
2026-05-24 14:45,9605.025
2026-05-24 15:00,9605.025
2026-05-24 15:15,9605.025
2026-05-24 15:30,9605.025
2026-05-24 15:45,9605.056
2026-05-24 16:00,9605.056
2026-05-24 16:15,9605.056
2026-05-24 16:30,9605.056
2026-05-24 16:45,9605.056
2026-05-24 17:00,9605.056
2026-05-24 17:15,9605.090
2026-05-24 17:30,9605.090
2026-05-24 17:45,9605.090
2026-05-24 18:00,9605.090
2026-05-24 18:15,9605.090
2026-05-24 18:30,9605.090
2026-05-24 18:45,9605.090
2026-05-24 19:00,9605.116
2026-05-24 19:15,9605.116
2026-05-24 19:30,9605.116
2026-05-24 19:45,9605.116
2026-05-24 20:00,9605.116
2026-05-24 20:15,9605.116
2026-05-24 20:30,9605.116
2026-05-24 20:45,9605.116
2026-05-24 21:00,9605.158
2026-05-24 21:15,9605.158
2026-05-24 21:30,9605.158
2026-05-24 21:45,9605.158
2026-05-24 22:00,9605.158
2026-05-24 22:15,9605.158
2026-05-24 22:30,9605.158
2026-05-24 22:45,9605.158
2026-05-24 23:00,9605.158
2026-05-24 23:15,9605.189
2026-05-24 23:30,9605.189
2026-05-24 23:45,9605.189
2026-05-25 00:00,9605.189
2026-05-25 00:15,9605.189
2026-05-25 00:30,9605.189
2026-05-25 00:45,9605.204
2026-05-25 01:00,9605.223
2026-05-25 01:15,9605.223
2026-05-25 01:30,9605.223
2026-05-25 01:45,9605.223
2026-05-25 02:00,9605.223
2026-05-25 02:15,9605.223
2026-05-25 02:30,9605.223
2026-05-25 02:45,9605.223
2026-05-25 03:00,9605.254
2026-05-25 03:15,9605.254
2026-05-25 03:30,9605.254
2026-05-25 03:45,9605.254
2026-05-25 04:00,9605.254
2026-05-25 04:15,9605.254
2026-05-25 04:30,9605.265
2026-05-25 04:45,9605.293
2026-05-25 05:00,9605.293
2026-05-25 05:15,9605.293
2026-05-25 05:30,9605.293
2026-05-25 05:45,9605.293
2026-05-25 06:00,9605.293
2026-05-25 06:15,9605.293
2026-05-25 06:30,9605.293
2026-05-25 06:45,9605.293
2026-05-25 07:00,9605.324
2026-05-25 07:15,9605.324
2026-05-25 07:30,9605.324
2026-05-25 07:45,9605.324
2026-05-25 08:00,9605.324
2026-05-25 08:15,9605.324
2026-05-25 08:30,9605.358
2026-05-25 08:45,9605.358
2026-05-25 09:00,9605.358
2026-05-25 09:15,9605.358
2026-05-25 09:30,9605.358
2026-05-25 09:45,9605.358
2026-05-25 10:00,9605.358
2026-05-25 10:15,9605.358
2026-05-25 10:30,9605.388
2026-05-25 10:45,9605.388
2026-05-25 11:00,9605.388
2026-05-25 11:15,9605.388
2026-05-25 11:30,9605.388
2026-05-25 11:45,9605.388
2026-05-25 12:00,9605.388
2026-05-25 12:15,9605.428
2026-05-25 12:30,9605.428
2026-05-25 12:45,9605.428
2026-05-25 13:00,9605.428
2026-05-25 13:15,9605.428
2026-05-25 13:30,9605.428
2026-05-25 13:45,9605.428
2026-05-25 14:00,9605.428
2026-05-25 14:15,9605.428
2026-05-25 14:30,9605.428
2026-05-25 14:45,9605.458
2026-05-25 15:00,9605.458
2026-05-25 15:15,9605.458
2026-05-25 15:30,9605.458
2026-05-25 15:45,9605.458
2026-05-25 16:00,9605.458
2026-05-25 16:15,9605.493
2026-05-25 16:30,9605.493
2026-05-25 16:45,9605.493
2026-05-25 17:00,9605.493
2026-05-25 17:15,9605.493
2026-05-25 17:30,9605.493
2026-05-25 17:45,9605.493
2026-05-25 18:00,9605.493
2026-05-25 18:15,9605.493
2026-05-25 18:30,9605.493
2026-05-25 18:45,9605.523
2026-05-25 19:00,9605.523
2026-05-25 19:15,9605.523
2026-05-25 19:30,9605.523
2026-05-25 19:45,9605.523
2026-05-25 20:00,9605.523
2026-05-25 20:15,9605.557
2026-05-25 20:30,9605.557
2026-05-25 20:45,9605.557
2026-05-25 21:00,9605.557
2026-05-25 21:15,9605.557
2026-05-25 21:30,9605.557
2026-05-25 21:45,9605.557
2026-05-25 22:00,9605.557
2026-05-25 22:15,9605.557
2026-05-25 22:30,9605.587
2026-05-25 22:45,9605.587
2026-05-25 23:00,9605.587
2026-05-25 23:15,9605.587
2026-05-25 23:30,9605.587
2026-05-25 23:45,9605.587
2026-05-26 00:00,9605.587
2026-05-26 00:15,9605.627
2026-05-26 00:30,9605.627
2026-05-26 00:45,9605.627
2026-05-26 01:00,9605.627
2026-05-26 01:15,9605.627
2026-05-26 01:30,9605.627
2026-05-26 01:45,9605.627
2026-05-26 02:00,9605.627
2026-05-26 02:15,9605.627
2026-05-26 02:30,9605.627
2026-05-26 02:45,9605.658
2026-05-26 03:00,9605.658
2026-05-26 03:15,9605.658
2026-05-26 03:30,9605.658
2026-05-26 03:45,9605.658
2026-05-26 04:00,9605.658
2026-05-26 04:15,9605.692
2026-05-26 04:30,9605.692
2026-05-26 04:45,9605.692
2026-05-26 05:00,9605.692
2026-05-26 05:15,9605.692
2026-05-26 05:30,9605.692
2026-05-26 05:45,9605.692
2026-05-26 06:00,9605.692
2026-05-26 06:15,9605.721
2026-05-26 06:30,9605.721
2026-05-26 06:45,9605.721
2026-05-26 07:00,9605.721
2026-05-26 07:15,9605.721
2026-05-26 07:30,9605.721
2026-05-26 07:45,9605.721
2026-05-26 08:00,9605.763
2026-05-26 08:15,9605.763
2026-05-26 08:30,9605.763
2026-05-26 08:45,9605.763
2026-05-26 09:00,9605.763
2026-05-26 09:15,9605.763
2026-05-26 09:30,9605.763
2026-05-26 09:45,9605.763
2026-05-26 10:00,9605.763
2026-05-26 10:15,9605.763
2026-05-26 10:30,9605.794
2026-05-26 10:45,9605.794
2026-05-26 11:00,9605.794
2026-05-26 11:15,9605.794
2026-05-26 11:30,9605.794
2026-05-26 11:45,9605.794
2026-05-26 12:00,9605.825
2026-05-26 12:15,9605.825
2026-05-26 12:30,9605.825
2026-05-26 12:45,9605.825
2026-05-26 13:00,9605.825
2026-05-26 13:15,9605.825
2026-05-26 13:30,9605.825
2026-05-26 13:45,9605.852
2026-05-26 14:00,9605.852
2026-05-26 14:15,9605.852
2026-05-26 14:30,9605.852
2026-05-26 14:45,9605.852
2026-05-26 15:00,9605.852
2026-05-26 15:15,9605.852
2026-05-26 15:30,9605.879
2026-05-26 15:45,9605.886
2026-05-26 16:00,9605.886
2026-05-26 16:15,9605.886
2026-05-26 16:30,9605.886
2026-05-26 16:45,9605.886
2026-05-26 17:00,9605.886
2026-05-26 17:15,9605.886
2026-05-26 17:30,9605.912
2026-05-26 17:45,9605.912
2026-05-26 18:00,9605.912
2026-05-26 18:15,9605.912
2026-05-26 18:30,9605.912
2026-05-26 18:45,9605.912
2026-05-26 19:00,9605.912
2026-05-26 19:15,9605.912
2026-05-26 19:30,9605.923
2026-05-26 19:45,9605.954
2026-05-26 20:00,9605.954
2026-05-26 20:15,9605.954
2026-05-26 20:30,9605.954
2026-05-26 20:45,9605.954
2026-05-26 21:00,9605.954
2026-05-26 21:15,9605.954
2026-05-26 21:30,9605.954
2026-05-26 21:45,9605.954
2026-05-26 22:00,9605.954
2026-05-26 22:15,9605.977
2026-05-26 22:30,9606.028
2026-05-26 22:45,9606.028
2026-05-26 23:00,9606.028
2026-05-26 23:15,9606.028
2026-05-26 23:30,9606.028
2026-05-26 23:45,9606.028
2026-05-27 00:00,9606.028
2026-05-27 00:15,9606.028
2026-05-27 00:30,9606.028
2026-05-27 00:45,9606.028
2026-05-27 01:00,9606.028
2026-05-27 01:15,9606.028
2026-05-27 01:30,9606.028
2026-05-27 01:45,9606.028
2026-05-27 02:00,9606.028
2026-05-27 02:15,9606.028
2026-05-27 02:30,9606.028
2026-05-27 02:45,9606.028
2026-05-27 03:00,9606.028
2026-05-27 03:15,9606.028
2026-05-27 03:30,9606.028
2026-05-27 03:45,9606.028
2026-05-27 04:00,9606.028
2026-05-27 04:15,9606.028
2026-05-27 04:30,9606.028
2026-05-27 04:45,9606.028
2026-05-27 05:00,9606.028
2026-05-27 05:15,9606.087
2026-05-27 05:30,9606.087
2026-05-27 05:45,9606.087
2026-05-27 06:00,9606.087
2026-05-27 06:15,9606.087
2026-05-27 06:30,9606.087
2026-05-27 06:45,9606.087
2026-05-27 07:00,9606.087
2026-05-27 07:15,9606.087
2026-05-27 07:30,9606.087
2026-05-27 07:45,9606.087
2026-05-27 08:00,9606.087
2026-05-27 08:15,9606.087
2026-05-27 08:30,9606.087
2026-05-27 08:45,9606.134
2026-05-27 09:00,9606.134
2026-05-27 09:15,9606.134
2026-05-27 09:30,9606.134
2026-05-27 09:45,9606.134
2026-05-27 10:00,9606.134
2026-05-27 10:15,9606.134
2026-05-27 10:30,9606.134
2026-05-27 10:45,9606.134
2026-05-27 11:00,9606.134
2026-05-27 11:15,9606.134
2026-05-27 11:30,9606.165
2026-05-27 11:45,9606.165
2026-05-27 12:00,9606.165
2026-05-27 12:15,9606.165
2026-05-27 12:30,9606.165
2026-05-27 12:45,9606.165
2026-05-27 13:00,9606.199
2026-05-27 13:15,9606.199
2026-05-27 13:30,9606.199
2026-05-27 13:45,9606.199
2026-05-27 14:00,9606.199
2026-05-27 14:15,9606.199
2026-05-27 14:30,9606.199
2026-05-27 14:45,9606.199
2026-05-27 15:00,9606.229
2026-05-27 15:15,9606.229
2026-05-27 15:30,9606.229
2026-05-27 15:45,9606.229
2026-05-27 16:00,9606.229
2026-05-27 16:15,9606.229
2026-05-27 16:30,9606.229
2026-05-27 16:45,9606.325
2026-05-27 17:00,9606.347
2026-05-27 17:15,9606.347
2026-05-27 17:30,9606.347
2026-05-27 17:45,9606.347
2026-05-27 18:00,9606.347
2026-05-27 18:15,9606.347
2026-05-27 18:30,9606.347
2026-05-27 18:45,9606.347
2026-05-27 19:00,9606.347
2026-05-27 19:15,9606.537
2026-05-27 19:30,9606.972
2026-05-27 19:45,9606.972
2026-05-27 20:00,9606.972
2026-05-27 20:15,9606.972
2026-05-27 20:30,9606.972
2026-05-27 20:45,9606.972
2026-05-27 21:00,9606.972
2026-05-27 21:15,9606.972
2026-05-27 21:30,9606.972
2026-05-27 21:45,9606.998
2026-05-27 22:00,9606.998
2026-05-27 22:15,9606.998
2026-05-27 22:30,9606.998
2026-05-27 22:45,9606.998
2026-05-27 23:00,9606.998
2026-05-27 23:15,9607.040
2026-05-27 23:30,9607.040
2026-05-27 23:45,9607.040
2026-05-28 00:00,9607.040
2026-05-28 00:15,9607.040
2026-05-28 00:30,9607.040
2026-05-28 00:45,9607.040
2026-05-28 01:00,9607.040
2026-05-28 01:15,9607.040
2026-05-28 01:30,9607.040
2026-05-28 01:45,9607.040
2026-05-28 02:00,9607.072
2026-05-28 02:15,9607.072
2026-05-28 02:30,9607.072
2026-05-28 02:45,9607.072
2026-05-28 03:00,9607.072
2026-05-28 03:15,9607.105
2026-05-28 03:30,9607.105
2026-05-28 03:45,9607.105
2026-05-28 04:00,9607.105
2026-05-28 04:15,9607.105
2026-05-28 04:30,9607.105
2026-05-28 04:45,9607.105
2026-05-28 05:00,9607.133
2026-05-28 05:15,9607.133
2026-05-28 05:30,9607.133
2026-05-28 05:45,9607.133
2026-05-28 06:00,9607.133
2026-05-28 06:15,9607.133
2026-05-28 06:30,9607.168
2026-05-28 06:45,9607.168
2026-05-28 07:00,9607.168
2026-05-28 07:15,9607.168
2026-05-28 07:30,9607.168
2026-05-28 07:45,9607.168
2026-05-28 08:00,9607.168
2026-05-28 08:15,9607.168
2026-05-28 08:30,9607.195
2026-05-28 08:45,9607.195
2026-05-28 09:00,9607.195
2026-05-28 09:15,9607.195
2026-05-28 09:30,9607.195
2026-05-28 09:45,9607.195
2026-05-28 10:00,9607.195
2026-05-28 10:15,9607.240
2026-05-28 10:30,9607.240
2026-05-28 10:45,9607.240
2026-05-28 11:00,9607.240
2026-05-28 11:15,9607.240
2026-05-28 11:30,9607.240
2026-05-28 11:45,9607.240
2026-05-28 12:00,9607.240
2026-05-28 12:15,9607.240
2026-05-28 12:30,9607.240
2026-05-28 12:45,9607.240
2026-05-28 13:00,9607.272
2026-05-28 13:15,9607.272
2026-05-28 13:30,9607.272
2026-05-28 13:45,9607.272
2026-05-28 14:00,9607.272
2026-05-28 14:15,9607.306
2026-05-28 14:30,9607.306
2026-05-28 14:45,9607.306
2026-05-28 15:00,9607.306
2026-05-28 15:15,9607.306
2026-05-28 15:30,9607.306
2026-05-28 15:45,9607.306
2026-05-28 16:00,9607.334
2026-05-28 16:15,9607.334
2026-05-28 16:30,9607.334
2026-05-28 16:45,9607.334
2026-05-28 17:00,9607.334
2026-05-28 17:15,9607.373
2026-05-28 17:30,9607.404
2026-05-28 17:45,9607.432
2026-05-28 18:00,9607.439
2026-05-28 18:15,9607.439
2026-05-28 18:30,9607.439
2026-05-28 18:45,9607.439
2026-05-28 19:00,9607.439
2026-05-28 19:15,9607.439
2026-05-28 19:30,9607.439
2026-05-28 19:45,9607.439
2026-05-28 20:00,9607.464
2026-05-28 20:15,9607.464
2026-05-28 20:30,9607.464
2026-05-28 20:45,9607.464
2026-05-28 21:00,9607.464
2026-05-28 21:15,9607.464
2026-05-28 21:30,9607.509
2026-05-28 21:45,9607.509
2026-05-28 22:00,9607.509
2026-05-28 22:15,9607.509
2026-05-28 22:30,9607.509
2026-05-28 22:45,9607.509
2026-05-28 23:00,9607.509
2026-05-28 23:15,9607.509
2026-05-28 23:30,9607.509
2026-05-28 23:45,9607.509
2026-05-29 00:00,9607.534
2026-05-29 00:15,9607.541
2026-05-29 00:30,9607.541
2026-05-29 00:45,9607.541
2026-05-29 01:00,9607.541
2026-05-29 01:15,9607.541
2026-05-29 01:30,9607.562
2026-05-29 01:45,9607.575
2026-05-29 02:00,9607.575
2026-05-29 02:15,9607.575
2026-05-29 02:30,9607.575
2026-05-29 02:45,9607.575
2026-05-29 03:00,9607.575
2026-05-29 03:15,9607.575
2026-05-29 03:30,9607.604
2026-05-29 03:45,9607.604
2026-05-29 04:00,9607.604
2026-05-29 04:15,9607.604
2026-05-29 04:30,9607.604
2026-05-29 04:45,9607.604
2026-05-29 05:00,9607.604
2026-05-29 05:15,9607.604
2026-05-29 05:30,9607.647
2026-05-29 05:45,9607.647
2026-05-29 06:00,9607.647
2026-05-29 06:15,9607.647
2026-05-29 06:30,9607.647
2026-05-29 06:45,9607.647
2026-05-29 07:00,9607.647
2026-05-29 07:15,9607.647
2026-05-29 07:30,9607.647
2026-05-29 07:45,9607.647
2026-05-29 08:00,9607.679
2026-05-29 08:15,9607.679
2026-05-29 08:30,9607.679
2026-05-29 08:45,9607.679
2026-05-29 09:00,9607.679
2026-05-29 09:15,9607.679
2026-05-29 09:30,9607.713
2026-05-29 09:45,9607.713
2026-05-29 10:00,9607.713
2026-05-29 10:15,9607.713
2026-05-29 10:30,9607.713
2026-05-29 10:45,9607.713
2026-05-29 11:00,9607.713
2026-05-29 11:15,9607.741
2026-05-29 11:30,9607.741
2026-05-29 11:45,9607.741
2026-05-29 12:00,9607.741
2026-05-29 12:15,9607.741
2026-05-29 12:30,9607.741
2026-05-29 12:45,9607.741
2026-05-29 13:00,9607.760
2026-05-29 13:15,9607.783
2026-05-29 13:30,9607.783
2026-05-29 13:45,9607.783
2026-05-29 14:00,9607.783
2026-05-29 14:15,9607.783
2026-05-29 14:30,9607.783
2026-05-29 14:45,9607.783
2026-05-29 15:00,9607.783
2026-05-29 15:15,9607.783
2026-05-29 15:30,9607.783
2026-05-29 15:45,9607.814
2026-05-29 16:00,9607.814
2026-05-29 16:15,9607.814
2026-05-29 16:30,9607.814
2026-05-29 16:45,9607.872
2026-05-29 17:00,9607.942
2026-05-29 17:15,9608.008
2026-05-29 17:30,9608.087
2026-05-29 17:45,9608.164
2026-05-29 18:00,9608.166
2026-05-29 18:15,9608.166
2026-05-29 18:30,9608.166
2026-05-29 18:45,9608.166
2026-05-29 19:00,9608.195
2026-05-29 19:15,9608.276
2026-05-29 19:30,9608.276
2026-05-29 19:45,9608.276
2026-05-29 20:00,9608.276
2026-05-29 20:15,9608.276
2026-05-29 20:30,9608.276
2026-05-29 20:45,9608.318
2026-05-29 21:00,9608.318
2026-05-29 21:15,9608.318
2026-05-29 21:30,9608.318
2026-05-29 21:45,9608.318
2026-05-29 22:00,9608.318
2026-05-29 22:15,9608.318
2026-05-29 22:30,9608.318
2026-05-29 22:45,9608.318
2026-05-29 23:00,9608.318
2026-05-29 23:15,9608.318
2026-05-29 23:30,9608.318
2026-05-29 23:45,9608.352
2026-05-30 00:00,9608.352
2026-05-30 00:15,9608.352
2026-05-30 00:30,9608.352
2026-05-30 00:45,9608.377
2026-05-30 01:00,9608.377
2026-05-30 01:15,9608.377
2026-05-30 01:30,9608.377
2026-05-30 01:45,9608.377
2026-05-30 02:00,9608.377
2026-05-30 02:15,9608.377
2026-05-30 02:30,9608.377
2026-05-30 02:45,9608.415
2026-05-30 03:00,9608.415
2026-05-30 03:15,9608.415
2026-05-30 03:30,9608.415
2026-05-30 03:45,9608.415
2026-05-30 04:00,9608.415
2026-05-30 04:15,9608.440
2026-05-30 04:30,9608.440
2026-05-30 04:45,9608.440
2026-05-30 05:00,9608.440
2026-05-30 05:15,9608.440
2026-05-30 05:30,9608.440
2026-05-30 05:45,9608.440
2026-05-30 06:00,9608.440
2026-05-30 06:15,9608.484
2026-05-30 06:30,9608.484
2026-05-30 06:45,9608.484
2026-05-30 07:00,9608.484
2026-05-30 07:15,9608.484
2026-05-30 07:30,9608.484
2026-05-30 07:45,9608.484
2026-05-30 08:00,9608.484
2026-05-30 08:15,9608.484
2026-05-30 08:30,9608.484
2026-05-30 08:45,9608.484
2026-05-30 09:00,9608.516
2026-05-30 09:15,9608.516
2026-05-30 09:30,9608.516
2026-05-30 09:45,9608.516
2026-05-30 10:00,9608.516
2026-05-30 10:15,9608.549
2026-05-30 10:30,9608.549
2026-05-30 10:45,9608.549
2026-05-30 11:00,9608.549
2026-05-30 11:15,9608.549
2026-05-30 11:30,9608.549
2026-05-30 11:45,9608.549
2026-05-30 12:00,9608.578
2026-05-30 12:15,9608.578
2026-05-30 12:30,9608.578
2026-05-30 12:45,9608.578
2026-05-30 13:00,9608.578
2026-05-30 13:15,9608.578
2026-05-30 13:30,9608.578
2026-05-30 13:45,9608.612
2026-05-30 14:00,9608.612
2026-05-30 14:15,9608.612
2026-05-30 14:30,9608.612
2026-05-30 14:45,9608.612
2026-05-30 15:00,9608.612
2026-05-30 15:15,9608.612
2026-05-30 15:30,9608.638
2026-05-30 15:45,9608.638
2026-05-30 16:00,9608.638
2026-05-30 16:15,9608.638
2026-05-30 16:30,9608.638
2026-05-30 16:45,9608.638
2026-05-30 17:00,9608.638
2026-05-30 17:15,9608.638
2026-05-30 17:30,9608.660
2026-05-30 17:45,9608.682
2026-05-30 18:00,9608.682
2026-05-30 18:15,9608.682
2026-05-30 18:30,9608.682
2026-05-30 18:45,9608.682
2026-05-30 19:00,9608.682
2026-05-30 19:15,9608.682
2026-05-30 19:30,9608.682
2026-05-30 19:45,9608.682
2026-05-30 20:00,9608.682
2026-05-30 20:15,9608.682
2026-05-30 20:30,9608.714
2026-05-30 20:45,9608.714
2026-05-30 21:00,9608.714
2026-05-30 21:15,9608.714
2026-05-30 21:30,9608.714
2026-05-30 21:45,9608.740
2026-05-30 22:00,9608.740
2026-05-30 22:15,9608.740
2026-05-30 22:30,9608.740
2026-05-30 22:45,9608.740
2026-05-30 23:00,9608.740
2026-05-30 23:15,9608.858
2026-05-30 23:30,9608.858
2026-05-30 23:45,9608.858
2026-05-31 00:00,9608.858
2026-05-31 00:15,9608.858
2026-05-31 00:30,9608.891
2026-05-31 00:45,9608.891
2026-05-31 01:00,9608.891
2026-05-31 01:15,9608.891
2026-05-31 01:30,9608.891
2026-05-31 01:45,9608.891
2026-05-31 02:00,9608.891
2026-05-31 02:15,9608.919
2026-05-31 02:30,9608.919
2026-05-31 02:45,9608.919
2026-05-31 03:00,9608.919
2026-05-31 03:15,9608.919
2026-05-31 03:30,9608.919
2026-05-31 03:45,9608.919
2026-05-31 04:00,9608.919
2026-05-31 04:15,9608.961
2026-05-31 04:30,9608.961
2026-05-31 04:45,9608.961
2026-05-31 05:00,9608.961
2026-05-31 05:15,9608.961
2026-05-31 05:30,9608.961
2026-05-31 05:45,9608.961
2026-05-31 06:00,9608.961
2026-05-31 06:15,9608.961
2026-05-31 06:30,9608.961
2026-05-31 06:45,9608.993
2026-05-31 07:00,9608.993
2026-05-31 07:15,9608.993
2026-05-31 07:30,9608.993
2026-05-31 07:45,9608.993
2026-05-31 08:00,9608.993
2026-05-31 08:15,9609.020
2026-05-31 08:30,9609.026
2026-05-31 08:45,9609.026
2026-05-31 09:00,9609.026
2026-05-31 09:15,9609.196
2026-05-31 09:30,9609.196
2026-05-31 09:45,9609.196
2026-05-31 10:00,9609.196
2026-05-31 10:15,9609.196
2026-05-31 10:30,9609.196
2026-05-31 10:45,9609.196
2026-05-31 11:00,9609.239
2026-05-31 11:15,9609.246
2026-05-31 11:30,9609.246
2026-05-31 11:45,9609.246
2026-05-31 12:00,9609.246
2026-05-31 12:15,9609.246
2026-05-31 12:30,9609.246
2026-05-31 12:45,9609.246
2026-05-31 13:00,9609.246
2026-05-31 13:15,9609.246
2026-05-31 13:30,9609.246
2026-05-31 13:45,9609.246
2026-05-31 14:00,9609.246
2026-05-31 14:15,9609.293
2026-05-31 14:30,9609.293
2026-05-31 14:45,9609.293
2026-05-31 15:00,9609.381
2026-05-31 15:15,9609.381
2026-05-31 15:30,9609.381
2026-05-31 15:45,9609.381
2026-05-31 16:00,9609.381
2026-05-31 16:15,9609.381
2026-05-31 16:30,9609.381
2026-05-31 16:45,9609.381
2026-05-31 17:00,9609.381
2026-05-31 17:15,9609.426
2026-05-31 17:30,9609.426
2026-05-31 17:45,9609.426
2026-05-31 18:00,9609.426
2026-05-31 18:15,9609.426
2026-05-31 18:30,9609.426
2026-05-31 18:45,9609.426
2026-05-31 19:00,9609.426
2026-05-31 19:15,9609.426
2026-05-31 19:30,9609.426
2026-05-31 19:45,9609.426
2026-05-31 20:00,9609.458
2026-05-31 20:15,9609.458
2026-05-31 20:30,9609.458
2026-05-31 20:45,9609.458
2026-05-31 21:00,9609.458
2026-05-31 21:15,9609.488
2026-05-31 21:30,9609.488
2026-05-31 21:45,9609.488
2026-05-31 22:00,9609.488
2026-05-31 22:15,9609.488
2026-05-31 22:30,9609.488
2026-05-31 22:45,9609.559
2026-05-31 23:00,9609.559
2026-05-31 23:15,9609.559
2026-05-31 23:30,9609.559
2026-05-31 23:45,9609.559
2026-06-01 00:00,9609.559
2026-06-01 00:15,9609.559
2026-06-01 00:30,9609.559
2026-06-01 00:45,9609.559
2026-06-01 01:00,9609.559
2026-06-01 01:15,9609.590
2026-06-01 01:30,9609.590
2026-06-01 01:45,9609.590
2026-06-01 02:00,9609.590
2026-06-01 02:15,9609.590
2026-06-01 02:30,9609.590
2026-06-01 02:45,9609.620
2026-06-01 03:00,9609.631
2026-06-01 03:15,9609.631
2026-06-01 03:30,9609.631
2026-06-01 03:45,9609.631
2026-06-01 04:00,9609.631
2026-06-01 04:15,9609.631
2026-06-01 04:30,9609.631
2026-06-01 04:45,9609.631
2026-06-01 05:00,9609.631
2026-06-01 05:15,9609.663
2026-06-01 05:30,9609.663
2026-06-01 05:45,9609.663
2026-06-01 06:00,9609.663
2026-06-01 06:15,9609.663
2026-06-01 06:30,9609.663
2026-06-01 06:45,9609.698
2026-06-01 07:00,9609.698
2026-06-01 07:15,9609.698
2026-06-01 07:30,9609.698
2026-06-01 07:45,9609.698
2026-06-01 08:00,9609.698
2026-06-01 08:15,9609.698
2026-06-01 08:30,9609.698
2026-06-01 08:45,9609.698
2026-06-01 09:00,9609.729
2026-06-01 09:15,9609.868
2026-06-01 09:30,9609.868
2026-06-01 09:45,9609.868
2026-06-01 10:00,9609.868
2026-06-01 10:15,9609.868
2026-06-01 10:30,9609.918
2026-06-01 10:45,9609.918
2026-06-01 11:00,9609.918
2026-06-01 11:15,9609.918
2026-06-01 11:30,9609.918
2026-06-01 11:45,9609.918
2026-06-01 12:00,9609.918
2026-06-01 12:15,9609.918
2026-06-01 12:30,9609.918
2026-06-01 12:45,9609.918
2026-06-01 13:00,9609.918
2026-06-01 13:15,9609.918
2026-06-01 13:30,9609.947
2026-06-01 13:45,9609.965
2026-06-01 14:00,9609.965
2026-06-01 14:15,9610.061
2026-06-01 14:30,9610.061
2026-06-01 14:45,9610.061
2026-06-01 15:00,9610.061
2026-06-01 15:15,9610.061
2026-06-01 15:30,9610.061
2026-06-01 15:45,9610.061
2026-06-01 16:00,9610.061
2026-06-01 16:15,9610.125
2026-06-01 16:30,9610.125
2026-06-01 16:45,9610.125
2026-06-01 17:00,9610.125
2026-06-01 17:15,9610.125
2026-06-01 17:30,9610.125
2026-06-01 17:45,9610.125
2026-06-01 18:00,9610.125
2026-06-01 18:15,9610.125
2026-06-01 18:30,9610.125
2026-06-01 18:45,9610.125
2026-06-01 19:00,9610.125
2026-06-01 19:15,9610.125
2026-06-01 19:30,9610.171
2026-06-01 19:45,9610.171
2026-06-01 20:00,9610.171
2026-06-01 20:15,9610.171
2026-06-01 20:30,9610.171
2026-06-01 20:45,9610.171
2026-06-01 21:00,9610.171
2026-06-01 21:15,9610.171
2026-06-01 21:30,9610.171
2026-06-01 21:45,9610.171
2026-06-01 22:00,9610.171
2026-06-01 22:15,9610.196
2026-06-01 22:30,9610.204
2026-06-01 22:45,9610.204
2026-06-01 23:00,9610.204
2026-06-01 23:15,9610.204
2026-06-01 23:30,9610.204
2026-06-01 23:45,9610.226
