time,water usage dl
2025-06-01 00:00,6704566
2025-06-01 00:15,6704566
2025-06-01 00:30,6704566
2025-06-01 00:45,6704566
2025-06-01 01:00,6704566
2025-06-01 01:15,6704566
2025-06-01 01:30,6704566
2025-06-01 01:45,6704606
2025-06-01 02:00,6704606
2025-06-01 02:15,6704606
2025-06-01 02:30,6704606
2025-06-01 02:45,6704643
2025-06-01 03:00,6704676
2025-06-01 03:15,6704693
2025-06-01 03:30,6704693
2025-06-01 03:45,6704693
2025-06-01 04:00,6704693
2025-06-01 04:15,6704693
2025-06-01 04:30,6704693
2025-06-01 04:45,6704763
2025-06-01 05:00,6704763
2025-06-01 05:15,6704763
2025-06-01 05:30,6704763
2025-06-01 05:45,6704763
2025-06-01 06:00,6704763
2025-06-01 06:15,6704803
2025-06-01 06:30,6704803
2025-06-01 06:45,6704870
2025-06-01 07:00,6704870
2025-06-01 07:15,6704870
2025-06-01 07:30,6704870
2025-06-01 07:45,6704870
2025-06-01 08:00,6704870
2025-06-01 08:15,6704870
2025-06-01 08:30,6704870
2025-06-01 08:45,6704870
2025-06-01 09:00,6704870
2025-06-01 09:15,6704870
2025-06-01 09:30,6704923
2025-06-01 09:45,6704980
2025-06-01 10:00,6704986
2025-06-01 10:15,6704986
2025-06-01 10:30,6704986
2025-06-01 10:45,6705053
2025-06-01 11:00,6705073
2025-06-01 11:15,6705130
2025-06-01 11:30,6705130
2025-06-01 11:45,6705130
2025-06-01 12:00,6705130
2025-06-01 12:15,6705156
2025-06-01 12:30,6705220
2025-06-01 12:45,6705220
2025-06-01 13:00,6705220
2025-06-01 13:15,6705220
2025-06-01 13:30,6705220
2025-06-01 13:45,6705300
2025-06-01 14:00,6705300
2025-06-01 14:15,6705346
2025-06-01 14:30,6705346
2025-06-01 14:45,6705403
2025-06-01 15:00,6705440
2025-06-01 15:15,6705440
2025-06-01 15:30,6705800
2025-06-01 15:45,6705800
2025-06-01 16:00,6706416
2025-06-01 16:15,6706433
2025-06-01 16:30,6706433
2025-06-01 16:45,6706433
2025-06-01 17:00,6706473
2025-06-01 17:15,6707100
2025-06-01 17:30,6707130
2025-06-01 17:45,6707173
2025-06-01 18:00,6707173
2025-06-01 18:15,6707173
2025-06-01 18:30,6707173
2025-06-01 18:45,6707173
2025-06-01 19:00,6707173
2025-06-01 19:15,6707173
2025-06-01 19:30,6707173
2025-06-01 19:45,6707173
2025-06-01 20:00,6707173
2025-06-01 20:15,6707210
2025-06-01 20:30,6707213
2025-06-01 20:45,6707213
2025-06-01 21:00,6707213
2025-06-01 21:15,6707213
2025-06-01 21:30,6707213
2025-06-01 21:45,6707303
2025-06-01 22:00,6707303
2025-06-01 22:15,6707303
2025-06-01 22:30,6707376
2025-06-01 22:45,6707436
2025-06-01 23:00,6707436
2025-06-01 23:15,6707493
2025-06-01 23:30,6707493
2025-06-01 23:45,6707493
2025-06-02 00:00,6707493
2025-06-02 00:15,6707493
2025-06-02 00:30,6707493
2025-06-02 00:45,6707493
2025-06-02 01:00,6707493
2025-06-02 01:15,6707493
2025-06-02 01:30,6707493
2025-06-02 01:45,6707493
2025-06-02 02:00,6707493
2025-06-02 02:15,6707530
2025-06-02 02:30,6707530
2025-06-02 02:45,6707646
2025-06-02 03:00,6707646
2025-06-02 03:15,6707646
2025-06-02 03:30,6707646
2025-06-02 03:45,6707646
2025-06-02 04:00,6707646
2025-06-02 04:15,6707646
2025-06-02 04:30,6707646
2025-06-02 04:45,6707646
2025-06-02 05:00,6707646
2025-06-02 05:15,6707646
2025-06-02 05:30,6707646
2025-06-02 05:45,6707646
2025-06-02 06:00,6707646
2025-06-02 06:15,6707683
2025-06-02 06:30,6707723
2025-06-02 06:45,6707723
2025-06-02 07:00,6707723
2025-06-02 07:15,6707723
2025-06-02 07:30,6707723
2025-06-02 07:45,6707726
2025-06-02 08:00,6707726
2025-06-02 08:15,6707726
2025-06-02 08:30,6707726
2025-06-02 08:45,6708210
2025-06-02 09:00,6708280
2025-06-02 09:15,6708350
2025-06-02 09:30,6708350
2025-06-02 09:45,6708350
2025-06-02 10:00,6708350
2025-06-02 10:15,6708370
2025-06-02 10:30,6708370
2025-06-02 10:45,6708370
2025-06-02 11:00,6708473
2025-06-02 11:15,6708473
2025-06-02 11:30,6708473
2025-06-02 11:45,6708473
2025-06-02 12:00,6708473
2025-06-02 12:15,6708473
2025-06-02 12:30,6708473
2025-06-02 12:45,6708476
2025-06-02 13:00,6708496
2025-06-02 13:15,6708533
2025-06-02 13:30,6708533
2025-06-02 13:45,6708533
2025-06-02 14:00,6708603
2025-06-02 14:15,6708603
2025-06-02 14:30,6708603
2025-06-02 14:45,6708603
2025-06-02 15:00,6709070
2025-06-02 15:15,6709070
2025-06-02 15:30,6709143
2025-06-02 15:45,6709170
2025-06-02 16:00,6709173
2025-06-02 16:15,6709220
2025-06-02 16:30,6709240
2025-06-02 16:45,6709243
2025-06-02 17:00,6709243
2025-06-02 17:15,6709243
2025-06-02 17:30,6709303
2025-06-02 17:45,6709303
2025-06-02 18:00,6709303
2025-06-02 18:15,6709306
2025-06-02 18:30,6709370
2025-06-02 18:45,6709406
2025-06-02 19:00,6709486
2025-06-02 19:15,6709520
2025-06-02 19:30,6709523
2025-06-02 19:45,6709523
2025-06-02 20:00,6709613
2025-06-02 20:15,6709636
2025-06-02 20:30,6709673
2025-06-02 20:45,6709710
2025-06-02 21:00,6709716
2025-06-02 21:15,6709716
2025-06-02 21:30,6709716
2025-06-02 21:45,6709720
2025-06-02 22:00,6709753
2025-06-02 22:15,6709753
2025-06-02 22:30,6709753
2025-06-02 22:45,6709756
2025-06-02 23:00,6709756
2025-06-02 23:15,6709756
2025-06-02 23:30,6709803
2025-06-02 23:45,6709816
2025-06-03 00:00,6709863
2025-06-03 00:15,6709926
2025-06-03 00:30,6709926
2025-06-03 00:45,6709926
2025-06-03 01:00,6709933
2025-06-03 01:15,6709973
2025-06-03 01:30,6710053
2025-06-03 01:45,6710090
2025-06-03 02:00,6710090
2025-06-03 02:15,6710090
2025-06-03 02:30,6710090
2025-06-03 02:45,6710090
2025-06-03 03:00,6710090
2025-06-03 03:15,6710090
2025-06-03 03:30,6710090
2025-06-03 03:45,6710090
2025-06-03 04:00,6710090
2025-06-03 04:15,6710130
2025-06-03 04:30,6710130
2025-06-03 04:45,6710130
2025-06-03 05:00,6710130
2025-06-03 05:15,6710130
2025-06-03 05:30,6710133
2025-06-03 05:45,6710166
2025-06-03 06:00,6710166
2025-06-03 06:15,6710166
2025-06-03 06:30,6710206
2025-06-03 06:45,6710206
2025-06-03 07:00,6710206
2025-06-03 07:15,6710206
2025-06-03 07:30,6710206
2025-06-03 07:45,6710206
2025-06-03 08:00,6710206
2025-06-03 08:15,6710210
2025-06-03 08:30,6710300
2025-06-03 08:45,6710300
2025-06-03 09:00,6710300
2025-06-03 09:15,6710373
2025-06-03 09:30,6710743
2025-06-03 09:45,6710756
2025-06-03 10:00,6710763
2025-06-03 10:15,6710763
2025-06-03 10:30,6710766
2025-06-03 10:45,6710853
2025-06-03 11:00,6710853
2025-06-03 11:15,6710853
2025-06-03 11:30,6710853
2025-06-03 11:45,6710856
2025-06-03 12:00,6710970
2025-06-03 12:15,6711013
2025-06-03 12:30,6711013
2025-06-03 12:45,6711013
2025-06-03 13:00,6711103
2025-06-03 13:15,6711106
2025-06-03 13:30,6711106
2025-06-03 13:45,6711106
2025-06-03 14:00,6711106
2025-06-03 14:15,6711106
2025-06-03 14:30,6711176
2025-06-03 14:45,6711230
2025-06-03 15:00,6711246
2025-06-03 15:15,6711246
2025-06-03 15:30,6711246
2025-06-03 15:45,6711246
2025-06-03 16:00,6711246
2025-06-03 16:15,6711246
2025-06-03 16:30,6711246
2025-06-03 16:45,6711246
2025-06-03 17:00,6711246
2025-06-03 17:15,6711246
2025-06-03 17:30,6711246
2025-06-03 17:45,6711246
2025-06-03 18:00,6711246
2025-06-03 18:15,6711246
2025-06-03 18:30,6711246
2025-06-03 18:45,6711313
2025-06-03 19:00,6711313
2025-06-03 19:15,6711313
2025-06-03 19:30,6711323
2025-06-03 19:45,6711330
2025-06-03 20:00,6711333
2025-06-03 20:15,6711333
2025-06-03 20:30,6711333
2025-06-03 20:45,6711333
2025-06-03 21:00,6711350
2025-06-03 21:15,6711386
2025-06-03 21:30,6711386
2025-06-03 21:45,6711390
2025-06-03 22:00,6711390
2025-06-03 22:15,6711390
2025-06-03 22:30,6711393
2025-06-03 22:45,6711436
2025-06-03 23:00,6711496
2025-06-03 23:15,6711496
2025-06-03 23:30,6711533
2025-06-03 23:45,6711613
2025-06-04 00:00,6711690
2025-06-04 00:15,6711703
2025-06-04 00:30,6711703
2025-06-04 00:45,6711703
2025-06-04 01:00,6711703
2025-06-04 01:15,6711703
2025-06-04 01:30,6711703
2025-06-04 01:45,6711703
2025-06-04 02:00,6711703
2025-06-04 02:15,6711740
2025-06-04 02:30,6711740
2025-06-04 02:45,6711740
2025-06-04 03:00,6711780
2025-06-04 03:15,6711780
2025-06-04 03:30,6711780
2025-06-04 03:45,6711780
2025-06-04 04:00,6711780
2025-06-04 04:15,6711780
2025-06-04 04:30,6711780
2025-06-04 04:45,6711780
2025-06-04 05:00,6711780
2025-06-04 05:15,6711780
2025-06-04 05:30,6711780
2025-06-04 05:45,6711823
2025-06-04 06:00,6711823
2025-06-04 06:15,6711823
2025-06-04 06:30,6711873
2025-06-04 06:45,6711873
2025-06-04 07:00,6711910
2025-06-04 07:15,6711910
2025-06-04 07:30,6711910
2025-06-04 07:45,6711910
2025-06-04 08:00,6712060
2025-06-04 08:15,6712080
2025-06-04 08:30,6712080
2025-06-04 08:45,6712086
2025-06-04 09:00,6712086
2025-06-04 09:15,6712506
2025-06-04 09:30,6712506
2025-06-04 09:45,6712570
2025-06-04 10:00,6712570
2025-06-04 10:15,6712646
2025-06-04 10:30,6712650
2025-06-04 10:45,6712650
2025-06-04 11:00,6712650
2025-06-04 11:15,6712660
2025-06-04 11:30,6712750
2025-06-04 11:45,6712826
2025-06-04 12:00,6712846
2025-06-04 12:15,6712846
2025-06-04 12:30,6712890
2025-06-04 12:45,6713126
2025-06-04 13:00,6713173
2025-06-04 13:15,6713326
2025-06-04 13:30,6713326
2025-06-04 13:45,6713350
2025-06-04 14:00,6713350
2025-06-04 14:15,6713360
2025-06-04 14:30,6713360
2025-06-04 14:45,6713360
2025-06-04 15:00,6713466
2025-06-04 15:15,6713466
2025-06-04 15:30,6713490
2025-06-04 15:45,6713513
2025-06-04 16:00,6713600
2025-06-04 16:15,6713600
2025-06-04 16:30,6713603
2025-06-04 16:45,6713603
2025-06-04 17:00,6713633
2025-06-04 17:15,6713643
2025-06-04 17:30,6713643
2025-06-04 17:45,6713756
2025-06-04 18:00,6713910
2025-06-04 18:15,6714106
2025-06-04 18:30,6714693
2025-06-04 18:45,6714693
2025-06-04 19:00,6714693
2025-06-04 19:15,6714733
2025-06-04 19:30,6714980
2025-06-04 19:45,6715340
2025-06-04 20:00,6715340
2025-06-04 20:15,6715340
2025-06-04 20:30,6715340
2025-06-04 20:45,6715340
2025-06-04 21:00,6715340
2025-06-04 21:15,6715413
2025-06-04 21:30,6715413
2025-06-04 21:45,6715416
2025-06-04 22:00,6715416
2025-06-04 22:15,6715416
2025-06-04 22:30,6715456
2025-06-04 22:45,6715456
2025-06-04 23:00,6715540
2025-06-04 23:15,6715543
2025-06-04 23:30,6715543
2025-06-04 23:45,6715546
2025-06-05 00:00,6715653
2025-06-05 00:15,6715653
2025-06-05 00:30,6715653
2025-06-05 00:45,6715653
2025-06-05 01:00,6715656
2025-06-05 01:15,6715746
2025-06-05 01:30,6715746
2025-06-05 01:45,6715746
2025-06-05 02:00,6715816
2025-06-05 02:15,6715816
2025-06-05 02:30,6715816
2025-06-05 02:45,6715816
2025-06-05 03:00,6715816
2025-06-05 03:15,6715816
2025-06-05 03:30,6715816
2025-06-05 03:45,6715816
2025-06-05 04:00,6715856
2025-06-05 04:15,6715856
2025-06-05 04:30,6715856
2025-06-05 04:45,6715856
2025-06-05 05:00,6715856
2025-06-05 05:15,6715856
2025-06-05 05:30,6715856
2025-06-05 05:45,6715856
2025-06-05 06:00,6715856
2025-06-05 06:15,6715893
2025-06-05 06:30,6715893
2025-06-05 06:45,6715893
2025-06-05 07:00,6715976
2025-06-05 07:15,6716160
2025-06-05 07:30,6716526
2025-06-05 07:45,6716550
2025-06-05 08:00,6716570
2025-06-05 08:15,6716623
2025-06-05 08:30,6716626
2025-06-05 08:45,6716663
2025-06-05 09:00,6716710
2025-06-05 09:15,6716846
2025-06-05 09:30,6717000
2025-06-05 09:45,6717076
2025-06-05 10:00,6717166
2025-06-05 10:15,6717236
2025-06-05 10:30,6717556
2025-06-05 10:45,6717556
2025-06-05 11:00,6717556
2025-06-05 11:15,6717706
2025-06-05 11:30,6717716
2025-06-05 11:45,6717893
2025-06-05 12:00,6717896
2025-06-05 12:15,6717896
2025-06-05 12:30,6718280
2025-06-05 12:45,6718373
2025-06-05 13:00,6718446
2025-06-05 13:15,6718476
2025-06-05 13:30,6718476
2025-06-05 13:45,6718566
2025-06-05 14:00,6718566
2025-06-05 14:15,6718603
2025-06-05 14:30,6718606
2025-06-05 14:45,6718616
2025-06-05 15:00,6718616
2025-06-05 15:15,6718620
2025-06-05 15:30,6718696
2025-06-05 15:45,6718700
2025-06-05 16:00,6718700
2025-06-05 16:15,6718700
2025-06-05 16:30,6718770
2025-06-05 16:45,6718806
2025-06-05 17:00,6718870
2025-06-05 17:15,6718876
2025-06-05 17:30,6718930
2025-06-05 17:45,6718933
2025-06-05 18:00,6719026
2025-06-05 18:15,6719026
2025-06-05 18:30,6719030
2025-06-05 18:45,6719033
2025-06-05 19:00,6719150
2025-06-05 19:15,6719150
2025-06-05 19:30,6719150
2025-06-05 19:45,6719160
2025-06-05 20:00,6719160
2025-06-05 20:15,6719163
2025-06-05 20:30,6719163
2025-06-05 20:45,6719166
2025-06-05 21:00,6719166
2025-06-05 21:15,6719203
2025-06-05 21:30,6719213
2025-06-05 21:45,6719220
2025-06-05 22:00,6719220
2025-06-05 22:15,6719290
2025-06-05 22:30,6719293
2025-06-05 22:45,6719293
2025-06-05 23:00,6719293
2025-06-05 23:15,6719320
2025-06-05 23:30,6719353
2025-06-05 23:45,6719353
2025-06-06 00:00,6719353
2025-06-06 00:15,6719430
2025-06-06 00:30,6719440
2025-06-06 00:45,6719440
2025-06-06 01:00,6719440
2025-06-06 01:15,6719440
2025-06-06 01:30,6719443
2025-06-06 01:45,6719516
2025-06-06 02:00,6719516
2025-06-06 02:15,6719516
2025-06-06 02:30,6719516
2025-06-06 02:45,6719520
2025-06-06 03:00,6719520
2025-06-06 03:15,6719586
2025-06-06 03:30,6719586
2025-06-06 03:45,6719586
2025-06-06 04:00,6719586
2025-06-06 04:15,6719586
2025-06-06 04:30,6719586
2025-06-06 04:45,6719586
2025-06-06 05:00,6719586
2025-06-06 05:15,6719626
2025-06-06 05:30,6719666
2025-06-06 05:45,6719666
2025-06-06 06:00,6719750
2025-06-06 06:15,6719750
2025-06-06 06:30,6719750
2025-06-06 06:45,6719793
2025-06-06 07:00,6719793
2025-06-06 07:15,6719793
2025-06-06 07:30,6719850
2025-06-06 07:45,6720286
2025-06-06 08:00,6720313
2025-06-06 08:15,6720313
2025-06-06 08:30,6720316
2025-06-06 08:45,6720323
2025-06-06 09:00,6720323
2025-06-06 09:15,6720760
2025-06-06 09:30,6720823
2025-06-06 09:45,6720823
2025-06-06 10:00,6720856
2025-06-06 10:15,6720856
2025-06-06 10:30,6720883
2025-06-06 10:45,6720883
2025-06-06 11:00,6720883
2025-06-06 11:15,6720933
2025-06-06 11:30,6720976
2025-06-06 11:45,6721063
2025-06-06 12:00,6721173
2025-06-06 12:15,6721403
2025-06-06 12:30,6721470
2025-06-06 12:45,6721480
2025-06-06 13:00,6721490
2025-06-06 13:15,6721640
2025-06-06 13:30,6721640
2025-06-06 13:45,6721643
2025-06-06 14:00,6721663
2025-06-06 14:15,6721680
2025-06-06 14:30,6721783
2025-06-06 14:45,6721796
2025-06-06 15:00,6721796
2025-06-06 15:15,6721883
2025-06-06 15:30,6721883
2025-06-06 15:45,6721883
2025-06-06 16:00,6721886
2025-06-06 16:15,6721886
2025-06-06 16:30,6721980
2025-06-06 16:45,6722070
2025-06-06 17:00,6722086
2025-06-06 17:15,6722090
2025-06-06 17:30,6722090
2025-06-06 17:45,6722176
2025-06-06 18:00,6722183
2025-06-06 18:15,6722243
2025-06-06 18:30,6722246
2025-06-06 18:45,6722393
2025-06-06 19:00,6722643
2025-06-06 19:15,6722660
2025-06-06 19:30,6722793
2025-06-06 19:45,6722853
2025-06-06 20:00,6722870
2025-06-06 20:15,6723170
2025-06-06 20:30,6723186
2025-06-06 20:45,6723186
2025-06-06 21:00,6723216
2025-06-06 21:15,6723216
2025-06-06 21:30,6723216
2025-06-06 21:45,6723286
2025-06-06 22:00,6723286
2025-06-06 22:15,6723323
2025-06-06 22:30,6723326
2025-06-06 22:45,6723326
2025-06-06 23:00,6723326
2025-06-06 23:15,6723330
2025-06-06 23:30,6723446
2025-06-06 23:45,6723453
2025-06-07 00:00,6723513
2025-06-07 00:15,6723513
2025-06-07 00:30,6723513
2025-06-07 00:45,6723516
2025-06-07 01:00,6723516
2025-06-07 01:15,6723516
2025-06-07 01:30,6723516
2025-06-07 01:45,6723516
2025-06-07 02:00,6723520
2025-06-07 02:15,6723553
2025-06-07 02:30,6723563
2025-06-07 02:45,6723670
2025-06-07 03:00,6723670
2025-06-07 03:15,6723670
2025-06-07 03:30,6723670
2025-06-07 03:45,6723670
2025-06-07 04:00,6723670
2025-06-07 04:15,6723670
2025-06-07 04:30,6723670
2025-06-07 04:45,6723670
2025-06-07 05:00,6723670
2025-06-07 05:15,6723670
2025-06-07 05:30,6723670
2025-06-07 05:45,6723670
2025-06-07 06:00,6723670
2025-06-07 06:15,6723710
2025-06-07 06:30,6723710
2025-06-07 06:45,6723710
2025-06-07 07:00,6723826
2025-06-07 07:15,6723826
2025-06-07 07:30,6723826
2025-06-07 07:45,6723830
2025-06-07 08:00,6723830
2025-06-07 08:15,6723870
2025-06-07 08:30,6723870
2025-06-07 08:45,6723870
2025-06-07 09:00,6723870
2025-06-07 09:15,6723940
2025-06-07 09:30,6724706
2025-06-07 09:45,6724716
2025-06-07 10:00,6724736
2025-06-07 10:15,6724760
2025-06-07 10:30,6724760
2025-06-07 10:45,6724760
2025-06-07 11:00,6724760
2025-06-07 11:15,6724760
2025-06-07 11:30,6724886
2025-06-07 11:45,6724886
2025-06-07 12:00,6726643
2025-06-07 12:15,6726643
2025-06-07 12:30,6726770
2025-06-07 12:45,6726773
2025-06-07 13:00,6726843
2025-06-07 13:15,6726846
2025-06-07 13:30,6726846
2025-06-07 13:45,6726846
2025-06-07 14:00,6726993
2025-06-07 14:15,6727056
2025-06-07 14:30,6727056
2025-06-07 14:45,6727056
2025-06-07 15:00,6727060
2025-06-07 15:15,6727060
2025-06-07 15:30,6727080
2025-06-07 15:45,6727136
2025-06-07 16:00,6727243
2025-06-07 16:15,6727303
2025-06-07 16:30,6727303
2025-06-07 16:45,6727403
2025-06-07 17:00,6727403
2025-06-07 17:15,6727473
2025-06-07 17:30,6727693
2025-06-07 17:45,6727866
2025-06-07 18:00,6727980
2025-06-07 18:15,6728106
2025-06-07 18:30,6728110
2025-06-07 18:45,6728110
2025-06-07 19:00,6728173
2025-06-07 19:15,6728173
2025-06-07 19:30,6728826
2025-06-07 19:45,6728826
2025-06-07 20:00,6728973
2025-06-07 20:15,6729013
2025-06-07 20:30,6729250
2025-06-07 20:45,6729263
2025-06-07 21:00,6729913
2025-06-07 21:15,6731386
2025-06-07 21:30,6731390
2025-06-07 21:45,6731423
2025-06-07 22:00,6731423
2025-06-07 22:15,6731423
2025-06-07 22:30,6731423
2025-06-07 22:45,6731463
2025-06-07 23:00,6731510
2025-06-07 23:15,6731513
2025-06-07 23:30,6731600
2025-06-07 23:45,6731600
2025-06-08 00:00,6731606
2025-06-08 00:15,6731646
2025-06-08 00:30,6731646
2025-06-08 00:45,6731646
2025-06-08 01:00,6731646
2025-06-08 01:15,6731646
2025-06-08 01:30,6731716
2025-06-08 01:45,6731716
2025-06-08 02:00,6731716
2025-06-08 02:15,6731716
2025-06-08 02:30,6731756
2025-06-08 02:45,6731756
2025-06-08 03:00,6731756
2025-06-08 03:15,6731756
2025-06-08 03:30,6731793
2025-06-08 03:45,6731793
2025-06-08 04:00,6731793
2025-06-08 04:15,6731793
2025-06-08 04:30,6731793
2025-06-08 04:45,6731793
2025-06-08 05:00,6731793
2025-06-08 05:15,6731793
2025-06-08 05:30,6731793
2025-06-08 05:45,6731793
2025-06-08 06:00,6731793
2025-06-08 06:15,6731793
2025-06-08 06:30,6731793
2025-06-08 06:45,6731830
2025-06-08 07:00,6731866
2025-06-08 07:15,6731866
2025-06-08 07:30,6731870
2025-06-08 07:45,6731870
2025-06-08 08:00,6731870
2025-06-08 08:15,6731870
2025-06-08 08:30,6731870
2025-06-08 08:45,6731870
2025-06-08 09:00,6731870
2025-06-08 09:15,6731870
2025-06-08 09:30,6732193
2025-06-08 09:45,6732213
2025-06-08 10:00,6732406
2025-06-08 10:15,6732496
2025-06-08 10:30,6732566
2025-06-08 10:45,6732566
2025-06-08 11:00,6732566
2025-06-08 11:15,6732566
2025-06-08 11:30,6732566
2025-06-08 11:45,6732570
2025-06-08 12:00,6732570
2025-06-08 12:15,6732570
2025-06-08 12:30,6732576
2025-06-08 12:45,6732576
2025-06-08 13:00,6732786
2025-06-08 13:15,6732893
2025-06-08 13:30,6732936
2025-06-08 13:45,6732963
2025-06-08 14:00,6733283
2025-06-08 14:15,6733326
2025-06-08 14:30,6733326
2025-06-08 14:45,6733423
2025-06-08 15:00,6733643
2025-06-08 15:15,6733703
2025-06-08 15:30,6733776
2025-06-08 15:45,6733786
2025-06-08 16:00,6733800
2025-06-08 16:15,6733833
2025-06-08 16:30,6733906
2025-06-08 16:45,6733923
2025-06-08 17:00,6733973
2025-06-08 17:15,6734080
2025-06-08 17:30,6734156
2025-06-08 17:45,6734190
2025-06-08 18:00,6734193
2025-06-08 18:15,6734203
2025-06-08 18:30,6734203
2025-06-08 18:45,6734350
2025-06-08 19:00,6734586
2025-06-08 19:15,6734773
2025-06-08 19:30,6734853
2025-06-08 19:45,6734890
2025-06-08 20:00,6734890
2025-06-08 20:15,6734926
2025-06-08 20:30,6734943
2025-06-08 20:45,6735170
2025-06-08 21:00,6735170
2025-06-08 21:15,6735170
2025-06-08 21:30,6735250
2025-06-08 21:45,6735250
2025-06-08 22:00,6735286
2025-06-08 22:15,6735286
2025-06-08 22:30,6735286
2025-06-08 22:45,6735286
2025-06-08 23:00,6735326
2025-06-08 23:15,6735326
2025-06-08 23:30,6735406
2025-06-08 23:45,6735406
2025-06-09 00:00,6735460
2025-06-09 00:15,6735490
2025-06-09 00:30,6735566
2025-06-09 00:45,6735566
2025-06-09 01:00,6735566
2025-06-09 01:15,6735566
2025-06-09 01:30,6735566
2025-06-09 01:45,6735566
2025-06-09 02:00,6735566
2025-06-09 02:15,6735566
2025-06-09 02:30,6735566
2025-06-09 02:45,6735566
2025-06-09 03:00,6735566
2025-06-09 03:15,6735566
2025-06-09 03:30,6735566
2025-06-09 03:45,6735566
2025-06-09 04:00,6735640
2025-06-09 04:15,6735676
2025-06-09 04:30,6735746
2025-06-09 04:45,6735746
2025-06-09 05:00,6735746
2025-06-09 05:15,6735746
2025-06-09 05:30,6735746
2025-06-09 05:45,6735746
2025-06-09 06:00,6735746
2025-06-09 06:15,6735746
2025-06-09 06:30,6735746
2025-06-09 06:45,6735746
2025-06-09 07:00,6735746
2025-06-09 07:15,6735746
2025-06-09 07:30,6735746
2025-06-09 07:45,6735746
2025-06-09 08:00,6735746
2025-06-09 08:15,6735746
2025-06-09 08:30,6735786
2025-06-09 08:45,6735786
2025-06-09 09:00,6736440
2025-06-09 09:15,6736563
2025-06-09 09:30,6736606
2025-06-09 09:45,6736633
2025-06-09 10:00,6736796
2025-06-09 10:15,6736966
2025-06-09 10:30,6737390
2025-06-09 10:45,6737620
2025-06-09 11:00,6737726
2025-06-09 11:15,6738230
2025-06-09 11:30,6738283
2025-06-09 11:45,6738300
2025-06-09 12:00,6738496
2025-06-09 12:15,6738540
2025-06-09 12:30,6738540
2025-06-09 12:45,6738860
2025-06-09 13:00,6738963
2025-06-09 13:15,6738970
2025-06-09 13:30,6739006
2025-06-09 13:45,6739076
2025-06-09 14:00,6739076
2025-06-09 14:15,6739076
2025-06-09 14:30,6739076
2025-06-09 14:45,6739076
2025-06-09 15:00,6739113
2025-06-09 15:15,6739113
2025-06-09 15:30,6739113
2025-06-09 15:45,6739146
2025-06-09 16:00,6739146
2025-06-09 16:15,6739146
2025-06-09 16:30,6739350
2025-06-09 16:45,6740263
2025-06-09 17:00,6740386
2025-06-09 17:15,6740386
2025-06-09 17:30,6740386
2025-06-09 17:45,6740386
2025-06-09 18:00,6740460
2025-06-09 18:15,6740460
2025-06-09 18:30,6740460
2025-06-09 18:45,6740530
2025-06-09 19:00,6740530
2025-06-09 19:15,6740530
2025-06-09 19:30,6740530
2025-06-09 19:45,6740530
2025-06-09 20:00,6740573
2025-06-09 20:15,6740573
2025-06-09 20:30,6740600
2025-06-09 20:45,6740600
2025-06-09 21:00,6740600
2025-06-09 21:15,6740636
2025-06-09 21:30,6740636
2025-06-09 21:45,6740636
2025-06-09 22:00,6740636
2025-06-09 22:15,6740710
2025-06-09 22:30,6740710
2025-06-09 22:45,6740746
2025-06-09 23:00,6740746
2025-06-09 23:15,6740746
2025-06-09 23:30,6740766
2025-06-09 23:45,6740766
2025-06-10 00:00,6740766
2025-06-10 00:15,6740876
2025-06-10 00:30,6740963
2025-06-10 00:45,6741046
2025-06-10 01:00,6741046
2025-06-10 01:15,6741046
2025-06-10 01:30,6741046
2025-06-10 01:45,6741046
2025-06-10 02:00,6741046
2025-06-10 02:15,6741046
2025-06-10 02:30,6741046
2025-06-10 02:45,6741046
2025-06-10 03:00,6741046
2025-06-10 03:15,6741080
2025-06-10 03:30,6741080
2025-06-10 03:45,6741080
2025-06-10 04:00,6741080
2025-06-10 04:15,6741080
2025-06-10 04:30,6741080
2025-06-10 04:45,6741080
2025-06-10 05:00,6741080
2025-06-10 05:15,6741080
2025-06-10 05:30,6741120
2025-06-10 05:45,6741120
2025-06-10 06:00,6741120
2025-06-10 06:15,6741120
2025-06-10 06:30,6741120
2025-06-10 06:45,6741120
2025-06-10 07:00,6741120
2025-06-10 07:15,6741120
2025-06-10 07:30,6741120
2025-06-10 07:45,6741120
2025-06-10 08:00,6741213
2025-06-10 08:15,6741213
2025-06-10 08:30,6741220
2025-06-10 08:45,6741306
2025-06-10 09:00,6741343
2025-06-10 09:15,6742323
2025-06-10 09:30,6742323
2025-06-10 09:45,6742336
2025-06-10 10:00,6742346
2025-06-10 10:15,6742346
2025-06-10 10:30,6742346
2025-06-10 10:45,6742346
2025-06-10 11:00,6742346
2025-06-10 11:15,6742390
2025-06-10 11:30,6742480
2025-06-10 11:45,6742480
2025-06-10 12:00,6742523
2025-06-10 12:15,6742523
2025-06-10 12:30,6742523
2025-06-10 12:45,6742523
2025-06-10 13:00,6742560
2025-06-10 13:15,6742560
2025-06-10 13:30,6742560
2025-06-10 13:45,6742646
2025-06-10 14:00,6742646
2025-06-10 14:15,6742650
2025-06-10 14:30,6742650
2025-06-10 14:45,6742650
2025-06-10 15:00,6742720
2025-06-10 15:15,6742720
2025-06-10 15:30,6742720
2025-06-10 15:45,6742720
2025-06-10 16:00,6742720
2025-06-10 16:15,6742726
2025-06-10 16:30,6742736
2025-06-10 16:45,6742736
2025-06-10 17:00,6742736
2025-06-10 17:15,6742806
2025-06-10 17:30,6742823
2025-06-10 17:45,6742823
2025-06-10 18:00,6742833
2025-06-10 18:15,6742833
2025-06-10 18:30,6742903
2025-06-10 18:45,6742903
2025-06-10 19:00,6742963
2025-06-10 19:15,6743096
2025-06-10 19:30,6743116
2025-06-10 19:45,6743246
2025-06-10 20:00,6743246
2025-06-10 20:15,6743246
2025-06-10 20:30,6743246
2025-06-10 20:45,6743246
2025-06-10 21:00,6743246
2025-06-10 21:15,6743246
2025-06-10 21:30,6743246
2025-06-10 21:45,6743286
2025-06-10 22:00,6743286
2025-06-10 22:15,6743286
2025-06-10 22:30,6743366
2025-06-10 22:45,6743366
2025-06-10 23:00,6743366
2025-06-10 23:15,6743366
2025-06-10 23:30,6743366
2025-06-10 23:45,6743366
2025-06-11 00:00,6743366
2025-06-11 00:15,6743366
2025-06-11 00:30,6743366
2025-06-11 00:45,6743380
2025-06-11 01:00,6743436
2025-06-11 01:15,6743436
2025-06-11 01:30,6743436
2025-06-11 01:45,6743436
2025-06-11 02:00,6743436
2025-06-11 02:15,6743436
2025-06-11 02:30,6743436
2025-06-11 02:45,6743436
2025-06-11 03:00,6743510
2025-06-11 03:15,6743553
2025-06-11 03:30,6743553
2025-06-11 03:45,6743553
2025-06-11 04:00,6743553
2025-06-11 04:15,6743590
2025-06-11 04:30,6743590
2025-06-11 04:45,6743593
2025-06-11 05:00,6743593
2025-06-11 05:15,6743593
2025-06-11 05:30,6743593
2025-06-11 05:45,6743593
2025-06-11 06:00,6743593
2025-06-11 06:15,6743750
2025-06-11 06:30,6743750
2025-06-11 06:45,6743800
2025-06-11 07:00,6743800
2025-06-11 07:15,6743870
2025-06-11 07:30,6743870
2025-06-11 07:45,6743870
2025-06-11 08:00,6743886
2025-06-11 08:15,6743953
2025-06-11 08:30,6744403
2025-06-11 08:45,6744413
2025-06-11 09:00,6744433
2025-06-11 09:15,6744443
2025-06-11 09:30,6744443
2025-06-11 09:45,6744443
2025-06-11 10:00,6744476
2025-06-11 10:15,6744476
2025-06-11 10:30,6744480
2025-06-11 10:45,6744560
2025-06-11 11:00,6744596
2025-06-11 11:15,6744653
2025-06-11 11:30,6744653
2025-06-11 11:45,6744690
2025-06-11 12:00,6744690
2025-06-11 12:15,6744706
2025-06-11 12:30,6744710
2025-06-11 12:45,6744810
2025-06-11 13:00,6744820
2025-06-11 13:15,6744893
2025-06-11 13:30,6744893
2025-06-11 13:45,6745213
2025-06-11 14:00,6745213
2025-06-11 14:15,6745213
2025-06-11 14:30,6745213
2025-06-11 14:45,6745213
2025-06-11 15:00,6745213
2025-06-11 15:15,6745330
2025-06-11 15:30,6745366
2025-06-11 15:45,6745376
2025-06-11 16:00,6745376
2025-06-11 16:15,6745383
2025-06-11 16:30,6745473
2025-06-11 16:45,6745473
2025-06-11 17:00,6745490
2025-06-11 17:15,6745566
2025-06-11 17:30,6745566
2025-06-11 17:45,6745600
2025-06-11 18:00,6745730
2025-06-11 18:15,6745730
2025-06-11 18:30,6745756
2025-06-11 18:45,6745766
2025-06-11 19:00,6745946
2025-06-11 19:15,6745946
2025-06-11 19:30,6745953
2025-06-11 19:45,6745960
2025-06-11 20:00,6746036
2025-06-11 20:15,6746036
2025-06-11 20:30,6746036
2025-06-11 20:45,6746036
2025-06-11 21:00,6746363
2025-06-11 21:15,6747363
2025-06-11 21:30,6747400
2025-06-11 21:45,6747400
2025-06-11 22:00,6747400
2025-06-11 22:15,6747446
2025-06-11 22:30,6747490
2025-06-11 22:45,6747530
2025-06-11 23:00,6747563
2025-06-11 23:15,6747563
2025-06-11 23:30,6747626
2025-06-11 23:45,6747626
2025-06-12 00:00,6747626
2025-06-12 00:15,6747706
2025-06-12 00:30,6747706
2025-06-12 00:45,6747706
2025-06-12 01:00,6747706
2025-06-12 01:15,6747706
2025-06-12 01:30,6747746
2025-06-12 01:45,6747746
2025-06-12 02:00,6747746
2025-06-12 02:15,6747746
2025-06-12 02:30,6747746
2025-06-12 02:45,6747746
2025-06-12 03:00,6747746
2025-06-12 03:15,6747820
2025-06-12 03:30,6747820
2025-06-12 03:45,6747820
2025-06-12 04:00,6747820
2025-06-12 04:15,6747820
2025-06-12 04:30,6747820
2025-06-12 04:45,6747820
2025-06-12 05:00,6747820
2025-06-12 05:15,6747820
2025-06-12 05:30,6747856
2025-06-12 05:45,6747856
2025-06-12 06:00,6747856
2025-06-12 06:15,6747936
2025-06-12 06:30,6747936
2025-06-12 06:45,6747936
2025-06-12 07:00,6747936
2025-06-12 07:15,6747936
2025-06-12 07:30,6747940
2025-06-12 07:45,6747940
2025-06-12 08:00,6747940
2025-06-12 08:15,6748036
2025-06-12 08:30,6748043
2025-06-12 08:45,6748210
2025-06-12 09:00,6748596
2025-06-12 09:15,6748676
2025-06-12 09:30,6748726
2025-06-12 09:45,6748760
2025-06-12 10:00,6748830
2025-06-12 10:15,6748830
2025-06-12 10:30,6748906
2025-06-12 10:45,6748906
2025-06-12 11:00,6748906
2025-06-12 11:15,6748940
2025-06-12 11:30,6749080
2025-06-12 11:45,6749080
2025-06-12 12:00,6749123
2025-06-12 12:15,6749123
2025-06-12 12:30,6749123
2025-06-12 12:45,6749156
2025-06-12 13:00,6749160
2025-06-12 13:15,6749240
2025-06-12 13:30,6749240
2025-06-12 13:45,6749240
2025-06-12 14:00,6749253
2025-06-12 14:15,6749383
2025-06-12 14:30,6749383
2025-06-12 14:45,6749420
2025-06-12 15:00,6749433
2025-06-12 15:15,6749546
2025-06-12 15:30,6749550
2025-06-12 15:45,6749550
2025-06-12 16:00,6749550
2025-06-12 16:15,6749550
2025-06-12 16:30,6749550
2025-06-12 16:45,6749680
2025-06-12 17:00,6749680
2025-06-12 17:15,6749680
2025-06-12 17:30,6749680
2025-06-12 17:45,6750603
2025-06-12 18:00,6750603
2025-06-12 18:15,6750653
2025-06-12 18:30,6750653
2025-06-12 18:45,6750723
2025-06-12 19:00,6750796
2025-06-12 19:15,6751293
2025-06-12 19:30,6751310
2025-06-12 19:45,6751330
2025-06-12 20:00,6751330
2025-06-12 20:15,6751330
2025-06-12 20:30,6751370
2025-06-12 20:45,6751416
2025-06-12 21:00,6751553
2025-06-12 21:15,6751650
2025-06-12 21:30,6751663
2025-06-12 21:45,6751666
2025-06-12 22:00,6751666
2025-06-12 22:15,6751700
2025-06-12 22:30,6751770
2025-06-12 22:45,6751816
2025-06-12 23:00,6751863
2025-06-12 23:15,6751896
2025-06-12 23:30,6751896
2025-06-12 23:45,6751896
2025-06-13 00:00,6751896
2025-06-13 00:15,6752003
2025-06-13 00:30,6752093
2025-06-13 00:45,6752093
2025-06-13 01:00,6752093
2025-06-13 01:15,6752093
2025-06-13 01:30,6752093
2025-06-13 01:45,6752093
2025-06-13 02:00,6752093
2025-06-13 02:15,6752093
2025-06-13 02:30,6752133
2025-06-13 02:45,6752133
2025-06-13 03:00,6752133
2025-06-13 03:15,6752133
2025-06-13 03:30,6752213
2025-06-13 03:45,6752213
2025-06-13 04:00,6752250
2025-06-13 04:15,6752290
2025-06-13 04:30,6752290
2025-06-13 04:45,6752290
2025-06-13 05:00,6752290
2025-06-13 05:15,6752290
2025-06-13 05:30,6752290
2025-06-13 05:45,6752290
2025-06-13 06:00,6752290
2025-06-13 06:15,6752323
2025-06-13 06:30,6752323
2025-06-13 06:45,6752323
2025-06-13 07:00,6752323
2025-06-13 07:15,6752323
2025-06-13 07:30,6752410
2025-06-13 07:45,6752410
2025-06-13 08:00,6752410
2025-06-13 08:15,6752420
2025-06-13 08:30,6752453
2025-06-13 08:45,6752856
2025-06-13 09:00,6752856
2025-06-13 09:15,6752856
2025-06-13 09:30,6752920
2025-06-13 09:45,6752920
2025-06-13 10:00,6752920
2025-06-13 10:15,6752973
2025-06-13 10:30,6752973
2025-06-13 10:45,6752973
2025-06-13 11:00,6752973
2025-06-13 11:15,6753010
2025-06-13 11:30,6753010
2025-06-13 11:45,6753010
2025-06-13 12:00,6753056
2025-06-13 12:15,6753160
2025-06-13 12:30,6753200
2025-06-13 12:45,6753203
2025-06-13 13:00,6753203
2025-06-13 13:15,6753203
2025-06-13 13:30,6753240
2025-06-13 13:45,6753240
2025-06-13 14:00,6753240
2025-06-13 14:15,6753240
2025-06-13 14:30,6753240
2025-06-13 14:45,6753243
2025-06-13 15:00,6753280
2025-06-13 15:15,6753306
2025-06-13 15:30,6753320
2025-06-13 15:45,6753390
2025-06-13 16:00,6753390
2025-06-13 16:15,6753453
2025-06-13 16:30,6753546
2025-06-13 16:45,6753576
2025-06-13 17:00,6753576
2025-06-13 17:15,6753600
2025-06-13 17:30,6753630
2025-06-13 17:45,6753630
2025-06-13 18:00,6753700
2025-06-13 18:15,6753713
2025-06-13 18:30,6753726
2025-06-13 18:45,6753726
2025-06-13 19:00,6753726
2025-06-13 19:15,6753726
2025-06-13 19:30,6753973
2025-06-13 19:45,6754620
2025-06-13 20:00,6755113
2025-06-13 20:15,6755306
2025-06-13 20:30,6755570
2025-06-13 20:45,6755570
2025-06-13 21:00,6755570
2025-06-13 21:15,6755570
2025-06-13 21:30,6755580
2025-06-13 21:45,6755580
2025-06-13 22:00,6755616
2025-06-13 22:15,6755616
2025-06-13 22:30,6755620
2025-06-13 22:45,6755670
2025-06-13 23:00,6755673
2025-06-13 23:15,6755716
2025-06-13 23:30,6755726
2025-06-13 23:45,6755726
2025-06-14 00:00,6755726
2025-06-14 00:15,6755806
2025-06-14 00:30,6755840
2025-06-14 00:45,6755840
2025-06-14 01:00,6755880
2025-06-14 01:15,6755880
2025-06-14 01:30,6755880
2025-06-14 01:45,6755880
2025-06-14 02:00,6755880
2025-06-14 02:15,6755880
2025-06-14 02:30,6755880
2025-06-14 02:45,6755880
2025-06-14 03:00,6755916
2025-06-14 03:15,6755916
2025-06-14 03:30,6755953
2025-06-14 03:45,6755953
2025-06-14 04:00,6755953
2025-06-14 04:15,6755953
2025-06-14 04:30,6755953
2025-06-14 04:45,6755953
2025-06-14 05:00,6756030
2025-06-14 05:15,6756030
2025-06-14 05:30,6756030
2025-06-14 05:45,6756030
2025-06-14 06:00,6756030
2025-06-14 06:15,6756153
2025-06-14 06:30,6756153
2025-06-14 06:45,6756153
2025-06-14 07:00,6756153
2025-06-14 07:15,6756153
2025-06-14 07:30,6756153
2025-06-14 07:45,6756153
2025-06-14 08:00,6756153
2025-06-14 08:15,6756186
2025-06-14 08:30,6756186
2025-06-14 08:45,6756193
2025-06-14 09:00,6756353
2025-06-14 09:15,6756393
2025-06-14 09:30,6756483
2025-06-14 09:45,6756616
2025-06-14 10:00,6756633
2025-06-14 10:15,6756866
2025-06-14 10:30,6756880
2025-06-14 10:45,6756883
2025-06-14 11:00,6756896
2025-06-14 11:15,6756983
2025-06-14 11:30,6757066
2025-06-14 11:45,6757150
2025-06-14 12:00,6758343
2025-06-14 12:15,6759690
2025-06-14 12:30,6760143
2025-06-14 12:45,6760236
2025-06-14 13:00,6760416
2025-06-14 13:15,6760586
2025-06-14 13:30,6760746
2025-06-14 13:45,6760963
2025-06-14 14:00,6761133
2025-06-14 14:15,6761286
2025-06-14 14:30,6761480
2025-06-14 14:45,6761636
2025-06-14 15:00,6761786
2025-06-14 15:15,6761943
2025-06-14 15:30,6762110
2025-06-14 15:45,6762246
2025-06-14 16:00,6762293
2025-06-14 16:15,6762333
2025-06-14 16:30,6762373
2025-06-14 16:45,6762470
2025-06-14 17:00,6762533
2025-06-14 17:15,6762533
2025-06-14 17:30,6762620
2025-06-14 17:45,6762620
2025-06-14 18:00,6764060
2025-06-14 18:15,6765570
2025-06-14 18:30,6765976
2025-06-14 18:45,6766050
2025-06-14 19:00,6766050
2025-06-14 19:15,6767043
2025-06-14 19:30,6767206
2025-06-14 19:45,6767206
2025-06-14 20:00,6767270
2025-06-14 20:15,6767270
2025-06-14 20:30,6767326
2025-06-14 20:45,6767356
2025-06-14 21:00,6767356
2025-06-14 21:15,6767356
2025-06-14 21:30,6767510
2025-06-14 21:45,6767943
2025-06-14 22:00,6768970
2025-06-14 22:15,6769233
2025-06-14 22:30,6769233
2025-06-14 22:45,6769233
2025-06-14 23:00,6769233
2025-06-14 23:15,6769273
2025-06-14 23:30,6769343
2025-06-14 23:45,6769343
2025-06-15 00:00,6769343
2025-06-15 00:15,6769343
2025-06-15 00:30,6769343
2025-06-15 00:45,6769400
2025-06-15 01:00,6769406
2025-06-15 01:15,6769443
2025-06-15 01:30,6769443
2025-06-15 01:45,6769443
2025-06-15 02:00,6769443
2025-06-15 02:15,6769483
2025-06-15 02:30,6769560
2025-06-15 02:45,6769560
2025-06-15 03:00,6769560
2025-06-15 03:15,6769560
2025-06-15 03:30,6769560
2025-06-15 03:45,6769560
2025-06-15 04:00,6769560
2025-06-15 04:15,6769560
2025-06-15 04:30,6769560
2025-06-15 04:45,6769560
2025-06-15 05:00,6769626
2025-06-15 05:15,6769626
2025-06-15 05:30,6769626
2025-06-15 05:45,6769626
2025-06-15 06:00,6769626
2025-06-15 06:15,6769636
2025-06-15 06:30,6769706
2025-06-15 06:45,6769706
2025-06-15 07:00,6769746
2025-06-15 07:15,6769746
2025-06-15 07:30,6769746
2025-06-15 07:45,6769786
2025-06-15 08:00,6769786
2025-06-15 08:15,6769786
2025-06-15 08:30,6769786
2025-06-15 08:45,6769786
2025-06-15 09:00,6769786
2025-06-15 09:15,6769823
2025-06-15 09:30,6770123
2025-06-15 09:45,6770203
2025-06-15 10:00,6770283
2025-06-15 10:15,6770293
2025-06-15 10:30,6770360
2025-06-15 10:45,6770466
2025-06-15 11:00,6770470
2025-06-15 11:15,6770470
2025-06-15 11:30,6770473
2025-06-15 11:45,6770550
2025-06-15 12:00,6770640
2025-06-15 12:15,6770666
2025-06-15 12:30,6770790
2025-06-15 12:45,6770826
2025-06-15 13:00,6771170
2025-06-15 13:15,6771300
2025-06-15 13:30,6771300
2025-06-15 13:45,6771313
2025-06-15 14:00,6771513
2025-06-15 14:15,6771686
2025-06-15 14:30,6771736
2025-06-15 14:45,6771736
2025-06-15 15:00,6771736
2025-06-15 15:15,6771776
2025-06-15 15:30,6771776
2025-06-15 15:45,6771933
2025-06-15 16:00,6771960
2025-06-15 16:15,6772086
2025-06-15 16:30,6772086
2025-06-15 16:45,6772086
2025-06-15 17:00,6772446
2025-06-15 17:15,6772510
2025-06-15 17:30,6772520
2025-06-15 17:45,6772553
2025-06-15 18:00,6772603
2025-06-15 18:15,6772720
2025-06-15 18:30,6772756
2025-06-15 18:45,6772760
2025-06-15 19:00,6772763
2025-06-15 19:15,6772906
2025-06-15 19:30,6772986
2025-06-15 19:45,6773016
2025-06-15 20:00,6773056
2025-06-15 20:15,6773426
2025-06-15 20:30,6774003
2025-06-15 20:45,6774190
2025-06-15 21:00,6774350
2025-06-15 21:15,6775113
2025-06-15 21:30,6775116
2025-06-15 21:45,6775276
2025-06-15 22:00,6775476
2025-06-15 22:15,6775500
2025-06-15 22:30,6775533
2025-06-15 22:45,6775533
2025-06-15 23:00,6775596
2025-06-15 23:15,6775596
2025-06-15 23:30,6775596
2025-06-15 23:45,6775643
2025-06-16 00:00,6775660
2025-06-16 00:15,6775660
2025-06-16 00:30,6775660
2025-06-16 00:45,6775743
2025-06-16 01:00,6775743
2025-06-16 01:15,6775743
2025-06-16 01:30,6775743
2025-06-16 01:45,6775743
2025-06-16 02:00,6775743
2025-06-16 02:15,6775743
2025-06-16 02:30,6775780
2025-06-16 02:45,6775780
2025-06-16 03:00,6775823
2025-06-16 03:15,6775823
2025-06-16 03:30,6775823
2025-06-16 03:45,6775823
2025-06-16 04:00,6775823
2025-06-16 04:15,6775930
2025-06-16 04:30,6775930
2025-06-16 04:45,6775930
2025-06-16 05:00,6775930
2025-06-16 05:15,6775930
2025-06-16 05:30,6775930
2025-06-16 05:45,6775930
2025-06-16 06:00,6775930
2025-06-16 06:15,6775930
2025-06-16 06:30,6775930
2025-06-16 06:45,6775930
2025-06-16 07:00,6776010
2025-06-16 07:15,6776010
2025-06-16 07:30,6776013
2025-06-16 07:45,6776013
2025-06-16 08:00,6776093
2025-06-16 08:15,6776146
2025-06-16 08:30,6776163
2025-06-16 08:45,6776483
2025-06-16 09:00,6776493
2025-06-16 09:15,6776663
2025-06-16 09:30,6776663
2025-06-16 09:45,6776673
2025-06-16 10:00,6776766
2025-06-16 10:15,6776983
2025-06-16 10:30,6777220
2025-06-16 10:45,6777380
2025-06-16 11:00,6777396
2025-06-16 11:15,6777396
2025-06-16 11:30,6777460
2025-06-16 11:45,6777623
2025-06-16 12:00,6777813
2025-06-16 12:15,6777813
2025-06-16 12:30,6777823
2025-06-16 12:45,6777823
2025-06-16 13:00,6777823
2025-06-16 13:15,6777830
2025-06-16 13:30,6777870
2025-06-16 13:45,6777870
2025-06-16 14:00,6777876
2025-06-16 14:15,6777916
2025-06-16 14:30,6777916
2025-06-16 14:45,6777916
2025-06-16 15:00,6777983
2025-06-16 15:15,6778026
2025-06-16 15:30,6778026
2025-06-16 15:45,6778026
2025-06-16 16:00,6778026
2025-06-16 16:15,6778030
2025-06-16 16:30,6778443
2025-06-16 16:45,6778643
2025-06-16 17:00,6778643
2025-06-16 17:15,6778643
2025-06-16 17:30,6778643
2025-06-16 17:45,6778666
2025-06-16 18:00,6778670
2025-06-16 18:15,6778703
2025-06-16 18:30,6778706
2025-06-16 18:45,6778770
2025-06-16 19:00,6778770
2025-06-16 19:15,6778810
2025-06-16 19:30,6778810
2025-06-16 19:45,6778810
2025-06-16 20:00,6778810
2025-06-16 20:15,6779016
2025-06-16 20:30,6779053
2025-06-16 20:45,6779243
2025-06-16 21:00,6779513
2025-06-16 21:15,6779976
2025-06-16 21:30,6780750
2025-06-16 21:45,6780760
2025-06-16 22:00,6780760
2025-06-16 22:15,6780800
2025-06-16 22:30,6780876
2025-06-16 22:45,6780930
2025-06-16 23:00,6781966
2025-06-16 23:15,6783243
2025-06-16 23:30,6783370
2025-06-16 23:45,6783370
2025-06-17 00:00,6783370
2025-06-17 00:15,6783370
2025-06-17 00:30,6783370
2025-06-17 00:45,6783370
2025-06-17 01:00,6783406
2025-06-17 01:15,6783410
2025-06-17 01:30,6783446
2025-06-17 01:45,6783446
2025-06-17 02:00,6783446
2025-06-17 02:15,6783446
2025-06-17 02:30,6783446
2025-06-17 02:45,6783446
2025-06-17 03:00,6783520
2025-06-17 03:15,6783520
2025-06-17 03:30,6783520
2025-06-17 03:45,6783556
2025-06-17 04:00,6783556
2025-06-17 04:15,6783556
2025-06-17 04:30,6783556
2025-06-17 04:45,6783596
2025-06-17 05:00,6783596
2025-06-17 05:15,6783596
2025-06-17 05:30,6783596
2025-06-17 05:45,6783596
2025-06-17 06:00,6783596
2025-06-17 06:15,6783633
2025-06-17 06:30,6783633
2025-06-17 06:45,6783633
2025-06-17 07:00,6783633
2025-06-17 07:15,6783633
2025-06-17 07:30,6783633
2025-06-17 07:45,6783633
2025-06-17 08:00,6784620
2025-06-17 08:15,6785576
2025-06-17 08:30,6785883
2025-06-17 08:45,6785903
2025-06-17 09:00,6785963
2025-06-17 09:15,6785996
2025-06-17 09:30,6785996
2025-06-17 09:45,6786016
2025-06-17 10:00,6786246
2025-06-17 10:15,6786283
2025-06-17 10:30,6786283
2025-06-17 10:45,6786283
2025-06-17 11:00,6786283
2025-06-17 11:15,6786283
2025-06-17 11:30,6786313
2025-06-17 11:45,6786326
2025-06-17 12:00,6786356
2025-06-17 12:15,6786366
2025-06-17 12:30,6786370
2025-06-17 12:45,6786370
2025-06-17 13:00,6786370
2025-06-17 13:15,6786406
2025-06-17 13:30,6787530
2025-06-17 13:45,6789640
2025-06-17 14:00,6789640
2025-06-17 14:15,6789660
2025-06-17 14:30,6789666
2025-06-17 14:45,6789666
2025-06-17 15:00,6789733
2025-06-17 15:15,6789773
2025-06-17 15:30,6789810
2025-06-17 15:45,6789886
2025-06-17 16:00,6790086
2025-06-17 16:15,6790240
2025-06-17 16:30,6790240
2025-06-17 16:45,6790286
2025-06-17 17:00,6790393
2025-06-17 17:15,6790440
2025-06-17 17:30,6790456
2025-06-17 17:45,6790573
2025-06-17 18:00,6790576
2025-06-17 18:15,6790616
2025-06-17 18:30,6790630
2025-06-17 18:45,6790633
2025-06-17 19:00,6790633
2025-06-17 19:15,6790810
2025-06-17 19:30,6790846
2025-06-17 19:45,6790910
2025-06-17 20:00,6790943
2025-06-17 20:15,6791116
2025-06-17 20:30,6791213
2025-06-17 20:45,6791276
2025-06-17 21:00,6791320
2025-06-17 21:15,6791520
2025-06-17 21:30,6791520
2025-06-17 21:45,6791520
2025-06-17 22:00,6791520
2025-06-17 22:15,6791520
2025-06-17 22:30,6791556
2025-06-17 22:45,6791656
2025-06-17 23:00,6791660
2025-06-17 23:15,6791660
2025-06-17 23:30,6791660
2025-06-17 23:45,6791666
2025-06-18 00:00,6791720
2025-06-18 00:15,6791756
2025-06-18 00:30,6791756
2025-06-18 00:45,6791756
2025-06-18 01:00,6791756
2025-06-18 01:15,6791756
2025-06-18 01:30,6791796
2025-06-18 01:45,6791796
2025-06-18 02:00,6791796
2025-06-18 02:15,6791796
2025-06-18 02:30,6791796
2025-06-18 02:45,6791796
2025-06-18 03:00,6791873
2025-06-18 03:15,6791873
2025-06-18 03:30,6791873
2025-06-18 03:45,6791873
2025-06-18 04:00,6791873
2025-06-18 04:15,6791910
2025-06-18 04:30,6791910
2025-06-18 04:45,6791910
2025-06-18 05:00,6791910
2025-06-18 05:15,6791953
2025-06-18 05:30,6791953
2025-06-18 05:45,6791953
2025-06-18 06:00,6791953
2025-06-18 06:15,6791953
2025-06-18 06:30,6791953
2025-06-18 06:45,6791993
2025-06-18 07:00,6792036
2025-06-18 07:15,6792073
2025-06-18 07:30,6792456
2025-06-18 07:45,6792460
2025-06-18 08:00,6792600
2025-06-18 08:15,6792770
2025-06-18 08:30,6792826
2025-06-18 08:45,6792826
2025-06-18 09:00,6792826
2025-06-18 09:15,6792830
2025-06-18 09:30,6792873
2025-06-18 09:45,6792926
2025-06-18 10:00,6793113
2025-06-18 10:15,6793300
2025-06-18 10:30,6793300
2025-06-18 10:45,6793300
2025-06-18 11:00,6793300
2025-06-18 11:15,6793310
2025-06-18 11:30,6793320
2025-06-18 11:45,6793320
2025-06-18 12:00,6793320
2025-06-18 12:15,6793323
2025-06-18 12:30,6793363
2025-06-18 12:45,6793363
2025-06-18 13:00,6793380
2025-06-18 13:15,6793496
2025-06-18 13:30,6793496
2025-06-18 13:45,6793513
2025-06-18 14:00,6793540
2025-06-18 14:15,6793656
2025-06-18 14:30,6793820
2025-06-18 14:45,6793836
2025-06-18 15:00,6793966
2025-06-18 15:15,6794253
2025-06-18 15:30,6794440
2025-06-18 15:45,6794730
2025-06-18 16:00,6795046
2025-06-18 16:15,6796303
2025-06-18 16:30,6797266
2025-06-18 16:45,6797863
2025-06-18 17:00,6797930
2025-06-18 17:15,6797940
2025-06-18 17:30,6797946
2025-06-18 17:45,6798003
2025-06-18 18:00,6798046
2025-06-18 18:15,6798046
2025-06-18 18:30,6799676
2025-06-18 18:45,6800300
2025-06-18 19:00,6800300
2025-06-18 19:15,6800303
2025-06-18 19:30,6800556
2025-06-18 19:45,6800596
2025-06-18 20:00,6800596
2025-06-18 20:15,6800606
2025-06-18 20:30,6800620
2025-06-18 20:45,6800660
2025-06-18 21:00,6800686
2025-06-18 21:15,6800790
2025-06-18 21:30,6800796
2025-06-18 21:45,6800833
2025-06-18 22:00,6801023
2025-06-18 22:15,6801023
2025-06-18 22:30,6801023
2025-06-18 22:45,6801023
2025-06-18 23:00,6801086
2025-06-18 23:15,6801086
2025-06-18 23:30,6801280
2025-06-18 23:45,6801713
2025-06-19 00:00,6803066
2025-06-19 00:15,6803143
2025-06-19 00:30,6803156
2025-06-19 00:45,6803156
2025-06-19 01:00,6803156
2025-06-19 01:15,6803156
2025-06-19 01:30,6803156
2025-06-19 01:45,6803240
2025-06-19 02:00,6803240
2025-06-19 02:15,6803240
2025-06-19 02:30,6803240
2025-06-19 02:45,6803240
2025-06-19 03:00,6803240
2025-06-19 03:15,6803240
2025-06-19 03:30,6803240
2025-06-19 03:45,6803240
2025-06-19 04:00,6803276
2025-06-19 04:15,6803276
2025-06-19 04:30,6803276
2025-06-19 04:45,6803276
2025-06-19 05:00,6803276
2025-06-19 05:15,6803276
2025-06-19 05:30,6803276
2025-06-19 05:45,6803276
2025-06-19 06:00,6803276
2025-06-19 06:15,6803276
2025-06-19 06:30,6803276
2025-06-19 06:45,6803276
2025-06-19 07:00,6803276
2025-06-19 07:15,6803280
2025-06-19 07:30,6803280
2025-06-19 07:45,6803280
2025-06-19 08:00,6803293
2025-06-19 08:15,6803356
2025-06-19 08:30,6803460
2025-06-19 08:45,6803696
2025-06-19 09:00,6803766
2025-06-19 09:15,6803906
2025-06-19 09:30,6804010
2025-06-19 09:45,6804073
2025-06-19 10:00,6804073
2025-06-19 10:15,6804083
2025-06-19 10:30,6804083
2025-06-19 10:45,6804210
2025-06-19 11:00,6804263
2025-06-19 11:15,6804266
2025-06-19 11:30,6804303
2025-06-19 11:45,6804336
2025-06-19 12:00,6804400
2025-06-19 12:15,6804550
2025-06-19 12:30,6804750
2025-06-19 12:45,6804750
2025-06-19 13:00,6804750
2025-06-19 13:15,6804770
2025-06-19 13:30,6804920
2025-06-19 13:45,6805086
2025-06-19 14:00,6805230
2025-06-19 14:15,6805380
2025-06-19 14:30,6805553
2025-06-19 14:45,6805703
2025-06-19 15:00,6805853
2025-06-19 15:15,6806010
2025-06-19 15:30,6806166
2025-06-19 15:45,6806330
2025-06-19 16:00,6806500
2025-06-19 16:15,6806753
2025-06-19 16:30,6806813
2025-06-19 16:45,6806816
2025-06-19 17:00,6806823
2025-06-19 17:15,6806863
2025-06-19 17:30,6806960
2025-06-19 17:45,6806960
2025-06-19 18:00,6807006
2025-06-19 18:15,6807123
2025-06-19 18:30,6807186
2025-06-19 18:45,6807186
2025-06-19 19:00,6807223
2025-06-19 19:15,6807283
2025-06-19 19:30,6807393
2025-06-19 19:45,6808110
2025-06-19 20:00,6808110
2025-06-19 20:15,6808303
2025-06-19 20:30,6808303
2025-06-19 20:45,6808303
2025-06-19 21:00,6808323
2025-06-19 21:15,6808396
2025-06-19 21:30,6808396
2025-06-19 21:45,6808506
2025-06-19 22:00,6808660
2025-06-19 22:15,6808813
2025-06-19 22:30,6808916
2025-06-19 22:45,6808930
2025-06-19 23:00,6808933
2025-06-19 23:15,6808963
2025-06-19 23:30,6809066
2025-06-19 23:45,6809070
2025-06-20 00:00,6809073
2025-06-20 00:15,6809073
2025-06-20 00:30,6809073
2025-06-20 00:45,6809076
2025-06-20 01:00,6809076
2025-06-20 01:15,6809076
2025-06-20 01:30,6809076
2025-06-20 01:45,6809076
2025-06-20 02:00,6809143
2025-06-20 02:15,6809143
2025-06-20 02:30,6809143
2025-06-20 02:45,6809143
2025-06-20 03:00,6809176
2025-06-20 03:15,6809180
2025-06-20 03:30,6809180
2025-06-20 03:45,6809180
2025-06-20 04:00,6809180
2025-06-20 04:15,6809180
2025-06-20 04:30,6809180
2025-06-20 04:45,6809180
2025-06-20 05:00,6809180
2025-06-20 05:15,6809180
2025-06-20 05:30,6809180
2025-06-20 05:45,6809180
2025-06-20 06:00,6809180
2025-06-20 06:15,6809183
2025-06-20 06:30,6809183
2025-06-20 06:45,6809183
2025-06-20 07:00,6809183
2025-06-20 07:15,6809183
2025-06-20 07:30,6810063
2025-06-20 07:45,6810183
2025-06-20 08:00,6810230
2025-06-20 08:15,6810256
2025-06-20 08:30,6810330
2025-06-20 08:45,6810330
2025-06-20 09:00,6810330
2025-06-20 09:15,6810330
2025-06-20 09:30,6810330
2025-06-20 09:45,6810330
2025-06-20 10:00,6810330
2025-06-20 10:15,6810353
2025-06-20 10:30,6810353
2025-06-20 10:45,6810353
2025-06-20 11:00,6810353
2025-06-20 11:15,6810353
2025-06-20 11:30,6810356
2025-06-20 11:45,6810356
2025-06-20 12:00,6810356
2025-06-20 12:15,6810356
2025-06-20 12:30,6810356
2025-06-20 12:45,6810356
2025-06-20 13:00,6810356
2025-06-20 13:15,6810360
2025-06-20 13:30,6810686
2025-06-20 13:45,6810700
2025-06-20 14:00,6810746
2025-06-20 14:15,6810746
2025-06-20 14:30,6810746
2025-06-20 14:45,6810746
2025-06-20 15:00,6810746
2025-06-20 15:15,6810746
2025-06-20 15:30,6810773
2025-06-20 15:45,6810816
2025-06-20 16:00,6810816
2025-06-20 16:15,6810816
2025-06-20 16:30,6810816
2025-06-20 16:45,6810816
2025-06-20 17:00,6810840
2025-06-20 17:15,6810840
2025-06-20 17:30,6810840
2025-06-20 17:45,6810840
2025-06-20 18:00,6810843
2025-06-20 18:15,6810846
2025-06-20 18:30,6810850
2025-06-20 18:45,6810886
2025-06-20 19:00,6810886
2025-06-20 19:15,6810886
2025-06-20 19:30,6810933
2025-06-20 19:45,6810996
2025-06-20 20:00,6811316
2025-06-20 20:15,6811316
2025-06-20 20:30,6811316
2025-06-20 20:45,6811653
2025-06-20 21:00,6811653
2025-06-20 21:15,6811686
2025-06-20 21:30,6811750
2025-06-20 21:45,6811803
2025-06-20 22:00,6811810
2025-06-20 22:15,6811810
2025-06-20 22:30,6811890
2025-06-20 22:45,6812003
2025-06-20 23:00,6812033
2025-06-20 23:15,6812043
2025-06-20 23:30,6812043
2025-06-20 23:45,6812043
2025-06-21 00:00,6812063
2025-06-21 00:15,6812096
2025-06-21 00:30,6812096
2025-06-21 00:45,6812096
2025-06-21 01:00,6812096
2025-06-21 01:15,6812096
2025-06-21 01:30,6812096
2025-06-21 01:45,6812096
2025-06-21 02:00,6812133
2025-06-21 02:15,6812133
2025-06-21 02:30,6812133
2025-06-21 02:45,6812133
2025-06-21 03:00,6812133
2025-06-21 03:15,6812133
2025-06-21 03:30,6812133
2025-06-21 03:45,6812133
2025-06-21 04:00,6812133
2025-06-21 04:15,6812133
2025-06-21 04:30,6812133
2025-06-21 04:45,6812133
2025-06-21 05:00,6812133
2025-06-21 05:15,6812133
2025-06-21 05:30,6812173
2025-06-21 05:45,6812173
2025-06-21 06:00,6812173
2025-06-21 06:15,6812173
2025-06-21 06:30,6812173
2025-06-21 06:45,6812180
2025-06-21 07:00,6812180
2025-06-21 07:15,6812180
2025-06-21 07:30,6812180
2025-06-21 07:45,6812240
2025-06-21 08:00,6812240
2025-06-21 08:15,6812243
2025-06-21 08:30,6812253
2025-06-21 08:45,6812253
2025-06-21 09:00,6812253
2025-06-21 09:15,6812253
2025-06-21 09:30,6812296
2025-06-21 09:45,6812296
2025-06-21 10:00,6812296
2025-06-21 10:15,6812353
2025-06-21 10:30,6812366
2025-06-21 10:45,6812366
2025-06-21 11:00,6812366
2025-06-21 11:15,6812376
2025-06-21 11:30,6812526
2025-06-21 11:45,6812540
2025-06-21 12:00,6812546
2025-06-21 12:15,6812550
2025-06-21 12:30,6812550
2025-06-21 12:45,6812600
2025-06-21 13:00,6812606
2025-06-21 13:15,6812670
2025-06-21 13:30,6812730
2025-06-21 13:45,6812776
2025-06-21 14:00,6812780
2025-06-21 14:15,6812810
2025-06-21 14:30,6812840
2025-06-21 14:45,6812840
2025-06-21 15:00,6812993
2025-06-21 15:15,6812993
2025-06-21 15:30,6812993
2025-06-21 15:45,6813153
2025-06-21 16:00,6813153
2025-06-21 16:15,6813156
2025-06-21 16:30,6813156
2025-06-21 16:45,6813156
2025-06-21 17:00,6813156
2025-06-21 17:15,6813156
2025-06-21 17:30,6813290
2025-06-21 17:45,6813290
2025-06-21 18:00,6813290
2025-06-21 18:15,6813300
2025-06-21 18:30,6813366
2025-06-21 18:45,6813370
2025-06-21 19:00,6813406
2025-06-21 19:15,6813406
2025-06-21 19:30,6813413
2025-06-21 19:45,6813520
2025-06-21 20:00,6813520
2025-06-21 20:15,6813550
2025-06-21 20:30,6813616
2025-06-21 20:45,6813616
2025-06-21 21:00,6813620
2025-06-21 21:15,6813620
2025-06-21 21:30,6813750
2025-06-21 21:45,6813840
2025-06-21 22:00,6813920
2025-06-21 22:15,6813930
2025-06-21 22:30,6814243
2025-06-21 22:45,6814243
2025-06-21 23:00,6814246
2025-06-21 23:15,6814253
2025-06-21 23:30,6814380
2025-06-21 23:45,6814426
2025-06-22 00:00,6814426
2025-06-22 00:15,6814426
2025-06-22 00:30,6814426
2025-06-22 00:45,6814426
2025-06-22 01:00,6814466
2025-06-22 01:15,6814466
2025-06-22 01:30,6814466
2025-06-22 01:45,6814466
2025-06-22 02:00,6814466
2025-06-22 02:15,6814466
2025-06-22 02:30,6814466
2025-06-22 02:45,6814466
2025-06-22 03:00,6814540
2025-06-22 03:15,6814540
2025-06-22 03:30,6814540
2025-06-22 03:45,6814540
2025-06-22 04:00,6814540
2025-06-22 04:15,6814540
2025-06-22 04:30,6814540
2025-06-22 04:45,6814540
2025-06-22 05:00,6814540
2025-06-22 05:15,6814540
2025-06-22 05:30,6814540
2025-06-22 05:45,6814540
2025-06-22 06:00,6814540
2025-06-22 06:15,6814540
2025-06-22 06:30,6814540
2025-06-22 06:45,6814580
2025-06-22 07:00,6814580
2025-06-22 07:15,6814580
2025-06-22 07:30,6814616
2025-06-22 07:45,6814616
2025-06-22 08:00,6814620
2025-06-22 08:15,6814620
2025-06-22 08:30,6814620
2025-06-22 08:45,6814620
2025-06-22 09:00,6814620
2025-06-22 09:15,6814953
2025-06-22 09:30,6814953
2025-06-22 09:45,6815043
2025-06-22 10:00,6815990
2025-06-22 10:15,6817426
2025-06-22 10:30,6817493
2025-06-22 10:45,6817540
2025-06-22 11:00,6817543
2025-06-22 11:15,6817543
2025-06-22 11:30,6817543
2025-06-22 11:45,6817553
2025-06-22 12:00,6817553
2025-06-22 12:15,6817600
2025-06-22 12:30,6817620
2025-06-22 12:45,6818190
2025-06-22 13:00,6818190
2025-06-22 13:15,6818190
2025-06-22 13:30,6818190
2025-06-22 13:45,6818193
2025-06-22 14:00,6818193
2025-06-22 14:15,6818193
2025-06-22 14:30,6818226
2025-06-22 14:45,6818226
2025-06-22 15:00,6818243
2025-06-22 15:15,6818243
2025-06-22 15:30,6818243
2025-06-22 15:45,6818243
2025-06-22 16:00,6818293
2025-06-22 16:15,6818293
2025-06-22 16:30,6818293
2025-06-22 16:45,6818293
2025-06-22 17:00,6818293
2025-06-22 17:15,6818330
2025-06-22 17:30,6818366
2025-06-22 17:45,6818366
2025-06-22 18:00,6818463
2025-06-22 18:15,6818463
2025-06-22 18:30,6818466
2025-06-22 18:45,6818543
2025-06-22 19:00,6818543
2025-06-22 19:15,6818543
2025-06-22 19:30,6818543
2025-06-22 19:45,6818543
2025-06-22 20:00,6818606
2025-06-22 20:15,6818676
2025-06-22 20:30,6818680
2025-06-22 20:45,6818723
2025-06-22 21:00,6818723
2025-06-22 21:15,6818846
2025-06-22 21:30,6818896
2025-06-22 21:45,6818896
2025-06-22 22:00,6818900
2025-06-22 22:15,6818900
2025-06-22 22:30,6818983
2025-06-22 22:45,6819100
2025-06-22 23:00,6819100
2025-06-22 23:15,6819130
2025-06-22 23:30,6819130
2025-06-22 23:45,6819170
2025-06-23 00:00,6819170
2025-06-23 00:15,6819170
2025-06-23 00:30,6819206
2025-06-23 00:45,6819210
2025-06-23 01:00,6819210
2025-06-23 01:15,6819266
2025-06-23 01:30,6819303
2025-06-23 01:45,6819303
2025-06-23 02:00,6819303
2025-06-23 02:15,6819303
2025-06-23 02:30,6819303
2025-06-23 02:45,6819303
2025-06-23 03:00,6819303
2025-06-23 03:15,6819303
2025-06-23 03:30,6819343
2025-06-23 03:45,6819343
2025-06-23 04:00,6819343
2025-06-23 04:15,6819343
2025-06-23 04:30,6819343
2025-06-23 04:45,6819380
2025-06-23 05:00,6819426
2025-06-23 05:15,6819463
2025-06-23 05:30,6819466
2025-06-23 05:45,6819466
2025-06-23 06:00,6819466
2025-06-23 06:15,6819466
2025-06-23 06:30,6819466
2025-06-23 06:45,6819466
2025-06-23 07:00,6819466
2025-06-23 07:15,6819466
2025-06-23 07:30,6819466
2025-06-23 07:45,6819470
2025-06-23 08:00,6819470
2025-06-23 08:15,6819470
2025-06-23 08:30,6819470
2025-06-23 08:45,6819473
2025-06-23 09:00,6819473
2025-06-23 09:15,6819773
2025-06-23 09:30,6819973
2025-06-23 09:45,6820086
2025-06-23 10:00,6820090
2025-06-23 10:15,6820090
2025-06-23 10:30,6820090
2025-06-23 10:45,6820093
2025-06-23 11:00,6820093
2025-06-23 11:15,6820156
2025-06-23 11:30,6820240
2025-06-23 11:45,6820266
2025-06-23 12:00,6820336
2025-06-23 12:15,6820353
2025-06-23 12:30,6820353
2025-06-23 12:45,6820353
2025-06-23 13:00,6820353
2025-06-23 13:15,6820386
2025-06-23 13:30,6820423
2025-06-23 13:45,6820423
2025-06-23 14:00,6820430
2025-06-23 14:15,6820446
2025-06-23 14:30,6820446
2025-06-23 14:45,6820446
2025-06-23 15:00,6820806
2025-06-23 15:15,6820806
2025-06-23 15:30,6820806
2025-06-23 15:45,6820846
2025-06-23 16:00,6820863
2025-06-23 16:15,6820863
2025-06-23 16:30,6820863
2025-06-23 16:45,6820863
2025-06-23 17:00,6820863
2025-06-23 17:15,6820863
2025-06-23 17:30,6820866
2025-06-23 17:45,6820866
2025-06-23 18:00,6820936
2025-06-23 18:15,6820940
2025-06-23 18:30,6821456
2025-06-23 18:45,6821456
2025-06-23 19:00,6821456
2025-06-23 19:15,6821460
2025-06-23 19:30,6821460
2025-06-23 19:45,6821460
2025-06-23 20:00,6821460
2025-06-23 20:15,6821460
2025-06-23 20:30,6821460
2025-06-23 20:45,6821506
2025-06-23 21:00,6821506
2025-06-23 21:15,6821680
2025-06-23 21:30,6821770
2025-06-23 21:45,6821770
2025-06-23 22:00,6821806
2025-06-23 22:15,6823310
2025-06-23 22:30,6824026
2025-06-23 22:45,6824026
2025-06-23 23:00,6824026
2025-06-23 23:15,6824100
2025-06-23 23:30,6824153
2025-06-23 23:45,6824160
2025-06-24 00:00,6824160
2025-06-24 00:15,6824160
2025-06-24 00:30,6824160
2025-06-24 00:45,6824160
2025-06-24 01:00,6824160
2025-06-24 01:15,6824160
2025-06-24 01:30,6824160
2025-06-24 01:45,6824160
2025-06-24 02:00,6824160
2025-06-24 02:15,6824160
2025-06-24 02:30,6824160
2025-06-24 02:45,6824160
2025-06-24 03:00,6824160
2025-06-24 03:15,6824230
2025-06-24 03:30,6824240
2025-06-24 03:45,6824276
2025-06-24 04:00,6824276
2025-06-24 04:15,6824276
2025-06-24 04:30,6824276
2025-06-24 04:45,6824276
2025-06-24 05:00,6824276
2025-06-24 05:15,6824276
2025-06-24 05:30,6824276
2025-06-24 05:45,6824276
2025-06-24 06:00,6824276
2025-06-24 06:15,6824276
2025-06-24 06:30,6824276
2025-06-24 06:45,6824276
2025-06-24 07:00,6824276
2025-06-24 07:15,6824280
2025-06-24 07:30,6824280
2025-06-24 07:45,6824280
2025-06-24 08:00,6824393
2025-06-24 08:15,6824436
2025-06-24 08:30,6824440
2025-06-24 08:45,6824926
2025-06-24 09:00,6824930
2025-06-24 09:15,6825136
2025-06-24 09:30,6825136
2025-06-24 09:45,6825143
2025-06-24 10:00,6825156
2025-06-24 10:15,6825156
2025-06-24 10:30,6825156
2025-06-24 10:45,6825156
2025-06-24 11:00,6825170
2025-06-24 11:15,6825276
2025-06-24 11:30,6825276
2025-06-24 11:45,6825276
2025-06-24 12:00,6825276
2025-06-24 12:15,6825283
2025-06-24 12:30,6825396
2025-06-24 12:45,6825396
2025-06-24 13:00,6825433
2025-06-24 13:15,6825706
2025-06-24 13:30,6825706
2025-06-24 13:45,6825706
2025-06-24 14:00,6825706
2025-06-24 14:15,6825706
2025-06-24 14:30,6825936
2025-06-24 14:45,6826086
2025-06-24 15:00,6826103
2025-06-24 15:15,6826180
2025-06-24 15:30,6826180
2025-06-24 15:45,6826180
2025-06-24 16:00,6826216
2025-06-24 16:15,6826250
2025-06-24 16:30,6826253
2025-06-24 16:45,6826306
2025-06-24 17:00,6826306
2025-06-24 17:15,6826330
2025-06-24 17:30,6826523
2025-06-24 17:45,6826523
2025-06-24 18:00,6826576
2025-06-24 18:15,6826586
2025-06-24 18:30,6826603
2025-06-24 18:45,6826603
2025-06-24 19:00,6826603
2025-06-24 19:15,6826606
2025-06-24 19:30,6826616
2025-06-24 19:45,6826633
2025-06-24 20:00,6826636
2025-06-24 20:15,6826680
2025-06-24 20:30,6826693
2025-06-24 20:45,6826693
2025-06-24 21:00,6826693
2025-06-24 21:15,6826733
2025-06-24 21:30,6826770
2025-06-24 21:45,6826770
2025-06-24 22:00,6826860
2025-06-24 22:15,6826860
2025-06-24 22:30,6826880
2025-06-24 22:45,6826880
2025-06-24 23:00,6826946
2025-06-24 23:15,6826963
2025-06-24 23:30,6826963
2025-06-24 23:45,6826963
2025-06-25 00:00,6826963
2025-06-25 00:15,6826963
2025-06-25 00:30,6826963
2025-06-25 00:45,6826963
2025-06-25 01:00,6826963
2025-06-25 01:15,6826976
2025-06-25 01:30,6827076
2025-06-25 01:45,6827076
2025-06-25 02:00,6827076
2025-06-25 02:15,6827076
2025-06-25 02:30,6827076
2025-06-25 02:45,6827076
2025-06-25 03:00,6827076
2025-06-25 03:15,6827076
2025-06-25 03:30,6827113
2025-06-25 03:45,6827123
2025-06-25 04:00,6827166
2025-06-25 04:15,6827166
2025-06-25 04:30,6827166
2025-06-25 04:45,6827166
2025-06-25 05:00,6827166
2025-06-25 05:15,6827166
2025-06-25 05:30,6827206
2025-06-25 05:45,6827206
2025-06-25 06:00,6827206
2025-06-25 06:15,6827206
2025-06-25 06:30,6827206
2025-06-25 06:45,6827206
2025-06-25 07:00,6827290
2025-06-25 07:15,6827293
2025-06-25 07:30,6827293
2025-06-25 07:45,6827293
2025-06-25 08:00,6827330
2025-06-25 08:15,6827330
2025-06-25 08:30,6827330
2025-06-25 08:45,6827790
2025-06-25 09:00,6827790
2025-06-25 09:15,6827790
2025-06-25 09:30,6827840
2025-06-25 09:45,6827840
2025-06-25 10:00,6827850
2025-06-25 10:15,6827850
2025-06-25 10:30,6827850
2025-06-25 10:45,6827850
2025-06-25 11:00,6827850
2025-06-25 11:15,6827956
2025-06-25 11:30,6828013
2025-06-25 11:45,6828013
2025-06-25 12:00,6828016
2025-06-25 12:15,6828103
2025-06-25 12:30,6828330
2025-06-25 12:45,6828376
2025-06-25 13:00,6828410
2025-06-25 13:15,6828410
2025-06-25 13:30,6828410
2025-06-25 13:45,6828413
2025-06-25 14:00,6828413
2025-06-25 14:15,6828460
2025-06-25 14:30,6828586
2025-06-25 14:45,6828586
2025-06-25 15:00,6828660
2025-06-25 15:15,6829576
2025-06-25 15:30,6829683
2025-06-25 15:45,6829686
2025-06-25 16:00,6829690
2025-06-25 16:15,6829720
2025-06-25 16:30,6829763
2025-06-25 16:45,6829763
2025-06-25 17:00,6829803
2025-06-25 17:15,6829803
2025-06-25 17:30,6830023
2025-06-25 17:45,6830136
2025-06-25 18:00,6830520
2025-06-25 18:15,6830663
2025-06-25 18:30,6831113
2025-06-25 18:45,6831356
2025-06-25 19:00,6831810
2025-06-25 19:15,6832860
2025-06-25 19:30,6833630
2025-06-25 19:45,6833950
2025-06-25 20:00,6833950
2025-06-25 20:15,6833950
2025-06-25 20:30,6833950
2025-06-25 20:45,6833956
2025-06-25 21:00,6834046
2025-06-25 21:15,6834163
2025-06-25 21:30,6834236
2025-06-25 21:45,6834236
2025-06-25 22:00,6834243
2025-06-25 22:15,6834613
2025-06-25 22:30,6834613
2025-06-25 22:45,6834653
2025-06-25 23:00,6834673
2025-06-25 23:15,6834733
2025-06-25 23:30,6834736
2025-06-25 23:45,6834736
2025-06-26 00:00,6834736
2025-06-26 00:15,6834736
2025-06-26 00:30,6834736
2025-06-26 00:45,6834736
2025-06-26 01:00,6834736
2025-06-26 01:15,6834736
2025-06-26 01:30,6834736
2025-06-26 01:45,6834736
2025-06-26 02:00,6834736
2025-06-26 02:15,6834736
2025-06-26 02:30,6834736
2025-06-26 02:45,6834736
2025-06-26 03:00,6834773
2025-06-26 03:15,6834773
2025-06-26 03:30,6834773
2025-06-26 03:45,6834776
2025-06-26 04:00,6834776
2025-06-26 04:15,6834776
2025-06-26 04:30,6834776
2025-06-26 04:45,6834776
2025-06-26 05:00,6834776
2025-06-26 05:15,6834776
2025-06-26 05:30,6834776
2025-06-26 05:45,6834776
2025-06-26 06:00,6834776
2025-06-26 06:15,6834776
2025-06-26 06:30,6834776
2025-06-26 06:45,6834776
2025-06-26 07:00,6834776
2025-06-26 07:15,6834776
2025-06-26 07:30,6834776
2025-06-26 07:45,6834780
2025-06-26 08:00,6834780
2025-06-26 08:15,6834903
2025-06-26 08:30,6834950
2025-06-26 08:45,6834973
2025-06-26 09:00,6834973
2025-06-26 09:15,6835433
2025-06-26 09:30,6835620
2025-06-26 09:45,6835623
2025-06-26 10:00,6835623
2025-06-26 10:15,6835626
2025-06-26 10:30,6835770
2025-06-26 10:45,6835980
2025-06-26 11:00,6835993
2025-06-26 11:15,6836186
2025-06-26 11:30,6836306
2025-06-26 11:45,6836343
2025-06-26 12:00,6836370
2025-06-26 12:15,6836370
2025-06-26 12:30,6836370
2025-06-26 12:45,6836370
2025-06-26 13:00,6836370
2025-06-26 13:15,6836373
2025-06-26 13:30,6836373
2025-06-26 13:45,6836373
2025-06-26 14:00,6836413
2025-06-26 14:15,6836416
2025-06-26 14:30,6836500
2025-06-26 14:45,6836500
2025-06-26 15:00,6836503
2025-06-26 15:15,6836640
2025-06-26 15:30,6836640
2025-06-26 15:45,6836656
2025-06-26 16:00,6836656
2025-06-26 16:15,6836656
2025-06-26 16:30,6836693
2025-06-26 16:45,6836693
2025-06-26 17:00,6836693
2025-06-26 17:15,6836703
2025-06-26 17:30,6836726
2025-06-26 17:45,6836736
2025-06-26 18:00,6836750
2025-06-26 18:15,6836766
2025-06-26 18:30,6836766
2025-06-26 18:45,6836766
2025-06-26 19:00,6836786
2025-06-26 19:15,6836786
2025-06-26 19:30,6836790
2025-06-26 19:45,6836803
2025-06-26 20:00,6836813
2025-06-26 20:15,6836823
2025-06-26 20:30,6836896
2025-06-26 20:45,6836940
2025-06-26 21:00,6836966
2025-06-26 21:15,6837076
2025-06-26 21:30,6837080
2025-06-26 21:45,6837160
2025-06-26 22:00,6837160
2025-06-26 22:15,6837160
2025-06-26 22:30,6837200
2025-06-26 22:45,6837200
2025-06-26 23:00,6837206
2025-06-26 23:15,6837263
2025-06-26 23:30,6837263
2025-06-26 23:45,6837263
2025-06-27 00:00,6837263
2025-06-27 00:15,6837346
2025-06-27 00:30,6837346
2025-06-27 00:45,6837346
2025-06-27 01:00,6837346
2025-06-27 01:15,6837346
2025-06-27 01:30,6837346
2025-06-27 01:45,6837383
2025-06-27 02:00,6837433
2025-06-27 02:15,6837433
2025-06-27 02:30,6837433
2025-06-27 02:45,6837433
2025-06-27 03:00,6837433
2025-06-27 03:15,6837433
2025-06-27 03:30,6837436
2025-06-27 03:45,6837470
2025-06-27 04:00,6837470
2025-06-27 04:15,6837470
2025-06-27 04:30,6837470
2025-06-27 04:45,6837470
2025-06-27 05:00,6837506
2025-06-27 05:15,6837506
2025-06-27 05:30,6837506
2025-06-27 05:45,6837546
2025-06-27 06:00,6837546
2025-06-27 06:15,6837546
2025-06-27 06:30,6837546
2025-06-27 06:45,6837546
2025-06-27 07:00,6837546
2025-06-27 07:15,6837546
2025-06-27 07:30,6837630
2025-06-27 07:45,6837630
2025-06-27 08:00,6837643
2025-06-27 08:15,6837650
2025-06-27 08:30,6837690
2025-06-27 08:45,6838293
2025-06-27 09:00,6838293
2025-06-27 09:15,6838396
2025-06-27 09:30,6838396
2025-06-27 09:45,6838400
2025-06-27 10:00,6838400
2025-06-27 10:15,6838480
2025-06-27 10:30,6838503
2025-06-27 10:45,6838583
2025-06-27 11:00,6838596
2025-06-27 11:15,6838596
2025-06-27 11:30,6838596
2025-06-27 11:45,6838596
2025-06-27 12:00,6838633
2025-06-27 12:15,6838633
2025-06-27 12:30,6838633
2025-06-27 12:45,6838650
2025-06-27 13:00,6838650
2025-06-27 13:15,6838650
2025-06-27 13:30,6838683
2025-06-27 13:45,6838683
2025-06-27 14:00,6838686
2025-06-27 14:15,6838686
2025-06-27 14:30,6838703
2025-06-27 14:45,6838750
2025-06-27 15:00,6838833
2025-06-27 15:15,6838840
2025-06-27 15:30,6838840
2025-06-27 15:45,6838840
2025-06-27 16:00,6838840
2025-06-27 16:15,6838843
2025-06-27 16:30,6838843
2025-06-27 16:45,6838843
2025-06-27 17:00,6838843
2025-06-27 17:15,6838843
2025-06-27 17:30,6838856
2025-06-27 17:45,6838856
2025-06-27 18:00,6838860
2025-06-27 18:15,6838860
2025-06-27 18:30,6838920
2025-06-27 18:45,6838920
2025-06-27 19:00,6838920
2025-06-27 19:15,6838920
2025-06-27 19:30,6838923
2025-06-27 19:45,6839030
2025-06-27 20:00,6839073
2025-06-27 20:15,6839136
2025-06-27 20:30,6839350
2025-06-27 20:45,6839406
2025-06-27 21:00,6839406
2025-06-27 21:15,6839406
2025-06-27 21:30,6839406
2025-06-27 21:45,6839406
2025-06-27 22:00,6839406
2025-06-27 22:15,6839406
2025-06-27 22:30,6839406
2025-06-27 22:45,6839406
2025-06-27 23:00,6839406
2025-06-27 23:15,6839406
2025-06-27 23:30,6839410
2025-06-27 23:45,6839410
2025-06-28 00:00,6839410
2025-06-28 00:15,6839410
2025-06-28 00:30,6839410
2025-06-28 00:45,6839410
2025-06-28 01:00,6839410
2025-06-28 01:15,6839410
2025-06-28 01:30,6839410
2025-06-28 01:45,6839410
2025-06-28 02:00,6839410
2025-06-28 02:15,6839410
2025-06-28 02:30,6839410
2025-06-28 02:45,6839410
2025-06-28 03:00,6839410
2025-06-28 03:15,6839410
2025-06-28 03:30,6839410
2025-06-28 03:45,6839410
2025-06-28 04:00,6839410
2025-06-28 04:15,6839410
2025-06-28 04:30,6839410
2025-06-28 04:45,6839410
2025-06-28 05:00,6839410
2025-06-28 05:15,6839410
2025-06-28 05:30,6839410
2025-06-28 05:45,6839490
2025-06-28 06:00,6839490
2025-06-28 06:15,6839490
2025-06-28 06:30,6839490
2025-06-28 06:45,6839490
2025-06-28 07:00,6839530
2025-06-28 07:15,6839530
2025-06-28 07:30,6839530
2025-06-28 07:45,6839530
2025-06-28 08:00,6839530
2025-06-28 08:15,6839530
2025-06-28 08:30,6839533
2025-06-28 08:45,6839540
2025-06-28 09:00,6839540
2025-06-28 09:15,6839540
2025-06-28 09:30,6839603
2025-06-28 09:45,6839603
2025-06-28 10:00,6839606
2025-06-28 10:15,6839606
2025-06-28 10:30,6839606
2025-06-28 10:45,6839606
2025-06-28 11:00,6839606
2025-06-28 11:15,6839606
2025-06-28 11:30,6839613
2025-06-28 11:45,6839613
2025-06-28 12:00,6839613
2025-06-28 12:15,6839616
2025-06-28 12:30,6839623
2025-06-28 12:45,6839623
2025-06-28 13:00,6839623
2025-06-28 13:15,6839670
2025-06-28 13:30,6839683
2025-06-28 13:45,6839683
2025-06-28 14:00,6839683
2025-06-28 14:15,6839766
2025-06-28 14:30,6839966
2025-06-28 14:45,6840950
2025-06-28 15:00,6841850
2025-06-28 15:15,6841960
2025-06-28 15:30,6842003
2025-06-28 15:45,6842246
2025-06-28 16:00,6842246
2025-06-28 16:15,6842320
2025-06-28 16:30,6842380
2025-06-28 16:45,6842380
2025-06-28 17:00,6842380
2025-06-28 17:15,6842380
2025-06-28 17:30,6842380
2025-06-28 17:45,6842380
2025-06-28 18:00,6842380
2025-06-28 18:15,6842380
2025-06-28 18:30,6842380
2025-06-28 18:45,6844030
2025-06-28 19:00,6846043
2025-06-28 19:15,6847066
2025-06-28 19:30,6847086
2025-06-28 19:45,6847090
2025-06-28 20:00,6847290
2025-06-28 20:15,6847290
2025-06-28 20:30,6847290
2025-06-28 20:45,6847290
2025-06-28 21:00,6847290
2025-06-28 21:15,6847290
2025-06-28 21:30,6847290
2025-06-28 21:45,6847290
2025-06-28 22:00,6847290
2025-06-28 22:15,6847290
2025-06-28 22:30,6847290
2025-06-28 22:45,6847290
2025-06-28 23:00,6847290
2025-06-28 23:15,6847290
2025-06-28 23:30,6847290
2025-06-28 23:45,6847463
2025-06-29 00:00,6847663
2025-06-29 00:15,6847663
2025-06-29 00:30,6847663
2025-06-29 00:45,6847663
2025-06-29 01:00,6847663
2025-06-29 01:15,6847663
2025-06-29 01:30,6847666
2025-06-29 01:45,6847666
2025-06-29 02:00,6847666
2025-06-29 02:15,6847666
2025-06-29 02:30,6847666
2025-06-29 02:45,6847666
2025-06-29 03:00,6847666
2025-06-29 03:15,6847666
2025-06-29 03:30,6847666
2025-06-29 03:45,6847666
2025-06-29 04:00,6847666
2025-06-29 04:15,6847666
2025-06-29 04:30,6847666
2025-06-29 04:45,6847666
2025-06-29 05:00,6847666
2025-06-29 05:15,6847666
2025-06-29 05:30,6847666
2025-06-29 05:45,6847666
2025-06-29 06:00,6847666
2025-06-29 06:15,6847666
2025-06-29 06:30,6847666
2025-06-29 06:45,6847750
2025-06-29 07:00,6847750
2025-06-29 07:15,6847750
2025-06-29 07:30,6847750
2025-06-29 07:45,6847750
2025-06-29 08:00,6847750
2025-06-29 08:15,6847750
2025-06-29 08:30,6847830
2025-06-29 08:45,6847830
2025-06-29 09:00,6847830
2025-06-29 09:15,6847916
2025-06-29 09:30,6848073
2025-06-29 09:45,6848073
2025-06-29 10:00,6848116
2025-06-29 10:15,6848120
2025-06-29 10:30,6848120
2025-06-29 10:45,6848166
2025-06-29 11:00,6848320
2025-06-29 11:15,6849296
2025-06-29 11:30,6850016
2025-06-29 11:45,6850296
2025-06-29 12:00,6850296
2025-06-29 12:15,6850296
2025-06-29 12:30,6850613
2025-06-29 12:45,6850613
2025-06-29 13:00,6850613
2025-06-29 13:15,6850613
2025-06-29 13:30,6850616
2025-06-29 13:45,6850616
2025-06-29 14:00,6850820
2025-06-29 14:15,6850880
2025-06-29 14:30,6850890
2025-06-29 14:45,6850893
2025-06-29 15:00,6850893
2025-06-29 15:15,6850930
2025-06-29 15:30,6850946
2025-06-29 15:45,6850946
2025-06-29 16:00,6850946
2025-06-29 16:15,6850946
2025-06-29 16:30,6850946
2025-06-29 16:45,6850946
2025-06-29 17:00,6851020
2025-06-29 17:15,6851026
2025-06-29 17:30,6851040
2025-06-29 17:45,6851040
2025-06-29 18:00,6851163
2025-06-29 18:15,6851223
2025-06-29 18:30,6851243
2025-06-29 18:45,6851253
2025-06-29 19:00,6851390
2025-06-29 19:15,6851586
2025-06-29 19:30,6851620
2025-06-29 19:45,6851740
2025-06-29 20:00,6851750
2025-06-29 20:15,6851756
2025-06-29 20:30,6851796
2025-06-29 20:45,6851796
2025-06-29 21:00,6852013
2025-06-29 21:15,6852160
2025-06-29 21:30,6852210
2025-06-29 21:45,6852293
2025-06-29 22:00,6852633
2025-06-29 22:15,6852816
2025-06-29 22:30,6853210
2025-06-29 22:45,6853210
2025-06-29 23:00,6853340
2025-06-29 23:15,6853363
2025-06-29 23:30,6853383
2025-06-29 23:45,6853383
2025-06-30 00:00,6853383
2025-06-30 00:15,6853463
2025-06-30 00:30,6853463
2025-06-30 00:45,6853463
2025-06-30 01:00,6853466
2025-06-30 01:15,6853503
2025-06-30 01:30,6853503
2025-06-30 01:45,6853503
2025-06-30 02:00,6853503
2025-06-30 02:15,6853590
2025-06-30 02:30,6853626
2025-06-30 02:45,6853626
2025-06-30 03:00,6853626
2025-06-30 03:15,6853626
2025-06-30 03:30,6853626
2025-06-30 03:45,6853713
2025-06-30 04:00,6853713
2025-06-30 04:15,6853713
2025-06-30 04:30,6853750
2025-06-30 04:45,6853750
2025-06-30 05:00,6853750
2025-06-30 05:15,6853750
2025-06-30 05:30,6853790
2025-06-30 05:45,6853790
2025-06-30 06:00,6853790
2025-06-30 06:15,6853790
2025-06-30 06:30,6853790
2025-06-30 06:45,6853790
2025-06-30 07:00,6853890
2025-06-30 07:15,6853890
2025-06-30 07:30,6853890
2025-06-30 07:45,6853893
2025-06-30 08:00,6853973
2025-06-30 08:15,6853983
2025-06-30 08:30,6853990
2025-06-30 08:45,6854656
2025-06-30 09:00,6854706
2025-06-30 09:15,6854723
2025-06-30 09:30,6854800
2025-06-30 09:45,6854800
2025-06-30 10:00,6854810
2025-06-30 10:15,6854940
2025-06-30 10:30,6855010
2025-06-30 10:45,6855050
2025-06-30 11:00,6855150
2025-06-30 11:15,6855150
2025-06-30 11:30,6855230
2025-06-30 11:45,6855290
2025-06-30 12:00,6855290
2025-06-30 12:15,6855343
2025-06-30 12:30,6855360
2025-06-30 12:45,6855360
2025-06-30 13:00,6855430
2025-06-30 13:15,6855463
2025-06-30 13:30,6855463
2025-06-30 13:45,6855466
2025-06-30 14:00,6855470
2025-06-30 14:15,6855470
2025-06-30 14:30,6855470
2025-06-30 14:45,6855543
2025-06-30 15:00,6855616
2025-06-30 15:15,6855616
2025-06-30 15:30,6855620
2025-06-30 15:45,6855620
2025-06-30 16:00,6855633
2025-06-30 16:15,6855646
2025-06-30 16:30,6855646
2025-06-30 16:45,6855686
2025-06-30 17:00,6855686
2025-06-30 17:15,6855686
2025-06-30 17:30,6855700
2025-06-30 17:45,6855703
2025-06-30 18:00,6855766
2025-06-30 18:15,6855830
2025-06-30 18:30,6855866
2025-06-30 18:45,6855940
2025-06-30 19:00,6855940
2025-06-30 19:15,6855940
2025-06-30 19:30,6856016
2025-06-30 19:45,6856126
2025-06-30 20:00,6856493
2025-06-30 20:15,6856586
2025-06-30 20:30,6856586
2025-06-30 20:45,6856630
2025-06-30 21:00,6856636
2025-06-30 21:15,6856706
2025-06-30 21:30,6856706
2025-06-30 21:45,6856773
2025-06-30 22:00,6856790
2025-06-30 22:15,6856823
2025-06-30 22:30,6856860
2025-06-30 22:45,6856986
2025-06-30 23:00,6856993
2025-06-30 23:15,6856993
2025-06-30 23:30,6856993
2025-06-30 23:45,6856993
2025-07-01 00:00,6857033
2025-07-01 00:15,6857066
2025-07-01 00:30,6857086
2025-07-01 00:45,6857086
2025-07-01 01:00,6857090
2025-07-01 01:15,6857090
2025-07-01 01:30,6857090
2025-07-01 01:45,6857090
2025-07-01 02:00,6857130
2025-07-01 02:15,6857130
2025-07-01 02:30,6857130
2025-07-01 02:45,6857166
2025-07-01 03:00,6857166
2025-07-01 03:15,6857166
2025-07-01 03:30,6857253
2025-07-01 03:45,6857253
2025-07-01 04:00,6857253
2025-07-01 04:15,6857296
2025-07-01 04:30,6857296
2025-07-01 04:45,6857296
2025-07-01 05:00,6857296
2025-07-01 05:15,6857296
2025-07-01 05:30,6857296
2025-07-01 05:45,6857296
2025-07-01 06:00,6857296
2025-07-01 06:15,6857400
2025-07-01 06:30,6857400
2025-07-01 06:45,6857403
2025-07-01 07:00,6857403
2025-07-01 07:15,6857916
2025-07-01 07:30,6858453
2025-07-01 07:45,6858980
2025-07-01 08:00,6858990
2025-07-01 08:15,6858993
2025-07-01 08:30,6859076
2025-07-01 08:45,6859190
2025-07-01 09:00,6859423
2025-07-01 09:15,6859423
2025-07-01 09:30,6859423
2025-07-01 09:45,6859436
2025-07-01 10:00,6859440
2025-07-01 10:15,6859483
2025-07-01 10:30,6859483
2025-07-01 10:45,6859483
2025-07-01 11:00,6859483
2025-07-01 11:15,6859483
2025-07-01 11:30,6859483
2025-07-01 11:45,6859483
2025-07-01 12:00,6859516
2025-07-01 12:15,6859563
2025-07-01 12:30,6859566
2025-07-01 12:45,6859566
2025-07-01 13:00,6859673
2025-07-01 13:15,6859746
2025-07-01 13:30,6859746
2025-07-01 13:45,6859806
2025-07-01 14:00,6859806
2025-07-01 14:15,6859806
2025-07-01 14:30,6859806
2025-07-01 14:45,6859846
2025-07-01 15:00,6860243
2025-07-01 15:15,6860283
2025-07-01 15:30,6860283
2025-07-01 15:45,6860303
2025-07-01 16:00,6860303
2025-07-01 16:15,6860323
2025-07-01 16:30,6860323
2025-07-01 16:45,6860376
2025-07-01 17:00,6860380
2025-07-01 17:15,6860396
2025-07-01 17:30,6860396
2025-07-01 17:45,6860433
2025-07-01 18:00,6860450
2025-07-01 18:15,6860483
2025-07-01 18:30,6860553
2025-07-01 18:45,6860556
2025-07-01 19:00,6860586
2025-07-01 19:15,6860586
2025-07-01 19:30,6860626
2025-07-01 19:45,6860626
2025-07-01 20:00,6860676
2025-07-01 20:15,6860676
2025-07-01 20:30,6860710
2025-07-01 20:45,6860713
2025-07-01 21:00,6860713
2025-07-01 21:15,6860713
2025-07-01 21:30,6860713
2025-07-01 21:45,6860713
2025-07-01 22:00,6860713
2025-07-01 22:15,6860726
2025-07-01 22:30,6860726
2025-07-01 22:45,6860833
2025-07-01 23:00,6860846
2025-07-01 23:15,6860856
2025-07-01 23:30,6860866
2025-07-01 23:45,6860986
2025-07-02 00:00,6860986
2025-07-02 00:15,6860986
2025-07-02 00:30,6862110
2025-07-02 00:45,6862110
2025-07-02 01:00,6862196
2025-07-02 01:15,6862196
2025-07-02 01:30,6862196
2025-07-02 01:45,6862196
2025-07-02 02:00,6862196
2025-07-02 02:15,6862233
2025-07-02 02:30,6862270
2025-07-02 02:45,6862270
2025-07-02 03:00,6862270
2025-07-02 03:15,6862270
2025-07-02 03:30,6862270
2025-07-02 03:45,6862270
2025-07-02 04:00,6862270
2025-07-02 04:15,6862306
2025-07-02 04:30,6862306
2025-07-02 04:45,6862306
2025-07-02 05:00,6862306
2025-07-02 05:15,6862306
2025-07-02 05:30,6862306
2025-07-02 05:45,6862306
2025-07-02 06:00,6862306
2025-07-02 06:15,6862310
2025-07-02 06:30,6862310
2025-07-02 06:45,6862310
2025-07-02 07:00,6862310
2025-07-02 07:15,6862310
2025-07-02 07:30,6862310
2025-07-02 07:45,6862310
2025-07-02 08:00,6862416
2025-07-02 08:15,6862656
2025-07-02 08:30,6862666
2025-07-02 08:45,6863063
2025-07-02 09:00,6863260
2025-07-02 09:15,6863263
2025-07-02 09:30,6863266
2025-07-02 09:45,6863280
2025-07-02 10:00,6863370
2025-07-02 10:15,6864906
2025-07-02 10:30,6865003
2025-07-02 10:45,6865003
2025-07-02 11:00,6865043
2025-07-02 11:15,6865043
2025-07-02 11:30,6865176
2025-07-02 11:45,6865263
2025-07-02 12:00,6865273
2025-07-02 12:15,6865273
2025-07-02 12:30,6865370
2025-07-02 12:45,6865373
2025-07-02 13:00,6865560
2025-07-02 13:15,6865593
2025-07-02 13:30,6865600
2025-07-02 13:45,6865600
2025-07-02 14:00,6865600
2025-07-02 14:15,6865600
2025-07-02 14:30,6865600
2025-07-02 14:45,6865600
2025-07-02 15:00,6865600
2025-07-02 15:15,6865600
2025-07-02 15:30,6865600
2025-07-02 15:45,6865636
2025-07-02 16:00,6865643
2025-07-02 16:15,6865656
2025-07-02 16:30,6865656
2025-07-02 16:45,6865703
2025-07-02 17:00,6865703
2025-07-02 17:15,6865776
2025-07-02 17:30,6865850
2025-07-02 17:45,6865853
2025-07-02 18:00,6865853
2025-07-02 18:15,6865853
2025-07-02 18:30,6865883
2025-07-02 18:45,6865970
2025-07-02 19:00,6866300
2025-07-02 19:15,6866303
2025-07-02 19:30,6866310
2025-07-02 19:45,6866316
2025-07-02 20:00,6866333
2025-07-02 20:15,6866333
2025-07-02 20:30,6866336
2025-07-02 20:45,6866373
2025-07-02 21:00,6866376
2025-07-02 21:15,6866436
2025-07-02 21:30,6866540
2025-07-02 21:45,6866633
2025-07-02 22:00,6866636
2025-07-02 22:15,6866636
2025-07-02 22:30,6866683
2025-07-02 22:45,6866756
2025-07-02 23:00,6866760
2025-07-02 23:15,6866826
2025-07-02 23:30,6868066
2025-07-02 23:45,6868080
2025-07-03 00:00,6868080
2025-07-03 00:15,6868186
2025-07-03 00:30,6868190
2025-07-03 00:45,6868190
2025-07-03 01:00,6868190
2025-07-03 01:15,6868190
2025-07-03 01:30,6868190
2025-07-03 01:45,6868223
2025-07-03 02:00,6868226
2025-07-03 02:15,6868226
2025-07-03 02:30,6868226
2025-07-03 02:45,6868226
2025-07-03 03:00,6868226
2025-07-03 03:15,6868226
2025-07-03 03:30,6868266
2025-07-03 03:45,6868266
2025-07-03 04:00,6868266
2025-07-03 04:15,6868266
2025-07-03 04:30,6868303
2025-07-03 04:45,6868303
2025-07-03 05:00,6868303
2025-07-03 05:15,6868303
2025-07-03 05:30,6868380
2025-07-03 05:45,6868380
2025-07-03 06:00,6868380
2025-07-03 06:15,6868380
2025-07-03 06:30,6868380
2025-07-03 06:45,6868380
2025-07-03 07:00,6868383
2025-07-03 07:15,6868383
2025-07-03 07:30,6868383
2025-07-03 07:45,6868586
2025-07-03 08:00,6869023
2025-07-03 08:15,6869110
2025-07-03 08:30,6869110
2025-07-03 08:45,6869110
2025-07-03 09:00,6869110
2025-07-03 09:15,6869176
2025-07-03 09:30,6869596
2025-07-03 09:45,6870026
2025-07-03 10:00,6870063
2025-07-03 10:15,6870070
2025-07-03 10:30,6870073
2025-07-03 10:45,6870163
2025-07-03 11:00,6870163
2025-07-03 11:15,6870200
2025-07-03 11:30,6870206
2025-07-03 11:45,6870270
2025-07-03 12:00,6870273
2025-07-03 12:15,6870273
2025-07-03 12:30,6870333
2025-07-03 12:45,6870456
2025-07-03 13:00,6870526
2025-07-03 13:15,6870526
2025-07-03 13:30,6870530
2025-07-03 13:45,6870536
2025-07-03 14:00,6870600
2025-07-03 14:15,6870673
2025-07-03 14:30,6870673
2025-07-03 14:45,6870673
2025-07-03 15:00,6870740
2025-07-03 15:15,6870743
2025-07-03 15:30,6870883
2025-07-03 15:45,6870903
2025-07-03 16:00,6870966
2025-07-03 16:15,6871013
2025-07-03 16:30,6871046
2025-07-03 16:45,6871046
2025-07-03 17:00,6871106
2025-07-03 17:15,6871216
2025-07-03 17:30,6871330
2025-07-03 17:45,6871556
2025-07-03 18:00,6871670
2025-07-03 18:15,6871673
2025-07-03 18:30,6871680
2025-07-03 18:45,6871693
2025-07-03 19:00,6871693
2025-07-03 19:15,6871780
2025-07-03 19:30,6871886
2025-07-03 19:45,6871963
2025-07-03 20:00,6871963
2025-07-03 20:15,6871963
2025-07-03 20:30,6872013
2025-07-03 20:45,6872026
2025-07-03 21:00,6872083
2025-07-03 21:15,6872163
2025-07-03 21:30,6872173
2025-07-03 21:45,6872173
2025-07-03 22:00,6872176
2025-07-03 22:15,6872176
2025-07-03 22:30,6872176
2025-07-03 22:45,6872270
2025-07-03 23:00,6872270
2025-07-03 23:15,6872310
2025-07-03 23:30,6872310
2025-07-03 23:45,6872310
2025-07-04 00:00,6872353
2025-07-04 00:15,6872463
2025-07-04 00:30,6872483
2025-07-04 00:45,6872483
2025-07-04 01:00,6872483
2025-07-04 01:15,6872483
2025-07-04 01:30,6872483
2025-07-04 01:45,6872483
2025-07-04 02:00,6872520
2025-07-04 02:15,6872520
2025-07-04 02:30,6872520
2025-07-04 02:45,6872520
2025-07-04 03:00,6872520
2025-07-04 03:15,6872520
2025-07-04 03:30,6872590
2025-07-04 03:45,6872590
2025-07-04 04:00,6872590
2025-07-04 04:15,6872590
2025-07-04 04:30,6872626
2025-07-04 04:45,6872626
2025-07-04 05:00,6872626
2025-07-04 05:15,6872626
2025-07-04 05:30,6872626
2025-07-04 05:45,6872626
2025-07-04 06:00,6872626
2025-07-04 06:15,6872626
2025-07-04 06:30,6872626
2025-07-04 06:45,6872626
2025-07-04 07:00,6872626
2025-07-04 07:15,6872626
2025-07-04 07:30,6872630
2025-07-04 07:45,6872750
2025-07-04 08:00,6873283
2025-07-04 08:15,6873293
2025-07-04 08:30,6873300
2025-07-04 08:45,6873300
2025-07-04 09:00,6873333
2025-07-04 09:15,6873333
2025-07-04 09:30,6873370
2025-07-04 09:45,6873373
2025-07-04 10:00,6873373
2025-07-04 10:15,6873373
2025-07-04 10:30,6873373
2025-07-04 10:45,6873406
2025-07-04 11:00,6873450
2025-07-04 11:15,6873450
2025-07-04 11:30,6873500
2025-07-04 11:45,6873500
2025-07-04 12:00,6873500
2025-07-04 12:15,6873513
2025-07-04 12:30,6873513
2025-07-04 12:45,6873513
2025-07-04 13:00,6873556
2025-07-04 13:15,6873556
2025-07-04 13:30,6873556
2025-07-04 13:45,6873560
2025-07-04 14:00,6873626
2025-07-04 14:15,6873663
2025-07-04 14:30,6873663
2025-07-04 14:45,6873663
2025-07-04 15:00,6873670
2025-07-04 15:15,6873683
2025-07-04 15:30,6873723
2025-07-04 15:45,6873723
2025-07-04 16:00,6873816
2025-07-04 16:15,6873816
2025-07-04 16:30,6873816
2025-07-04 16:45,6873860
2025-07-04 17:00,6873873
2025-07-04 17:15,6873873
2025-07-04 17:30,6873916
2025-07-04 17:45,6873916
2025-07-04 18:00,6873916
2025-07-04 18:15,6873920
2025-07-04 18:30,6873993
2025-07-04 18:45,6874180
2025-07-04 19:00,6874330
2025-07-04 19:15,6874363
2025-07-04 19:30,6875570
2025-07-04 19:45,6875630
2025-07-04 20:00,6875650
2025-07-04 20:15,6875653
2025-07-04 20:30,6876030
2025-07-04 20:45,6876103
2025-07-04 21:00,6876226
2025-07-04 21:15,6876266
2025-07-04 21:30,6876266
2025-07-04 21:45,6876266
2025-07-04 22:00,6876446
2025-07-04 22:15,6878316
2025-07-04 22:30,6878396
2025-07-04 22:45,6878400
2025-07-04 23:00,6878400
2025-07-04 23:15,6878443
2025-07-04 23:30,6878443
2025-07-04 23:45,6878443
2025-07-05 00:00,6878520
2025-07-05 00:15,6878530
2025-07-05 00:30,6878616
2025-07-05 00:45,6878616
2025-07-05 01:00,6878616
2025-07-05 01:15,6878616
2025-07-05 01:30,6878616
2025-07-05 01:45,6878616
2025-07-05 02:00,6878656
2025-07-05 02:15,6878656
2025-07-05 02:30,6878656
2025-07-05 02:45,6878656
2025-07-05 03:00,6878656
2025-07-05 03:15,6878656
2025-07-05 03:30,6878656
2025-07-05 03:45,6878656
2025-07-05 04:00,6878656
2025-07-05 04:15,6878656
2025-07-05 04:30,6878656
2025-07-05 04:45,6878693
2025-07-05 05:00,6878743
2025-07-05 05:15,6878743
2025-07-05 05:30,6878743
2025-07-05 05:45,6878826
2025-07-05 06:00,6878826
2025-07-05 06:15,6878826
2025-07-05 06:30,6878826
2025-07-05 06:45,6878826
2025-07-05 07:00,6878826
2025-07-05 07:15,6878826
2025-07-05 07:30,6878826
2025-07-05 07:45,6878826
2025-07-05 08:00,6878826
2025-07-05 08:15,6878903
2025-07-05 08:30,6878903
2025-07-05 08:45,6878903
2025-07-05 09:00,6878903
2025-07-05 09:15,6878943
2025-07-05 09:30,6879343
2025-07-05 09:45,6879416
2025-07-05 10:00,6879490
2025-07-05 10:15,6879620
2025-07-05 10:30,6879663
2025-07-05 10:45,6879743
2025-07-05 11:00,6879773
2025-07-05 11:15,6879823
2025-07-05 11:30,6879940
2025-07-05 11:45,6880270
2025-07-05 12:00,6880303
2025-07-05 12:15,6880303
2025-07-05 12:30,6880306
2025-07-05 12:45,6880340
2025-07-05 13:00,6880413
2025-07-05 13:15,6880480
2025-07-05 13:30,6880576
2025-07-05 13:45,6880596
2025-07-05 14:00,6880686
2025-07-05 14:15,6880690
2025-07-05 14:30,6880736
2025-07-05 14:45,6880740
2025-07-05 15:00,6880740
2025-07-05 15:15,6880740
2025-07-05 15:30,6880740
2025-07-05 15:45,6880806
2025-07-05 16:00,6880806
2025-07-05 16:15,6880806
2025-07-05 16:30,6880806
2025-07-05 16:45,6880806
2025-07-05 17:00,6880806
2025-07-05 17:15,6882490
2025-07-05 17:30,6884263
2025-07-05 17:45,6884310
2025-07-05 18:00,6884310
2025-07-05 18:15,6884310
2025-07-05 18:30,6884313
2025-07-05 18:45,6884313
2025-07-05 19:00,6884343
2025-07-05 19:15,6884373
2025-07-05 19:30,6884373
2025-07-05 19:45,6884383
2025-07-05 20:00,6884390
2025-07-05 20:15,6884576
2025-07-05 20:30,6884673
2025-07-05 20:45,6884780
2025-07-05 21:00,6885096
2025-07-05 21:15,6885143
2025-07-05 21:30,6885276
2025-07-05 21:45,6885276
2025-07-05 22:00,6885346
2025-07-05 22:15,6885480
2025-07-05 22:30,6885480
2025-07-05 22:45,6885710
2025-07-05 23:00,6885710
2025-07-05 23:15,6885746
2025-07-05 23:30,6885750
2025-07-05 23:45,6885750
2025-07-06 00:00,6885750
2025-07-06 00:15,6885750
2025-07-06 00:30,6885750
2025-07-06 00:45,6885896
2025-07-06 01:00,6885896
2025-07-06 01:15,6885896
2025-07-06 01:30,6885896
2025-07-06 01:45,6885896
2025-07-06 02:00,6885896
2025-07-06 02:15,6885940
2025-07-06 02:30,6885940
2025-07-06 02:45,6885940
2025-07-06 03:00,6885940
2025-07-06 03:15,6885976
2025-07-06 03:30,6885976
2025-07-06 03:45,6885976
2025-07-06 04:00,6885976
2025-07-06 04:15,6885976
2025-07-06 04:30,6885976
2025-07-06 04:45,6886026
2025-07-06 05:00,6886063
2025-07-06 05:15,6886063
2025-07-06 05:30,6886063
2025-07-06 05:45,6886063
2025-07-06 06:00,6886063
2025-07-06 06:15,6886063
2025-07-06 06:30,6886063
2025-07-06 06:45,6886063
2025-07-06 07:00,6886133
2025-07-06 07:15,6886133
2025-07-06 07:30,6886133
2025-07-06 07:45,6886133
2025-07-06 08:00,6886136
2025-07-06 08:15,6886136
2025-07-06 08:30,6886136
2025-07-06 08:45,6886136
2025-07-06 09:00,6886136
2025-07-06 09:15,6886430
2025-07-06 09:30,6886640
2025-07-06 09:45,6886646
2025-07-06 10:00,6886846
2025-07-06 10:15,6886930
2025-07-06 10:30,6887036
2025-07-06 10:45,6887150
2025-07-06 11:00,6887346
2025-07-06 11:15,6887356
2025-07-06 11:30,6887356
2025-07-06 11:45,6888060
2025-07-06 12:00,6888256
2025-07-06 12:15,6888353
2025-07-06 12:30,6888356
2025-07-06 12:45,6888356
2025-07-06 13:00,6888386
2025-07-06 13:15,6888440
2025-07-06 13:30,6888443
2025-07-06 13:45,6888443
2025-07-06 14:00,6888443
2025-07-06 14:15,6888443
2025-07-06 14:30,6888516
2025-07-06 14:45,6888516
2025-07-06 15:00,6888520
2025-07-06 15:15,6888553
2025-07-06 15:30,6888556
2025-07-06 15:45,6888556
2025-07-06 16:00,6888556
2025-07-06 16:15,6888556
2025-07-06 16:30,6888643
2025-07-06 16:45,6888643
2025-07-06 17:00,6888690
2025-07-06 17:15,6888750
2025-07-06 17:30,6888750
2025-07-06 17:45,6888753
2025-07-06 18:00,6888753
2025-07-06 18:15,6888753
2025-07-06 18:30,6888813
2025-07-06 18:45,6888813
2025-07-06 19:00,6888820
2025-07-06 19:15,6888820
2025-07-06 19:30,6888820
2025-07-06 19:45,6888823
2025-07-06 20:00,6889056
2025-07-06 20:15,6889240
2025-07-06 20:30,6889330
2025-07-06 20:45,6891266
2025-07-06 21:00,6891496
2025-07-06 21:15,6891496
2025-07-06 21:30,6891496
2025-07-06 21:45,6891623
2025-07-06 22:00,6891703
2025-07-06 22:15,6891936
2025-07-06 22:30,6892106
2025-07-06 22:45,6892106
2025-07-06 23:00,6892106
2025-07-06 23:15,6892220
2025-07-06 23:30,6892220
2025-07-06 23:45,6892220
2025-07-07 00:00,6892223
2025-07-07 00:15,6892223
2025-07-07 00:30,6892230
2025-07-07 00:45,6892280
2025-07-07 01:00,6892280
2025-07-07 01:15,6892280
2025-07-07 01:30,6892280
2025-07-07 01:45,6892280
2025-07-07 02:00,6892280
2025-07-07 02:15,6892280
2025-07-07 02:30,6892280
2025-07-07 02:45,6892280
2025-07-07 03:00,6892283
2025-07-07 03:15,6892283
2025-07-07 03:30,6892350
2025-07-07 03:45,6892350
2025-07-07 04:00,6892350
2025-07-07 04:15,6892350
2025-07-07 04:30,6892350
2025-07-07 04:45,6892393
2025-07-07 05:00,6892393
2025-07-07 05:15,6892393
2025-07-07 05:30,6892393
2025-07-07 05:45,6892393
2025-07-07 06:00,6892393
2025-07-07 06:15,6892393
2025-07-07 06:30,6892393
2025-07-07 06:45,6892393
2025-07-07 07:00,6892393
2025-07-07 07:15,6892393
2025-07-07 07:30,6892393
2025-07-07 07:45,6892396
2025-07-07 08:00,6892606
2025-07-07 08:15,6893013
2025-07-07 08:30,6893026
2025-07-07 08:45,6893033
2025-07-07 09:00,6893070
2025-07-07 09:15,6893070
2025-07-07 09:30,6893073
2025-07-07 09:45,6893073
2025-07-07 10:00,6893110
2025-07-07 10:15,6893110
2025-07-07 10:30,6893116
2025-07-07 10:45,6893206
2025-07-07 11:00,6893206
2025-07-07 11:15,6893296
2025-07-07 11:30,6893296
2025-07-07 11:45,6893296
2025-07-07 12:00,6893296
2025-07-07 12:15,6893296
2025-07-07 12:30,6893296
2025-07-07 12:45,6893300
2025-07-07 13:00,6893370
2025-07-07 13:15,6893370
2025-07-07 13:30,6893466
2025-07-07 13:45,6893520
2025-07-07 14:00,6893900
2025-07-07 14:15,6893946
2025-07-07 14:30,6894130
2025-07-07 14:45,6894130
2025-07-07 15:00,6894130
2025-07-07 15:15,6894130
2025-07-07 15:30,6894246
2025-07-07 15:45,6894480
2025-07-07 16:00,6894480
2025-07-07 16:15,6894496
2025-07-07 16:30,6894496
2025-07-07 16:45,6894496
2025-07-07 17:00,6894496
2025-07-07 17:15,6894496
2025-07-07 17:30,6894500
2025-07-07 17:45,6894500
2025-07-07 18:00,6894500
2025-07-07 18:15,6894620
2025-07-07 18:30,6894753
2025-07-07 18:45,6894800
2025-07-07 19:00,6894836
2025-07-07 19:15,6894840
2025-07-07 19:30,6894890
2025-07-07 19:45,6895216
2025-07-07 20:00,6895216
2025-07-07 20:15,6895216
2025-07-07 20:30,6895346
2025-07-07 20:45,6895366
2025-07-07 21:00,6895373
2025-07-07 21:15,6895510
2025-07-07 21:30,6895623
2025-07-07 21:45,6895693
2025-07-07 22:00,6895700
2025-07-07 22:15,6895700
2025-07-07 22:30,6895763
2025-07-07 22:45,6895776
2025-07-07 23:00,6895776
2025-07-07 23:15,6895776
2025-07-07 23:30,6895780
2025-07-07 23:45,6895823
2025-07-08 00:00,6895913
2025-07-08 00:15,6895950
2025-07-08 00:30,6895950
2025-07-08 00:45,6895950
2025-07-08 01:00,6895950
2025-07-08 01:15,6895950
2025-07-08 01:30,6895950
2025-07-08 01:45,6896013
2025-07-08 02:00,6896013
2025-07-08 02:15,6896013
2025-07-08 02:30,6896013
2025-07-08 02:45,6896050
2025-07-08 03:00,6896050
2025-07-08 03:15,6896050
2025-07-08 03:30,6896050
2025-07-08 03:45,6896050
2025-07-08 04:00,6896050
2025-07-08 04:15,6896050
2025-07-08 04:30,6896050
2025-07-08 04:45,6896050
2025-07-08 05:00,6896050
2025-07-08 05:15,6896086
2025-07-08 05:30,6896086
2025-07-08 05:45,6896086
2025-07-08 06:00,6896086
2025-07-08 06:15,6896086
2025-07-08 06:30,6896086
2025-07-08 06:45,6896086
2025-07-08 07:00,6896086
2025-07-08 07:15,6896086
2025-07-08 07:30,6896086
2025-07-08 07:45,6896206
2025-07-08 08:00,6896250
2025-07-08 08:15,6896763
2025-07-08 08:30,6896790
2025-07-08 08:45,6896790
2025-07-08 09:00,6896796
2025-07-08 09:15,6896796
2025-07-08 09:30,6896813
2025-07-08 09:45,6896920
2025-07-08 10:00,6896950
2025-07-08 10:15,6896950
2025-07-08 10:30,6896960
2025-07-08 10:45,6897203
2025-07-08 11:00,6897216
2025-07-08 11:15,6897216
2025-07-08 11:30,6897216
2025-07-08 11:45,6897216
2025-07-08 12:00,6897216
2025-07-08 12:15,6897296
2025-07-08 12:30,6897296
2025-07-08 12:45,6897300
2025-07-08 13:00,6897406
2025-07-08 13:15,6897503
2025-07-08 13:30,6897506
2025-07-08 13:45,6897506
2025-07-08 14:00,6897506
2025-07-08 14:15,6897553
2025-07-08 14:30,6897623
2025-07-08 14:45,6897740
2025-07-08 15:00,6897780
2025-07-08 15:15,6897780
2025-07-08 15:30,6897783
2025-07-08 15:45,6897783
2025-07-08 16:00,6897783
2025-07-08 16:15,6897783
2025-07-08 16:30,6897820
2025-07-08 16:45,6897923
2025-07-08 17:00,6897923
2025-07-08 17:15,6897926
2025-07-08 17:30,6897960
2025-07-08 17:45,6897963
2025-07-08 18:00,6897986
2025-07-08 18:15,6898023
2025-07-08 18:30,6898070
2025-07-08 18:45,6898170
2025-07-08 19:00,6898170
2025-07-08 19:15,6898270
2025-07-08 19:30,6898486
2025-07-08 19:45,6898486
2025-07-08 20:00,6898490
2025-07-08 20:15,6898816
2025-07-08 20:30,6898880
2025-07-08 20:45,6899256
2025-07-08 21:00,6899260
2025-07-08 21:15,6899260
2025-07-08 21:30,6899260
2025-07-08 21:45,6899356
2025-07-08 22:00,6899356
2025-07-08 22:15,6899356
2025-07-08 22:30,6899356
2025-07-08 22:45,6899360
2025-07-08 23:00,6899406
2025-07-08 23:15,6899446
2025-07-08 23:30,6899446
2025-07-08 23:45,6899446
2025-07-09 00:00,6899446
2025-07-09 00:15,6899530
2025-07-09 00:30,6899530
2025-07-09 00:45,6899530
2025-07-09 01:00,6899530
2025-07-09 01:15,6899530
2025-07-09 01:30,6899530
2025-07-09 01:45,6899530
2025-07-09 02:00,6899530
2025-07-09 02:15,6899570
2025-07-09 02:30,6899570
2025-07-09 02:45,6899570
2025-07-09 03:00,6899610
2025-07-09 03:15,6899610
2025-07-09 03:30,6899613
2025-07-09 03:45,6899650
2025-07-09 04:00,6899686
2025-07-09 04:15,6899686
2025-07-09 04:30,6899686
2025-07-09 04:45,6899686
2025-07-09 05:00,6899686
2025-07-09 05:15,6899686
2025-07-09 05:30,6899686
2025-07-09 05:45,6899686
2025-07-09 06:00,6899686
2025-07-09 06:15,6899686
2025-07-09 06:30,6899686
2025-07-09 06:45,6899686
2025-07-09 07:00,6899686
2025-07-09 07:15,6899686
2025-07-09 07:30,6899686
2025-07-09 07:45,6899686
2025-07-09 08:00,6899690
2025-07-09 08:15,6899803
2025-07-09 08:30,6899853
2025-07-09 08:45,6900330
2025-07-09 09:00,6900330
2025-07-09 09:15,6900330
2025-07-09 09:30,6900353
2025-07-09 09:45,6900373
2025-07-09 10:00,6900460
2025-07-09 10:15,6900460
2025-07-09 10:30,6900460
2025-07-09 10:45,6900460
2025-07-09 11:00,6900460
2025-07-09 11:15,6900463
2025-07-09 11:30,6900463
2025-07-09 11:45,6900463
2025-07-09 12:00,6900553
2025-07-09 12:15,6900560
2025-07-09 12:30,6900640
2025-07-09 12:45,6900700
2025-07-09 13:00,6900700
2025-07-09 13:15,6900776
2025-07-09 13:30,6900846
2025-07-09 13:45,6900916
2025-07-09 14:00,6900916
2025-07-09 14:15,6900916
2025-07-09 14:30,6900916
2025-07-09 14:45,6900986
2025-07-09 15:00,6901020
2025-07-09 15:15,6901030
2025-07-09 15:30,6901030
2025-07-09 15:45,6901030
2025-07-09 16:00,6901030
2025-07-09 16:15,6901030
2025-07-09 16:30,6901056
2025-07-09 16:45,6901056
2025-07-09 17:00,6901086
2025-07-09 17:15,6901086
2025-07-09 17:30,6901153
2025-07-09 17:45,6901260
2025-07-09 18:00,6901403
2025-07-09 18:15,6901480
2025-07-09 18:30,6901990
2025-07-09 18:45,6902070
2025-07-09 19:00,6902140
2025-07-09 19:15,6902143
2025-07-09 19:30,6902143
2025-07-09 19:45,6902153
2025-07-09 20:00,6902153
2025-07-09 20:15,6902270
2025-07-09 20:30,6902273
2025-07-09 20:45,6902570
2025-07-09 21:00,6902573
2025-07-09 21:15,6902573
2025-07-09 21:30,6902666
2025-07-09 21:45,6902796
2025-07-09 22:00,6902800
2025-07-09 22:15,6902800
2025-07-09 22:30,6902803
2025-07-09 22:45,6902986
2025-07-09 23:00,6902990
2025-07-09 23:15,6903033
2025-07-09 23:30,6903080
2025-07-09 23:45,6903080
2025-07-10 00:00,6903080
2025-07-10 00:15,6903080
2025-07-10 00:30,6903090
2025-07-10 00:45,6903146
2025-07-10 01:00,6903146
2025-07-10 01:15,6903146
2025-07-10 01:30,6903146
2025-07-10 01:45,6903146
2025-07-10 02:00,6903146
2025-07-10 02:15,6903150
2025-07-10 02:30,6903150
2025-07-10 02:45,6903150
2025-07-10 03:00,6903220
2025-07-10 03:15,6903220
2025-07-10 03:30,6903220
2025-07-10 03:45,6903220
2025-07-10 04:00,6903220
2025-07-10 04:15,6903220
2025-07-10 04:30,6903220
2025-07-10 04:45,6903253
2025-07-10 05:00,6903253
2025-07-10 05:15,6903253
2025-07-10 05:30,6903253
2025-07-10 05:45,6903253
2025-07-10 06:00,6903256
2025-07-10 06:15,6903293
2025-07-10 06:30,6903293
2025-07-10 06:45,6903380
2025-07-10 07:00,6903380
2025-07-10 07:15,6903380
2025-07-10 07:30,6903380
2025-07-10 07:45,6903380
2025-07-10 08:00,6903853
2025-07-10 08:15,6903853
2025-07-10 08:30,6903980
2025-07-10 08:45,6904590
2025-07-10 09:00,6904590
2025-07-10 09:15,6904650
2025-07-10 09:30,6904650
2025-07-10 09:45,6904650
2025-07-10 10:00,6904720
2025-07-10 10:15,6904836
2025-07-10 10:30,6904843
2025-07-10 10:45,6904886
2025-07-10 11:00,6904886
2025-07-10 11:15,6904956
2025-07-10 11:30,6905026
2025-07-10 11:45,6905026
2025-07-10 12:00,6905033
2025-07-10 12:15,6905123
2025-07-10 12:30,6905210
2025-07-10 12:45,6905216
2025-07-10 13:00,6905223
2025-07-10 13:15,6905303
2025-07-10 13:30,6905383
2025-07-10 13:45,6905413
2025-07-10 14:00,6905493
2025-07-10 14:15,6905500
2025-07-10 14:30,6905500
2025-07-10 14:45,6905570
2025-07-10 15:00,6905570
2025-07-10 15:15,6905573
2025-07-10 15:30,6905573
2025-07-10 15:45,6905640
2025-07-10 16:00,6905746
2025-07-10 16:15,6905753
2025-07-10 16:30,6905753
2025-07-10 16:45,6905763
2025-07-10 17:00,6905763
2025-07-10 17:15,6905870
2025-07-10 17:30,6906136
2025-07-10 17:45,6906213
2025-07-10 18:00,6906213
2025-07-10 18:15,6906213
2025-07-10 18:30,6906213
2025-07-10 18:45,6906296
2025-07-10 19:00,6906296
2025-07-10 19:15,6906353
2025-07-10 19:30,6906360
2025-07-10 19:45,6906493
2025-07-10 20:00,6906600
2025-07-10 20:15,6906606
2025-07-10 20:30,6906613
2025-07-10 20:45,6906613
2025-07-10 21:00,6906640
2025-07-10 21:15,6906646
2025-07-10 21:30,6906753
2025-07-10 21:45,6906813
2025-07-10 22:00,6906813
2025-07-10 22:15,6906863
2025-07-10 22:30,6906900
2025-07-10 22:45,6906900
2025-07-10 23:00,6906906
2025-07-10 23:15,6906906
2025-07-10 23:30,6906906
2025-07-10 23:45,6906963
2025-07-11 00:00,6906963
2025-07-11 00:15,6906963
2025-07-11 00:30,6906963
2025-07-11 00:45,6906966
2025-07-11 01:00,6906966
2025-07-11 01:15,6906966
2025-07-11 01:30,6906966
2025-07-11 01:45,6906966
2025-07-11 02:00,6906966
2025-07-11 02:15,6907040
2025-07-11 02:30,6907040
2025-07-11 02:45,6907040
2025-07-11 03:00,6907040
2025-07-11 03:15,6907040
2025-07-11 03:30,6907040
2025-07-11 03:45,6907110
2025-07-11 04:00,6907110
2025-07-11 04:15,6907110
2025-07-11 04:30,6907110
2025-07-11 04:45,6907110
2025-07-11 05:00,6907110
2025-07-11 05:15,6907150
2025-07-11 05:30,6907150
2025-07-11 05:45,6907150
2025-07-11 06:00,6907150
2025-07-11 06:15,6907150
2025-07-11 06:30,6907150
2025-07-11 06:45,6907230
2025-07-11 07:00,6907230
2025-07-11 07:15,6907230
2025-07-11 07:30,6907230
2025-07-11 07:45,6907310
2025-07-11 08:00,6907350
2025-07-11 08:15,6907350
2025-07-11 08:30,6907350
2025-07-11 08:45,6907350
2025-07-11 09:00,6907350
2025-07-11 09:15,6907390
2025-07-11 09:30,6907670
2025-07-11 09:45,6907703
2025-07-11 10:00,6907703
2025-07-11 10:15,6907970
2025-07-11 10:30,6910386
2025-07-11 10:45,6910386
2025-07-11 11:00,6910386
2025-07-11 11:15,6910460
2025-07-11 11:30,6910463
2025-07-11 11:45,6910470
2025-07-11 12:00,6910493
2025-07-11 12:15,6910566
2025-07-11 12:30,6910566
2025-07-11 12:45,6910566
2025-07-11 13:00,6910566
2025-07-11 13:15,6910566
2025-07-11 13:30,6910566
2025-07-11 13:45,6910566
2025-07-11 14:00,6910566
2025-07-11 14:15,6910566
2025-07-11 14:30,6910603
2025-07-11 14:45,6910603
2025-07-11 15:00,6910610
2025-07-11 15:15,6910656
2025-07-11 15:30,6910696
2025-07-11 15:45,6910696
2025-07-11 16:00,6910703
2025-07-11 16:15,6910703
2025-07-11 16:30,6910730
2025-07-11 16:45,6910800
2025-07-11 17:00,6910820
2025-07-11 17:15,6910820
2025-07-11 17:30,6910820
2025-07-11 17:45,6910820
2025-07-11 18:00,6910853
2025-07-11 18:15,6910856
2025-07-11 18:30,6910886
2025-07-11 18:45,6911033
2025-07-11 19:00,6911033
2025-07-11 19:15,6911130
2025-07-11 19:30,6911166
2025-07-11 19:45,6911166
2025-07-11 20:00,6911230
2025-07-11 20:15,6911256
2025-07-11 20:30,6911256
2025-07-11 20:45,6911260
2025-07-11 21:00,6911346
2025-07-11 21:15,6911526
2025-07-11 21:30,6911773
2025-07-11 21:45,6911773
2025-07-11 22:00,6911773
2025-07-11 22:15,6911773
2025-07-11 22:30,6911773
2025-07-11 22:45,6911823
2025-07-11 23:00,6911830
2025-07-11 23:15,6911843
2025-07-11 23:30,6911920
2025-07-11 23:45,6911920
2025-07-12 00:00,6911923
2025-07-12 00:15,6912100
2025-07-12 00:30,6912100
2025-07-12 00:45,6912100
2025-07-12 01:00,6912100
2025-07-12 01:15,6912100
2025-07-12 01:30,6912100
2025-07-12 01:45,6912100
2025-07-12 02:00,6912100
2025-07-12 02:15,6912100
2025-07-12 02:30,6912100
2025-07-12 02:45,6912100
2025-07-12 03:00,6912100
2025-07-12 03:15,6912100
2025-07-12 03:30,6912103
2025-07-12 03:45,6912140
2025-07-12 04:00,6912140
2025-07-12 04:15,6912140
2025-07-12 04:30,6912173
2025-07-12 04:45,6912173
2025-07-12 05:00,6912173
2025-07-12 05:15,6912173
2025-07-12 05:30,6912173
2025-07-12 05:45,6912176
2025-07-12 06:00,6912176
2025-07-12 06:15,6912176
2025-07-12 06:30,6912176
2025-07-12 06:45,6912176
2025-07-12 07:00,6912176
2025-07-12 07:15,6912176
2025-07-12 07:30,6912216
2025-07-12 07:45,6912216
2025-07-12 08:00,6912303
2025-07-12 08:15,6912303
2025-07-12 08:30,6912370
2025-07-12 08:45,6912513
2025-07-12 09:00,6912823
2025-07-12 09:15,6912823
2025-07-12 09:30,6912853
2025-07-12 09:45,6912996
2025-07-12 10:00,6913026
2025-07-12 10:15,6913043
2025-07-12 10:30,6913043
2025-07-12 10:45,6913043
2025-07-12 11:00,6913123
2025-07-12 11:15,6913336
2025-07-12 11:30,6914466
2025-07-12 11:45,6914620
2025-07-12 12:00,6914710
2025-07-12 12:15,6914723
2025-07-12 12:30,6914863
2025-07-12 12:45,6914863
2025-07-12 13:00,6914933
2025-07-12 13:15,6915130
2025-07-12 13:30,6915273
2025-07-12 13:45,6915430
2025-07-12 14:00,6915443
2025-07-12 14:15,6915516
2025-07-12 14:30,6915843
2025-07-12 14:45,6915923
2025-07-12 15:00,6915936
2025-07-12 15:15,6915936
2025-07-12 15:30,6916010
2025-07-12 15:45,6916043
2025-07-12 16:00,6916043
2025-07-12 16:15,6916060
2025-07-12 16:30,6916060
2025-07-12 16:45,6916060
2025-07-12 17:00,6916130
2025-07-12 17:15,6916130
2025-07-12 17:30,6916130
2025-07-12 17:45,6916130
2025-07-12 18:00,6916203
2025-07-12 18:15,6916240
2025-07-12 18:30,6916260
2025-07-12 18:45,6916333
2025-07-12 19:00,6916333
2025-07-12 19:15,6916333
2025-07-12 19:30,6916356
2025-07-12 19:45,6916356
2025-07-12 20:00,6916356
2025-07-12 20:15,6916356
2025-07-12 20:30,6916430
2025-07-12 20:45,6916430
2025-07-12 21:00,6916430
2025-07-12 21:15,6916516
2025-07-12 21:30,6917963
2025-07-12 21:45,6918006
2025-07-12 22:00,6918006
2025-07-12 22:15,6918006
2025-07-12 22:30,6918063
2025-07-12 22:45,6918063
2025-07-12 23:00,6918063
2025-07-12 23:15,6918063
2025-07-12 23:30,6918063
2025-07-12 23:45,6918063
2025-07-13 00:00,6918136
2025-07-13 00:15,6918136
2025-07-13 00:30,6918173
2025-07-13 00:45,6918173
2025-07-13 01:00,6918173
2025-07-13 01:15,6918173
2025-07-13 01:30,6918173
2025-07-13 01:45,6918230
2025-07-13 02:00,6918230
2025-07-13 02:15,6918230
2025-07-13 02:30,6918230
2025-07-13 02:45,6918270
2025-07-13 03:00,6918270
2025-07-13 03:15,6918270
2025-07-13 03:30,6918270
2025-07-13 03:45,6918270
2025-07-13 04:00,6918270
2025-07-13 04:15,6918343
2025-07-13 04:30,6918343
2025-07-13 04:45,6918343
2025-07-13 05:00,6918380
2025-07-13 05:15,6918380
2025-07-13 05:30,6918380
2025-07-13 05:45,6918380
2025-07-13 06:00,6918416
2025-07-13 06:15,6918416
2025-07-13 06:30,6918416
2025-07-13 06:45,6918416
2025-07-13 07:00,6918420
2025-07-13 07:15,6918456
2025-07-13 07:30,6918456
2025-07-13 07:45,6918456
2025-07-13 08:00,6918456
2025-07-13 08:15,6918456
2025-07-13 08:30,6918456
2025-07-13 08:45,6918456
2025-07-13 09:00,6918456
2025-07-13 09:15,6918740
2025-07-13 09:30,6919040
2025-07-13 09:45,6919056
2025-07-13 10:00,6919073
2025-07-13 10:15,6919120
2025-07-13 10:30,6919120
2025-07-13 10:45,6919120
2025-07-13 11:00,6919190
2025-07-13 11:15,6919190
2025-07-13 11:30,6919190
2025-07-13 11:45,6919223
2025-07-13 12:00,6919366
2025-07-13 12:15,6919366
2025-07-13 12:30,6919366
2025-07-13 12:45,6919366
2025-07-13 13:00,6919446
2025-07-13 13:15,6919446
2025-07-13 13:30,6919930
2025-07-13 13:45,6919930
2025-07-13 14:00,6919930
2025-07-13 14:15,6919983
2025-07-13 14:30,6920140
2025-07-13 14:45,6920173
2025-07-13 15:00,6920183
2025-07-13 15:15,6920270
2025-07-13 15:30,6920273
2025-07-13 15:45,6920316
2025-07-13 16:00,6920493
2025-07-13 16:15,6920580
2025-07-13 16:30,6920583
2025-07-13 16:45,6920583
2025-07-13 17:00,6920636
2025-07-13 17:15,6920763
2025-07-13 17:30,6920763
2025-07-13 17:45,6920870
2025-07-13 18:00,6920880
2025-07-13 18:15,6920880
2025-07-13 18:30,6920890
2025-07-13 18:45,6920960
2025-07-13 19:00,6920960
2025-07-13 19:15,6920960
2025-07-13 19:30,6920960
2025-07-13 19:45,6920960
2025-07-13 20:00,6921033
2025-07-13 20:15,6921036
2025-07-13 20:30,6921040
2025-07-13 20:45,6921040
2025-07-13 21:00,6921113
2025-07-13 21:15,6921113
2025-07-13 21:30,6921113
2025-07-13 21:45,6921113
2025-07-13 22:00,6921133
2025-07-13 22:15,6921133
2025-07-13 22:30,6921133
2025-07-13 22:45,6921133
2025-07-13 23:00,6921213
2025-07-13 23:15,6921226
2025-07-13 23:30,6921280
2025-07-13 23:45,6921306
2025-07-14 00:00,6921416
2025-07-14 00:15,6921423
2025-07-14 00:30,6921423
2025-07-14 00:45,6921423
2025-07-14 01:00,6921460
2025-07-14 01:15,6921460
2025-07-14 01:30,6921460
2025-07-14 01:45,6921460
2025-07-14 02:00,6921496
2025-07-14 02:15,6921496
2025-07-14 02:30,6921496
2025-07-14 02:45,6921496
2025-07-14 03:00,6921496
2025-07-14 03:15,6921496
2025-07-14 03:30,6921496
2025-07-14 03:45,6921496
2025-07-14 04:00,6921536
2025-07-14 04:15,6921536
2025-07-14 04:30,6921536
2025-07-14 04:45,6921536
2025-07-14 05:00,6921536
2025-07-14 05:15,6921536
2025-07-14 05:30,6921536
2025-07-14 05:45,6921536
2025-07-14 06:00,6921536
2025-07-14 06:15,6921573
2025-07-14 06:30,6921573
2025-07-14 06:45,6921573
2025-07-14 07:00,6921573
2025-07-14 07:15,6921573
2025-07-14 07:30,6921573
2025-07-14 07:45,6921573
2025-07-14 08:00,6921573
2025-07-14 08:15,6921613
2025-07-14 08:30,6922300
2025-07-14 08:45,6922330
2025-07-14 09:00,6922330
2025-07-14 09:15,6922340
2025-07-14 09:30,6922376
2025-07-14 09:45,6922376
2025-07-14 10:00,6922376
2025-07-14 10:15,6922446
2025-07-14 10:30,6922446
2025-07-14 10:45,6922533
2025-07-14 11:00,6922533
2025-07-14 11:15,6922533
2025-07-14 11:30,6922533
2025-07-14 11:45,6922546
2025-07-14 12:00,6922546
2025-07-14 12:15,6922546
2025-07-14 12:30,6922546
2025-07-14 12:45,6922546
2025-07-14 13:00,6922546
2025-07-14 13:15,6922673
2025-07-14 13:30,6922673
2025-07-14 13:45,6922673
2025-07-14 14:00,6922673
2025-07-14 14:15,6922673
2025-07-14 14:30,6922673
2025-07-14 14:45,6922673
2025-07-14 15:00,6922686
2025-07-14 15:15,6922686
2025-07-14 15:30,6922686
2025-07-14 15:45,6922686
2025-07-14 16:00,6922723
2025-07-14 16:15,6923056
2025-07-14 16:30,6923056
2025-07-14 16:45,6923056
2025-07-14 17:00,6923056
2025-07-14 17:15,6923056
2025-07-14 17:30,6923056
2025-07-14 17:45,6923186
2025-07-14 18:00,6923186
2025-07-14 18:15,6923186
2025-07-14 18:30,6923186
2025-07-14 18:45,6923190
2025-07-14 19:00,6923190
2025-07-14 19:15,6923263
2025-07-14 19:30,6923263
2025-07-14 19:45,6923263
2025-07-14 20:00,6923263
2025-07-14 20:15,6923263
2025-07-14 20:30,6923263
2025-07-14 20:45,6923300
2025-07-14 21:00,6923426
2025-07-14 21:15,6923426
2025-07-14 21:30,6923456
2025-07-14 21:45,6923836
2025-07-14 22:00,6923836
2025-07-14 22:15,6924023
2025-07-14 22:30,6924066
2025-07-14 22:45,6924066
2025-07-14 23:00,6924070
2025-07-14 23:15,6924126
2025-07-14 23:30,6924126
2025-07-14 23:45,6924126
2025-07-15 00:00,6924126
2025-07-15 00:15,6924200
2025-07-15 00:30,6924206
2025-07-15 00:45,6924260
2025-07-15 01:00,6924260
2025-07-15 01:15,6924260
2025-07-15 01:30,6924260
2025-07-15 01:45,6924260
2025-07-15 02:00,6924260
2025-07-15 02:15,6924260
2025-07-15 02:30,6924330
2025-07-15 02:45,6924356
2025-07-15 03:00,6924366
2025-07-15 03:15,6924366
2025-07-15 03:30,6924366
2025-07-15 03:45,6924366
2025-07-15 04:00,6924413
2025-07-15 04:15,6924413
2025-07-15 04:30,6924413
2025-07-15 04:45,6924413
2025-07-15 05:00,6924413
2025-07-15 05:15,6924413
2025-07-15 05:30,6924413
2025-07-15 05:45,6924413
2025-07-15 06:00,6924413
2025-07-15 06:15,6924413
2025-07-15 06:30,6924413
2025-07-15 06:45,6924413
2025-07-15 07:00,6924416
2025-07-15 07:15,6924483
2025-07-15 07:30,6924483
2025-07-15 07:45,6924483
2025-07-15 08:00,6924483
2025-07-15 08:15,6924483
2025-07-15 08:30,6924563
2025-07-15 08:45,6924566
2025-07-15 09:00,6924650
2025-07-15 09:15,6925110
2025-07-15 09:30,6925110
2025-07-15 09:45,6925110
2025-07-15 10:00,6925120
2025-07-15 10:15,6925120
2025-07-15 10:30,6925193
2025-07-15 10:45,6925196
2025-07-15 11:00,6925196
2025-07-15 11:15,6925266
2025-07-15 11:30,6925266
2025-07-15 11:45,6925266
2025-07-15 12:00,6925266
2025-07-15 12:15,6925266
2025-07-15 12:30,6925266
2025-07-15 12:45,6925306
2025-07-15 13:00,6925313
2025-07-15 13:15,6925396
2025-07-15 13:30,6925396
2025-07-15 13:45,6925400
2025-07-15 14:00,6925400
2025-07-15 14:15,6925530
2025-07-15 14:30,6925656
2025-07-15 14:45,6925656
2025-07-15 15:00,6925733
2025-07-15 15:15,6925733
2025-07-15 15:30,6925733
2025-07-15 15:45,6925803
2025-07-15 16:00,6925806
2025-07-15 16:15,6925840
2025-07-15 16:30,6925840
2025-07-15 16:45,6925840
2025-07-15 17:00,6925843
2025-07-15 17:15,6925843
2025-07-15 17:30,6925843
2025-07-15 17:45,6925843
2025-07-15 18:00,6925843
2025-07-15 18:15,6925903
2025-07-15 18:30,6925903
2025-07-15 18:45,6925903
2025-07-15 19:00,6925906
2025-07-15 19:15,6925993
2025-07-15 19:30,6925993
2025-07-15 19:45,6926096
2025-07-15 20:00,6926096
2025-07-15 20:15,6926096
2025-07-15 20:30,6926096
2025-07-15 20:45,6926186
2025-07-15 21:00,6926223
2025-07-15 21:15,6926240
2025-07-15 21:30,6926240
2025-07-15 21:45,6926293
2025-07-15 22:00,6926293
2025-07-15 22:15,6926293
2025-07-15 22:30,6926296
2025-07-15 22:45,6926310
2025-07-15 23:00,6926393
2025-07-15 23:15,6926393
2025-07-15 23:30,6926393
2025-07-15 23:45,6926393
2025-07-16 00:00,6926463
2025-07-16 00:15,6926463
2025-07-16 00:30,6926463
2025-07-16 00:45,6926636
2025-07-16 01:00,6926756
2025-07-16 01:15,6926756
2025-07-16 01:30,6926756
2025-07-16 01:45,6926756
2025-07-16 02:00,6926760
2025-07-16 02:15,6926760
2025-07-16 02:30,6926760
2025-07-16 02:45,6926760
2025-07-16 03:00,6926760
2025-07-16 03:15,6926760
2025-07-16 03:30,6926760
2025-07-16 03:45,6926760
2025-07-16 04:00,6926760
2025-07-16 04:15,6926760
2025-07-16 04:30,6926760
2025-07-16 04:45,6926760
2025-07-16 05:00,6926760
2025-07-16 05:15,6926760
2025-07-16 05:30,6926760
2025-07-16 05:45,6926833
2025-07-16 06:00,6926833
2025-07-16 06:15,6926870
2025-07-16 06:30,6926953
2025-07-16 06:45,6927063
2025-07-16 07:00,6927063
2025-07-16 07:15,6927063
2025-07-16 07:30,6927066
2025-07-16 07:45,6927066
2025-07-16 08:00,6927066
2025-07-16 08:15,6927066
2025-07-16 08:30,6927066
2025-07-16 08:45,6927066
2025-07-16 09:00,6927070
2025-07-16 09:15,6927506
2025-07-16 09:30,6927576
2025-07-16 09:45,6927613
2025-07-16 10:00,6927783
2025-07-16 10:15,6927850
2025-07-16 10:30,6927933
2025-07-16 10:45,6927933
2025-07-16 11:00,6928033
2025-07-16 11:15,6928050
2025-07-16 11:30,6928800
2025-07-16 11:45,6928806
2025-07-16 12:00,6928893
2025-07-16 12:15,6929016
2025-07-16 12:30,6929020
2025-07-16 12:45,6929023
2025-07-16 13:00,6929023
2025-07-16 13:15,6929033
2025-07-16 13:30,6929093
2025-07-16 13:45,6929136
2025-07-16 14:00,6929136
2025-07-16 14:15,6929186
2025-07-16 14:30,6929263
2025-07-16 14:45,6929376
2025-07-16 15:00,6929376
2025-07-16 15:15,6929380
2025-07-16 15:30,6929386
2025-07-16 15:45,6929386
2025-07-16 16:00,6929500
2025-07-16 16:15,6929583
2025-07-16 16:30,6929880
2025-07-16 16:45,6930070
2025-07-16 17:00,6930070
2025-07-16 17:15,6930070
2025-07-16 17:30,6930070
2025-07-16 17:45,6930093
2025-07-16 18:00,6930223
2025-07-16 18:15,6930283
2025-07-16 18:30,6930356
2025-07-16 18:45,6930370
2025-07-16 19:00,6930373
2025-07-16 19:15,6930476
2025-07-16 19:30,6930646
2025-07-16 19:45,6930646
2025-07-16 20:00,6930820
2025-07-16 20:15,6930846
2025-07-16 20:30,6930850
2025-07-16 20:45,6930850
2025-07-16 21:00,6930850
2025-07-16 21:15,6930920
2025-07-16 21:30,6930920
2025-07-16 21:45,6930920
2025-07-16 22:00,6930920
2025-07-16 22:15,6930920
2025-07-16 22:30,6930920
2025-07-16 22:45,6930973
2025-07-16 23:00,6930973
2025-07-16 23:15,6931043
2025-07-16 23:30,6931103
2025-07-16 23:45,6931110
2025-07-17 00:00,6931200
2025-07-17 00:15,6931236
2025-07-17 00:30,6931273
2025-07-17 00:45,6931273
2025-07-17 01:00,6931273
2025-07-17 01:15,6931273
2025-07-17 01:30,6931273
2025-07-17 01:45,6931273
2025-07-17 02:00,6931273
2025-07-17 02:15,6931273
2025-07-17 02:30,6931273
2025-07-17 02:45,6931273
2025-07-17 03:00,6931273
2025-07-17 03:15,6931273
2025-07-17 03:30,6931273
2025-07-17 03:45,6931310
2025-07-17 04:00,6931310
2025-07-17 04:15,6931310
2025-07-17 04:30,6931310
2025-07-17 04:45,6931310
2025-07-17 05:00,6931310
2025-07-17 05:15,6931310
2025-07-17 05:30,6931310
2025-07-17 05:45,6931310
2025-07-17 06:00,6931310
2025-07-17 06:15,6931310
2025-07-17 06:30,6931346
2025-07-17 06:45,6931416
2025-07-17 07:00,6931416
2025-07-17 07:15,6931416
2025-07-17 07:30,6931416
2025-07-17 07:45,6931416
2025-07-17 08:00,6931423
2025-07-17 08:15,6931430
2025-07-17 08:30,6931430
2025-07-17 08:45,6932156
2025-07-17 09:00,6932260
2025-07-17 09:15,6932260
2025-07-17 09:30,6932450
2025-07-17 09:45,6932490
2025-07-17 10:00,6932630
2025-07-17 10:15,6932946
2025-07-17 10:30,6933003
2025-07-17 10:45,6933106
2025-07-17 11:00,6933246
2025-07-17 11:15,6933373
2025-07-17 11:30,6933590
2025-07-17 11:45,6933636
2025-07-17 12:00,6933740
2025-07-17 12:15,6933753
2025-07-17 12:30,6933753
2025-07-17 12:45,6933776
2025-07-17 13:00,6933780
2025-07-17 13:15,6933780
2025-07-17 13:30,6933780
2025-07-17 13:45,6933780
2025-07-17 14:00,6933780
2025-07-17 14:15,6933780
2025-07-17 14:30,6933793
2025-07-17 14:45,6933853
2025-07-17 15:00,6933853
2025-07-17 15:15,6933903
2025-07-17 15:30,6933903
2025-07-17 15:45,6933903
2025-07-17 16:00,6933903
2025-07-17 16:15,6933976
2025-07-17 16:30,6933976
2025-07-17 16:45,6933976
2025-07-17 17:00,6933976
2025-07-17 17:15,6933976
2025-07-17 17:30,6933976
2025-07-17 17:45,6933990
2025-07-17 18:00,6933990
2025-07-17 18:15,6933990
2025-07-17 18:30,6934070
2025-07-17 18:45,6934070
2025-07-17 19:00,6934070
2025-07-17 19:15,6934070
2025-07-17 19:30,6934070
2025-07-17 19:45,6934073
2025-07-17 20:00,6934073
2025-07-17 20:15,6934073
2025-07-17 20:30,6934073
2025-07-17 20:45,6934110
2025-07-17 21:00,6934116
2025-07-17 21:15,6934200
2025-07-17 21:30,6934200
2025-07-17 21:45,6934200
2025-07-17 22:00,6934276
2025-07-17 22:15,6934316
2025-07-17 22:30,6934330
2025-07-17 22:45,6934360
2025-07-17 23:00,6934360
2025-07-17 23:15,6934360
2025-07-17 23:30,6934360
2025-07-17 23:45,6934360
2025-07-18 00:00,6934360
2025-07-18 00:15,6934470
2025-07-18 00:30,6934470
2025-07-18 00:45,6934470
2025-07-18 01:00,6934470
2025-07-18 01:15,6934473
2025-07-18 01:30,6934526
2025-07-18 01:45,6934633
2025-07-18 02:00,6934633
2025-07-18 02:15,6934633
2025-07-18 02:30,6934633
2025-07-18 02:45,6934633
2025-07-18 03:00,6934633
2025-07-18 03:15,6934633
2025-07-18 03:30,6934633
2025-07-18 03:45,6934633
2025-07-18 04:00,6934633
2025-07-18 04:15,6934633
2025-07-18 04:30,6934633
2025-07-18 04:45,6934633
2025-07-18 05:00,6934633
2025-07-18 05:15,6934633
2025-07-18 05:30,6934670
2025-07-18 05:45,6934670
2025-07-18 06:00,6934670
2025-07-18 06:15,6934670
2025-07-18 06:30,6934670
2025-07-18 06:45,6934740
2025-07-18 07:00,6934740
2025-07-18 07:15,6934740
2025-07-18 07:30,6934740
2025-07-18 07:45,6935030
2025-07-18 08:00,6935433
2025-07-18 08:15,6935440
2025-07-18 08:30,6935440
2025-07-18 08:45,6935443
2025-07-18 09:00,6935446
2025-07-18 09:15,6935446
2025-07-18 09:30,6935446
2025-07-18 09:45,6935456
2025-07-18 10:00,6935493
2025-07-18 10:15,6935576
2025-07-18 10:30,6935576
2025-07-18 10:45,6935653
2025-07-18 11:00,6935676
2025-07-18 11:15,6935756
2025-07-18 11:30,6935770
2025-07-18 11:45,6935853
2025-07-18 12:00,6935853
2025-07-18 12:15,6935853
2025-07-18 12:30,6935853
2025-07-18 12:45,6935876
2025-07-18 13:00,6935986
2025-07-18 13:15,6936030
2025-07-18 13:30,6936053
2025-07-18 13:45,6936053
2025-07-18 14:00,6936070
2025-07-18 14:15,6936070
2025-07-18 14:30,6936076
2025-07-18 14:45,6936146
2025-07-18 15:00,6936146
2025-07-18 15:15,6936150
2025-07-18 15:30,6936150
2025-07-18 15:45,6936623
2025-07-18 16:00,6936686
2025-07-18 16:15,6936723
2025-07-18 16:30,6936723
2025-07-18 16:45,6936793
2025-07-18 17:00,6936793
2025-07-18 17:15,6936796
2025-07-18 17:30,6936800
2025-07-18 17:45,6936863
2025-07-18 18:00,6936943
2025-07-18 18:15,6936970
2025-07-18 18:30,6937003
2025-07-18 18:45,6937003
2025-07-18 19:00,6937006
2025-07-18 19:15,6937100
2025-07-18 19:30,6937160
2025-07-18 19:45,6937233
2025-07-18 20:00,6937343
2025-07-18 20:15,6937570
2025-07-18 20:30,6937570
2025-07-18 20:45,6937576
2025-07-18 21:00,6937690
2025-07-18 21:15,6937773
2025-07-18 21:30,6937840
2025-07-18 21:45,6937840
2025-07-18 22:00,6937870
2025-07-18 22:15,6938953
2025-07-18 22:30,6939250
2025-07-18 22:45,6939253
2025-07-18 23:00,6939256
2025-07-18 23:15,6939256
2025-07-18 23:30,6939293
2025-07-18 23:45,6939383
2025-07-19 00:00,6939633
2025-07-19 00:15,6939843
2025-07-19 00:30,6939843
2025-07-19 00:45,6939843
2025-07-19 01:00,6939946
2025-07-19 01:15,6939946
2025-07-19 01:30,6939950
2025-07-19 01:45,6939950
2025-07-19 02:00,6939990
2025-07-19 02:15,6940030
2025-07-19 02:30,6940063
2025-07-19 02:45,6940063
2025-07-19 03:00,6940133
2025-07-19 03:15,6940143
2025-07-19 03:30,6940180
2025-07-19 03:45,6940180
2025-07-19 04:00,6940180
2025-07-19 04:15,6940180
2025-07-19 04:30,6940180
2025-07-19 04:45,6940180
2025-07-19 05:00,6940180
2025-07-19 05:15,6940180
2025-07-19 05:30,6940180
2025-07-19 05:45,6940180
2025-07-19 06:00,6940220
2025-07-19 06:15,6940220
2025-07-19 06:30,6940220
2025-07-19 06:45,6940220
2025-07-19 07:00,6940220
2025-07-19 07:15,6940326
2025-07-19 07:30,6940326
2025-07-19 07:45,6940326
2025-07-19 08:00,6940326
2025-07-19 08:15,6940326
2025-07-19 08:30,6940326
2025-07-19 08:45,6940326
2025-07-19 09:00,6940326
2025-07-19 09:15,6940640
2025-07-19 09:30,6940726
2025-07-19 09:45,6940733
2025-07-19 10:00,6940733
2025-07-19 10:15,6941196
2025-07-19 10:30,6941196
2025-07-19 10:45,6941233
2025-07-19 11:00,6941233
2025-07-19 11:15,6941233
2025-07-19 11:30,6941243
2025-07-19 11:45,6941326
2025-07-19 12:00,6941326
2025-07-19 12:15,6941326
2025-07-19 12:30,6941326
2025-07-19 12:45,6941410
2025-07-19 13:00,6941470
2025-07-19 13:15,6942566
2025-07-19 13:30,6944283
2025-07-19 13:45,6945320
2025-07-19 14:00,6945413
2025-07-19 14:15,6945483
2025-07-19 14:30,6945483
2025-07-19 14:45,6945553
2025-07-19 15:00,6945553
2025-07-19 15:15,6945553
2025-07-19 15:30,6945816
2025-07-19 15:45,6946230
2025-07-19 16:00,6946310
2025-07-19 16:15,6946310
2025-07-19 16:30,6946310
2025-07-19 16:45,6946310
2025-07-19 17:00,6946310
2025-07-19 17:15,6946310
2025-07-19 17:30,6946383
2025-07-19 17:45,6946383
2025-07-19 18:00,6946423
2025-07-19 18:15,6946426
2025-07-19 18:30,6946430
2025-07-19 18:45,6946500
2025-07-19 19:00,6946500
2025-07-19 19:15,6946506
2025-07-19 19:30,6946506
2025-07-19 19:45,6946680
2025-07-19 20:00,6946816
2025-07-19 20:15,6946836
2025-07-19 20:30,6946836
2025-07-19 20:45,6946836
2025-07-19 21:00,6946840
2025-07-19 21:15,6946873
2025-07-19 21:30,6946893
2025-07-19 21:45,6946976
2025-07-19 22:00,6946976
2025-07-19 22:15,6947040
2025-07-19 22:30,6947090
2025-07-19 22:45,6947180
2025-07-19 23:00,6947180
2025-07-19 23:15,6947183
2025-07-19 23:30,6947250
2025-07-19 23:45,6947296
2025-07-20 00:00,6947303
2025-07-20 00:15,6947333
2025-07-20 00:30,6947373
2025-07-20 00:45,6947373
2025-07-20 01:00,6947410
2025-07-20 01:15,6947410
2025-07-20 01:30,6947410
2025-07-20 01:45,6947410
2025-07-20 02:00,6947410
2025-07-20 02:15,6947410
2025-07-20 02:30,6947410
2025-07-20 02:45,6947410
2025-07-20 03:00,6947410
2025-07-20 03:15,6947460
2025-07-20 03:30,6947496
2025-07-20 03:45,6947496
2025-07-20 04:00,6947496
2025-07-20 04:15,6947496
2025-07-20 04:30,6947536
2025-07-20 04:45,6947536
2025-07-20 05:00,6947536
2025-07-20 05:15,6947536
2025-07-20 05:30,6947536
2025-07-20 05:45,6947536
2025-07-20 06:00,6947536
2025-07-20 06:15,6947536
2025-07-20 06:30,6947536
2025-07-20 06:45,6947536
2025-07-20 07:00,6947536
2025-07-20 07:15,6947536
2025-07-20 07:30,6947536
2025-07-20 07:45,6947536
2025-07-20 08:00,6947536
2025-07-20 08:15,6947536
2025-07-20 08:30,6947573
2025-07-20 08:45,6947573
2025-07-20 09:00,6947576
2025-07-20 09:15,6947636
2025-07-20 09:30,6948126
2025-07-20 09:45,6948270
2025-07-20 10:00,6948270
2025-07-20 10:15,6948306
2025-07-20 10:30,6948306
2025-07-20 10:45,6948310
2025-07-20 11:00,6948310
2025-07-20 11:15,6948310
2025-07-20 11:30,6948393
2025-07-20 11:45,6948393
2025-07-20 12:00,6948463
2025-07-20 12:15,6948493
2025-07-20 12:30,6948510
2025-07-20 12:45,6948510
2025-07-20 13:00,6948630
2025-07-20 13:15,6948630
2025-07-20 13:30,6948630
2025-07-20 13:45,6948630
2025-07-20 14:00,6948630
2025-07-20 14:15,6948630
2025-07-20 14:30,6948630
2025-07-20 14:45,6948630
2025-07-20 15:00,6948653
2025-07-20 15:15,6948743
2025-07-20 15:30,6948743
2025-07-20 15:45,6948743
2025-07-20 16:00,6948743
2025-07-20 16:15,6948776
2025-07-20 16:30,6948780
2025-07-20 16:45,6948780
2025-07-20 17:00,6948783
2025-07-20 17:15,6948783
2025-07-20 17:30,6948880
2025-07-20 17:45,6948880
2025-07-20 18:00,6948883
2025-07-20 18:15,6948883
2025-07-20 18:30,6948886
2025-07-20 18:45,6948886
2025-07-20 19:00,6948956
2025-07-20 19:15,6948960
2025-07-20 19:30,6948960
2025-07-20 19:45,6948960
2025-07-20 20:00,6948993
2025-07-20 20:15,6949033
2025-07-20 20:30,6949103
2025-07-20 20:45,6949103
2025-07-20 21:00,6949103
2025-07-20 21:15,6949103
2025-07-20 21:30,6949103
2025-07-20 21:45,6949176
2025-07-20 22:00,6949176
2025-07-20 22:15,6949176
2025-07-20 22:30,6949220
2025-07-20 22:45,6949220
2025-07-20 23:00,6949220
2025-07-20 23:15,6949223
2025-07-20 23:30,6949256
2025-07-20 23:45,6949256
2025-07-21 00:00,6949256
2025-07-21 00:15,6949260
2025-07-21 00:30,6949260
2025-07-21 00:45,6949260
2025-07-21 01:00,6949260
2025-07-21 01:15,6949283
2025-07-21 01:30,6949340
2025-07-21 01:45,6949410
2025-07-21 02:00,6949410
2025-07-21 02:15,6949410
2025-07-21 02:30,6949410
2025-07-21 02:45,6949410
2025-07-21 03:00,6949410
2025-07-21 03:15,6949413
2025-07-21 03:30,6949413
2025-07-21 03:45,6949483
2025-07-21 04:00,6949483
2025-07-21 04:15,6949483
2025-07-21 04:30,6949483
2025-07-21 04:45,6949483
2025-07-21 05:00,6949483
2025-07-21 05:15,6949483
2025-07-21 05:30,6949483
2025-07-21 05:45,6949483
2025-07-21 06:00,6949483
2025-07-21 06:15,6949483
2025-07-21 06:30,6949483
2025-07-21 06:45,6949483
2025-07-21 07:00,6949520
2025-07-21 07:15,6949520
2025-07-21 07:30,6949520
2025-07-21 07:45,6949520
2025-07-21 08:00,6949520
2025-07-21 08:15,6949520
2025-07-21 08:30,6949560
2025-07-21 08:45,6949563
2025-07-21 09:00,6950413
2025-07-21 09:15,6950413
2025-07-21 09:30,6950413
2025-07-21 09:45,6950416
2025-07-21 10:00,6950416
2025-07-21 10:15,6950453
2025-07-21 10:30,6950453
2025-07-21 10:45,6950453
2025-07-21 11:00,6950453
2025-07-21 11:15,6950453
2025-07-21 11:30,6950490
2025-07-21 11:45,6950490
2025-07-21 12:00,6950490
2025-07-21 12:15,6950893
2025-07-21 12:30,6951016
2025-07-21 12:45,6951023
2025-07-21 13:00,6951023
2025-07-21 13:15,6951023
2025-07-21 13:30,6951023
2025-07-21 13:45,6951123
2025-07-21 14:00,6951130
2025-07-21 14:15,6951220
2025-07-21 14:30,6951223
2025-07-21 14:45,6951260
2025-07-21 15:00,6951260
2025-07-21 15:15,6951330
2025-07-21 15:30,6951330
2025-07-21 15:45,6951330
2025-07-21 16:00,6951330
2025-07-21 16:15,6951333
2025-07-21 16:30,6951333
2025-07-21 16:45,6951403
2025-07-21 17:00,6951416
2025-07-21 17:15,6951416
2025-07-21 17:30,6951456
2025-07-21 17:45,6951456
2025-07-21 18:00,6951460
2025-07-21 18:15,6951476
2025-07-21 18:30,6951566
2025-07-21 18:45,6951566
2025-07-21 19:00,6951566
2025-07-21 19:15,6951566
2025-07-21 19:30,6951570
2025-07-21 19:45,6951570
2025-07-21 20:00,6951616
2025-07-21 20:15,6951623
2025-07-21 20:30,6951660
2025-07-21 20:45,6951660
2025-07-21 21:00,6951660
2025-07-21 21:15,6951660
2025-07-21 21:30,6951660
2025-07-21 21:45,6951660
2025-07-21 22:00,6951660
2025-07-21 22:15,6951660
2025-07-21 22:30,6951733
2025-07-21 22:45,6951733
2025-07-21 23:00,6951740
2025-07-21 23:15,6951750
2025-07-21 23:30,6951753
2025-07-21 23:45,6951773
2025-07-22 00:00,6951773
2025-07-22 00:15,6951850
2025-07-22 00:30,6951850
2025-07-22 00:45,6951850
2025-07-22 01:00,6951886
2025-07-22 01:15,6951886
2025-07-22 01:30,6951886
2025-07-22 01:45,6951886
2025-07-22 02:00,6951963
2025-07-22 02:15,6951966
2025-07-22 02:30,6952033
2025-07-22 02:45,6952033
2025-07-22 03:00,6952033
2025-07-22 03:15,6952033
2025-07-22 03:30,6952033
2025-07-22 03:45,6952033
2025-07-22 04:00,6952033
2025-07-22 04:15,6952033
2025-07-22 04:30,6952033
2025-07-22 04:45,6952070
2025-07-22 05:00,6952070
2025-07-22 05:15,6952070
2025-07-22 05:30,6952070
2025-07-22 05:45,6952070
2025-07-22 06:00,6952070
2025-07-22 06:15,6952070
2025-07-22 06:30,6952070
2025-07-22 06:45,6952136
2025-07-22 07:00,6952136
2025-07-22 07:15,6952136
2025-07-22 07:30,6952140
2025-07-22 07:45,6952140
2025-07-22 08:00,6952140
2025-07-22 08:15,6952140
2025-07-22 08:30,6952140
2025-07-22 08:45,6952176
2025-07-22 09:00,6952826
2025-07-22 09:15,6952826
2025-07-22 09:30,6952826
2025-07-22 09:45,6952830
2025-07-22 10:00,6952903
2025-07-22 10:15,6952903
2025-07-22 10:30,6952906
2025-07-22 10:45,6952906
2025-07-22 11:00,6952906
2025-07-22 11:15,6952906
2025-07-22 11:30,6952906
2025-07-22 11:45,6952906
2025-07-22 12:00,6952906
2025-07-22 12:15,6952906
2025-07-22 12:30,6953060
2025-07-22 12:45,6953060
2025-07-22 13:00,6953060
2025-07-22 13:15,6953060
2025-07-22 13:30,6953060
2025-07-22 13:45,6953060
2025-07-22 14:00,6953063
2025-07-22 14:15,6953063
2025-07-22 14:30,6953063
2025-07-22 14:45,6953070
2025-07-22 15:00,6953070
2025-07-22 15:15,6953153
2025-07-22 15:30,6953153
2025-07-22 15:45,6953153
2025-07-22 16:00,6953163
2025-07-22 16:15,6953163
2025-07-22 16:30,6953163
2025-07-22 16:45,6953163
2025-07-22 17:00,6953163
2025-07-22 17:15,6953163
2025-07-22 17:30,6953236
2025-07-22 17:45,6953266
2025-07-22 18:00,6953293
2025-07-22 18:15,6953303
2025-07-22 18:30,6953303
2025-07-22 18:45,6953303
2025-07-22 19:00,6953356
2025-07-22 19:15,6953460
2025-07-22 19:30,6953463
2025-07-22 19:45,6953466
2025-07-22 20:00,6953466
2025-07-22 20:15,6953560
2025-07-22 20:30,6953566
2025-07-22 20:45,6953570
2025-07-22 21:00,6953600
2025-07-22 21:15,6953600
2025-07-22 21:30,6953600
2025-07-22 21:45,6953653
2025-07-22 22:00,6953653
2025-07-22 22:15,6953653
2025-07-22 22:30,6953660
2025-07-22 22:45,6953690
2025-07-22 23:00,6953690
2025-07-22 23:15,6953770
2025-07-22 23:30,6953770
2025-07-22 23:45,6953773
2025-07-23 00:00,6953773
2025-07-23 00:15,6953810
2025-07-23 00:30,6953900
2025-07-23 00:45,6953900
2025-07-23 01:00,6953900
2025-07-23 01:15,6953900
2025-07-23 01:30,6953900
2025-07-23 01:45,6953936
2025-07-23 02:00,6953936
2025-07-23 02:15,6953936
2025-07-23 02:30,6953936
2025-07-23 02:45,6953936
2025-07-23 03:00,6953936
2025-07-23 03:15,6953936
2025-07-23 03:30,6953936
2025-07-23 03:45,6953936
2025-07-23 04:00,6953936
2025-07-23 04:15,6953936
2025-07-23 04:30,6953936
2025-07-23 04:45,6953936
2025-07-23 05:00,6953936
2025-07-23 05:15,6954006
2025-07-23 05:30,6954006
2025-07-23 05:45,6954076
2025-07-23 06:00,6954076
2025-07-23 06:15,6954076
2025-07-23 06:30,6954076
2025-07-23 06:45,6954076
2025-07-23 07:00,6954076
2025-07-23 07:15,6954076
2025-07-23 07:30,6954080
2025-07-23 07:45,6954080
2025-07-23 08:00,6954080
2025-07-23 08:15,6954603
2025-07-23 08:30,6954606
2025-07-23 08:45,6954613
2025-07-23 09:00,6954620
2025-07-23 09:15,6954726
2025-07-23 09:30,6954726
2025-07-23 09:45,6954730
2025-07-23 10:00,6954730
2025-07-23 10:15,6954730
2025-07-23 10:30,6954730
2025-07-23 10:45,6954730
2025-07-23 11:00,6954730
2025-07-23 11:15,6954730
2025-07-23 11:30,6954770
2025-07-23 11:45,6954770
2025-07-23 12:00,6954770
2025-07-23 12:15,6954770
2025-07-23 12:30,6954770
2025-07-23 12:45,6954803
2025-07-23 13:00,6954803
2025-07-23 13:15,6954843
2025-07-23 13:30,6954850
2025-07-23 13:45,6954920
2025-07-23 14:00,6954920
2025-07-23 14:15,6956670
2025-07-23 14:30,6956700
2025-07-23 14:45,6956716
2025-07-23 15:00,6956716
2025-07-23 15:15,6956720
2025-07-23 15:30,6956720
2025-07-23 15:45,6956793
2025-07-23 16:00,6956793
2025-07-23 16:15,6956793
2025-07-23 16:30,6956833
2025-07-23 16:45,6956853
2025-07-23 17:00,6956870
2025-07-23 17:15,6956893
2025-07-23 17:30,6956966
2025-07-23 17:45,6956966
2025-07-23 18:00,6957033
2025-07-23 18:15,6957036
2025-07-23 18:30,6957036
2025-07-23 18:45,6957130
2025-07-23 19:00,6957133
2025-07-23 19:15,6957133
2025-07-23 19:30,6957133
2025-07-23 19:45,6957203
2025-07-23 20:00,6957240
2025-07-23 20:15,6957240
2025-07-23 20:30,6957240
2025-07-23 20:45,6957280
2025-07-23 21:00,6957293
2025-07-23 21:15,6957293
2025-07-23 21:30,6957293
2025-07-23 21:45,6957293
2025-07-23 22:00,6957370
2025-07-23 22:15,6957370
2025-07-23 22:30,6957413
2025-07-23 22:45,6957463
2025-07-23 23:00,6957463
2025-07-23 23:15,6957463
2025-07-23 23:30,6957466
2025-07-23 23:45,6957516
2025-07-24 00:00,6957520
2025-07-24 00:15,6957520
2025-07-24 00:30,6957520
2025-07-24 00:45,6957520
2025-07-24 01:00,6957520
2025-07-24 01:15,6957560
2025-07-24 01:30,6957563
2025-07-24 01:45,6957586
2025-07-24 02:00,6957656
2025-07-24 02:15,6957656
2025-07-24 02:30,6957656
2025-07-24 02:45,6957656
2025-07-24 03:00,6957656
2025-07-24 03:15,6957656
2025-07-24 03:30,6957656
2025-07-24 03:45,6957656
2025-07-24 04:00,6957656
2025-07-24 04:15,6957656
2025-07-24 04:30,6957693
2025-07-24 04:45,6957693
2025-07-24 05:00,6957693
2025-07-24 05:15,6957693
2025-07-24 05:30,6957693
2025-07-24 05:45,6957693
2025-07-24 06:00,6957693
2025-07-24 06:15,6957693
2025-07-24 06:30,6957693
2025-07-24 06:45,6957693
2025-07-24 07:00,6957693
2025-07-24 07:15,6957770
2025-07-24 07:30,6957770
2025-07-24 07:45,6957770
2025-07-24 08:00,6957770
2025-07-24 08:15,6957770
2025-07-24 08:30,6957770
2025-07-24 08:45,6958063
2025-07-24 09:00,6958296
2025-07-24 09:15,6958946
2025-07-24 09:30,6958980
2025-07-24 09:45,6959003
2025-07-24 10:00,6959013
2025-07-24 10:15,6959186
2025-07-24 10:30,6959266
2025-07-24 10:45,6959266
2025-07-24 11:00,6959340
2025-07-24 11:15,6959416
2025-07-24 11:30,6959416
2025-07-24 11:45,6959476
2025-07-24 12:00,6959560
2025-07-24 12:15,6959733
2025-07-24 12:30,6959733
2025-07-24 12:45,6959736
2025-07-24 13:00,6959736
2025-07-24 13:15,6959736
2025-07-24 13:30,6959770
2025-07-24 13:45,6959973
2025-07-24 14:00,6960246
2025-07-24 14:15,6960246
2025-07-24 14:30,6960246
2025-07-24 14:45,6960296
2025-07-24 15:00,6960296
2025-07-24 15:15,6960350
2025-07-24 15:30,6960463
2025-07-24 15:45,6960470
2025-07-24 16:00,6960510
2025-07-24 16:15,6960716
2025-07-24 16:30,6960760
2025-07-24 16:45,6960760
2025-07-24 17:00,6960780
2025-07-24 17:15,6960813
2025-07-24 17:30,6960886
2025-07-24 17:45,6960886
2025-07-24 18:00,6960923
2025-07-24 18:15,6960973
2025-07-24 18:30,6961003
2025-07-24 18:45,6961033
2025-07-24 19:00,6961113
2025-07-24 19:15,6961116
2025-07-24 19:30,6961116
2025-07-24 19:45,6961116
2025-07-24 20:00,6961136
2025-07-24 20:15,6961300
2025-07-24 20:30,6961370
2025-07-24 20:45,6961403
2025-07-24 21:00,6961403
2025-07-24 21:15,6961403
2025-07-24 21:30,6961403
2025-07-24 21:45,6961403
2025-07-24 22:00,6961403
2025-07-24 22:15,6961440
2025-07-24 22:30,6961440
2025-07-24 22:45,6961440
2025-07-24 23:00,6961516
2025-07-24 23:15,6961516
2025-07-24 23:30,6961526
2025-07-24 23:45,6961530
2025-07-25 00:00,6961713
2025-07-25 00:15,6961713
2025-07-25 00:30,6961713
2025-07-25 00:45,6961713
2025-07-25 01:00,6961713
2025-07-25 01:15,6961713
2025-07-25 01:30,6961750
2025-07-25 01:45,6961753
2025-07-25 02:00,6961820
2025-07-25 02:15,6961820
2025-07-25 02:30,6961820
2025-07-25 02:45,6961820
2025-07-25 03:00,6961820
2025-07-25 03:15,6961856
2025-07-25 03:30,6961856
2025-07-25 03:45,6961856
2025-07-25 04:00,6961933
2025-07-25 04:15,6961933
2025-07-25 04:30,6961933
2025-07-25 04:45,6961933
2025-07-25 05:00,6961933
2025-07-25 05:15,6961970
2025-07-25 05:30,6961970
2025-07-25 05:45,6961970
2025-07-25 06:00,6961970
2025-07-25 06:15,6961970
2025-07-25 06:30,6961970
2025-07-25 06:45,6961973
2025-07-25 07:00,6961973
2025-07-25 07:15,6961973
2025-07-25 07:30,6961973
2025-07-25 07:45,6961973
2025-07-25 08:00,6962013
2025-07-25 08:15,6962356
2025-07-25 08:30,6962363
2025-07-25 08:45,6962403
2025-07-25 09:00,6962403
2025-07-25 09:15,6962403
2025-07-25 09:30,6962486
2025-07-25 09:45,6962490
2025-07-25 10:00,6962490
2025-07-25 10:15,6962490
2025-07-25 10:30,6962526
2025-07-25 10:45,6962526
2025-07-25 11:00,6962853
2025-07-25 11:15,6963006
2025-07-25 11:30,6963006
2025-07-25 11:45,6963006
2025-07-25 12:00,6963006
2025-07-25 12:15,6963006
2025-07-25 12:30,6963006
2025-07-25 12:45,6963006
2025-07-25 13:00,6963010
2025-07-25 13:15,6963010
2025-07-25 13:30,6963010
2025-07-25 13:45,6963100
2025-07-25 14:00,6963100
2025-07-25 14:15,6963100
2025-07-25 14:30,6963106
2025-07-25 14:45,6963106
2025-07-25 15:00,6963180
2025-07-25 15:15,6963243
2025-07-25 15:30,6963243
2025-07-25 15:45,6963243
2025-07-25 16:00,6963303
2025-07-25 16:15,6963360
2025-07-25 16:30,6963363
2025-07-25 16:45,6963373
2025-07-25 17:00,6963383
2025-07-25 17:15,6963383
2025-07-25 17:30,6963420
2025-07-25 17:45,6963420
2025-07-25 18:00,6963420
2025-07-25 18:15,6963420
2025-07-25 18:30,6963456
2025-07-25 18:45,6963556
2025-07-25 19:00,6963670
2025-07-25 19:15,6963670
2025-07-25 19:30,6963670
2025-07-25 19:45,6963670
2025-07-25 20:00,6963673
2025-07-25 20:15,6963710
2025-07-25 20:30,6963710
2025-07-25 20:45,6963710
2025-07-25 21:00,6963743
2025-07-25 21:15,6963746
2025-07-25 21:30,6963746
2025-07-25 21:45,6963746
2025-07-25 22:00,6963750
2025-07-25 22:15,6963750
2025-07-25 22:30,6963753
2025-07-25 22:45,6963823
2025-07-25 23:00,6963823
2025-07-25 23:15,6963860
2025-07-25 23:30,6963873
2025-07-25 23:45,6963876
2025-07-26 00:00,6963876
2025-07-26 00:15,6963876
2025-07-26 00:30,6963876
2025-07-26 00:45,6963886
2025-07-26 01:00,6963936
2025-07-26 01:15,6963936
2025-07-26 01:30,6963936
2025-07-26 01:45,6963936
2025-07-26 02:00,6963936
2025-07-26 02:15,6963976
2025-07-26 02:30,6963980
2025-07-26 02:45,6963980
2025-07-26 03:00,6963980
2025-07-26 03:15,6963980
2025-07-26 03:30,6963980
2025-07-26 03:45,6963980
2025-07-26 04:00,6963980
2025-07-26 04:15,6963980
2025-07-26 04:30,6964016
2025-07-26 04:45,6964016
2025-07-26 05:00,6964016
2025-07-26 05:15,6964016
2025-07-26 05:30,6964016
2025-07-26 05:45,6964016
2025-07-26 06:00,6964016
2025-07-26 06:15,6964016
2025-07-26 06:30,6964016
2025-07-26 06:45,6964016
2025-07-26 07:00,6964016
2025-07-26 07:15,6964016
2025-07-26 07:30,6964016
2025-07-26 07:45,6964016
2025-07-26 08:00,6964016
2025-07-26 08:15,6964020
2025-07-26 08:30,6964020
2025-07-26 08:45,6964020
2025-07-26 09:00,6964063
2025-07-26 09:15,6964373
2025-07-26 09:30,6964373
2025-07-26 09:45,6964373
2025-07-26 10:00,6964376
2025-07-26 10:15,6964466
2025-07-26 10:30,6964550
2025-07-26 10:45,6964550
2025-07-26 11:00,6964553
2025-07-26 11:15,6964556
2025-07-26 11:30,6964570
2025-07-26 11:45,6964570
2025-07-26 12:00,6964570
2025-07-26 12:15,6964570
2025-07-26 12:30,6964573
2025-07-26 12:45,6964623
2025-07-26 13:00,6964666
2025-07-26 13:15,6964683
2025-07-26 13:30,6964683
2025-07-26 13:45,6964720
2025-07-26 14:00,6964723
2025-07-26 14:15,6964723
2025-07-26 14:30,6964723
2025-07-26 14:45,6964760
2025-07-26 15:00,6964760
2025-07-26 15:15,6964760
2025-07-26 15:30,6965206
2025-07-26 15:45,6965206
2025-07-26 16:00,6965213
2025-07-26 16:15,6965260
2025-07-26 16:30,6965260
2025-07-26 16:45,6965260
2025-07-26 17:00,6965300
2025-07-26 17:15,6965330
2025-07-26 17:30,6965336
2025-07-26 17:45,6965373
2025-07-26 18:00,6965373
2025-07-26 18:15,6965373
2025-07-26 18:30,6965373
2025-07-26 18:45,6965490
2025-07-26 19:00,6965526
2025-07-26 19:15,6965526
2025-07-26 19:30,6965526
2025-07-26 19:45,6965640
2025-07-26 20:00,6965640
2025-07-26 20:15,6965640
2025-07-26 20:30,6965676
2025-07-26 20:45,6965676
2025-07-26 21:00,6965683
2025-07-26 21:15,6965723
2025-07-26 21:30,6965723
2025-07-26 21:45,6965726
2025-07-26 22:00,6965726
2025-07-26 22:15,6965743
2025-07-26 22:30,6965843
2025-07-26 22:45,6965920
2025-07-26 23:00,6966020
2025-07-26 23:15,6966020
2025-07-26 23:30,6966020
2025-07-26 23:45,6966020
2025-07-27 00:00,6966023
2025-07-27 00:15,6966023
2025-07-27 00:30,6966110
2025-07-27 00:45,6966180
2025-07-27 01:00,6966180
2025-07-27 01:15,6966180
2025-07-27 01:30,6966180
2025-07-27 01:45,6966236
2025-07-27 02:00,6966236
2025-07-27 02:15,6966236
2025-07-27 02:30,6966236
2025-07-27 02:45,6966236
2025-07-27 03:00,6966236
2025-07-27 03:15,6966236
2025-07-27 03:30,6966236
2025-07-27 03:45,6966236
2025-07-27 04:00,6966236
2025-07-27 04:15,6966236
2025-07-27 04:30,6966276
2025-07-27 04:45,6966276
2025-07-27 05:00,6966313
2025-07-27 05:15,6966313
2025-07-27 05:30,6966313
2025-07-27 05:45,6966313
2025-07-27 06:00,6966313
2025-07-27 06:15,6966313
2025-07-27 06:30,6966313
2025-07-27 06:45,6966316
2025-07-27 07:00,6966316
2025-07-27 07:15,6966316
2025-07-27 07:30,6966316
2025-07-27 07:45,6966316
2025-07-27 08:00,6966393
2025-07-27 08:15,6966393
2025-07-27 08:30,6966393
2025-07-27 08:45,6966393
2025-07-27 09:00,6966393
2025-07-27 09:15,6966636
2025-07-27 09:30,6966646
2025-07-27 09:45,6966650
2025-07-27 10:00,6966650
2025-07-27 10:15,6966650
2025-07-27 10:30,6966730
2025-07-27 10:45,6966890
2025-07-27 11:00,6966976
2025-07-27 11:15,6966976
2025-07-27 11:30,6966976
2025-07-27 11:45,6967100
2025-07-27 12:00,6967443
2025-07-27 12:15,6967733
2025-07-27 12:30,6967786
2025-07-27 12:45,6967786
2025-07-27 13:00,6967850
2025-07-27 13:15,6967910
2025-07-27 13:30,6967910
2025-07-27 13:45,6967913
2025-07-27 14:00,6967916
2025-07-27 14:15,6967956
2025-07-27 14:30,6967956
2025-07-27 14:45,6968033
2025-07-27 15:00,6968093
2025-07-27 15:15,6968180
2025-07-27 15:30,6968276
2025-07-27 15:45,6968446
2025-07-27 16:00,6968473
2025-07-27 16:15,6968533
2025-07-27 16:30,6968666
2025-07-27 16:45,6968920
2025-07-27 17:00,6968920
2025-07-27 17:15,6968923
2025-07-27 17:30,6968923
2025-07-27 17:45,6968923
2025-07-27 18:00,6968923
2025-07-27 18:15,6968923
2025-07-27 18:30,6968983
2025-07-27 18:45,6968983
2025-07-27 19:00,6968983
2025-07-27 19:15,6968983
2025-07-27 19:30,6969043
2025-07-27 19:45,6969106
2025-07-27 20:00,6969110
2025-07-27 20:15,6969116
2025-07-27 20:30,6969423
2025-07-27 20:45,6969423
2025-07-27 21:00,6969423
2025-07-27 21:15,6969423
2025-07-27 21:30,6969423
2025-07-27 21:45,6969503
2025-07-27 22:00,6971140
2025-07-27 22:15,6972400
2025-07-27 22:30,6972620
2025-07-27 22:45,6972760
2025-07-27 23:00,6972926
2025-07-27 23:15,6973160
2025-07-27 23:30,6973160
2025-07-27 23:45,6973220
2025-07-28 00:00,6973220
2025-07-28 00:15,6973223
2025-07-28 00:30,6973223
2025-07-28 00:45,6973223
2025-07-28 01:00,6973223
2025-07-28 01:15,6973260
2025-07-28 01:30,6973260
2025-07-28 01:45,6973260
2025-07-28 02:00,6973276
2025-07-28 02:15,6973366
2025-07-28 02:30,6973366
2025-07-28 02:45,6973396
2025-07-28 03:00,6973400
2025-07-28 03:15,6973400
2025-07-28 03:30,6973400
2025-07-28 03:45,6973436
2025-07-28 04:00,6973436
2025-07-28 04:15,6973436
2025-07-28 04:30,6973436
2025-07-28 04:45,6973436
2025-07-28 05:00,6973436
2025-07-28 05:15,6973473
2025-07-28 05:30,6973473
2025-07-28 05:45,6973473
2025-07-28 06:00,6973473
2025-07-28 06:15,6973516
2025-07-28 06:30,6973516
2025-07-28 06:45,6973516
2025-07-28 07:00,6973516
2025-07-28 07:15,6973603
2025-07-28 07:30,6973936
2025-07-28 07:45,6974030
2025-07-28 08:00,6974030
2025-07-28 08:15,6974160
2025-07-28 08:30,6974216
2025-07-28 08:45,6974273
2025-07-28 09:00,6974276
2025-07-28 09:15,6974276
2025-07-28 09:30,6974386
2025-07-28 09:45,6974390
2025-07-28 10:00,6974460
2025-07-28 10:15,6974463
2025-07-28 10:30,6974533
2025-07-28 10:45,6974533
2025-07-28 11:00,6974593
2025-07-28 11:15,6974593
2025-07-28 11:30,6974603
2025-07-28 11:45,6974643
2025-07-28 12:00,6974666
2025-07-28 12:15,6974730
2025-07-28 12:30,6974740
2025-07-28 12:45,6974740
2025-07-28 13:00,6974740
2025-07-28 13:15,6974740
2025-07-28 13:30,6974816
2025-07-28 13:45,6974820
2025-07-28 14:00,6974840
2025-07-28 14:15,6974840
2025-07-28 14:30,6974840
2025-07-28 14:45,6974843
2025-07-28 15:00,6974853
2025-07-28 15:15,6974853
2025-07-28 15:30,6974956
2025-07-28 15:45,6974966
2025-07-28 16:00,6974966
2025-07-28 16:15,6974970
2025-07-28 16:30,6974973
2025-07-28 16:45,6974976
2025-07-28 17:00,6974990
2025-07-28 17:15,6975086
2025-07-28 17:30,6975086
2025-07-28 17:45,6975086
2025-07-28 18:00,6975133
2025-07-28 18:15,6975166
2025-07-28 18:30,6975166
2025-07-28 18:45,6975200
2025-07-28 19:00,6975210
2025-07-28 19:15,6975210
2025-07-28 19:30,6975220
2025-07-28 19:45,6975313
2025-07-28 20:00,6975313
2025-07-28 20:15,6975390
2025-07-28 20:30,6975390
2025-07-28 20:45,6975390
2025-07-28 21:00,6975390
2025-07-28 21:15,6975626
2025-07-28 21:30,6976280
2025-07-28 21:45,6976280
2025-07-28 22:00,6976280
2025-07-28 22:15,6976280
2025-07-28 22:30,6976280
2025-07-28 22:45,6976280
2025-07-28 23:00,6976280
2025-07-28 23:15,6976363
2025-07-28 23:30,6976363
2025-07-28 23:45,6976413
2025-07-29 00:00,6976426
2025-07-29 00:15,6976426
2025-07-29 00:30,6976426
2025-07-29 00:45,6976503
2025-07-29 01:00,6976503
2025-07-29 01:15,6976503
2025-07-29 01:30,6976540
2025-07-29 01:45,6976580
2025-07-29 02:00,6976580
2025-07-29 02:15,6976580
2025-07-29 02:30,6976580
2025-07-29 02:45,6976580
2025-07-29 03:00,6976580
2025-07-29 03:15,6976580
2025-07-29 03:30,6976580
2025-07-29 03:45,6976616
2025-07-29 04:00,6976616
2025-07-29 04:15,6976616
2025-07-29 04:30,6976653
2025-07-29 04:45,6976653
2025-07-29 05:00,6976653
2025-07-29 05:15,6976653
2025-07-29 05:30,6976690
2025-07-29 05:45,6976690
2025-07-29 06:00,6976690
2025-07-29 06:15,6976693
2025-07-29 06:30,6976693
2025-07-29 06:45,6976693
2025-07-29 07:00,6976693
2025-07-29 07:15,6976693
2025-07-29 07:30,6976693
2025-07-29 07:45,6976760
2025-07-29 08:00,6977276
2025-07-29 08:15,6977326
2025-07-29 08:30,6977326
2025-07-29 08:45,6977336
2025-07-29 09:00,6977343
2025-07-29 09:15,6977343
2025-07-29 09:30,6977350
2025-07-29 09:45,6977663
2025-07-29 10:00,6977790
2025-07-29 10:15,6977790
2025-07-29 10:30,6977790
2025-07-29 10:45,6977790
2025-07-29 11:00,6977890
2025-07-29 11:15,6977890
2025-07-29 11:30,6977890
2025-07-29 11:45,6977890
2025-07-29 12:00,6977890
2025-07-29 12:15,6978013
2025-07-29 12:30,6978016
2025-07-29 12:45,6978073
2025-07-29 13:00,6978200
2025-07-29 13:15,6978330
2025-07-29 13:30,6978416
2025-07-29 13:45,6978416
2025-07-29 14:00,6978416
2025-07-29 14:15,6978520
2025-07-29 14:30,6978520
2025-07-29 14:45,6978520
2025-07-29 15:00,6978520
2025-07-29 15:15,6978526
2025-07-29 15:30,6978546
2025-07-29 15:45,6978556
2025-07-29 16:00,6978616
2025-07-29 16:15,6978650
2025-07-29 16:30,6978650
2025-07-29 16:45,6978670
2025-07-29 17:00,6978770
2025-07-29 17:15,6978776
2025-07-29 17:30,6978776
2025-07-29 17:45,6978836
2025-07-29 18:00,6978843
2025-07-29 18:15,6978853
2025-07-29 18:30,6978853
2025-07-29 18:45,6978853
2025-07-29 19:00,6978853
2025-07-29 19:15,6978860
2025-07-29 19:30,6978863
2025-07-29 19:45,6978936
2025-07-29 20:00,6979116
2025-07-29 20:15,6980736
2025-07-29 20:30,6982220
2025-07-29 20:45,6982943
2025-07-29 21:00,6982946
2025-07-29 21:15,6982946
2025-07-29 21:30,6983023
2025-07-29 21:45,6983113
2025-07-29 22:00,6983113
2025-07-29 22:15,6983173
2025-07-29 22:30,6983196
2025-07-29 22:45,6983196
2025-07-29 23:00,6983196
2025-07-29 23:15,6983196
2025-07-29 23:30,6983230
2025-07-29 23:45,6983230
2025-07-30 00:00,6983233
2025-07-30 00:15,6983330
2025-07-30 00:30,6983330
2025-07-30 00:45,6983390
2025-07-30 01:00,6983393
2025-07-30 01:15,6983393
2025-07-30 01:30,6983393
2025-07-30 01:45,6983393
2025-07-30 02:00,6983393
2025-07-30 02:15,6983393
2025-07-30 02:30,6983393
2025-07-30 02:45,6983393
2025-07-30 03:00,6983393
2025-07-30 03:15,6983433
2025-07-30 03:30,6983433
2025-07-30 03:45,6983433
2025-07-30 04:00,6983433
2025-07-30 04:15,6983433
2025-07-30 04:30,6983470
2025-07-30 04:45,6983470
2025-07-30 05:00,6983470
2025-07-30 05:15,6983506
2025-07-30 05:30,6983506
2025-07-30 05:45,6983506
2025-07-30 06:00,6983506
2025-07-30 06:15,6983506
2025-07-30 06:30,6983506
2025-07-30 06:45,6983506
2025-07-30 07:00,6983510
2025-07-30 07:15,6983510
2025-07-30 07:30,6983510
2025-07-30 07:45,6983510
2025-07-30 08:00,6983510
2025-07-30 08:15,6983510
2025-07-30 08:30,6983973
2025-07-30 08:45,6983973
2025-07-30 09:00,6983983
2025-07-30 09:15,6983983
2025-07-30 09:30,6983990
2025-07-30 09:45,6984000
2025-07-30 10:00,6984143
2025-07-30 10:15,6984143
2025-07-30 10:30,6984196
2025-07-30 10:45,6984196
2025-07-30 11:00,6984196
2025-07-30 11:15,6984283
2025-07-30 11:30,6984283
2025-07-30 11:45,6984426
2025-07-30 12:00,6984440
2025-07-30 12:15,6984466
2025-07-30 12:30,6984556
2025-07-30 12:45,6984556
2025-07-30 13:00,6984556
2025-07-30 13:15,6984633
2025-07-30 13:30,6984663
2025-07-30 13:45,6984696
2025-07-30 14:00,6984806
2025-07-30 14:15,6984810
2025-07-30 14:30,6984830
2025-07-30 14:45,6984853
2025-07-30 15:00,6984930
2025-07-30 15:15,6984930
2025-07-30 15:30,6984943
2025-07-30 15:45,6984950
2025-07-30 16:00,6984950
2025-07-30 16:15,6984986
2025-07-30 16:30,6985046
2025-07-30 16:45,6985120
2025-07-30 17:00,6985126
2025-07-30 17:15,6985130
2025-07-30 17:30,6985146
2025-07-30 17:45,6985146
2025-07-30 18:00,6985260
2025-07-30 18:15,6985276
2025-07-30 18:30,6985390
2025-07-30 18:45,6985440
2025-07-30 19:00,6985440
2025-07-30 19:15,6985440
2025-07-30 19:30,6985506
2025-07-30 19:45,6985520
2025-07-30 20:00,6987096
2025-07-30 20:15,6988813
2025-07-30 20:30,6988833
2025-07-30 20:45,6988886
2025-07-30 21:00,6988886
2025-07-30 21:15,6988886
2025-07-30 21:30,6988890
2025-07-30 21:45,6988890
2025-07-30 22:00,6988890
2025-07-30 22:15,6988890
2025-07-30 22:30,6988960
2025-07-30 22:45,6988960
2025-07-30 23:00,6988960
2025-07-30 23:15,6989043
2025-07-30 23:30,6989043
2025-07-30 23:45,6989043
2025-07-31 00:00,6989043
2025-07-31 00:15,6989043
2025-07-31 00:30,6989043
2025-07-31 00:45,6989053
2025-07-31 01:00,6989090
2025-07-31 01:15,6989090
2025-07-31 01:30,6989143
2025-07-31 01:45,6989143
2025-07-31 02:00,6989143
2025-07-31 02:15,6989143
2025-07-31 02:30,6989143
2025-07-31 02:45,6989223
2025-07-31 03:00,6989263
2025-07-31 03:15,6989263
2025-07-31 03:30,6989270
2025-07-31 03:45,6989353
2025-07-31 04:00,6989353
2025-07-31 04:15,6989353
2025-07-31 04:30,6989353
2025-07-31 04:45,6989353
2025-07-31 05:00,6989353
2025-07-31 05:15,6989353
2025-07-31 05:30,6989393
2025-07-31 05:45,6989393
2025-07-31 06:00,6989393
2025-07-31 06:15,6989393
2025-07-31 06:30,6989393
2025-07-31 06:45,6989430
2025-07-31 07:00,6989430
2025-07-31 07:15,6989430
2025-07-31 07:30,6989430
2025-07-31 07:45,6989430
2025-07-31 08:00,6989430
2025-07-31 08:15,6989430
2025-07-31 08:30,6989430
2025-07-31 08:45,6989430
2025-07-31 09:00,6989430
2025-07-31 09:15,6989770
2025-07-31 09:30,6989906
2025-07-31 09:45,6989920
2025-07-31 10:00,6989920
2025-07-31 10:15,6989920
2025-07-31 10:30,6989990
2025-07-31 10:45,6989990
2025-07-31 11:00,6989990
2025-07-31 11:15,6990560
2025-07-31 11:30,6992006
2025-07-31 11:45,6992276
2025-07-31 12:00,6992276
2025-07-31 12:15,6992276
2025-07-31 12:30,6992346
2025-07-31 12:45,6992346
2025-07-31 13:00,6992346
2025-07-31 13:15,6992356
2025-07-31 13:30,6992406
2025-07-31 13:45,6992630
2025-07-31 14:00,6992630
2025-07-31 14:15,6992633
2025-07-31 14:30,6992670
2025-07-31 14:45,6992676
2025-07-31 15:00,6992680
2025-07-31 15:15,6992680
2025-07-31 15:30,6992680
2025-07-31 15:45,6992683
2025-07-31 16:00,6992683
2025-07-31 16:15,6992696
2025-07-31 16:30,6992810
2025-07-31 16:45,6992820
2025-07-31 17:00,6992830
2025-07-31 17:15,6992930
2025-07-31 17:30,6992930
2025-07-31 17:45,6992930
2025-07-31 18:00,6993033
2025-07-31 18:15,6993033
2025-07-31 18:30,6993033
2025-07-31 18:45,6993070
2025-07-31 19:00,6993110
2025-07-31 19:15,6993113
2025-07-31 19:30,6993130
2025-07-31 19:45,6993130
2025-07-31 20:00,6993256
2025-07-31 20:15,6993310
2025-07-31 20:30,6993316
2025-07-31 20:45,6993316
2025-07-31 21:00,6993316
2025-07-31 21:15,6993430
2025-07-31 21:30,6993430
2025-07-31 21:45,6993430
2025-07-31 22:00,6993430
2025-07-31 22:15,6993430
2025-07-31 22:30,6993526
2025-07-31 22:45,6993610
2025-07-31 23:00,6993620
2025-07-31 23:15,6993620
2025-07-31 23:30,6993620
2025-07-31 23:45,6993690
2025-08-01 00:00,6993706
2025-08-01 00:15,6993710
2025-08-01 00:30,6993710
2025-08-01 00:45,6993803
2025-08-01 01:00,6993816
2025-08-01 01:15,6993816
2025-08-01 01:30,6993816
2025-08-01 01:45,6993816
2025-08-01 02:00,6993816
2025-08-01 02:15,6993886
2025-08-01 02:30,6993886
2025-08-01 02:45,6993886
2025-08-01 03:00,6993886
2025-08-01 03:15,6993886
2025-08-01 03:30,6993886
2025-08-01 03:45,6993886
2025-08-01 04:00,6993886
2025-08-01 04:15,6993926
2025-08-01 04:30,6993926
2025-08-01 04:45,6993926
2025-08-01 05:00,6993926
2025-08-01 05:15,6993926
2025-08-01 05:30,6993963
2025-08-01 05:45,6993963
2025-08-01 06:00,6993963
2025-08-01 06:15,6993963
2025-08-01 06:30,6993963
2025-08-01 06:45,6994000
2025-08-01 07:00,6994000
2025-08-01 07:15,6994090
2025-08-01 07:30,6994146
2025-08-01 07:45,6994156
2025-08-01 08:00,6994156
2025-08-01 08:15,6994156
2025-08-01 08:30,6994276
2025-08-01 08:45,6994740
2025-08-01 09:00,6994766
2025-08-01 09:15,6994766
2025-08-01 09:30,6994766
2025-08-01 09:45,6994766
2025-08-01 10:00,6994766
2025-08-01 10:15,6994766
2025-08-01 10:30,6994880
2025-08-01 10:45,6994950
2025-08-01 11:00,6994950
2025-08-01 11:15,6994966
2025-08-01 11:30,6994993
2025-08-01 11:45,6995050
2025-08-01 12:00,6995150
2025-08-01 12:15,6995150
2025-08-01 12:30,6995180
2025-08-01 12:45,6995180
2025-08-01 13:00,6995180
2025-08-01 13:15,6995216
2025-08-01 13:30,6995216
2025-08-01 13:45,6995216
2025-08-01 14:00,6995216
2025-08-01 14:15,6995220
2025-08-01 14:30,6995290
2025-08-01 14:45,6995296
2025-08-01 15:00,6995296
2025-08-01 15:15,6995296
2025-08-01 15:30,6995370
2025-08-01 15:45,6995460
2025-08-01 16:00,6995516
2025-08-01 16:15,6995516
2025-08-01 16:30,6995516
2025-08-01 16:45,6995516
2025-08-01 17:00,6995516
2025-08-01 17:15,6995516
2025-08-01 17:30,6995516
2025-08-01 17:45,6995543
2025-08-01 18:00,6995543
2025-08-01 18:15,6995543
2025-08-01 18:30,6995543
2025-08-01 18:45,6995613
2025-08-01 19:00,6995613
2025-08-01 19:15,6995630
2025-08-01 19:30,6995810
2025-08-01 19:45,6995810
2025-08-01 20:00,6995980
2025-08-01 20:15,6996020
2025-08-01 20:30,6996070
2025-08-01 20:45,6996070
2025-08-01 21:00,6996070
2025-08-01 21:15,6996073
2025-08-01 21:30,6996076
2025-08-01 21:45,6996090
2025-08-01 22:00,6996106
2025-08-01 22:15,6996110
2025-08-01 22:30,6996110
2025-08-01 22:45,6996150
2025-08-01 23:00,6996213
2025-08-01 23:15,6996283
2025-08-01 23:30,6996283
2025-08-01 23:45,6996286
2025-08-02 00:00,6996336
2025-08-02 00:15,6996336
2025-08-02 00:30,6996336
2025-08-02 00:45,6996336
2025-08-02 01:00,6996336
2025-08-02 01:15,6996336
2025-08-02 01:30,6996410
2025-08-02 01:45,6996410
2025-08-02 02:00,6996410
2025-08-02 02:15,6996413
2025-08-02 02:30,6996450
2025-08-02 02:45,6996450
2025-08-02 03:00,6996450
2025-08-02 03:15,6996450
2025-08-02 03:30,6996450
2025-08-02 03:45,6996450
2025-08-02 04:00,6996450
2025-08-02 04:15,6996450
2025-08-02 04:30,6996450
2025-08-02 04:45,6996490
2025-08-02 05:00,6996490
2025-08-02 05:15,6996490
2025-08-02 05:30,6996490
2025-08-02 05:45,6996490
2025-08-02 06:00,6996490
2025-08-02 06:15,6996490
2025-08-02 06:30,6996490
2025-08-02 06:45,6996596
2025-08-02 07:00,6996596
2025-08-02 07:15,6996600
2025-08-02 07:30,6996600
2025-08-02 07:45,6996656
2025-08-02 08:00,6996660
2025-08-02 08:15,6996720
2025-08-02 08:30,6996723
2025-08-02 08:45,6996826
2025-08-02 09:00,6996830
2025-08-02 09:15,6997123
2025-08-02 09:30,6997570
2025-08-02 09:45,6997580
2025-08-02 10:00,6998340
2025-08-02 10:15,6998396
2025-08-02 10:30,6998470
2025-08-02 10:45,6998500
2025-08-02 11:00,6998500
2025-08-02 11:15,6998600
2025-08-02 11:30,6999776
2025-08-02 11:45,7000443
2025-08-02 12:00,7000466
2025-08-02 12:15,7000526
2025-08-02 12:30,7000540
2025-08-02 12:45,7000666
2025-08-02 13:00,7000760
2025-08-02 13:15,7000793
2025-08-02 13:30,7000863
2025-08-02 13:45,7000890
2025-08-02 14:00,7000910
2025-08-02 14:15,7001113
2025-08-02 14:30,7001173
2025-08-02 14:45,7001276
2025-08-02 15:00,7001290
2025-08-02 15:15,7001290
2025-08-02 15:30,7001320
2025-08-02 15:45,7001320
2025-08-02 16:00,7001320
2025-08-02 16:15,7001320
2025-08-02 16:30,7001320
2025-08-02 16:45,7001320
2025-08-02 17:00,7001320
2025-08-02 17:15,7001320
2025-08-02 17:30,7001320
2025-08-02 17:45,7001320
2025-08-02 18:00,7001550
2025-08-02 18:15,7001550
2025-08-02 18:30,7001550
2025-08-02 18:45,7001560
2025-08-02 19:00,7001600
2025-08-02 19:15,7002080
2025-08-02 19:30,7002200
2025-08-02 19:45,7002340
2025-08-02 20:00,7002350
2025-08-02 20:15,7002396
2025-08-02 20:30,7002410
2025-08-02 20:45,7002446
2025-08-02 21:00,7002450
2025-08-02 21:15,7002486
2025-08-02 21:30,7002520
2025-08-02 21:45,7002520
2025-08-02 22:00,7002553
2025-08-02 22:15,7002553
2025-08-02 22:30,7002553
2025-08-02 22:45,7002590
2025-08-02 23:00,7002633
2025-08-02 23:15,7002633
2025-08-02 23:30,7002670
2025-08-02 23:45,7002670
2025-08-03 00:00,7002740
2025-08-03 00:15,7002753
2025-08-03 00:30,7002886
2025-08-03 00:45,7002886
2025-08-03 01:00,7002886
2025-08-03 01:15,7002893
2025-08-03 01:30,7002946
2025-08-03 01:45,7002946
2025-08-03 02:00,7002950
2025-08-03 02:15,7002950
2025-08-03 02:30,7002950
2025-08-03 02:45,7002950
2025-08-03 03:00,7002950
2025-08-03 03:15,7002950
2025-08-03 03:30,7002950
2025-08-03 03:45,7002950
2025-08-03 04:00,7002950
2025-08-03 04:15,7002950
2025-08-03 04:30,7002950
2025-08-03 04:45,7002950
2025-08-03 05:00,7003023
2025-08-03 05:15,7003023
2025-08-03 05:30,7003023
2025-08-03 05:45,7003023
2025-08-03 06:00,7003023
2025-08-03 06:15,7003023
2025-08-03 06:30,7003023
2025-08-03 06:45,7003023
2025-08-03 07:00,7003023
2025-08-03 07:15,7003023
2025-08-03 07:30,7003060
2025-08-03 07:45,7003100
2025-08-03 08:00,7003163
2025-08-03 08:15,7003163
2025-08-03 08:30,7003163
2025-08-03 08:45,7003166
2025-08-03 09:00,7003166
2025-08-03 09:15,7003203
2025-08-03 09:30,7003680
2025-08-03 09:45,7003786
2025-08-03 10:00,7003853
2025-08-03 10:15,7003896
2025-08-03 10:30,7003983
2025-08-03 10:45,7003990
2025-08-03 11:00,7004046
2025-08-03 11:15,7004260
2025-08-03 11:30,7004720
2025-08-03 11:45,7004753
2025-08-03 12:00,7004793
2025-08-03 12:15,7004880
2025-08-03 12:30,7004893
2025-08-03 12:45,7004916
2025-08-03 13:00,7005156
2025-08-03 13:15,7005230
2025-08-03 13:30,7005263
2025-08-03 13:45,7005340
2025-08-03 14:00,7005353
2025-08-03 14:15,7005353
2025-08-03 14:30,7005733
2025-08-03 14:45,7005763
2025-08-03 15:00,7005860
2025-08-03 15:15,7005976
2025-08-03 15:30,7005980
2025-08-03 15:45,7005993
2025-08-03 16:00,7005993
2025-08-03 16:15,7005993
2025-08-03 16:30,7005993
2025-08-03 16:45,7005993
2025-08-03 17:00,7006070
2025-08-03 17:15,7006070
2025-08-03 17:30,7006090
2025-08-03 17:45,7006160
2025-08-03 18:00,7006166
2025-08-03 18:15,7007500
2025-08-03 18:30,7007553
2025-08-03 18:45,7007730
2025-08-03 19:00,7007810
2025-08-03 19:15,7008010
2025-08-03 19:30,7008216
2025-08-03 19:45,7008463
2025-08-03 20:00,7009370
2025-08-03 20:15,7009500
2025-08-03 20:30,7009506
2025-08-03 20:45,7009586
2025-08-03 21:00,7009680
2025-08-03 21:15,7009743
2025-08-03 21:30,7009810
2025-08-03 21:45,7010400
2025-08-03 22:00,7012083
2025-08-03 22:15,7012236
2025-08-03 22:30,7012306
2025-08-03 22:45,7012410
2025-08-03 23:00,7012553
2025-08-03 23:15,7012556
2025-08-03 23:30,7012560
2025-08-03 23:45,7012560
2025-08-04 00:00,7012570
2025-08-04 00:15,7012630
2025-08-04 00:30,7012630
2025-08-04 00:45,7012633
2025-08-04 01:00,7012636
2025-08-04 01:15,7012636
2025-08-04 01:30,7012640
2025-08-04 01:45,7012640
2025-08-04 02:00,7012680
2025-08-04 02:15,7012680
2025-08-04 02:30,7012680
2025-08-04 02:45,7012680
2025-08-04 03:00,7012680
2025-08-04 03:15,7012680
2025-08-04 03:30,7012720
2025-08-04 03:45,7012723
2025-08-04 04:00,7012763
2025-08-04 04:15,7012763
2025-08-04 04:30,7012763
2025-08-04 04:45,7012763
2025-08-04 05:00,7012763
2025-08-04 05:15,7012763
2025-08-04 05:30,7012836
2025-08-04 05:45,7012836
2025-08-04 06:00,7012836
2025-08-04 06:15,7012836
2025-08-04 06:30,7012836
2025-08-04 06:45,7012836
2025-08-04 07:00,7012836
2025-08-04 07:15,7012836
2025-08-04 07:30,7012836
2025-08-04 07:45,7012936
2025-08-04 08:00,7012956
2025-08-04 08:15,7013080
2025-08-04 08:30,7013246
2025-08-04 08:45,7013623
2025-08-04 09:00,7013736
2025-08-04 09:15,7013740
2025-08-04 09:30,7013753
2025-08-04 09:45,7013870
2025-08-04 10:00,7013870
2025-08-04 10:15,7013883
2025-08-04 10:30,7013920
2025-08-04 10:45,7013936
2025-08-04 11:00,7013940
2025-08-04 11:15,7014000
2025-08-04 11:30,7014010
2025-08-04 11:45,7014103
2025-08-04 12:00,7014106
2025-08-04 12:15,7014216
2025-08-04 12:30,7014216
2025-08-04 12:45,7014220
2025-08-04 13:00,7014220
2025-08-04 13:15,7014223
2025-08-04 13:30,7014223
2025-08-04 13:45,7014303
2025-08-04 14:00,7014403
2025-08-04 14:15,7014536
2025-08-04 14:30,7014606
2025-08-04 14:45,7014606
2025-08-04 15:00,7014620
2025-08-04 15:15,7014720
2025-08-04 15:30,7015233
2025-08-04 15:45,7015250
2025-08-04 16:00,7015396
2025-08-04 16:15,7015516
2025-08-04 16:30,7015603
2025-08-04 16:45,7015610
2025-08-04 17:00,7015673
2025-08-04 17:15,7015686
2025-08-04 17:30,7015686
2025-08-04 17:45,7015686
2025-08-04 18:00,7015830
2025-08-04 18:15,7015986
2025-08-04 18:30,7016013
2025-08-04 18:45,7016026
2025-08-04 19:00,7016030
2025-08-04 19:15,7016030
2025-08-04 19:30,7016040
2025-08-04 19:45,7016453
2025-08-04 20:00,7016456
2025-08-04 20:15,7016496
2025-08-04 20:30,7016500
2025-08-04 20:45,7016570
2025-08-04 21:00,7016576
2025-08-04 21:15,7016580
2025-08-04 21:30,7016580
2025-08-04 21:45,7016800
2025-08-04 22:00,7017023
2025-08-04 22:15,7017140
2025-08-04 22:30,7017200
2025-08-04 22:45,7017323
2025-08-04 23:00,7017333
2025-08-04 23:15,7017333
2025-08-04 23:30,7017333
2025-08-04 23:45,7017430
2025-08-05 00:00,7017453
2025-08-05 00:15,7017453
2025-08-05 00:30,7017493
2025-08-05 00:45,7017493
2025-08-05 01:00,7017530
2025-08-05 01:15,7017530
2025-08-05 01:30,7017530
2025-08-05 01:45,7017566
2025-08-05 02:00,7017566
2025-08-05 02:15,7017566
2025-08-05 02:30,7017566
2025-08-05 02:45,7017566
2025-08-05 03:00,7017566
2025-08-05 03:15,7017566
2025-08-05 03:30,7017566
2025-08-05 03:45,7017566
2025-08-05 04:00,7017606
2025-08-05 04:15,7017606
2025-08-05 04:30,7017606
2025-08-05 04:45,7017606
2025-08-05 05:00,7017606
2025-08-05 05:15,7017643
2025-08-05 05:30,7017716
2025-08-05 05:45,7017716
2025-08-05 06:00,7017720
2025-08-05 06:15,7017720
2025-08-05 06:30,7017720
2025-08-05 06:45,7017720
2025-08-05 07:00,7017720
2025-08-05 07:15,7017720
2025-08-05 07:30,7017800
2025-08-05 07:45,7017800
2025-08-05 08:00,7017800
2025-08-05 08:15,7017883
2025-08-05 08:30,7018003
2025-08-05 08:45,7018500
2025-08-05 09:00,7018540
2025-08-05 09:15,7018610
2025-08-05 09:30,7018610
2025-08-05 09:45,7018703
2025-08-05 10:00,7018703
2025-08-05 10:15,7019123
2025-08-05 10:30,7019906
2025-08-05 10:45,7020590
2025-08-05 11:00,7021240
2025-08-05 11:15,7021910
2025-08-05 11:30,7022560
2025-08-05 11:45,7023226
2025-08-05 12:00,7023260
2025-08-05 12:15,7023270
2025-08-05 12:30,7023276
2025-08-05 12:45,7023286
2025-08-05 13:00,7023376
2025-08-05 13:15,7023380
2025-08-05 13:30,7023470
2025-08-05 13:45,7023493
2025-08-05 14:00,7023540
2025-08-05 14:15,7023610
2025-08-05 14:30,7024206
2025-08-05 14:45,7024216
2025-08-05 15:00,7024363
2025-08-05 15:15,7024370
2025-08-05 15:30,7024476
2025-08-05 15:45,7024486
2025-08-05 16:00,7024496
2025-08-05 16:15,7024683
2025-08-05 16:30,7024886
2025-08-05 16:45,7024976
2025-08-05 17:00,7024990
2025-08-05 17:15,7025130
2025-08-05 17:30,7025193
2025-08-05 17:45,7025206
2025-08-05 18:00,7025273
2025-08-05 18:15,7025290
2025-08-05 18:30,7025346
2025-08-05 18:45,7025413
2025-08-05 19:00,7025430
2025-08-05 19:15,7025490
2025-08-05 19:30,7025640
2025-08-05 19:45,7025780
2025-08-05 20:00,7025970
2025-08-05 20:15,7026016
2025-08-05 20:30,7026016
2025-08-05 20:45,7026020
2025-08-05 21:00,7026080
2025-08-05 21:15,7026120
2025-08-05 21:30,7026200
2025-08-05 21:45,7026270
2025-08-05 22:00,7026510
2025-08-05 22:15,7026546
2025-08-05 22:30,7026606
2025-08-05 22:45,7026656
2025-08-05 23:00,7026656
2025-08-05 23:15,7026710
2025-08-05 23:30,7026773
2025-08-05 23:45,7026863
2025-08-06 00:00,7026926
2025-08-06 00:15,7026970
2025-08-06 00:30,7026970
2025-08-06 00:45,7026976
2025-08-06 01:00,7027030
2025-08-06 01:15,7027030
2025-08-06 01:30,7027030
2025-08-06 01:45,7027030
2025-08-06 02:00,7027030
2025-08-06 02:15,7027030
2025-08-06 02:30,7027030
2025-08-06 02:45,7027070
2025-08-06 03:00,7027070
2025-08-06 03:15,7027070
2025-08-06 03:30,7027070
2025-08-06 03:45,7027106
2025-08-06 04:00,7027106
2025-08-06 04:15,7027106
2025-08-06 04:30,7027106
2025-08-06 04:45,7027106
2025-08-06 05:00,7027146
2025-08-06 05:15,7027146
2025-08-06 05:30,7027146
2025-08-06 05:45,7027146
2025-08-06 06:00,7027146
2025-08-06 06:15,7027146
2025-08-06 06:30,7027146
2025-08-06 06:45,7027146
2025-08-06 07:00,7027146
2025-08-06 07:15,7027146
2025-08-06 07:30,7027146
2025-08-06 07:45,7027590
2025-08-06 08:00,7027640
2025-08-06 08:15,7027643
2025-08-06 08:30,7027706
2025-08-06 08:45,7027760
2025-08-06 09:00,7029720
2025-08-06 09:15,7030033
2025-08-06 09:30,7030056
2025-08-06 09:45,7030346
2025-08-06 10:00,7030570
2025-08-06 10:15,7030570
2025-08-06 10:30,7030570
2025-08-06 10:45,7030596
2025-08-06 11:00,7030596
2025-08-06 11:15,7030600
2025-08-06 11:30,7030750
2025-08-06 11:45,7030903
2025-08-06 12:00,7030906
2025-08-06 12:15,7030920
2025-08-06 12:30,7030923
2025-08-06 12:45,7030986
2025-08-06 13:00,7031016
2025-08-06 13:15,7031020
2025-08-06 13:30,7031040
2025-08-06 13:45,7031046
2025-08-06 14:00,7031046
2025-08-06 14:15,7031086
2025-08-06 14:30,7031240
2025-08-06 14:45,7031240
2025-08-06 15:00,7031306
2025-08-06 15:15,7031410
2025-08-06 15:30,7031423
2025-08-06 15:45,7031423
2025-08-06 16:00,7031423
2025-08-06 16:15,7031443
2025-08-06 16:30,7031456
2025-08-06 16:45,7031670
2025-08-06 17:00,7031686
2025-08-06 17:15,7031700
2025-08-06 17:30,7031903
2025-08-06 17:45,7031930
2025-08-06 18:00,7032010
2025-08-06 18:15,7032010
2025-08-06 18:30,7032100
2025-08-06 18:45,7032296
2025-08-06 19:00,7032360
2025-08-06 19:15,7032713
2025-08-06 19:30,7032756
2025-08-06 19:45,7032810
2025-08-06 20:00,7032810
2025-08-06 20:15,7032923
2025-08-06 20:30,7032970
2025-08-06 20:45,7033206
2025-08-06 21:00,7033216
2025-08-06 21:15,7033406
2025-08-06 21:30,7033613
2025-08-06 21:45,7033620
2025-08-06 22:00,7033660
2025-08-06 22:15,7033986
2025-08-06 22:30,7033986
2025-08-06 22:45,7034063
2025-08-06 23:00,7034166
2025-08-06 23:15,7034286
2025-08-06 23:30,7034286
2025-08-06 23:45,7034286
2025-08-07 00:00,7034286
2025-08-07 00:15,7034286
2025-08-07 00:30,7034383
2025-08-07 00:45,7034503
2025-08-07 01:00,7034503
2025-08-07 01:15,7034503
2025-08-07 01:30,7034503
2025-08-07 01:45,7034503
2025-08-07 02:00,7034573
2025-08-07 02:15,7034613
2025-08-07 02:30,7034613
2025-08-07 02:45,7034613
2025-08-07 03:00,7034613
2025-08-07 03:15,7034613
2025-08-07 03:30,7034613
2025-08-07 03:45,7034613
2025-08-07 04:00,7034613
2025-08-07 04:15,7034686
2025-08-07 04:30,7034756
2025-08-07 04:45,7034756
2025-08-07 05:00,7034756
2025-08-07 05:15,7034756
2025-08-07 05:30,7034756
2025-08-07 05:45,7034756
2025-08-07 06:00,7034756
2025-08-07 06:15,7034756
2025-08-07 06:30,7034756
2025-08-07 06:45,7034756
2025-08-07 07:00,7034756
2025-08-07 07:15,7034756
2025-08-07 07:30,7034756
2025-08-07 07:45,7034756
2025-08-07 08:00,7034820
2025-08-07 08:15,7034920
2025-08-07 08:30,7034923
2025-08-07 08:45,7035876
2025-08-07 09:00,7036036
2025-08-07 09:15,7036773
2025-08-07 09:30,7036893
2025-08-07 09:45,7036983
2025-08-07 10:00,7037083
2025-08-07 10:15,7037163
2025-08-07 10:30,7037166
2025-08-07 10:45,7037170
2025-08-07 11:00,7037190
2025-08-07 11:15,7037226
2025-08-07 11:30,7037260
2025-08-07 11:45,7037260
2025-08-07 12:00,7037260
2025-08-07 12:15,7037260
2025-08-07 12:30,7037330
2025-08-07 12:45,7037413
2025-08-07 13:00,7037420
2025-08-07 13:15,7037420
2025-08-07 13:30,7037470
2025-08-07 13:45,7037516
2025-08-07 14:00,7037583
2025-08-07 14:15,7037833
2025-08-07 14:30,7037913
2025-08-07 14:45,7037920
2025-08-07 15:00,7037920
2025-08-07 15:15,7037920
2025-08-07 15:30,7037920
2025-08-07 15:45,7037920
2025-08-07 16:00,7037920
2025-08-07 16:15,7037920
2025-08-07 16:30,7037920
2025-08-07 16:45,7037920
2025-08-07 17:00,7037920
2025-08-07 17:15,7037920
2025-08-07 17:30,7037920
2025-08-07 17:45,7037920
2025-08-07 18:00,7037923
2025-08-07 18:15,7037923
2025-08-07 18:30,7037923
2025-08-07 18:45,7037923
2025-08-07 19:00,7037923
2025-08-07 19:15,7037923
2025-08-07 19:30,7037933
2025-08-07 19:45,7038290
2025-08-07 20:00,7038680
2025-08-07 20:15,7039403
2025-08-07 20:30,7039500
2025-08-07 20:45,7039560
2025-08-07 21:00,7039563
2025-08-07 21:15,7039566
2025-08-07 21:30,7039693
2025-08-07 21:45,7039733
2025-08-07 22:00,7039740
2025-08-07 22:15,7039740
2025-08-07 22:30,7039920
2025-08-07 22:45,7040450
2025-08-07 23:00,7042006
2025-08-07 23:15,7042320
2025-08-07 23:30,7042350
2025-08-07 23:45,7042350
2025-08-08 00:00,7042386
2025-08-08 00:15,7042386
2025-08-08 00:30,7042386
2025-08-08 00:45,7042386
2025-08-08 01:00,7042386
2025-08-08 01:15,7042386
2025-08-08 01:30,7042386
2025-08-08 01:45,7042390
2025-08-08 02:00,7042423
2025-08-08 02:15,7042423
2025-08-08 02:30,7042423
2025-08-08 02:45,7042423
2025-08-08 03:00,7042423
2025-08-08 03:15,7042423
2025-08-08 03:30,7042423
2025-08-08 03:45,7042463
2025-08-08 04:00,7042463
2025-08-08 04:15,7042463
2025-08-08 04:30,7042463
2025-08-08 04:45,7042463
2025-08-08 05:00,7042463
2025-08-08 05:15,7042463
2025-08-08 05:30,7042463
2025-08-08 05:45,7042463
2025-08-08 06:00,7042463
2025-08-08 06:15,7042463
2025-08-08 06:30,7042463
2025-08-08 06:45,7042536
2025-08-08 07:00,7042536
2025-08-08 07:15,7042676
2025-08-08 07:30,7042736
2025-08-08 07:45,7042736
2025-08-08 08:00,7042740
2025-08-08 08:15,7042776
2025-08-08 08:30,7042863
2025-08-08 08:45,7043213
2025-08-08 09:00,7043450
2025-08-08 09:15,7043463
2025-08-08 09:30,7043470
2025-08-08 09:45,7043506
2025-08-08 10:00,7044746
2025-08-08 10:15,7045023
2025-08-08 10:30,7045063
2025-08-08 10:45,7045300
2025-08-08 11:00,7045490
2025-08-08 11:15,7045613
2025-08-08 11:30,7045790
2025-08-08 11:45,7045883
2025-08-08 12:00,7045900
2025-08-08 12:15,7045936
2025-08-08 12:30,7045983
2025-08-08 12:45,7046226
2025-08-08 13:00,7046320
2025-08-08 13:15,7046383
2025-08-08 13:30,7046470
2025-08-08 13:45,7046473
2025-08-08 14:00,7046553
2025-08-08 14:15,7046586
2025-08-08 14:30,7046750
2025-08-08 14:45,7046970
2025-08-08 15:00,7047030
2025-08-08 15:15,7047230
2025-08-08 15:30,7047270
2025-08-08 15:45,7047270
2025-08-08 16:00,7047390
2025-08-08 16:15,7047390
2025-08-08 16:30,7047470
2025-08-08 16:45,7047473
2025-08-08 17:00,7047473
2025-08-08 17:15,7047473
2025-08-08 17:30,7047536
2025-08-08 17:45,7047736
2025-08-08 18:00,7047736
2025-08-08 18:15,7047736
2025-08-08 18:30,7047776
2025-08-08 18:45,7047796
2025-08-08 19:00,7047866
2025-08-08 19:15,7047866
2025-08-08 19:30,7047876
2025-08-08 19:45,7047876
2025-08-08 20:00,7047920
2025-08-08 20:15,7047956
2025-08-08 20:30,7048190
2025-08-08 20:45,7048286
2025-08-08 21:00,7048286
2025-08-08 21:15,7048310
2025-08-08 21:30,7048310
2025-08-08 21:45,7048310
2025-08-08 22:00,7048310
2025-08-08 22:15,7048310
2025-08-08 22:30,7048850
2025-08-08 22:45,7048906
2025-08-08 23:00,7048906
2025-08-08 23:15,7048906
2025-08-08 23:30,7048906
2025-08-08 23:45,7048916
2025-08-09 00:00,7048960
2025-08-09 00:15,7048960
2025-08-09 00:30,7048960
2025-08-09 00:45,7048960
2025-08-09 01:00,7048960
2025-08-09 01:15,7048960
2025-08-09 01:30,7048960
2025-08-09 01:45,7048960
2025-08-09 02:00,7048963
2025-08-09 02:15,7049000
2025-08-09 02:30,7049000
2025-08-09 02:45,7049036
2025-08-09 03:00,7049036
2025-08-09 03:15,7049036
2025-08-09 03:30,7049036
2025-08-09 03:45,7049040
2025-08-09 04:00,7049040
2025-08-09 04:15,7049040
2025-08-09 04:30,7049040
2025-08-09 04:45,7049040
2025-08-09 05:00,7049040
2025-08-09 05:15,7049040
2025-08-09 05:30,7049040
2025-08-09 05:45,7049040
2025-08-09 06:00,7049040
2025-08-09 06:15,7049040
2025-08-09 06:30,7049040
2025-08-09 06:45,7049040
2025-08-09 07:00,7049040
2025-08-09 07:15,7049040
2025-08-09 07:30,7049040
2025-08-09 07:45,7049130
2025-08-09 08:00,7049130
2025-08-09 08:15,7049130
2025-08-09 08:30,7049130
2025-08-09 08:45,7049133
2025-08-09 09:00,7049540
2025-08-09 09:15,7049556
2025-08-09 09:30,7049593
2025-08-09 09:45,7049593
2025-08-09 10:00,7049660
2025-08-09 10:15,7049660
2025-08-09 10:30,7049676
2025-08-09 10:45,7049690
2025-08-09 11:00,7049703
2025-08-09 11:15,7049843
2025-08-09 11:30,7049970
2025-08-09 11:45,7050026
2025-08-09 12:00,7050170
2025-08-09 12:15,7050273
2025-08-09 12:30,7050273
2025-08-09 12:45,7050273
2025-08-09 13:00,7050273
2025-08-09 13:15,7050276
2025-08-09 13:30,7050276
2025-08-09 13:45,7050276
2025-08-09 14:00,7050276
2025-08-09 14:15,7050276
2025-08-09 14:30,7050276
2025-08-09 14:45,7050276
2025-08-09 15:00,7050276
2025-08-09 15:15,7050276
2025-08-09 15:30,7050276
2025-08-09 15:45,7050280
2025-08-09 16:00,7050280
2025-08-09 16:15,7050280
2025-08-09 16:30,7050280
2025-08-09 16:45,7050280
2025-08-09 17:00,7050280
2025-08-09 17:15,7050280
2025-08-09 17:30,7050280
2025-08-09 17:45,7050280
2025-08-09 18:00,7050280
2025-08-09 18:15,7050280
2025-08-09 18:30,7050353
2025-08-09 18:45,7050430
2025-08-09 19:00,7050506
2025-08-09 19:15,7050506
2025-08-09 19:30,7050510
2025-08-09 19:45,7051110
2025-08-09 20:00,7051270
2025-08-09 20:15,7051340
2025-08-09 20:30,7051456
2025-08-09 20:45,7051526
2025-08-09 21:00,7051613
2025-08-09 21:15,7051746
2025-08-09 21:30,7051980
2025-08-09 21:45,7051980
2025-08-09 22:00,7052010
2025-08-09 22:15,7052443
2025-08-09 22:30,7052496
2025-08-09 22:45,7052570
2025-08-09 23:00,7052590
2025-08-09 23:15,7052590
2025-08-09 23:30,7052640
2025-08-09 23:45,7052640
2025-08-10 00:00,7052640
2025-08-10 00:15,7052640
2025-08-10 00:30,7052640
2025-08-10 00:45,7052640
2025-08-10 01:00,7052680
2025-08-10 01:15,7052680
2025-08-10 01:30,7052720
2025-08-10 01:45,7052720
2025-08-10 02:00,7052720
2025-08-10 02:15,7052720
2025-08-10 02:30,7052760
2025-08-10 02:45,7052760
2025-08-10 03:00,7052760
2025-08-10 03:15,7052760
2025-08-10 03:30,7052760
2025-08-10 03:45,7052760
2025-08-10 04:00,7052800
2025-08-10 04:15,7052800
2025-08-10 04:30,7052800
2025-08-10 04:45,7052800
2025-08-10 05:00,7052800
2025-08-10 05:15,7052800
2025-08-10 05:30,7052800
2025-08-10 05:45,7052800
2025-08-10 06:00,7052800
2025-08-10 06:15,7052833
2025-08-10 06:30,7052833
2025-08-10 06:45,7052833
2025-08-10 07:00,7052833
2025-08-10 07:15,7052833
2025-08-10 07:30,7052936
2025-08-10 07:45,7052936
2025-08-10 08:00,7052936
2025-08-10 08:15,7052936
2025-08-10 08:30,7052936
2025-08-10 08:45,7052936
2025-08-10 09:00,7052936
2025-08-10 09:15,7053400
2025-08-10 09:30,7053420
2025-08-10 09:45,7053440
2025-08-10 10:00,7053443
2025-08-10 10:15,7053516
2025-08-10 10:30,7053606
2025-08-10 10:45,7053610
2025-08-10 11:00,7053610
2025-08-10 11:15,7053693
2025-08-10 11:30,7053776
2025-08-10 11:45,7053943
2025-08-10 12:00,7054133
2025-08-10 12:15,7054370
2025-08-10 12:30,7054500
2025-08-10 12:45,7054623
2025-08-10 13:00,7054743
2025-08-10 13:15,7054746
2025-08-10 13:30,7054780
2025-08-10 13:45,7054806
2025-08-10 14:00,7054876
2025-08-10 14:15,7054876
2025-08-10 14:30,7054936
2025-08-10 14:45,7054983
2025-08-10 15:00,7054983
2025-08-10 15:15,7055033
2025-08-10 15:30,7055153
2025-08-10 15:45,7055196
2025-08-10 16:00,7055196
2025-08-10 16:15,7055196
2025-08-10 16:30,7055263
2025-08-10 16:45,7055300
2025-08-10 17:00,7055300
2025-08-10 17:15,7055300
2025-08-10 17:30,7055340
2025-08-10 17:45,7055346
2025-08-10 18:00,7055346
2025-08-10 18:15,7055350
2025-08-10 18:30,7055383
2025-08-10 18:45,7055383
2025-08-10 19:00,7055383
2025-08-10 19:15,7055456
2025-08-10 19:30,7055480
2025-08-10 19:45,7055493
2025-08-10 20:00,7055493
2025-08-10 20:15,7055493
2025-08-10 20:30,7055496
2025-08-10 20:45,7055496
2025-08-10 21:00,7055496
2025-08-10 21:15,7055536
2025-08-10 21:30,7055553
2025-08-10 21:45,7055560
2025-08-10 22:00,7055560
2025-08-10 22:15,7055616
2025-08-10 22:30,7055620
2025-08-10 22:45,7055660
2025-08-10 23:00,7055780
2025-08-10 23:15,7055780
2025-08-10 23:30,7055783
2025-08-10 23:45,7055783
2025-08-11 00:00,7055783
2025-08-11 00:15,7055856
2025-08-11 00:30,7055856
2025-08-11 00:45,7055856
2025-08-11 01:00,7055856
2025-08-11 01:15,7055896
2025-08-11 01:30,7055896
2025-08-11 01:45,7055896
2025-08-11 02:00,7055896
2025-08-11 02:15,7055896
2025-08-11 02:30,7055896
2025-08-11 02:45,7055896
2025-08-11 03:00,7055933
2025-08-11 03:15,7055933
2025-08-11 03:30,7055933
2025-08-11 03:45,7055933
2025-08-11 04:00,7055933
2025-08-11 04:15,7055933
2025-08-11 04:30,7055933
2025-08-11 04:45,7055933
2025-08-11 05:00,7055933
2025-08-11 05:15,7055973
2025-08-11 05:30,7055973
2025-08-11 05:45,7055973
2025-08-11 06:00,7055973
2025-08-11 06:15,7055973
2025-08-11 06:30,7055973
2025-08-11 06:45,7056013
2025-08-11 07:00,7056100
2025-08-11 07:15,7056123
2025-08-11 07:30,7056123
2025-08-11 07:45,7056123
2025-08-11 08:00,7056123
2025-08-11 08:15,7056123
2025-08-11 08:30,7056160
2025-08-11 08:45,7056693
2025-08-11 09:00,7056693
2025-08-11 09:15,7056693
2025-08-11 09:30,7056703
2025-08-11 09:45,7056703
2025-08-11 10:00,7056706
2025-08-11 10:15,7056740
2025-08-11 10:30,7056776
2025-08-11 10:45,7056783
2025-08-11 11:00,7056786
2025-08-11 11:15,7056786
2025-08-11 11:30,7056786
2025-08-11 11:45,7056786
2025-08-11 12:00,7056786
2025-08-11 12:15,7056786
2025-08-11 12:30,7056830
2025-08-11 12:45,7056830
2025-08-11 13:00,7056840
2025-08-11 13:15,7056883
2025-08-11 13:30,7056883
2025-08-11 13:45,7056883
2025-08-11 14:00,7056883
2025-08-11 14:15,7056883
2025-08-11 14:30,7056883
2025-08-11 14:45,7056883
2025-08-11 15:00,7056946
2025-08-11 15:15,7057016
2025-08-11 15:30,7057016
2025-08-11 15:45,7057020
2025-08-11 16:00,7057020
2025-08-11 16:15,7057066
2025-08-11 16:30,7057193
2025-08-11 16:45,7057193
2025-08-11 17:00,7057223
2025-08-11 17:15,7057223
2025-08-11 17:30,7057256
2025-08-11 17:45,7057260
2025-08-11 18:00,7057260
2025-08-11 18:15,7057293
2025-08-11 18:30,7057296
2025-08-11 18:45,7057296
2025-08-11 19:00,7057296
2025-08-11 19:15,7057676
2025-08-11 19:30,7057680
2025-08-11 19:45,7057680
2025-08-11 20:00,7057680
2025-08-11 20:15,7057680
2025-08-11 20:30,7057680
2025-08-11 20:45,7057680
2025-08-11 21:00,7057710
2025-08-11 21:15,7057750
2025-08-11 21:30,7057760
2025-08-11 21:45,7057900
2025-08-11 22:00,7057900
2025-08-11 22:15,7057900
2025-08-11 22:30,7057916
2025-08-11 22:45,7057943
2025-08-11 23:00,7057943
2025-08-11 23:15,7057976
2025-08-11 23:30,7058020
2025-08-11 23:45,7058050
2025-08-12 00:00,7058050
2025-08-12 00:15,7058106
2025-08-12 00:30,7058120
2025-08-12 00:45,7058123
2025-08-12 01:00,7058186
2025-08-12 01:15,7058186
2025-08-12 01:30,7058186
2025-08-12 01:45,7058186
2025-08-12 02:00,7058186
2025-08-12 02:15,7058220
2025-08-12 02:30,7058220
2025-08-12 02:45,7058220
2025-08-12 03:00,7058223
2025-08-12 03:15,7058260
2025-08-12 03:30,7058260
2025-08-12 03:45,7058260
2025-08-12 04:00,7058260
2025-08-12 04:15,7058260
2025-08-12 04:30,7058260
2025-08-12 04:45,7058260
2025-08-12 05:00,7058300
2025-08-12 05:15,7058300
2025-08-12 05:30,7058300
2025-08-12 05:45,7058300
2025-08-12 06:00,7058336
2025-08-12 06:15,7058336
2025-08-12 06:30,7058336
2025-08-12 06:45,7058336
2025-08-12 07:00,7058373
2025-08-12 07:15,7058373
2025-08-12 07:30,7058373
2025-08-12 07:45,7058373
2025-08-12 08:00,7058373
2025-08-12 08:15,7058373
2025-08-12 08:30,7058373
2025-08-12 08:45,7058373
2025-08-12 09:00,7058373
2025-08-12 09:15,7058753
2025-08-12 09:30,7058753
2025-08-12 09:45,7058753
2025-08-12 10:00,7058790
2025-08-12 10:15,7058820
2025-08-12 10:30,7058820
2025-08-12 10:45,7058840
2025-08-12 11:00,7058840
2025-08-12 11:15,7058840
2025-08-12 11:30,7058840
2025-08-12 11:45,7058840
2025-08-12 12:00,7058883
2025-08-12 12:15,7058916
2025-08-12 12:30,7058916
2025-08-12 12:45,7059220
2025-08-12 13:00,7059220
2025-08-12 13:15,7059256
2025-08-12 13:30,7059256
2025-08-12 13:45,7059293
2025-08-12 14:00,7059293
2025-08-12 14:15,7059330
2025-08-12 14:30,7059330
2025-08-12 14:45,7059330
2025-08-12 15:00,7059366
2025-08-12 15:15,7059366
2025-08-12 15:30,7059366
2025-08-12 15:45,7059366
2025-08-12 16:00,7059366
2025-08-12 16:15,7059383
2025-08-12 16:30,7059426
2025-08-12 16:45,7059433
2025-08-12 17:00,7059433
2025-08-12 17:15,7059433
2025-08-12 17:30,7059436
2025-08-12 17:45,7059473
2025-08-12 18:00,7059520
2025-08-12 18:15,7059520
2025-08-12 18:30,7059520
2025-08-12 18:45,7059556
2025-08-12 19:00,7059556
2025-08-12 19:15,7059556
2025-08-12 19:30,7059556
2025-08-12 19:45,7059630
2025-08-12 20:00,7059630
2025-08-12 20:15,7059650
2025-08-12 20:30,7059666
2025-08-12 20:45,7059666
2025-08-12 21:00,7059666
2025-08-12 21:15,7059666
2025-08-12 21:30,7059713
2025-08-12 21:45,7059713
2025-08-12 22:00,7059766
2025-08-12 22:15,7059766
2025-08-12 22:30,7059766
2025-08-12 22:45,7059770
2025-08-12 23:00,7059770
2025-08-12 23:15,7059803
2025-08-12 23:30,7059803
2025-08-12 23:45,7059803
2025-08-13 00:00,7059803
2025-08-13 00:15,7059840
2025-08-13 00:30,7059840
2025-08-13 00:45,7059853
2025-08-13 01:00,7059853
2025-08-13 01:15,7059966
2025-08-13 01:30,7059966
2025-08-13 01:45,7059966
2025-08-13 02:00,7059966
2025-08-13 02:15,7059966
2025-08-13 02:30,7059966
2025-08-13 02:45,7059966
2025-08-13 03:00,7059966
2025-08-13 03:15,7059966
2025-08-13 03:30,7059966
2025-08-13 03:45,7060063
2025-08-13 04:00,7060063
2025-08-13 04:15,7060063
2025-08-13 04:30,7060063
2025-08-13 04:45,7060063
2025-08-13 05:00,7060063
2025-08-13 05:15,7060063
2025-08-13 05:30,7060063
2025-08-13 05:45,7060063
2025-08-13 06:00,7060063
2025-08-13 06:15,7060063
2025-08-13 06:30,7060066
2025-08-13 06:45,7060066
2025-08-13 07:00,7060066
2025-08-13 07:15,7060140
2025-08-13 07:30,7060140
2025-08-13 07:45,7060140
2025-08-13 08:00,7060140
2025-08-13 08:15,7060140
2025-08-13 08:30,7060140
2025-08-13 08:45,7060206
2025-08-13 09:00,7060600
2025-08-13 09:15,7060620
2025-08-13 09:30,7060776
2025-08-13 09:45,7060776
2025-08-13 10:00,7060780
2025-08-13 10:15,7060790
2025-08-13 10:30,7060836
2025-08-13 10:45,7060836
2025-08-13 11:00,7060840
2025-08-13 11:15,7060840
2025-08-13 11:30,7060840
2025-08-13 11:45,7060930
2025-08-13 12:00,7060940
2025-08-13 12:15,7061010
2025-08-13 12:30,7061050
2025-08-13 12:45,7061060
2025-08-13 13:00,7061060
2025-08-13 13:15,7061060
2025-08-13 13:30,7061060
2025-08-13 13:45,7061113
2025-08-13 14:00,7061116
2025-08-13 14:15,7061116
2025-08-13 14:30,7061116
2025-08-13 14:45,7061163
2025-08-13 15:00,7061190
2025-08-13 15:15,7061200
2025-08-13 15:30,7061220
2025-08-13 15:45,7061220
2025-08-13 16:00,7061290
2025-08-13 16:15,7061290
2025-08-13 16:30,7061306
2025-08-13 16:45,7061306
2025-08-13 17:00,7061310
2025-08-13 17:15,7061350
2025-08-13 17:30,7061350
2025-08-13 17:45,7061363
2025-08-13 18:00,7061363
2025-08-13 18:15,7061363
2025-08-13 18:30,7061363
2025-08-13 18:45,7061366
2025-08-13 19:00,7061400
2025-08-13 19:15,7061410
2025-08-13 19:30,7061410
2025-08-13 19:45,7061410
2025-08-13 20:00,7061410
2025-08-13 20:15,7061443
2025-08-13 20:30,7061443
2025-08-13 20:45,7061443
2025-08-13 21:00,7061483
2025-08-13 21:15,7061520
2025-08-13 21:30,7061520
2025-08-13 21:45,7061520
2025-08-13 22:00,7061520
2025-08-13 22:15,7061520
2025-08-13 22:30,7061520
2025-08-13 22:45,7061520
2025-08-13 23:00,7061556
2025-08-13 23:15,7061636
2025-08-13 23:30,7061636
2025-08-13 23:45,7061636
2025-08-14 00:00,7061636
2025-08-14 00:15,7061636
2025-08-14 00:30,7061636
2025-08-14 00:45,7061636
2025-08-14 01:00,7061636
2025-08-14 01:15,7061636
2025-08-14 01:30,7061636
2025-08-14 01:45,7061670
2025-08-14 02:00,7061670
2025-08-14 02:15,7061680
2025-08-14 02:30,7061680
2025-08-14 02:45,7061740
2025-08-14 03:00,7061740
2025-08-14 03:15,7061740
2025-08-14 03:30,7061740
2025-08-14 03:45,7061740
2025-08-14 04:00,7061740
2025-08-14 04:15,7061740
2025-08-14 04:30,7061740
2025-08-14 04:45,7061740
2025-08-14 05:00,7061740
2025-08-14 05:15,7061816
2025-08-14 05:30,7061816
2025-08-14 05:45,7061863
2025-08-14 06:00,7061863
2025-08-14 06:15,7061863
2025-08-14 06:30,7061863
2025-08-14 06:45,7061863
2025-08-14 07:00,7061863
2025-08-14 07:15,7061863
2025-08-14 07:30,7061863
2025-08-14 07:45,7061863
2025-08-14 08:00,7061863
2025-08-14 08:15,7061863
2025-08-14 08:30,7062306
2025-08-14 08:45,7062680
2025-08-14 09:00,7062736
2025-08-14 09:15,7062850
2025-08-14 09:30,7062850
2025-08-14 09:45,7062850
2025-08-14 10:00,7062946
2025-08-14 10:15,7063023
2025-08-14 10:30,7063026
2025-08-14 10:45,7063066
2025-08-14 11:00,7063160
2025-08-14 11:15,7063346
2025-08-14 11:30,7063413
2025-08-14 11:45,7063413
2025-08-14 12:00,7063416
2025-08-14 12:15,7063480
2025-08-14 12:30,7063480
2025-08-14 12:45,7063540
2025-08-14 13:00,7063540
2025-08-14 13:15,7063540
2025-08-14 13:30,7063540
2025-08-14 13:45,7063586
2025-08-14 14:00,7063623
2025-08-14 14:15,7063626
2025-08-14 14:30,7063626
2025-08-14 14:45,7063626
2025-08-14 15:00,7063626
2025-08-14 15:15,7063700
2025-08-14 15:30,7063700
2025-08-14 15:45,7063700
2025-08-14 16:00,7063700
2025-08-14 16:15,7063700
2025-08-14 16:30,7063753
2025-08-14 16:45,7063760
2025-08-14 17:00,7063760
2025-08-14 17:15,7063780
2025-08-14 17:30,7063820
2025-08-14 17:45,7063860
2025-08-14 18:00,7063860
2025-08-14 18:15,7063863
2025-08-14 18:30,7063876
2025-08-14 18:45,7063946
2025-08-14 19:00,7063950
2025-08-14 19:15,7063950
2025-08-14 19:30,7063950
2025-08-14 19:45,7064030
2025-08-14 20:00,7064110
2025-08-14 20:15,7064110
2025-08-14 20:30,7064110
2025-08-14 20:45,7064110
2025-08-14 21:00,7064110
2025-08-14 21:15,7064446
2025-08-14 21:30,7064450
2025-08-14 21:45,7064450
2025-08-14 22:00,7064450
2025-08-14 22:15,7064550
2025-08-14 22:30,7066273
2025-08-14 22:45,7066346
2025-08-14 23:00,7066530
2025-08-14 23:15,7066530
2025-08-14 23:30,7066530
2025-08-14 23:45,7066626
2025-08-15 00:00,7066630
2025-08-15 00:15,7066630
2025-08-15 00:30,7066670
2025-08-15 00:45,7066670
2025-08-15 01:00,7066670
2025-08-15 01:15,7066670
2025-08-15 01:30,7066776
2025-08-15 01:45,7066780
2025-08-15 02:00,7066780
2025-08-15 02:15,7066780
2025-08-15 02:30,7066780
2025-08-15 02:45,7066780
2025-08-15 03:00,7066820
2025-08-15 03:15,7066820
2025-08-15 03:30,7066820
2025-08-15 03:45,7066820
2025-08-15 04:00,7066820
2025-08-15 04:15,7066886
2025-08-15 04:30,7066886
2025-08-15 04:45,7066886
2025-08-15 05:00,7066886
2025-08-15 05:15,7066886
2025-08-15 05:30,7066886
2025-08-15 05:45,7066886
2025-08-15 06:00,7066923
2025-08-15 06:15,7066923
2025-08-15 06:30,7066993
2025-08-15 06:45,7066993
2025-08-15 07:00,7066993
2025-08-15 07:15,7066993
2025-08-15 07:30,7066993
2025-08-15 07:45,7066993
2025-08-15 08:00,7066993
2025-08-15 08:15,7066993
2025-08-15 08:30,7066993
2025-08-15 08:45,7066993
2025-08-15 09:00,7066993
2025-08-15 09:15,7067006
2025-08-15 09:30,7067296
2025-08-15 09:45,7067313
2025-08-15 10:00,7067340
2025-08-15 10:15,7067380
2025-08-15 10:30,7067390
2025-08-15 10:45,7067390
2025-08-15 11:00,7067516
2025-08-15 11:15,7067516
2025-08-15 11:30,7067746
2025-08-15 11:45,7067960
2025-08-15 12:00,7067960
2025-08-15 12:15,7067960
2025-08-15 12:30,7067960
2025-08-15 12:45,7068006
2025-08-15 13:00,7068010
2025-08-15 13:15,7068010
2025-08-15 13:30,7068010
2025-08-15 13:45,7068056
2025-08-15 14:00,7068156
2025-08-15 14:15,7068243
2025-08-15 14:30,7068330
2025-08-15 14:45,7068330
2025-08-15 15:00,7068366
2025-08-15 15:15,7068370
2025-08-15 15:30,7068370
2025-08-15 15:45,7068370
2025-08-15 16:00,7068410
2025-08-15 16:15,7068606
2025-08-15 16:30,7068680
2025-08-15 16:45,7068680
2025-08-15 17:00,7068680
2025-08-15 17:15,7068796
2025-08-15 17:30,7069050
2025-08-15 17:45,7069090
2025-08-15 18:00,7069206
2025-08-15 18:15,7069250
2025-08-15 18:30,7069390
2025-08-15 18:45,7069400
2025-08-15 19:00,7069400
2025-08-15 19:15,7069400
2025-08-15 19:30,7069400
2025-08-15 19:45,7069420
2025-08-15 20:00,7069490
2025-08-15 20:15,7069490
2025-08-15 20:30,7069490
2025-08-15 20:45,7069490
2025-08-15 21:00,7069526
2025-08-15 21:15,7069526
2025-08-15 21:30,7069526
2025-08-15 21:45,7069613
2025-08-15 22:00,7069613
2025-08-15 22:15,7069613
2025-08-15 22:30,7069613
2025-08-15 22:45,7069613
2025-08-15 23:00,7069660
2025-08-15 23:15,7069710
2025-08-15 23:30,7069710
2025-08-15 23:45,7069710
2025-08-16 00:00,7069710
2025-08-16 00:15,7069710
2025-08-16 00:30,7069710
2025-08-16 00:45,7069783
2025-08-16 01:00,7069783
2025-08-16 01:15,7069823
2025-08-16 01:30,7069823
2025-08-16 01:45,7069866
2025-08-16 02:00,7069876
2025-08-16 02:15,7069876
2025-08-16 02:30,7069876
2025-08-16 02:45,7069876
2025-08-16 03:00,7069916
2025-08-16 03:15,7069916
2025-08-16 03:30,7069916
2025-08-16 03:45,7069916
2025-08-16 04:00,7069916
2025-08-16 04:15,7070013
2025-08-16 04:30,7070050
2025-08-16 04:45,7070050
2025-08-16 05:00,7070050
2025-08-16 05:15,7070050
2025-08-16 05:30,7070086
2025-08-16 05:45,7070086
2025-08-16 06:00,7070086
2025-08-16 06:15,7070086
2025-08-16 06:30,7070086
2025-08-16 06:45,7070096
2025-08-16 07:00,7070160
2025-08-16 07:15,7070163
2025-08-16 07:30,7070163
2025-08-16 07:45,7070163
2025-08-16 08:00,7070163
2025-08-16 08:15,7070163
2025-08-16 08:30,7070163
2025-08-16 08:45,7070163
2025-08-16 09:00,7070200
2025-08-16 09:15,7070516
2025-08-16 09:30,7070573
2025-08-16 09:45,7070580
2025-08-16 10:00,7070923
2025-08-16 10:15,7071066
2025-08-16 10:30,7071066
2025-08-16 10:45,7071073
2025-08-16 11:00,7071113
2025-08-16 11:15,7071120
2025-08-16 11:30,7071120
2025-08-16 11:45,7071120
2025-08-16 12:00,7071123
2025-08-16 12:15,7071123
2025-08-16 12:30,7071230
2025-08-16 12:45,7071230
2025-08-16 13:00,7071263
2025-08-16 13:15,7071263
2025-08-16 13:30,7071263
2025-08-16 13:45,7071273
2025-08-16 14:00,7071313
2025-08-16 14:15,7071320
2025-08-16 14:30,7071333
2025-08-16 14:45,7071336
2025-08-16 15:00,7071336
2025-08-16 15:15,7071336
2025-08-16 15:30,7071380
2025-08-16 15:45,7071380
2025-08-16 16:00,7071380
2025-08-16 16:15,7071380
2025-08-16 16:30,7071423
2025-08-16 16:45,7071423
2025-08-16 17:00,7071443
2025-08-16 17:15,7071483
2025-08-16 17:30,7071483
2025-08-16 17:45,7071493
2025-08-16 18:00,7071493
2025-08-16 18:15,7071493
2025-08-16 18:30,7071563
2025-08-16 18:45,7071596
2025-08-16 19:00,7071596
2025-08-16 19:15,7071636
2025-08-16 19:30,7071636
2025-08-16 19:45,7071680
2025-08-16 20:00,7071713
2025-08-16 20:15,7071713
2025-08-16 20:30,7071890
2025-08-16 20:45,7071890
2025-08-16 21:00,7071890
2025-08-16 21:15,7071900
2025-08-16 21:30,7071900
2025-08-16 21:45,7071900
2025-08-16 22:00,7071900
2025-08-16 22:15,7071900
2025-08-16 22:30,7072000
2025-08-16 22:45,7072033
2025-08-16 23:00,7072033
2025-08-16 23:15,7072033
2025-08-16 23:30,7072033
2025-08-16 23:45,7072070
2025-08-17 00:00,7072070
2025-08-17 00:15,7072070
2025-08-17 00:30,7072123
2025-08-17 00:45,7072123
2025-08-17 01:00,7072123
2025-08-17 01:15,7072123
2025-08-17 01:30,7072123
2025-08-17 01:45,7072123
2025-08-17 02:00,7072163
2025-08-17 02:15,7072163
2025-08-17 02:30,7072163
2025-08-17 02:45,7072163
2025-08-17 03:00,7072163
2025-08-17 03:15,7072163
2025-08-17 03:30,7072200
2025-08-17 03:45,7072200
2025-08-17 04:00,7072200
2025-08-17 04:15,7072200
2025-08-17 04:30,7072240
2025-08-17 04:45,7072240
2025-08-17 05:00,7072240
2025-08-17 05:15,7072240
2025-08-17 05:30,7072273
2025-08-17 05:45,7072276
2025-08-17 06:00,7072276
2025-08-17 06:15,7072276
2025-08-17 06:30,7072276
2025-08-17 06:45,7072276
2025-08-17 07:00,7072276
2025-08-17 07:15,7072276
2025-08-17 07:30,7072276
2025-08-17 07:45,7072313
2025-08-17 08:00,7072313
2025-08-17 08:15,7072313
2025-08-17 08:30,7072313
2025-08-17 08:45,7072316
2025-08-17 09:00,7072316
2025-08-17 09:15,7072463
2025-08-17 09:30,7072620
2025-08-17 09:45,7072630
2025-08-17 10:00,7072633
2025-08-17 10:15,7072666
2025-08-17 10:30,7072666
2025-08-17 10:45,7072670
2025-08-17 11:00,7072686
2025-08-17 11:15,7072686
2025-08-17 11:30,7072686
2025-08-17 11:45,7072686
2025-08-17 12:00,7072686
2025-08-17 12:15,7072730
2025-08-17 12:30,7072730
2025-08-17 12:45,7074130
2025-08-17 13:00,7074973
2025-08-17 13:15,7074973
2025-08-17 13:30,7075020
2025-08-17 13:45,7075020
2025-08-17 14:00,7075020
2025-08-17 14:15,7075036
2025-08-17 14:30,7075133
2025-08-17 14:45,7075140
2025-08-17 15:00,7075153
2025-08-17 15:15,7075210
2025-08-17 15:30,7075210
2025-08-17 15:45,7075296
2025-08-17 16:00,7075330
2025-08-17 16:15,7075330
2025-08-17 16:30,7075410
2025-08-17 16:45,7075410
2025-08-17 17:00,7075410
2025-08-17 17:15,7075410
2025-08-17 17:30,7075410
2025-08-17 17:45,7075410
2025-08-17 18:00,7075410
2025-08-17 18:15,7075410
2025-08-17 18:30,7075413
2025-08-17 18:45,7075413
2025-08-17 19:00,7075446
2025-08-17 19:15,7075740
2025-08-17 19:30,7075746
2025-08-17 19:45,7075746
2025-08-17 20:00,7075816
2025-08-17 20:15,7075843
2025-08-17 20:30,7075843
2025-08-17 20:45,7075843
2025-08-17 21:00,7075990
2025-08-17 21:15,7075990
2025-08-17 21:30,7075990
2025-08-17 21:45,7075990
2025-08-17 22:00,7075993
2025-08-17 22:15,7075993
2025-08-17 22:30,7075993
2025-08-17 22:45,7075993
2025-08-17 23:00,7075993
2025-08-17 23:15,7076040
2025-08-17 23:30,7076040
2025-08-17 23:45,7076040
2025-08-18 00:00,7076040
2025-08-18 00:15,7076040
2025-08-18 00:30,7076040
2025-08-18 00:45,7076083
2025-08-18 01:00,7076086
2025-08-18 01:15,7076163
2025-08-18 01:30,7076176
2025-08-18 01:45,7076243
2025-08-18 02:00,7076243
2025-08-18 02:15,7076303
2025-08-18 02:30,7076303
2025-08-18 02:45,7076303
2025-08-18 03:00,7076303
2025-08-18 03:15,7076303
2025-08-18 03:30,7076340
2025-08-18 03:45,7076343
2025-08-18 04:00,7076386
2025-08-18 04:15,7076386
2025-08-18 04:30,7076386
2025-08-18 04:45,7076386
2025-08-18 05:00,7076386
2025-08-18 05:15,7076386
2025-08-18 05:30,7076426
2025-08-18 05:45,7076463
2025-08-18 06:00,7076463
2025-08-18 06:15,7076463
2025-08-18 06:30,7076463
2025-08-18 06:45,7076500
2025-08-18 07:00,7076500
2025-08-18 07:15,7076500
2025-08-18 07:30,7076500
2025-08-18 07:45,7076503
2025-08-18 08:00,7076540
2025-08-18 08:15,7077206
2025-08-18 08:30,7077233
2025-08-18 08:45,7077233
2025-08-18 09:00,7077283
2025-08-18 09:15,7077313
2025-08-18 09:30,7077313
2025-08-18 09:45,7077316
2025-08-18 10:00,7077393
2025-08-18 10:15,7077396
2025-08-18 10:30,7077396
2025-08-18 10:45,7077396
2025-08-18 11:00,7077396
2025-08-18 11:15,7077416
2025-08-18 11:30,7077486
2025-08-18 11:45,7077486
2025-08-18 12:00,7077626
2025-08-18 12:15,7077626
2025-08-18 12:30,7077626
2025-08-18 12:45,7077626
2025-08-18 13:00,7077756
2025-08-18 13:15,7077756
2025-08-18 13:30,7077760
2025-08-18 13:45,7077830
2025-08-18 14:00,7077830
2025-08-18 14:15,7077866
2025-08-18 14:30,7077866
2025-08-18 14:45,7077866
2025-08-18 15:00,7077866
2025-08-18 15:15,7077870
2025-08-18 15:30,7077920
2025-08-18 15:45,7077960
2025-08-18 16:00,7078010
2025-08-18 16:15,7078010
2025-08-18 16:30,7078010
2025-08-18 16:45,7078013
2025-08-18 17:00,7078013
2025-08-18 17:15,7078013
2025-08-18 17:30,7078013
2025-08-18 17:45,7078013
2025-08-18 18:00,7078130
2025-08-18 18:15,7078130
2025-08-18 18:30,7078153
2025-08-18 18:45,7078156
2025-08-18 19:00,7078156
2025-08-18 19:15,7078193
2025-08-18 19:30,7078193
2025-08-18 19:45,7078193
2025-08-18 20:00,7078266
2025-08-18 20:15,7078266
2025-08-18 20:30,7078266
2025-08-18 20:45,7078270
2025-08-18 21:00,7078270
2025-08-18 21:15,7078303
2025-08-18 21:30,7078303
2025-08-18 21:45,7078303
2025-08-18 22:00,7078313
2025-08-18 22:15,7078316
2025-08-18 22:30,7078316
2025-08-18 22:45,7078433
2025-08-18 23:00,7078486
2025-08-18 23:15,7078496
2025-08-18 23:30,7078540
2025-08-18 23:45,7078800
2025-08-19 00:00,7078800
2025-08-19 00:15,7078866
2025-08-19 00:30,7078866
2025-08-19 00:45,7078866
2025-08-19 01:00,7078866
2025-08-19 01:15,7078866
2025-08-19 01:30,7078903
2025-08-19 01:45,7078903
2025-08-19 02:00,7078903
2025-08-19 02:15,7078903
2025-08-19 02:30,7078903
2025-08-19 02:45,7078903
2025-08-19 03:00,7078903
2025-08-19 03:15,7078903
2025-08-19 03:30,7078940
2025-08-19 03:45,7078980
2025-08-19 04:00,7078980
2025-08-19 04:15,7078980
2025-08-19 04:30,7079020
2025-08-19 04:45,7079020
2025-08-19 05:00,7079020
2025-08-19 05:15,7079020
2025-08-19 05:30,7079020
2025-08-19 05:45,7079056
2025-08-19 06:00,7079060
2025-08-19 06:15,7079093
2025-08-19 06:30,7079096
2025-08-19 06:45,7079096
2025-08-19 07:00,7079096
2025-08-19 07:15,7079096
2025-08-19 07:30,7079096
2025-08-19 07:45,7079096
2025-08-19 08:00,7079096
2025-08-19 08:15,7079096
2025-08-19 08:30,7079133
2025-08-19 08:45,7079670
2025-08-19 09:00,7079683
2025-08-19 09:15,7079793
2025-08-19 09:30,7079816
2025-08-19 09:45,7079840
2025-08-19 10:00,7079840
2025-08-19 10:15,7079843
2025-08-19 10:30,7079843
2025-08-19 10:45,7079843
2025-08-19 11:00,7079920
2025-08-19 11:15,7079930
2025-08-19 11:30,7080070
2025-08-19 11:45,7080070
2025-08-19 12:00,7080070
2025-08-19 12:15,7080070
2025-08-19 12:30,7080070
2025-08-19 12:45,7080070
2025-08-19 13:00,7080070
2025-08-19 13:15,7080076
2025-08-19 13:30,7080160
2025-08-19 13:45,7080160
2025-08-19 14:00,7080163
2025-08-19 14:15,7080170
2025-08-19 14:30,7080170
2025-08-19 14:45,7080170
2025-08-19 15:00,7080170
2025-08-19 15:15,7080170
2025-08-19 15:30,7080170
2025-08-19 15:45,7080170
2025-08-19 16:00,7080170
2025-08-19 16:15,7080170
2025-08-19 16:30,7080173
2025-08-19 16:45,7080173
2025-08-19 17:00,7080173
2025-08-19 17:15,7080223
2025-08-19 17:30,7080240
2025-08-19 17:45,7080240
2025-08-19 18:00,7080240
2025-08-19 18:15,7080276
2025-08-19 18:30,7080276
2025-08-19 18:45,7080306
2025-08-19 19:00,7080436
2025-08-19 19:15,7080530
2025-08-19 19:30,7080530
2025-08-19 19:45,7080530
2025-08-19 20:00,7080530
2025-08-19 20:15,7080530
2025-08-19 20:30,7080543
2025-08-19 20:45,7080543
2025-08-19 21:00,7080606
2025-08-19 21:15,7080606
2025-08-19 21:30,7080606
2025-08-19 21:45,7080606
2025-08-19 22:00,7080606
2025-08-19 22:15,7080610
2025-08-19 22:30,7080610
2025-08-19 22:45,7080620
2025-08-19 23:00,7080656
2025-08-19 23:15,7080656
2025-08-19 23:30,7080656
2025-08-19 23:45,7080710
2025-08-20 00:00,7080710
2025-08-20 00:15,7080716
2025-08-20 00:30,7080716
2025-08-20 00:45,7080716
2025-08-20 01:00,7080823
2025-08-20 01:15,7080823
2025-08-20 01:30,7080823
2025-08-20 01:45,7080823
2025-08-20 02:00,7080823
2025-08-20 02:15,7080823
2025-08-20 02:30,7080823
2025-08-20 02:45,7080823
2025-08-20 03:00,7080863
2025-08-20 03:15,7080863
2025-08-20 03:30,7080863
2025-08-20 03:45,7080910
2025-08-20 04:00,7080910
2025-08-20 04:15,7080910
2025-08-20 04:30,7080910
2025-08-20 04:45,7080910
2025-08-20 05:00,7080946
2025-08-20 05:15,7080946
2025-08-20 05:30,7080983
2025-08-20 05:45,7080983
2025-08-20 06:00,7080983
2025-08-20 06:15,7080986
2025-08-20 06:30,7080986
2025-08-20 06:45,7080986
2025-08-20 07:00,7080986
2025-08-20 07:15,7080986
2025-08-20 07:30,7080986
2025-08-20 07:45,7080986
2025-08-20 08:00,7080986
2025-08-20 08:15,7080990
2025-08-20 08:30,7080990
2025-08-20 08:45,7081026
2025-08-20 09:00,7081026
2025-08-20 09:15,7081416
2025-08-20 09:30,7081416
2025-08-20 09:45,7081416
2025-08-20 10:00,7081466
2025-08-20 10:15,7081466
2025-08-20 10:30,7081466
2025-08-20 10:45,7081466
2025-08-20 11:00,7081590
2025-08-20 11:15,7082010
2025-08-20 11:30,7082010
2025-08-20 11:45,7082083
2025-08-20 12:00,7082136
2025-08-20 12:15,7082246
2025-08-20 12:30,7082330
2025-08-20 12:45,7082330
2025-08-20 13:00,7082333
2025-08-20 13:15,7082406
2025-08-20 13:30,7082406
2025-08-20 13:45,7082496
2025-08-20 14:00,7082600
2025-08-20 14:15,7082636
2025-08-20 14:30,7082666
2025-08-20 14:45,7082666
2025-08-20 15:00,7082666
2025-08-20 15:15,7082730
2025-08-20 15:30,7082736
2025-08-20 15:45,7082776
2025-08-20 16:00,7082793
2025-08-20 16:15,7082793
2025-08-20 16:30,7082863
2025-08-20 16:45,7082863
2025-08-20 17:00,7082863
2025-08-20 17:15,7082863
2025-08-20 17:30,7082866
2025-08-20 17:45,7082876
2025-08-20 18:00,7082916
2025-08-20 18:15,7082970
2025-08-20 18:30,7082970
2025-08-20 18:45,7082970
2025-08-20 19:00,7083006
2025-08-20 19:15,7083006
2025-08-20 19:30,7083006
2025-08-20 19:45,7083043
2025-08-20 20:00,7083053
2025-08-20 20:15,7083070
2025-08-20 20:30,7083090
2025-08-20 20:45,7083096
2025-08-20 21:00,7083096
2025-08-20 21:15,7083123
2025-08-20 21:30,7083200
2025-08-20 21:45,7083203
2025-08-20 22:00,7083203
2025-08-20 22:15,7083203
2025-08-20 22:30,7083206
2025-08-20 22:45,7083280
2025-08-20 23:00,7083286
2025-08-20 23:15,7083286
2025-08-20 23:30,7083286
2025-08-20 23:45,7083366
2025-08-21 00:00,7083380
2025-08-21 00:15,7083380
2025-08-21 00:30,7083380
2025-08-21 00:45,7083380
2025-08-21 01:00,7083380
2025-08-21 01:15,7083380
2025-08-21 01:30,7083420
2025-08-21 01:45,7083460
2025-08-21 02:00,7083460
2025-08-21 02:15,7083460
2025-08-21 02:30,7083460
2025-08-21 02:45,7083460
2025-08-21 03:00,7083460
2025-08-21 03:15,7083503
2025-08-21 03:30,7083540
2025-08-21 03:45,7083540
2025-08-21 04:00,7083540
2025-08-21 04:15,7083540
2025-08-21 04:30,7083540
2025-08-21 04:45,7083586
2025-08-21 05:00,7083586
2025-08-21 05:15,7083586
2025-08-21 05:30,7083586
2025-08-21 05:45,7083586
2025-08-21 06:00,7083660
2025-08-21 06:15,7083660
2025-08-21 06:30,7083660
2025-08-21 06:45,7083660
2025-08-21 07:00,7083660
2025-08-21 07:15,7083660
2025-08-21 07:30,7083660
2025-08-21 07:45,7083706
2025-08-21 08:00,7084170
2025-08-21 08:15,7084173
2025-08-21 08:30,7084173
2025-08-21 08:45,7084253
2025-08-21 09:00,7084270
2025-08-21 09:15,7084290
2025-08-21 09:30,7084460
2025-08-21 09:45,7084530
2025-08-21 10:00,7084533
2025-08-21 10:15,7084590
2025-08-21 10:30,7084610
2025-08-21 10:45,7084620
2025-08-21 11:00,7084693
2025-08-21 11:15,7084753
2025-08-21 11:30,7084840
2025-08-21 11:45,7084843
2025-08-21 12:00,7084930
2025-08-21 12:15,7084930
2025-08-21 12:30,7084946
2025-08-21 12:45,7085036
2025-08-21 13:00,7085036
2025-08-21 13:15,7085036
2025-08-21 13:30,7085036
2025-08-21 13:45,7085036
2025-08-21 14:00,7085036
2025-08-21 14:15,7085036
2025-08-21 14:30,7085036
2025-08-21 14:45,7085036
2025-08-21 15:00,7085036
2025-08-21 15:15,7085073
2025-08-21 15:30,7085076
2025-08-21 15:45,7085076
2025-08-21 16:00,7085076
2025-08-21 16:15,7085076
2025-08-21 16:30,7085196
2025-08-21 16:45,7085196
2025-08-21 17:00,7085196
2025-08-21 17:15,7085196
2025-08-21 17:30,7085196
2025-08-21 17:45,7085196
2025-08-21 18:00,7085200
2025-08-21 18:15,7085270
2025-08-21 18:30,7085296
2025-08-21 18:45,7085296
2025-08-21 19:00,7085303
2025-08-21 19:15,7085306
2025-08-21 19:30,7085306
2025-08-21 19:45,7085306
2025-08-21 20:00,7085306
2025-08-21 20:15,7085743
2025-08-21 20:30,7085833
2025-08-21 20:45,7085850
2025-08-21 21:00,7085850
2025-08-21 21:15,7085850
2025-08-21 21:30,7085850
2025-08-21 21:45,7085853
2025-08-21 22:00,7085853
2025-08-21 22:15,7085853
2025-08-21 22:30,7085910
2025-08-21 22:45,7085913
2025-08-21 23:00,7085950
2025-08-21 23:15,7086036
2025-08-21 23:30,7086036
2025-08-21 23:45,7086036
2025-08-22 00:00,7086066
2025-08-22 00:15,7086066
2025-08-22 00:30,7086123
2025-08-22 00:45,7086160
2025-08-22 01:00,7086160
2025-08-22 01:15,7086160
2025-08-22 01:30,7086160
2025-08-22 01:45,7086160
2025-08-22 02:00,7086160
2025-08-22 02:15,7086196
2025-08-22 02:30,7086196
2025-08-22 02:45,7086196
2025-08-22 03:00,7086233
2025-08-22 03:15,7086233
2025-08-22 03:30,7086233
2025-08-22 03:45,7086233
2025-08-22 04:00,7086233
2025-08-22 04:15,7086233
2025-08-22 04:30,7086233
2025-08-22 04:45,7086233
2025-08-22 05:00,7086233
2025-08-22 05:15,7086270
2025-08-22 05:30,7086270
2025-08-22 05:45,7086270
2025-08-22 06:00,7086270
2025-08-22 06:15,7086270
2025-08-22 06:30,7086270
2025-08-22 06:45,7086340
2025-08-22 07:00,7086340
2025-08-22 07:15,7086340
2025-08-22 07:30,7086340
2025-08-22 07:45,7086460
2025-08-22 08:00,7086460
2025-08-22 08:15,7086460
2025-08-22 08:30,7086460
2025-08-22 08:45,7086460
2025-08-22 09:00,7086460
2025-08-22 09:15,7086500
2025-08-22 09:30,7086903
2025-08-22 09:45,7086983
2025-08-22 10:00,7087143
2025-08-22 10:15,7087150
2025-08-22 10:30,7087193
2025-08-22 10:45,7087193
2025-08-22 11:00,7087193
2025-08-22 11:15,7087193
2025-08-22 11:30,7087196
2025-08-22 11:45,7087196
2025-08-22 12:00,7087196
2025-08-22 12:15,7087196
2025-08-22 12:30,7087243
2025-08-22 12:45,7087263
2025-08-22 13:00,7087300
2025-08-22 13:15,7087300
2025-08-22 13:30,7087483
2025-08-22 13:45,7087556
2025-08-22 14:00,7087556
2025-08-22 14:15,7087556
2025-08-22 14:30,7087556
2025-08-22 14:45,7087556
2025-08-22 15:00,7087593
2025-08-22 15:15,7087593
2025-08-22 15:30,7087730
2025-08-22 15:45,7087730
2025-08-22 16:00,7087730
2025-08-22 16:15,7087730
2025-08-22 16:30,7087730
2025-08-22 16:45,7087730
2025-08-22 17:00,7087776
2025-08-22 17:15,7087776
2025-08-22 17:30,7087780
2025-08-22 17:45,7087780
2025-08-22 18:00,7087780
2025-08-22 18:15,7087780
2025-08-22 18:30,7087780
2025-08-22 18:45,7087780
2025-08-22 19:00,7087840
2025-08-22 19:15,7087843
2025-08-22 19:30,7087843
2025-08-22 19:45,7087843
2025-08-22 20:00,7087880
2025-08-22 20:15,7087943
2025-08-22 20:30,7087943
2025-08-22 20:45,7087943
2025-08-22 21:00,7087943
2025-08-22 21:15,7087943
2025-08-22 21:30,7087950
2025-08-22 21:45,7087950
2025-08-22 22:00,7088020
2025-08-22 22:15,7088030
2025-08-22 22:30,7088030
2025-08-22 22:45,7088150
2025-08-22 23:00,7088250
2025-08-22 23:15,7088250
2025-08-22 23:30,7088450
2025-08-22 23:45,7088620
2025-08-23 00:00,7088620
2025-08-23 00:15,7088620
2025-08-23 00:30,7088713
2025-08-23 00:45,7088713
2025-08-23 01:00,7088713
2025-08-23 01:15,7088713
2025-08-23 01:30,7088713
2025-08-23 01:45,7088713
2025-08-23 02:00,7088723
2025-08-23 02:15,7088786
2025-08-23 02:30,7088786
2025-08-23 02:45,7088786
2025-08-23 03:00,7088786
2025-08-23 03:15,7088826
2025-08-23 03:30,7088826
2025-08-23 03:45,7088826
2025-08-23 04:00,7088826
2025-08-23 04:15,7088826
2025-08-23 04:30,7088826
2025-08-23 04:45,7088826
2025-08-23 05:00,7088826
2025-08-23 05:15,7088826
2025-08-23 05:30,7088826
2025-08-23 05:45,7088826
2025-08-23 06:00,7088863
2025-08-23 06:15,7088863
2025-08-23 06:30,7088863
2025-08-23 06:45,7088863
2025-08-23 07:00,7088863
2025-08-23 07:15,7088863
2025-08-23 07:30,7088863
2025-08-23 07:45,7088863
2025-08-23 08:00,7088863
2025-08-23 08:15,7088863
2025-08-23 08:30,7088940
2025-08-23 08:45,7088940
2025-08-23 09:00,7089033
2025-08-23 09:15,7089383
2025-08-23 09:30,7089383
2025-08-23 09:45,7089420
2025-08-23 10:00,7089423
2025-08-23 10:15,7089490
2025-08-23 10:30,7089490
2025-08-23 10:45,7089500
2025-08-23 11:00,7089500
2025-08-23 11:15,7089500
2025-08-23 11:30,7089510
2025-08-23 11:45,7089610
2025-08-23 12:00,7089620
2025-08-23 12:15,7089646
2025-08-23 12:30,7089720
2025-08-23 12:45,7089733
2025-08-23 13:00,7089810
2025-08-23 13:15,7090376
2025-08-23 13:30,7090413
2025-08-23 13:45,7090426
2025-08-23 14:00,7090426
2025-08-23 14:15,7090426
2025-08-23 14:30,7090503
2025-08-23 14:45,7090566
2025-08-23 15:00,7090603
2025-08-23 15:15,7090603
2025-08-23 15:30,7090603
2025-08-23 15:45,7090603
2025-08-23 16:00,7090606
2025-08-23 16:15,7090680
2025-08-23 16:30,7091653
2025-08-23 16:45,7092656
2025-08-23 17:00,7092660
2025-08-23 17:15,7092663
2025-08-23 17:30,7092663
2025-08-23 17:45,7092663
2025-08-23 18:00,7092663
2025-08-23 18:15,7092663
2025-08-23 18:30,7092663
2025-08-23 18:45,7092666
2025-08-23 19:00,7092666
2025-08-23 19:15,7092666
2025-08-23 19:30,7092666
2025-08-23 19:45,7092666
2025-08-23 20:00,7092670
2025-08-23 20:15,7092770
2025-08-23 20:30,7092770
2025-08-23 20:45,7092773
2025-08-23 21:00,7092773
2025-08-23 21:15,7092773
2025-08-23 21:30,7092803
2025-08-23 21:45,7092803
2025-08-23 22:00,7092803
2025-08-23 22:15,7092803
2025-08-23 22:30,7092806
2025-08-23 22:45,7092936
2025-08-23 23:00,7092936
2025-08-23 23:15,7092936
2025-08-23 23:30,7092936
2025-08-23 23:45,7092990
2025-08-24 00:00,7092990
2025-08-24 00:15,7093093
2025-08-24 00:30,7093093
2025-08-24 00:45,7093093
2025-08-24 01:00,7093096
2025-08-24 01:15,7093096
2025-08-24 01:30,7093136
2025-08-24 01:45,7093136
2025-08-24 02:00,7093136
2025-08-24 02:15,7093176
2025-08-24 02:30,7093176
2025-08-24 02:45,7093176
2025-08-24 03:00,7093176
2025-08-24 03:15,7093213
2025-08-24 03:30,7093213
2025-08-24 03:45,7093213
2025-08-24 04:00,7093253
2025-08-24 04:15,7093253
2025-08-24 04:30,7093253
2025-08-24 04:45,7093253
2025-08-24 05:00,7093290
2025-08-24 05:15,7093290
2025-08-24 05:30,7093293
2025-08-24 05:45,7093293
2025-08-24 06:00,7093293
2025-08-24 06:15,7093293
2025-08-24 06:30,7093293
2025-08-24 06:45,7093293
2025-08-24 07:00,7093330
2025-08-24 07:15,7093330
2025-08-24 07:30,7093333
2025-08-24 07:45,7093333
2025-08-24 08:00,7093333
2025-08-24 08:15,7093333
2025-08-24 08:30,7093333
2025-08-24 08:45,7093333
2025-08-24 09:00,7093416
2025-08-24 09:15,7093640
2025-08-24 09:30,7093643
2025-08-24 09:45,7093646
2025-08-24 10:00,7093683
2025-08-24 10:15,7093683
2025-08-24 10:30,7093750
2025-08-24 10:45,7093753
2025-08-24 11:00,7093760
2025-08-24 11:15,7093766
2025-08-24 11:30,7093783
2025-08-24 11:45,7093933
2025-08-24 12:00,7093983
2025-08-24 12:15,7094020
2025-08-24 12:30,7094020
2025-08-24 12:45,7094020
2025-08-24 13:00,7094023
2025-08-24 13:15,7094183
2025-08-24 13:30,7094186
2025-08-24 13:45,7094186
2025-08-24 14:00,7094233
2025-08-24 14:15,7094266
2025-08-24 14:30,7094266
2025-08-24 14:45,7094270
2025-08-24 15:00,7094340
2025-08-24 15:15,7094376
2025-08-24 15:30,7094400
2025-08-24 15:45,7094400
2025-08-24 16:00,7094400
2025-08-24 16:15,7094593
2025-08-24 16:30,7094630
2025-08-24 16:45,7094946
2025-08-24 17:00,7094946
2025-08-24 17:15,7094946
2025-08-24 17:30,7094946
2025-08-24 17:45,7095050
2025-08-24 18:00,7095063
2025-08-24 18:15,7095106
2025-08-24 18:30,7095123
2025-08-24 18:45,7095123
2025-08-24 19:00,7095170
2025-08-24 19:15,7095173
2025-08-24 19:30,7095173
2025-08-24 19:45,7095173
2025-08-24 20:00,7095173
2025-08-24 20:15,7095210
2025-08-24 20:30,7095316
2025-08-24 20:45,7095410
2025-08-24 21:00,7095430
2025-08-24 21:15,7095480
2025-08-24 21:30,7095766
2025-08-24 21:45,7095770
2025-08-24 22:00,7095883
2025-08-24 22:15,7095883
2025-08-24 22:30,7095950
2025-08-24 22:45,7095953
2025-08-24 23:00,7096016
2025-08-24 23:15,7096016
2025-08-24 23:30,7096016
2025-08-24 23:45,7096070
2025-08-25 00:00,7096073
2025-08-25 00:15,7096073
2025-08-25 00:30,7096073
2025-08-25 00:45,7096073
2025-08-25 01:00,7096073
2025-08-25 01:15,7096073
2025-08-25 01:30,7096073
2025-08-25 01:45,7096110
2025-08-25 02:00,7096110
2025-08-25 02:15,7096110
2025-08-25 02:30,7096110
2025-08-25 02:45,7096110
2025-08-25 03:00,7096150
2025-08-25 03:15,7096150
2025-08-25 03:30,7096186
2025-08-25 03:45,7096186
2025-08-25 04:00,7096223
2025-08-25 04:15,7096223
2025-08-25 04:30,7096223
2025-08-25 04:45,7096223
2025-08-25 05:00,7096223
2025-08-25 05:15,7096223
2025-08-25 05:30,7096226
2025-08-25 05:45,7096226
2025-08-25 06:00,7096226
2025-08-25 06:15,7096226
2025-08-25 06:30,7096263
2025-08-25 06:45,7096263
2025-08-25 07:00,7096263
2025-08-25 07:15,7096263
2025-08-25 07:30,7096263
2025-08-25 07:45,7096263
2025-08-25 08:00,7096263
2025-08-25 08:15,7096726
2025-08-25 08:30,7096776
2025-08-25 08:45,7096790
2025-08-25 09:00,7096800
2025-08-25 09:15,7096900
2025-08-25 09:30,7096903
2025-08-25 09:45,7096903
2025-08-25 10:00,7096903
2025-08-25 10:15,7096903
2025-08-25 10:30,7096903
2025-08-25 10:45,7096906
2025-08-25 11:00,7096950
2025-08-25 11:15,7097000
2025-08-25 11:30,7097000
2025-08-25 11:45,7097000
2025-08-25 12:00,7097000
2025-08-25 12:15,7097036
2025-08-25 12:30,7097036
2025-08-25 12:45,7097036
2025-08-25 13:00,7097086
2025-08-25 13:15,7097086
2025-08-25 13:30,7097130
2025-08-25 13:45,7097130
2025-08-25 14:00,7097130
2025-08-25 14:15,7097130
2025-08-25 14:30,7097140
2025-08-25 14:45,7097216
2025-08-25 15:00,7097273
2025-08-25 15:15,7097293
2025-08-25 15:30,7097306
2025-08-25 15:45,7097306
2025-08-25 16:00,7097306
2025-08-25 16:15,7097306
2025-08-25 16:30,7097310
2025-08-25 16:45,7097310
2025-08-25 17:00,7097330
2025-08-25 17:15,7097363
2025-08-25 17:30,7097363
2025-08-25 17:45,7097363
2025-08-25 18:00,7097366
2025-08-25 18:15,7097366
2025-08-25 18:30,7097366
2025-08-25 18:45,7097443
2025-08-25 19:00,7097446
2025-08-25 19:15,7097446
2025-08-25 19:30,7097463
2025-08-25 19:45,7097463
2025-08-25 20:00,7097463
2025-08-25 20:15,7097466
2025-08-25 20:30,7097466
2025-08-25 20:45,7097473
2025-08-25 21:00,7097633
2025-08-25 21:15,7097716
2025-08-25 21:30,7097753
2025-08-25 21:45,7097780
2025-08-25 22:00,7097973
2025-08-25 22:15,7098126
2025-08-25 22:30,7099816
2025-08-25 22:45,7100016
2025-08-25 23:00,7100026
2025-08-25 23:15,7100056
2025-08-25 23:30,7100096
2025-08-25 23:45,7100283
2025-08-26 00:00,7100470
2025-08-26 00:15,7100470
2025-08-26 00:30,7100506
2025-08-26 00:45,7100513
2025-08-26 01:00,7100513
2025-08-26 01:15,7100570
2025-08-26 01:30,7100570
2025-08-26 01:45,7100570
2025-08-26 02:00,7100570
2025-08-26 02:15,7100570
2025-08-26 02:30,7100570
2025-08-26 02:45,7100570
2025-08-26 03:00,7100606
2025-08-26 03:15,7100606
2025-08-26 03:30,7100606
2025-08-26 03:45,7100606
2025-08-26 04:00,7100606
2025-08-26 04:15,7100606
2025-08-26 04:30,7100606
2025-08-26 04:45,7100606
2025-08-26 05:00,7100606
2025-08-26 05:15,7100646
2025-08-26 05:30,7100646
2025-08-26 05:45,7100646
2025-08-26 06:00,7100646
2025-08-26 06:15,7100726
2025-08-26 06:30,7100763
2025-08-26 06:45,7100763
2025-08-26 07:00,7100763
2025-08-26 07:15,7100763
2025-08-26 07:30,7100766
2025-08-26 07:45,7101130
2025-08-26 08:00,7101143
2025-08-26 08:15,7101220
2025-08-26 08:30,7101236
2025-08-26 08:45,7101236
2025-08-26 09:00,7101236
2025-08-26 09:15,7101400
2025-08-26 09:30,7101593
2025-08-26 09:45,7101610
2025-08-26 10:00,7101610
2025-08-26 10:15,7101610
2025-08-26 10:30,7101666
2025-08-26 10:45,7101666
2025-08-26 11:00,7101666
2025-08-26 11:15,7101666
2025-08-26 11:30,7101673
2025-08-26 11:45,7101673
2025-08-26 12:00,7101673
2025-08-26 12:15,7101710
2025-08-26 12:30,7101710
2025-08-26 12:45,7101710
2025-08-26 13:00,7101750
2025-08-26 13:15,7101750
2025-08-26 13:30,7101750
2025-08-26 13:45,7101766
2025-08-26 14:00,7101776
2025-08-26 14:15,7101776
2025-08-26 14:30,7101836
2025-08-26 14:45,7101843
2025-08-26 15:00,7101846
2025-08-26 15:15,7101846
2025-08-26 15:30,7101850
2025-08-26 15:45,7101886
2025-08-26 16:00,7101923
2025-08-26 16:15,7101930
2025-08-26 16:30,7101966
2025-08-26 16:45,7102043
2025-08-26 17:00,7102043
2025-08-26 17:15,7102043
2025-08-26 17:30,7102043
2025-08-26 17:45,7102056
2025-08-26 18:00,7102090
2025-08-26 18:15,7102096
2025-08-26 18:30,7102123
2025-08-26 18:45,7102123
2025-08-26 19:00,7102260
2025-08-26 19:15,7102640
2025-08-26 19:30,7102733
2025-08-26 19:45,7102733
2025-08-26 20:00,7103050
2025-08-26 20:15,7103090
2025-08-26 20:30,7103153
2025-08-26 20:45,7103170
2025-08-26 21:00,7103220
2025-08-26 21:15,7103240
2025-08-26 21:30,7103400
2025-08-26 21:45,7103406
2025-08-26 22:00,7103406
2025-08-26 22:15,7103410
2025-08-26 22:30,7103473
2025-08-26 22:45,7103473
2025-08-26 23:00,7103476
2025-08-26 23:15,7103480
2025-08-26 23:30,7103480
2025-08-26 23:45,7103520
2025-08-27 00:00,7103520
2025-08-27 00:15,7103520
2025-08-27 00:30,7103570
2025-08-27 00:45,7103570
2025-08-27 01:00,7103570
2025-08-27 01:15,7103570
2025-08-27 01:30,7103570
2025-08-27 01:45,7103570
2025-08-27 02:00,7103570
2025-08-27 02:15,7103573
2025-08-27 02:30,7103573
2025-08-27 02:45,7103613
2025-08-27 03:00,7103613
2025-08-27 03:15,7103613
2025-08-27 03:30,7103653
2025-08-27 03:45,7103700
2025-08-27 04:00,7103700
2025-08-27 04:15,7103700
2025-08-27 04:30,7103700
2025-08-27 04:45,7103700
2025-08-27 05:00,7103700
2025-08-27 05:15,7103700
2025-08-27 05:30,7103700
2025-08-27 05:45,7103700
2025-08-27 06:00,7103700
2025-08-27 06:15,7103703
2025-08-27 06:30,7103703
2025-08-27 06:45,7103780
2025-08-27 07:00,7103780
2025-08-27 07:15,7103780
2025-08-27 07:30,7103786
2025-08-27 07:45,7103843
2025-08-27 08:00,7104356
2025-08-27 08:15,7104356
2025-08-27 08:30,7104443
2025-08-27 08:45,7104446
2025-08-27 09:00,7104516
2025-08-27 09:15,7104530
2025-08-27 09:30,7104530
2025-08-27 09:45,7104530
2025-08-27 10:00,7104530
2025-08-27 10:15,7104530
2025-08-27 10:30,7104573
2025-08-27 10:45,7104700
2025-08-27 11:00,7104706
2025-08-27 11:15,7104736
2025-08-27 11:30,7104736
2025-08-27 11:45,7104776
2025-08-27 12:00,7104776
2025-08-27 12:15,7104796
2025-08-27 12:30,7104796
2025-08-27 12:45,7104933
2025-08-27 13:00,7104933
2025-08-27 13:15,7104983
2025-08-27 13:30,7105003
2025-08-27 13:45,7105003
2025-08-27 14:00,7105043
2025-08-27 14:15,7105103
2025-08-27 14:30,7105283
2025-08-27 14:45,7105290
2025-08-27 15:00,0
2025-08-27 15:15,0
2025-08-27 15:30,7105303
2025-08-27 15:45,7105370
2025-08-27 16:00,7105376
2025-08-27 16:15,7105376
2025-08-27 16:30,7105376
2025-08-27 16:45,7105403
2025-08-27 17:00,7105403
2025-08-27 17:15,7105423
2025-08-27 17:30,7105710
2025-08-27 17:45,7105710
2025-08-27 18:00,7105710
2025-08-27 18:15,7106206
2025-08-27 18:30,7106280
2025-08-27 18:45,7106320
2025-08-27 19:00,7106336
2025-08-27 19:15,7106370
2025-08-27 19:30,7107210
2025-08-27 19:45,7108380
2025-08-27 20:00,7108390
2025-08-27 20:15,7108823
2025-08-27 20:30,7108883
2025-08-27 20:45,7108883
2025-08-27 21:00,7108970
2025-08-27 21:15,7108970
2025-08-27 21:30,7108980
2025-08-27 21:45,7109073
2025-08-27 22:00,7109296
2025-08-27 22:15,7109516
2025-08-27 22:30,7109516
2025-08-27 22:45,7109516
2025-08-27 23:00,7109523
2025-08-27 23:15,7109523
2025-08-27 23:30,7109570
2025-08-27 23:45,7109626
2025-08-28 00:00,7109636
2025-08-28 00:15,7109636
2025-08-28 00:30,7109636
2025-08-28 00:45,7109636
2025-08-28 01:00,7109636
2025-08-28 01:15,7109693
2025-08-28 01:30,7109693
2025-08-28 01:45,7109693
2025-08-28 02:00,7109693
2025-08-28 02:15,7109693
2025-08-28 02:30,7109693
2025-08-28 02:45,7109693
2025-08-28 03:00,7109733
2025-08-28 03:15,7109740
2025-08-28 03:30,7109780
2025-08-28 03:45,7109780
2025-08-28 04:00,7109780
2025-08-28 04:15,7109780
2025-08-28 04:30,7109780
2025-08-28 04:45,7109816
2025-08-28 05:00,7109816
2025-08-28 05:15,7109816
2025-08-28 05:30,7109816
2025-08-28 05:45,7109816
2025-08-28 06:00,7109820
2025-08-28 06:15,7109820
2025-08-28 06:30,7109820
2025-08-28 06:45,7109820
2025-08-28 07:00,7109900
2025-08-28 07:15,7109903
2025-08-28 07:30,7109903
2025-08-28 07:45,7109903
2025-08-28 08:00,7109980
2025-08-28 08:15,7109990
2025-08-28 08:30,7110400
2025-08-28 08:45,7110613
2025-08-28 09:00,7110636
2025-08-28 09:15,7110636
2025-08-28 09:30,7110636
2025-08-28 09:45,7110816
2025-08-28 10:00,7110816
2025-08-28 10:15,7110976
2025-08-28 10:30,7111020
2025-08-28 10:45,7111026
2025-08-28 11:00,7111026
2025-08-28 11:15,7111170
2025-08-28 11:30,7111410
2025-08-28 11:45,7111643
2025-08-28 12:00,7111853
2025-08-28 12:15,7111980
2025-08-28 12:30,7112020
2025-08-28 12:45,7112020
2025-08-28 13:00,7112026
2025-08-28 13:15,7112070
2025-08-28 13:30,7112070
2025-08-28 13:45,7112090
2025-08-28 14:00,7112113
2025-08-28 14:15,7112240
2025-08-28 14:30,7112266
2025-08-28 14:45,7112290
2025-08-28 15:00,7112290
2025-08-28 15:15,7112303
2025-08-28 15:30,7112330
2025-08-28 15:45,7112350
2025-08-28 16:00,7112433
2025-08-28 16:15,7112440
2025-08-28 16:30,7112476
2025-08-28 16:45,7112480
2025-08-28 17:00,7112480
2025-08-28 17:15,7112510
2025-08-28 17:30,7112523
2025-08-28 17:45,7112540
2025-08-28 18:00,7112543
2025-08-28 18:15,7112546
2025-08-28 18:30,7112576
2025-08-28 18:45,7112633
2025-08-28 19:00,7112930
2025-08-28 19:15,7113160
2025-08-28 19:30,7113180
2025-08-28 19:45,7113243
2025-08-28 20:00,7113633
2025-08-28 20:15,7113720
2025-08-28 20:30,7113720
2025-08-28 20:45,7113723
2025-08-28 21:00,7113890
2025-08-28 21:15,7115356
2025-08-28 21:30,7115706
2025-08-28 21:45,7115706
2025-08-28 22:00,7115706
2025-08-28 22:15,7115743
2025-08-28 22:30,7115743
2025-08-28 22:45,7115746
2025-08-28 23:00,7115750
2025-08-28 23:15,7115750
2025-08-28 23:30,7115790
2025-08-28 23:45,7115850
2025-08-29 00:00,7115850
2025-08-29 00:15,7115850
2025-08-29 00:30,7115883
2025-08-29 00:45,7115883
2025-08-29 01:00,7115883
2025-08-29 01:15,7115883
2025-08-29 01:30,7115883
2025-08-29 01:45,7115883
2025-08-29 02:00,7115883
2025-08-29 02:15,7115933
2025-08-29 02:30,7115983
2025-08-29 02:45,7115983
2025-08-29 03:00,7115983
2025-08-29 03:15,7115983
2025-08-29 03:30,7115983
2025-08-29 03:45,7115983
2025-08-29 04:00,7116016
2025-08-29 04:15,7116016
2025-08-29 04:30,7116016
2025-08-29 04:45,7116016
2025-08-29 05:00,7116016
2025-08-29 05:15,7116056
2025-08-29 05:30,7116056
2025-08-29 05:45,7116056
2025-08-29 06:00,7116056
2025-08-29 06:15,7116056
2025-08-29 06:30,7116056
2025-08-29 06:45,7116060
2025-08-29 07:00,7116060
2025-08-29 07:15,7116060
2025-08-29 07:30,7116136
2025-08-29 07:45,7116143
2025-08-29 08:00,7116160
2025-08-29 08:15,7116426
2025-08-29 08:30,7116746
2025-08-29 08:45,7116760
2025-08-29 09:00,7116796
2025-08-29 09:15,7116843
2025-08-29 09:30,7116893
2025-08-29 09:45,7117006
2025-08-29 10:00,7117113
2025-08-29 10:15,7117193
2025-08-29 10:30,7117313
2025-08-29 10:45,7117483
2025-08-29 11:00,7117516
2025-08-29 11:15,7117530
2025-08-29 11:30,7117560
2025-08-29 11:45,7117560
2025-08-29 12:00,7117566
2025-08-29 12:15,7117566
2025-08-29 12:30,7117566
2025-08-29 12:45,7117566
2025-08-29 13:00,7117653
2025-08-29 13:15,7117653
2025-08-29 13:30,7117653
2025-08-29 13:45,7117653
2025-08-29 14:00,7117653
2025-08-29 14:15,7117653
2025-08-29 14:30,7117653
2025-08-29 14:45,7117653
2025-08-29 15:00,7117700
2025-08-29 15:15,7117700
2025-08-29 15:30,7117703
2025-08-29 15:45,7117703
2025-08-29 16:00,7117703
2025-08-29 16:15,7117713
2025-08-29 16:30,7117713
2025-08-29 16:45,7117713
2025-08-29 17:00,7117713
2025-08-29 17:15,7117713
2025-08-29 17:30,7117746
2025-08-29 17:45,7117746
2025-08-29 18:00,7117746
2025-08-29 18:15,7117750
2025-08-29 18:30,7117760
2025-08-29 18:45,7117820
2025-08-29 19:00,7117833
2025-08-29 19:15,7117896
2025-08-29 19:30,7117956
2025-08-29 19:45,7117956
2025-08-29 20:00,7118026
2025-08-29 20:15,7118146
2025-08-29 20:30,7118166
2025-08-29 20:45,7118186
2025-08-29 21:00,7118186
2025-08-29 21:15,7118186
2025-08-29 21:30,7118186
2025-08-29 21:45,7118300
2025-08-29 22:00,7118400
2025-08-29 22:15,7118423
2025-08-29 22:30,7118426
2025-08-29 22:45,7118456
2025-08-29 23:00,7118456
2025-08-29 23:15,7118456
2025-08-29 23:30,7118456
2025-08-29 23:45,7118966
2025-08-30 00:00,7120583
2025-08-30 00:15,7120583
2025-08-30 00:30,7120583
2025-08-30 00:45,7120583
2025-08-30 01:00,7120583
2025-08-30 01:15,7120583
2025-08-30 01:30,7120583
2025-08-30 01:45,7120583
2025-08-30 02:00,7120583
2025-08-30 02:15,7120583
2025-08-30 02:30,7120583
2025-08-30 02:45,7120583
2025-08-30 03:00,7120583
2025-08-30 03:15,7120583
2025-08-30 03:30,7120583
2025-08-30 03:45,7120583
2025-08-30 04:00,7120583
2025-08-30 04:15,7120583
2025-08-30 04:30,7120583
2025-08-30 04:45,7120583
2025-08-30 05:00,7120583
2025-08-30 05:15,7120583
2025-08-30 05:30,7120586
2025-08-30 05:45,7120586
2025-08-30 06:00,7120586
2025-08-30 06:15,7120586
2025-08-30 06:30,7120663
2025-08-30 06:45,7120663
2025-08-30 07:00,7120663
2025-08-30 07:15,7120723
2025-08-30 07:30,7120723
2025-08-30 07:45,7120723
2025-08-30 08:00,7120723
2025-08-30 08:15,7120783
2025-08-30 08:30,7120783
2025-08-30 08:45,7120790
2025-08-30 09:00,7120790
2025-08-30 09:15,7120790
2025-08-30 09:30,7120803
2025-08-30 09:45,7120836
2025-08-30 10:00,7120860
2025-08-30 10:15,7120950
2025-08-30 10:30,7120950
2025-08-30 10:45,7120950
2025-08-30 11:00,7120953
2025-08-30 11:15,7120953
2025-08-30 11:30,7120953
2025-08-30 11:45,7120996
2025-08-30 12:00,7120996
2025-08-30 12:15,7121136
2025-08-30 12:30,7121203
2025-08-30 12:45,7121203
2025-08-30 13:00,7121206
2025-08-30 13:15,7121273
2025-08-30 13:30,7121400
2025-08-30 13:45,7121460
2025-08-30 14:00,7121460
2025-08-30 14:15,7121460
2025-08-30 14:30,7121460
2025-08-30 14:45,7121466
2025-08-30 15:00,7121466
2025-08-30 15:15,7121466
2025-08-30 15:30,7121466
2025-08-30 15:45,7121466
2025-08-30 16:00,7121466
2025-08-30 16:15,7121470
2025-08-30 16:30,7121473
2025-08-30 16:45,7121536
2025-08-30 17:00,7121573
2025-08-30 17:15,7121573
2025-08-30 17:30,7121573
2025-08-30 17:45,7121573
2025-08-30 18:00,7121573
2025-08-30 18:15,7121573
2025-08-30 18:30,7121613
2025-08-30 18:45,7121613
2025-08-30 19:00,7121676
2025-08-30 19:15,7121676
2025-08-30 19:30,7121676
2025-08-30 19:45,7121680
2025-08-30 20:00,7121686
2025-08-30 20:15,7121686
2025-08-30 20:30,7121686
2025-08-30 20:45,7121686
2025-08-30 21:00,7121693
2025-08-30 21:15,7121693
2025-08-30 21:30,7121693
2025-08-30 21:45,7121693
2025-08-30 22:00,7121693
2025-08-30 22:15,7121693
2025-08-30 22:30,7121773
2025-08-30 22:45,7121773
2025-08-30 23:00,7121773
2025-08-30 23:15,7121773
2025-08-30 23:30,7121773
2025-08-30 23:45,7121773
2025-08-31 00:00,7121773
2025-08-31 00:15,7121773
2025-08-31 00:30,7121773
2025-08-31 00:45,7121773
2025-08-31 01:00,7121773
2025-08-31 01:15,7121773
2025-08-31 01:30,7121773
2025-08-31 01:45,7121773
2025-08-31 02:00,7121773
2025-08-31 02:15,7121773
2025-08-31 02:30,7121773
2025-08-31 02:45,7121773
2025-08-31 03:00,7121773
2025-08-31 03:15,7121773
2025-08-31 03:30,7121773
2025-08-31 03:45,7121773
2025-08-31 04:00,7121773
2025-08-31 04:15,7121773
2025-08-31 04:30,7121773
2025-08-31 04:45,7121773
2025-08-31 05:00,7121773
2025-08-31 05:15,7121773
2025-08-31 05:30,7121773
2025-08-31 05:45,7121773
2025-08-31 06:00,7121773
2025-08-31 06:15,7121773
2025-08-31 06:30,7121773
2025-08-31 06:45,7121776
2025-08-31 07:00,7121776
2025-08-31 07:15,7121776
2025-08-31 07:30,7121776
2025-08-31 07:45,7121786
2025-08-31 08:00,7121790
2025-08-31 08:15,7121790
2025-08-31 08:30,7121790
2025-08-31 08:45,7121790
2025-08-31 09:00,7121790
2025-08-31 09:15,7121790
2025-08-31 09:30,7121870
2025-08-31 09:45,7121896
2025-08-31 10:00,7121896
2025-08-31 10:15,7121920
2025-08-31 10:30,7122023
2025-08-31 10:45,7122023
2025-08-31 11:00,7122030
2025-08-31 11:15,7122030
2025-08-31 11:30,7122030
2025-08-31 11:45,7122030
2025-08-31 12:00,7122030
2025-08-31 12:15,7122033
2025-08-31 12:30,7122086
2025-08-31 12:45,7122090
2025-08-31 13:00,7122103
2025-08-31 13:15,7122103
2025-08-31 13:30,7122106
2025-08-31 13:45,7122116
2025-08-31 14:00,7122176
2025-08-31 14:15,7122186
2025-08-31 14:30,7122186
2025-08-31 14:45,7122186
2025-08-31 15:00,7122190
2025-08-31 15:15,7122190
2025-08-31 15:30,7122190
2025-08-31 15:45,7122280
2025-08-31 16:00,7122280
2025-08-31 16:15,7122280
2025-08-31 16:30,7122280
2025-08-31 16:45,7122280
2025-08-31 17:00,7122283
2025-08-31 17:15,7122480
2025-08-31 17:30,7122586
2025-08-31 17:45,7122590
2025-08-31 18:00,7122596
2025-08-31 18:15,7122596
2025-08-31 18:30,7122596
2025-08-31 18:45,7122600
2025-08-31 19:00,7122600
2025-08-31 19:15,7122653
2025-08-31 19:30,7122720
2025-08-31 19:45,7122720
2025-08-31 20:00,7122723
2025-08-31 20:15,7122763
2025-08-31 20:30,7122763
2025-08-31 20:45,7122763
2025-08-31 21:00,7122763
2025-08-31 21:15,7122763
2025-08-31 21:30,7122763
2025-08-31 21:45,7122763
2025-08-31 22:00,7122763
2025-08-31 22:15,7122763
2025-08-31 22:30,7122763
2025-08-31 22:45,7122766
2025-08-31 23:00,7122766
2025-08-31 23:15,7122766
2025-08-31 23:30,7122766
2025-08-31 23:45,7122766
2025-09-01 00:00,7122766
2025-09-01 00:15,7122766
2025-09-01 00:30,7122846
2025-09-01 00:45,7122846
2025-09-01 01:00,7122846
2025-09-01 01:15,7122846
2025-09-01 01:30,7122846
2025-09-01 01:45,7122846
2025-09-01 02:00,7122846
2025-09-01 02:15,7122846
2025-09-01 02:30,7122846
2025-09-01 02:45,7122846
2025-09-01 03:00,7122846
2025-09-01 03:15,7122846
2025-09-01 03:30,7122850
2025-09-01 03:45,7122850
2025-09-01 04:00,7122850
2025-09-01 04:15,7122850
2025-09-01 04:30,7122850
2025-09-01 04:45,7122850
2025-09-01 05:00,7122850
2025-09-01 05:15,7122850
2025-09-01 05:30,7122850
2025-09-01 05:45,7122850
2025-09-01 06:00,7122850
2025-09-01 06:15,7122850
2025-09-01 06:30,7122850
2025-09-01 06:45,7122850
2025-09-01 07:00,7122976
2025-09-01 07:15,7122976
2025-09-01 07:30,7123060
2025-09-01 07:45,7123060
2025-09-01 08:00,7123060
2025-09-01 08:15,7123070
2025-09-01 08:30,7123070
2025-09-01 08:45,7123070
2025-09-01 09:00,7123130
2025-09-01 09:15,7123133
2025-09-01 09:30,7123176
2025-09-01 09:45,7123176
2025-09-01 10:00,7123176
2025-09-01 10:15,7123180
2025-09-01 10:30,7123206
2025-09-01 10:45,7123206
2025-09-01 11:00,7123226
2025-09-01 11:15,7123233
2025-09-01 11:30,7123233
2025-09-01 11:45,7123260
2025-09-01 12:00,7123260
2025-09-01 12:15,7123260
2025-09-01 12:30,7123260
2025-09-01 12:45,7123263
2025-09-01 13:00,7123263
2025-09-01 13:15,7123263
2025-09-01 13:30,7123263
2025-09-01 13:45,7123263
2025-09-01 14:00,7123263
2025-09-01 14:15,7123263
2025-09-01 14:30,7123263
2025-09-01 14:45,7123263
2025-09-01 15:00,7123263
2025-09-01 15:15,7123263
2025-09-01 15:30,7123263
2025-09-01 15:45,7123263
2025-09-01 16:00,7123266
2025-09-01 16:15,7123266
2025-09-01 16:30,7123266
2025-09-01 16:45,7123266
2025-09-01 17:00,7123266
2025-09-01 17:15,7123266
2025-09-01 17:30,7123266
2025-09-01 17:45,7123266
2025-09-01 18:00,7123266
2025-09-01 18:15,7123266
2025-09-01 18:30,7123266
2025-09-01 18:45,7123270
2025-09-01 19:00,7123270
2025-09-01 19:15,7123270
2025-09-01 19:30,7123270
2025-09-01 19:45,7123270
2025-09-01 20:00,7123270
2025-09-01 20:15,7123270
2025-09-01 20:30,7123270
2025-09-01 20:45,7123270
2025-09-01 21:00,7123270
2025-09-01 21:15,7123270
2025-09-01 21:30,7123270
2025-09-01 21:45,7123270
2025-09-01 22:00,7123273
2025-09-01 22:15,7123276
2025-09-01 22:30,7123276
2025-09-01 22:45,7123280
2025-09-01 23:00,7123280
2025-09-01 23:15,7123456
2025-09-01 23:30,7123456
2025-09-01 23:45,7123456
2025-09-02 00:00,7123456
2025-09-02 00:15,7123456
2025-09-02 00:30,7123456
2025-09-02 00:45,7123580
2025-09-02 01:00,7123740
2025-09-02 01:15,7123840
2025-09-02 01:30,7123840
2025-09-02 01:45,7123840
2025-09-02 02:00,7123840
2025-09-02 02:15,7123840
2025-09-02 02:30,7123840
2025-09-02 02:45,7123840
2025-09-02 03:00,7123840
2025-09-02 03:15,7123840
2025-09-02 03:30,7123840
2025-09-02 03:45,7123840
2025-09-02 04:00,7123840
2025-09-02 04:15,7123840
2025-09-02 04:30,7123840
2025-09-02 04:45,7123840
2025-09-02 05:00,7123840
2025-09-02 05:15,7123840
2025-09-02 05:30,7123840
2025-09-02 05:45,7123840
2025-09-02 06:00,7123840
2025-09-02 06:15,7123840
2025-09-02 06:30,7123920
2025-09-02 06:45,7123920
2025-09-02 07:00,7123920
2025-09-02 07:15,7123920
2025-09-02 07:30,7123920
2025-09-02 07:45,7123920
2025-09-02 08:00,7124973
2025-09-02 08:15,7125566
2025-09-02 08:30,7125576
2025-09-02 08:45,7125576
2025-09-02 09:00,7125576
2025-09-02 09:15,7125576
2025-09-02 09:30,7125576
2025-09-02 09:45,7125576
2025-09-02 10:00,7125576
2025-09-02 10:15,7125576
2025-09-02 10:30,7125576
2025-09-02 10:45,7125580
2025-09-02 11:00,7125580
2025-09-02 11:15,7125580
2025-09-02 11:30,7125580
2025-09-02 11:45,7125580
2025-09-02 12:00,7125580
2025-09-02 12:15,7125580
2025-09-02 12:30,7125580
2025-09-02 12:45,7125580
2025-09-02 13:00,7125583
2025-09-02 13:15,7125583
2025-09-02 13:30,7125583
2025-09-02 13:45,7125583
2025-09-02 14:00,7125583
2025-09-02 14:15,7125583
2025-09-02 14:30,7125583
2025-09-02 14:45,7125583
2025-09-02 15:00,7125583
2025-09-02 15:15,7125586
2025-09-02 15:30,7125586
2025-09-02 15:45,7125586
2025-09-02 16:00,7125586
2025-09-02 16:15,7125586
2025-09-02 16:30,7125586
2025-09-02 16:45,7125586
2025-09-02 17:00,7125586
2025-09-02 17:15,7125586
2025-09-02 17:30,7125590
2025-09-02 17:45,7125590
2025-09-02 18:00,7125590
2025-09-02 18:15,7125590
2025-09-02 18:30,7125590
2025-09-02 18:45,7125590
2025-09-02 19:00,7125590
2025-09-02 19:15,7125590
2025-09-02 19:30,7125593
2025-09-02 19:45,7125593
2025-09-02 20:00,7125593
2025-09-02 20:15,7125593
2025-09-02 20:30,7125593
2025-09-02 20:45,7125593
2025-09-02 21:00,7125593
2025-09-02 21:15,7125593
2025-09-02 21:30,7125596
2025-09-02 21:45,7125596
2025-09-02 22:00,7125596
2025-09-02 22:15,7125596
2025-09-02 22:30,7125596
2025-09-02 22:45,7125596
2025-09-02 23:00,7125596
2025-09-02 23:15,7125596
2025-09-02 23:30,7125596
2025-09-02 23:45,7125596
2025-09-03 00:00,7125596
2025-09-03 00:15,7125596
2025-09-03 00:30,7125600
2025-09-03 00:45,7125600
2025-09-03 01:00,7125600
2025-09-03 01:15,7125600
2025-09-03 01:30,7125600
2025-09-03 01:45,7125600
2025-09-03 02:00,7125600
2025-09-03 02:15,7125600
2025-09-03 02:30,7125600
2025-09-03 02:45,7125600
2025-09-03 03:00,7125600
2025-09-03 03:15,7125600
2025-09-03 03:30,7125600
2025-09-03 03:45,7125600
2025-09-03 04:00,7125600
2025-09-03 04:15,7125600
2025-09-03 04:30,7125600
2025-09-03 04:45,7125600
2025-09-03 05:00,7125600
2025-09-03 05:15,7125600
2025-09-03 05:30,7125600
2025-09-03 05:45,7125600
2025-09-03 06:00,7125600
2025-09-03 06:15,7125600
2025-09-03 06:30,7125600
2025-09-03 06:45,7125600
2025-09-03 07:00,7125600
2025-09-03 07:15,7125600
2025-09-03 07:30,7125603
2025-09-03 07:45,7125603
2025-09-03 08:00,7125603
2025-09-03 08:15,7125603
2025-09-03 08:30,7125603
2025-09-03 08:45,7125603
2025-09-03 09:00,7125603
2025-09-03 09:15,7125606
2025-09-03 09:30,7125606
2025-09-03 09:45,7125606
2025-09-03 10:00,7125606
2025-09-03 10:15,7125606
2025-09-03 10:30,7125670
2025-09-03 10:45,7125673
2025-09-03 11:00,7125673
2025-09-03 11:15,7125673
2025-09-03 11:30,7125673
2025-09-03 11:45,7125673
2025-09-03 12:00,7125673
2025-09-03 12:15,7125673
2025-09-03 12:30,7125673
2025-09-03 12:45,7125673
2025-09-03 13:00,7125680
2025-09-03 13:15,7125680
2025-09-03 13:30,7125680
2025-09-03 13:45,7125686
2025-09-03 14:00,7125686
2025-09-03 14:15,7125733
2025-09-03 14:30,7125813
2025-09-03 14:45,7125866
2025-09-03 15:00,7125870
2025-09-03 15:15,7125870
2025-09-03 15:30,7125870
2025-09-03 15:45,7125870
2025-09-03 16:00,7125883
2025-09-03 16:15,7125886
2025-09-03 16:30,7125946
2025-09-03 16:45,7125946
2025-09-03 17:00,7126026
2025-09-03 17:15,7126140
2025-09-03 17:30,7126260
2025-09-03 17:45,7126473
2025-09-03 18:00,7126473
2025-09-03 18:15,7126526
2025-09-03 18:30,7126530
2025-09-03 18:45,7126530
2025-09-03 19:00,7126530
2025-09-03 19:15,7126530
2025-09-03 19:30,7126576
2025-09-03 19:45,7126916
2025-09-03 20:00,7127886
2025-09-03 20:15,7127886
2025-09-03 20:30,7127886
2025-09-03 20:45,7127886
2025-09-03 21:00,7127886
2025-09-03 21:15,7127886
2025-09-03 21:30,7127993
2025-09-03 21:45,7127993
2025-09-03 22:00,7127993
2025-09-03 22:15,7127993
2025-09-03 22:30,7127993
2025-09-03 22:45,7127993
2025-09-03 23:00,7127993
2025-09-03 23:15,7127993
2025-09-03 23:30,7127993
2025-09-03 23:45,7128050
2025-09-04 00:00,7128050
2025-09-04 00:15,7128050
2025-09-04 00:30,7128050
2025-09-04 00:45,7128130
2025-09-04 01:00,7128176
2025-09-04 01:15,7128176
2025-09-04 01:30,7128180
2025-09-04 01:45,7128180
2025-09-04 02:00,7128180
2025-09-04 02:15,7128180
2025-09-04 02:30,7128180
2025-09-04 02:45,7128180
2025-09-04 03:00,7128180
2025-09-04 03:15,7128180
2025-09-04 03:30,7128180
2025-09-04 03:45,7128180
2025-09-04 04:00,7128180
2025-09-04 04:15,7128180
2025-09-04 04:30,7128180
2025-09-04 04:45,7128180
2025-09-04 05:00,7128180
2025-09-04 05:15,7128180
2025-09-04 05:30,7128180
2025-09-04 05:45,7128180
2025-09-04 06:00,7128180
2025-09-04 06:15,7128180
2025-09-04 06:30,7128180
2025-09-04 06:45,7128180
2025-09-04 07:00,7128180
2025-09-04 07:15,7128180
2025-09-04 07:30,7128180
2025-09-04 07:45,7128180
2025-09-04 08:00,7128270
2025-09-04 08:15,7128276
2025-09-04 08:30,7128283
2025-09-04 08:45,7128283
2025-09-04 09:00,7128300
2025-09-04 09:15,7128323
2025-09-04 09:30,7128323
2025-09-04 09:45,7128520
2025-09-04 10:00,7128583
2025-09-04 10:15,7128583
2025-09-04 10:30,7128970
2025-09-04 10:45,7128973
2025-09-04 11:00,7129066
2025-09-04 11:15,7129150
2025-09-04 11:30,7129153
2025-09-04 11:45,7129160
2025-09-04 12:00,7129163
2025-09-04 12:15,7129163
2025-09-04 12:30,7129163
2025-09-04 12:45,7129440
2025-09-04 13:00,7129493
2025-09-04 13:15,7129643
2025-09-04 13:30,7129643
2025-09-04 13:45,7129643
2025-09-04 14:00,7129646
2025-09-04 14:15,7129646
2025-09-04 14:30,7129646
2025-09-04 14:45,7129646
2025-09-04 15:00,7129646
2025-09-04 15:15,7129646
2025-09-04 15:30,7129646
2025-09-04 15:45,7129646
2025-09-04 16:00,7129650
2025-09-04 16:15,7129650
2025-09-04 16:30,7129650
2025-09-04 16:45,7129650
2025-09-04 17:00,7129650
2025-09-04 17:15,7129650
2025-09-04 17:30,7129650
2025-09-04 17:45,7129650
2025-09-04 18:00,7129650
2025-09-04 18:15,7129716
2025-09-04 18:30,7129720
2025-09-04 18:45,7129720
2025-09-04 19:00,7129720
2025-09-04 19:15,7129720
2025-09-04 19:30,7129783
2025-09-04 19:45,7129790
2025-09-04 20:00,7129843
2025-09-04 20:15,7129890
2025-09-04 20:30,7130060
2025-09-04 20:45,7130060
2025-09-04 21:00,7130060
2025-09-04 21:15,7130060
2025-09-04 21:30,7130060
2025-09-04 21:45,7130060
2025-09-04 22:00,7130060
2025-09-04 22:15,7130060
2025-09-04 22:30,7130060
2025-09-04 22:45,7130063
2025-09-04 23:00,7130063
2025-09-04 23:15,7130063
2025-09-04 23:30,7130063
2025-09-04 23:45,7130063
2025-09-05 00:00,7130063
2025-09-05 00:15,7130063
2025-09-05 00:30,7130063
2025-09-05 00:45,7130146
2025-09-05 01:00,7130146
2025-09-05 01:15,7130146
2025-09-05 01:30,7130146
2025-09-05 01:45,7130146
2025-09-05 02:00,7130146
2025-09-05 02:15,7130146
2025-09-05 02:30,7130150
2025-09-05 02:45,7130150
2025-09-05 03:00,7130150
2025-09-05 03:15,7130150
2025-09-05 03:30,7130150
2025-09-05 03:45,7130150
2025-09-05 04:00,7130150
2025-09-05 04:15,7130150
2025-09-05 04:30,7130150
2025-09-05 04:45,7130150
2025-09-05 05:00,7130150
2025-09-05 05:15,7130150
2025-09-05 05:30,7130150
2025-09-05 05:45,7130150
2025-09-05 06:00,7130150
2025-09-05 06:15,7130153
2025-09-05 06:30,7130153
2025-09-05 06:45,7130230
2025-09-05 07:00,7130230
2025-09-05 07:15,7130230
2025-09-05 07:30,7130230
2025-09-05 07:45,7130310
2025-09-05 08:00,7130320
2025-09-05 08:15,7130343
2025-09-05 08:30,7130343
2025-09-05 08:45,7130343
2025-09-05 09:00,7130343
2025-09-05 09:15,7130343
2025-09-05 09:30,7130343
2025-09-05 09:45,7130343
2025-09-05 10:00,7130343
2025-09-05 10:15,7130343
2025-09-05 10:30,7130343
2025-09-05 10:45,7130346
2025-09-05 11:00,7130346
2025-09-05 11:15,7130346
2025-09-05 11:30,7130346
2025-09-05 11:45,7130346
2025-09-05 12:00,7130346
2025-09-05 12:15,7130346
2025-09-05 12:30,7130346
2025-09-05 12:45,7130346
2025-09-05 13:00,7130346
2025-09-05 13:15,7130346
2025-09-05 13:30,7130346
2025-09-05 13:45,7130346
2025-09-05 14:00,7130346
2025-09-05 14:15,7130350
2025-09-05 14:30,7130350
2025-09-05 14:45,7130350
2025-09-05 15:00,7130350
2025-09-05 15:15,7130350
2025-09-05 15:30,7130350
2025-09-05 15:45,7130350
2025-09-05 16:00,7130350
2025-09-05 16:15,7130350
2025-09-05 16:30,7130350
2025-09-05 16:45,7130350
2025-09-05 17:00,7130350
2025-09-05 17:15,7130350
2025-09-05 17:30,7130410
2025-09-05 17:45,7130410
2025-09-05 18:00,7130413
2025-09-05 18:15,7131006
2025-09-05 18:30,7132503
2025-09-05 18:45,7132563
2025-09-05 19:00,7132563
2025-09-05 19:15,7132563
2025-09-05 19:30,7132630
2025-09-05 19:45,7132630
2025-09-05 20:00,7132656
2025-09-05 20:15,7132663
2025-09-05 20:30,7132740
2025-09-05 20:45,7132740
2025-09-05 21:00,7132740
2025-09-05 21:15,7132740
2025-09-05 21:30,7132740
2025-09-05 21:45,7132740
2025-09-05 22:00,7132740
2025-09-05 22:15,7132740
2025-09-05 22:30,7132740
2025-09-05 22:45,7132740
2025-09-05 23:00,7132740
2025-09-05 23:15,7132740
2025-09-05 23:30,7132740
2025-09-05 23:45,7132740
2025-09-06 00:00,7132743
2025-09-06 00:15,7132743
2025-09-06 00:30,7132743
2025-09-06 00:45,7132743
2025-09-06 01:00,7132743
2025-09-06 01:15,7132743
2025-09-06 01:30,7132743
2025-09-06 01:45,7132743
2025-09-06 02:00,7132743
2025-09-06 02:15,7132743
2025-09-06 02:30,7132743
2025-09-06 02:45,7132743
2025-09-06 03:00,7132743
2025-09-06 03:15,7132743
2025-09-06 03:30,7132743
2025-09-06 03:45,7132743
2025-09-06 04:00,7132743
2025-09-06 04:15,7132743
2025-09-06 04:30,7132743
2025-09-06 04:45,7132743
2025-09-06 05:00,7132743
2025-09-06 05:15,7132743
2025-09-06 05:30,7132743
2025-09-06 05:45,7132743
2025-09-06 06:00,7132743
2025-09-06 06:15,7132743
2025-09-06 06:30,7132743
2025-09-06 06:45,7132743
2025-09-06 07:00,7132790
2025-09-06 07:15,7132790
2025-09-06 07:30,7132790
2025-09-06 07:45,7132793
2025-09-06 08:00,7132866
2025-09-06 08:15,7132870
2025-09-06 08:30,7132896
2025-09-06 08:45,7132896
2025-09-06 09:00,7132896
2025-09-06 09:15,7132896
2025-09-06 09:30,7132896
2025-09-06 09:45,7132896
2025-09-06 10:00,7132896
2025-09-06 10:15,7132896
2025-09-06 10:30,7132896
2025-09-06 10:45,7132896
2025-09-06 11:00,7132896
2025-09-06 11:15,7132900
2025-09-06 11:30,7132940
2025-09-06 11:45,7133000
2025-09-06 12:00,7133146
2025-09-06 12:15,7133146
2025-09-06 12:30,7133146
2025-09-06 12:45,7133146
2025-09-06 13:00,7133146
2025-09-06 13:15,7133146
2025-09-06 13:30,7133150
2025-09-06 13:45,7133210
2025-09-06 14:00,7133210
2025-09-06 14:15,7133226
2025-09-06 14:30,7133230
2025-09-06 14:45,7133230
2025-09-06 15:00,7133230
2025-09-06 15:15,7133233
2025-09-06 15:30,7133233
2025-09-06 15:45,7133233
2025-09-06 16:00,7133233
2025-09-06 16:15,7133233
2025-09-06 16:30,7133296
2025-09-06 16:45,7133366
2025-09-06 17:00,7133366
2025-09-06 17:15,7133366
2025-09-06 17:30,7133376
2025-09-06 17:45,7133436
2025-09-06 18:00,7133436
2025-09-06 18:15,7133436
2025-09-06 18:30,7133436
2025-09-06 18:45,7133436
2025-09-06 19:00,7133436
2025-09-06 19:15,7133446
2025-09-06 19:30,7133446
2025-09-06 19:45,7133450
2025-09-06 20:00,7133450
2025-09-06 20:15,7133450
2025-09-06 20:30,7133450
2025-09-06 20:45,7133450
2025-09-06 21:00,7133570
2025-09-06 21:15,7133570
2025-09-06 21:30,7133570
2025-09-06 21:45,7133570
2025-09-06 22:00,7133570
2025-09-06 22:15,7133570
2025-09-06 22:30,7133570
2025-09-06 22:45,7133570
2025-09-06 23:00,7133570
2025-09-06 23:15,7133570
2025-09-06 23:30,7133570
2025-09-06 23:45,7133570
2025-09-07 00:00,7133573
2025-09-07 00:15,7133573
2025-09-07 00:30,7133573
2025-09-07 00:45,7133573
2025-09-07 01:00,7133573
2025-09-07 01:15,7133573
2025-09-07 01:30,7133573
2025-09-07 01:45,7133573
2025-09-07 02:00,7133573
2025-09-07 02:15,7133573
2025-09-07 02:30,7133573
2025-09-07 02:45,7133573
2025-09-07 03:00,7133573
2025-09-07 03:15,7133573
2025-09-07 03:30,7133573
2025-09-07 03:45,7133573
2025-09-07 04:00,7133573
2025-09-07 04:15,7133573
2025-09-07 04:30,7133573
2025-09-07 04:45,7133573
2025-09-07 05:00,7133573
2025-09-07 05:15,7133573
2025-09-07 05:30,7133573
2025-09-07 05:45,7133573
2025-09-07 06:00,7133573
2025-09-07 06:15,7133573
2025-09-07 06:30,7133576
2025-09-07 06:45,7133576
2025-09-07 07:00,7133656
2025-09-07 07:15,7133656
2025-09-07 07:30,7133656
2025-09-07 07:45,7133736
2025-09-07 08:00,7133736
2025-09-07 08:15,7133736
2025-09-07 08:30,7133736
2025-09-07 08:45,7133736
2025-09-07 09:00,7133816
2025-09-07 09:15,7133823
2025-09-07 09:30,7133823
2025-09-07 09:45,7133836
2025-09-07 10:00,7133866
2025-09-07 10:15,7133870
2025-09-07 10:30,7133870
2025-09-07 10:45,7133870
2025-09-07 11:00,7133870
2025-09-07 11:15,7133870
2025-09-07 11:30,7133870
2025-09-07 11:45,7133870
2025-09-07 12:00,7133870
2025-09-07 12:15,7133870
2025-09-07 12:30,7133870
2025-09-07 12:45,7133870
2025-09-07 13:00,7133870
2025-09-07 13:15,7133870
2025-09-07 13:30,7133870
2025-09-07 13:45,7133873
2025-09-07 14:00,7133873
2025-09-07 14:15,7133873
2025-09-07 14:30,7133873
2025-09-07 14:45,7133873
2025-09-07 15:00,7133873
2025-09-07 15:15,7133873
2025-09-07 15:30,7133873
2025-09-07 15:45,7133873
2025-09-07 16:00,7133873
2025-09-07 16:15,7133873
2025-09-07 16:30,7133873
2025-09-07 16:45,7133873
2025-09-07 17:00,7133873
2025-09-07 17:15,7133876
2025-09-07 17:30,7133886
2025-09-07 17:45,7133960
2025-09-07 18:00,7133960
2025-09-07 18:15,7133963
2025-09-07 18:30,7133993
2025-09-07 18:45,7135226
2025-09-07 19:00,7136310
2025-09-07 19:15,7136350
2025-09-07 19:30,7136490
2025-09-07 19:45,7136490
2025-09-07 20:00,7136490
2025-09-07 20:15,7136490
2025-09-07 20:30,7136490
2025-09-07 20:45,7136490
2025-09-07 21:00,7136490
2025-09-07 21:15,7136490
2025-09-07 21:30,7136490
2025-09-07 21:45,7136493
2025-09-07 22:00,7136493
2025-09-07 22:15,7136530
2025-09-07 22:30,7136690
2025-09-07 22:45,7136750
2025-09-07 23:00,7136750
2025-09-07 23:15,7136750
2025-09-07 23:30,7136780
2025-09-07 23:45,7136780
2025-09-08 00:00,7136810
2025-09-08 00:15,7136886
2025-09-08 00:30,7136886
2025-09-08 00:45,7136916
2025-09-08 01:00,7136916
2025-09-08 01:15,7136916
2025-09-08 01:30,7136916
2025-09-08 01:45,7136916
2025-09-08 02:00,7136916
2025-09-08 02:15,7136916
2025-09-08 02:30,7136916
2025-09-08 02:45,7136916
2025-09-08 03:00,7136916
2025-09-08 03:15,7136916
2025-09-08 03:30,7136916
2025-09-08 03:45,7136916
2025-09-08 04:00,7136916
2025-09-08 04:15,7136916
2025-09-08 04:30,7136916
2025-09-08 04:45,7136916
2025-09-08 05:00,7136916
2025-09-08 05:15,7136916
2025-09-08 05:30,7136916
2025-09-08 05:45,7136916
2025-09-08 06:00,7136916
2025-09-08 06:15,7136960
2025-09-08 06:30,7136960
2025-09-08 06:45,7136960
2025-09-08 07:00,7136960
2025-09-08 07:15,7136960
2025-09-08 07:30,7136960
2025-09-08 07:45,7137040
2025-09-08 08:00,7137040
2025-09-08 08:15,7137100
2025-09-08 08:30,7137100
2025-09-08 08:45,7137103
2025-09-08 09:00,7137103
2025-09-08 09:15,7137103
2025-09-08 09:30,7137103
2025-09-08 09:45,7137103
2025-09-08 10:00,7137103
2025-09-08 10:15,7137103
2025-09-08 10:30,7137103
2025-09-08 10:45,7137103
2025-09-08 11:00,7137103
2025-09-08 11:15,7137106
2025-09-08 11:30,7137106
2025-09-08 11:45,7137106
2025-09-08 12:00,7137106
2025-09-08 12:15,7137106
2025-09-08 12:30,7137106
2025-09-08 12:45,7137106
2025-09-08 13:00,7137106
2025-09-08 13:15,7137106
2025-09-08 13:30,7137106
2025-09-08 13:45,7137106
2025-09-08 14:00,7137106
2025-09-08 14:15,7137110
2025-09-08 14:30,7137110
2025-09-08 14:45,7137110
2025-09-08 15:00,7137110
2025-09-08 15:15,7137110
2025-09-08 15:30,7137110
2025-09-08 15:45,7137110
2025-09-08 16:00,7137110
2025-09-08 16:15,7137110
2025-09-08 16:30,7137110
2025-09-08 16:45,7137113
2025-09-08 17:00,7137113
2025-09-08 17:15,7137113
2025-09-08 17:30,7137113
2025-09-08 17:45,7137113
2025-09-08 18:00,7137113
2025-09-08 18:15,7137113
2025-09-08 18:30,7137113
2025-09-08 18:45,7137113
2025-09-08 19:00,7137113
2025-09-08 19:15,7137113
2025-09-08 19:30,7137113
2025-09-08 19:45,7137116
2025-09-08 20:00,7137116
2025-09-08 20:15,7137116
2025-09-08 20:30,7137116
2025-09-08 20:45,7137116
2025-09-08 21:00,7137116
2025-09-08 21:15,7137120
2025-09-08 21:30,7137120
2025-09-08 21:45,7137123
2025-09-08 22:00,7137123
2025-09-08 22:15,7137126
2025-09-08 22:30,7137126
2025-09-08 22:45,7137126
2025-09-08 23:00,7137126
2025-09-08 23:15,7137213
2025-09-08 23:30,7137213
2025-09-08 23:45,7137213
2025-09-09 00:00,7137213
2025-09-09 00:15,7137213
2025-09-09 00:30,7137213
2025-09-09 00:45,7137213
2025-09-09 01:00,7137213
2025-09-09 01:15,7137213
2025-09-09 01:30,7137213
2025-09-09 01:45,7137213
2025-09-09 02:00,7137213
2025-09-09 02:15,7137213
2025-09-09 02:30,7137213
2025-09-09 02:45,7137213
2025-09-09 03:00,7137213
2025-09-09 03:15,7137213
2025-09-09 03:30,7137213
2025-09-09 03:45,7137213
2025-09-09 04:00,7137213
2025-09-09 04:15,7137213
2025-09-09 04:30,7137213
2025-09-09 04:45,7137216
2025-09-09 05:00,7137216
2025-09-09 05:15,7137216
2025-09-09 05:30,7137216
2025-09-09 05:45,7137216
2025-09-09 06:00,7137216
2025-09-09 06:15,7137216
2025-09-09 06:30,7137216
2025-09-09 06:45,7137216
2025-09-09 07:00,7137216
2025-09-09 07:15,7137216
2025-09-09 07:30,7137216
2025-09-09 07:45,7137216
2025-09-09 08:00,7137296
2025-09-09 08:15,7138730
2025-09-09 08:30,7139140
2025-09-09 08:45,7139140
2025-09-09 09:00,7139140
2025-09-09 09:15,7139140
2025-09-09 09:30,7139140
2025-09-09 09:45,7139140
2025-09-09 10:00,7139140
2025-09-09 10:15,7139140
2025-09-09 10:30,7139140
2025-09-09 10:45,7139140
2025-09-09 11:00,7139140
2025-09-09 11:15,7139140
2025-09-09 11:30,7139140
2025-09-09 11:45,7139143
2025-09-09 12:00,7139143
2025-09-09 12:15,7139143
2025-09-09 12:30,7139143
2025-09-09 12:45,7139143
2025-09-09 13:00,7139143
2025-09-09 13:15,7139143
2025-09-09 13:30,7139143
2025-09-09 13:45,7139143
2025-09-09 14:00,7139143
2025-09-09 14:15,7139143
2025-09-09 14:30,7139143
2025-09-09 14:45,7139143
2025-09-09 15:00,7139143
2025-09-09 15:15,7139143
2025-09-09 15:30,7139143
2025-09-09 15:45,7139143
2025-09-09 16:00,7139143
2025-09-09 16:15,7139146
2025-09-09 16:30,7139146
2025-09-09 16:45,7139146
2025-09-09 17:00,7139146
2025-09-09 17:15,7139146
2025-09-09 17:30,7139146
2025-09-09 17:45,7139146
2025-09-09 18:00,7139146
2025-09-09 18:15,7139146
2025-09-09 18:30,7139146
2025-09-09 18:45,7139146
2025-09-09 19:00,7139146
2025-09-09 19:15,7139146
2025-09-09 19:30,7139146
2025-09-09 19:45,7139146
2025-09-09 20:00,7139146
2025-09-09 20:15,7139146
2025-09-09 20:30,7139146
2025-09-09 20:45,7139150
2025-09-09 21:00,7139150
2025-09-09 21:15,7139570
2025-09-09 21:30,7141423
2025-09-09 21:45,7141423
2025-09-09 22:00,7141423
2025-09-09 22:15,7141423
2025-09-09 22:30,7141423
2025-09-09 22:45,7141510
2025-09-09 23:00,7141580
2025-09-09 23:15,7141663
2025-09-09 23:30,7141830
2025-09-09 23:45,7141830
2025-09-10 00:00,7141830
2025-09-10 00:15,7142186
2025-09-10 00:30,7142186
2025-09-10 00:45,7142186
2025-09-10 01:00,7142186
2025-09-10 01:15,7142186
2025-09-10 01:30,7142186
2025-09-10 01:45,7142186
2025-09-10 02:00,7142186
2025-09-10 02:15,7142186
2025-09-10 02:30,7142186
2025-09-10 02:45,7142186
2025-09-10 03:00,7142186
2025-09-10 03:15,7142186
2025-09-10 03:30,7142186
2025-09-10 03:45,7142186
2025-09-10 04:00,7142186
2025-09-10 04:15,7142186
2025-09-10 04:30,7142186
2025-09-10 04:45,7142186
2025-09-10 05:00,7142186
2025-09-10 05:15,7142186
2025-09-10 05:30,7142186
2025-09-10 05:45,7142186
2025-09-10 06:00,7142186
2025-09-10 06:15,7142186
2025-09-10 06:30,7142186
2025-09-10 06:45,7142186
2025-09-10 07:00,7142186
2025-09-10 07:15,7142190
2025-09-10 07:30,7142190
2025-09-10 07:45,7142190
2025-09-10 08:00,7142190
2025-09-10 08:15,7142190
2025-09-10 08:30,7142190
2025-09-10 08:45,7142190
2025-09-10 09:00,7142270
2025-09-10 09:15,7142270
2025-09-10 09:30,7142270
2025-09-10 09:45,7142270
2025-09-10 10:00,7142270
2025-09-10 10:15,7142270
2025-09-10 10:30,7142273
2025-09-10 10:45,7142273
2025-09-10 11:00,7142273
2025-09-10 11:15,7142273
2025-09-10 11:30,7142273
2025-09-10 11:45,7142273
2025-09-10 12:00,7142480
2025-09-10 12:15,7142483
2025-09-10 12:30,7142483
2025-09-10 12:45,7142483
2025-09-10 13:00,7142510
2025-09-10 13:15,7142510
2025-09-10 13:30,7142510
2025-09-10 13:45,7142510
2025-09-10 14:00,7142733
2025-09-10 14:15,7142956
2025-09-10 14:30,7143053
2025-09-10 14:45,7143183
2025-09-10 15:00,7143250
2025-09-10 15:15,7143310
2025-09-10 15:30,7143386
2025-09-10 15:45,7143573
2025-09-10 16:00,7143573
2025-09-10 16:15,7143633
2025-09-10 16:30,7143633
2025-09-10 16:45,7143633
2025-09-10 17:00,7143633
2025-09-10 17:15,7143633
2025-09-10 17:30,7143636
2025-09-10 17:45,7143636
2025-09-10 18:00,7143646
2025-09-10 18:15,7143646
2025-09-10 18:30,7143650
2025-09-10 18:45,7143650
2025-09-10 19:00,7143650
2025-09-10 19:15,7143650
2025-09-10 19:30,7143713
2025-09-10 19:45,7145020
2025-09-10 20:00,7145690
2025-09-10 20:15,7145690
2025-09-10 20:30,7145690
2025-09-10 20:45,7145760
2025-09-10 21:00,7145760
2025-09-10 21:15,7145760
2025-09-10 21:30,7145760
2025-09-10 21:45,7145760
2025-09-10 22:00,7145820
2025-09-10 22:15,7145820
2025-09-10 22:30,7145820
2025-09-10 22:45,7146010
2025-09-10 23:00,7146020
2025-09-10 23:15,7146050
2025-09-10 23:30,7146050
2025-09-10 23:45,7146050
2025-09-11 00:00,7146050
2025-09-11 00:15,7146130
2025-09-11 00:30,7146130
2025-09-11 00:45,7146130
2025-09-11 01:00,7146130
2025-09-11 01:15,7146130
2025-09-11 01:30,7146130
2025-09-11 01:45,7146130
2025-09-11 02:00,7146130
2025-09-11 02:15,7146130
2025-09-11 02:30,7146130
2025-09-11 02:45,7146130
2025-09-11 03:00,7146130
2025-09-11 03:15,7146130
2025-09-11 03:30,7146130
2025-09-11 03:45,7146130
2025-09-11 04:00,7146130
2025-09-11 04:15,7146130
2025-09-11 04:30,7146130
2025-09-11 04:45,7146130
2025-09-11 05:00,7146130
2025-09-11 05:15,7146130
2025-09-11 05:30,7146130
2025-09-11 05:45,7146130
2025-09-11 06:00,7146130
2025-09-11 06:15,7146130
2025-09-11 06:30,7146130
2025-09-11 06:45,7146133
2025-09-11 07:00,7146133
2025-09-11 07:15,7146133
2025-09-11 07:30,7146133
2025-09-11 07:45,7146133
2025-09-11 08:00,7146213
2025-09-11 08:15,7146220
2025-09-11 08:30,7146300
2025-09-11 08:45,7146306
2025-09-11 09:00,7146306
2025-09-11 09:15,7146330
2025-09-11 09:30,7146330
2025-09-11 09:45,7146540
2025-09-11 10:00,7146610
2025-09-11 10:15,7146706
2025-09-11 10:30,7146850
2025-09-11 10:45,7147146
2025-09-11 11:00,7147146
2025-09-11 11:15,7147146
2025-09-11 11:30,7147236
2025-09-11 11:45,7147443
2025-09-11 12:00,7147543
2025-09-11 12:15,7147580
2025-09-11 12:30,7147623
2025-09-11 12:45,7147680
2025-09-11 13:00,7147680
2025-09-11 13:15,7147683
2025-09-11 13:30,7147903
2025-09-11 13:45,7148126
2025-09-11 14:00,7148126
2025-09-11 14:15,7148126
2025-09-11 14:30,7148126
2025-09-11 14:45,7148133
2025-09-11 15:00,7148136
2025-09-11 15:15,7148140
2025-09-11 15:30,7148196
2025-09-11 15:45,7148196
2025-09-11 16:00,7148280
2025-09-11 16:15,7148283
2025-09-11 16:30,7148283
2025-09-11 16:45,7148283
2025-09-11 17:00,7148283
2025-09-11 17:15,7148290
2025-09-11 17:30,7148290
2025-09-11 17:45,7148290
2025-09-11 18:00,7148410
2025-09-11 18:15,7148410
2025-09-11 18:30,7148410
2025-09-11 18:45,7148410
2025-09-11 19:00,7148413
2025-09-11 19:15,7148566
2025-09-11 19:30,7148566
2025-09-11 19:45,7148660
2025-09-11 20:00,7148723
2025-09-11 20:15,7148890
2025-09-11 20:30,7148890
2025-09-11 20:45,7148910
2025-09-11 21:00,7148916
2025-09-11 21:15,7148916
2025-09-11 21:30,7148946
2025-09-11 21:45,7149196
2025-09-11 22:00,7149763
2025-09-11 22:15,7150783
2025-09-11 22:30,7151953
2025-09-11 22:45,7152060
2025-09-11 23:00,7152060
2025-09-11 23:15,7152060
2025-09-11 23:30,7152060
2025-09-11 23:45,7152060
2025-09-12 00:00,7152060
2025-09-12 00:15,7152060
2025-09-12 00:30,7152060
2025-09-12 00:45,7152060
2025-09-12 01:00,7152060
2025-09-12 01:15,7152060
2025-09-12 01:30,7152060
2025-09-12 01:45,7152060
2025-09-12 02:00,7152060
2025-09-12 02:15,7152060
2025-09-12 02:30,7152060
2025-09-12 02:45,7152060
2025-09-12 03:00,7152060
2025-09-12 03:15,7152060
2025-09-12 03:30,7152060
2025-09-12 03:45,7152060
2025-09-12 04:00,7152060
2025-09-12 04:15,7152060
2025-09-12 04:30,7152060
2025-09-12 04:45,7152060
2025-09-12 05:00,7152060
2025-09-12 05:15,7152060
2025-09-12 05:30,7152060
2025-09-12 05:45,7152060
2025-09-12 06:00,7152060
2025-09-12 06:15,7152060
2025-09-12 06:30,7152100
2025-09-12 06:45,7152100
2025-09-12 07:00,7152100
2025-09-12 07:15,7152103
2025-09-12 07:30,7152103
2025-09-12 07:45,7152103
2025-09-12 08:00,7152183
2025-09-12 08:15,7152200
2025-09-12 08:30,7152203
2025-09-12 08:45,7152203
2025-09-12 09:00,7152203
2025-09-12 09:15,7152203
2025-09-12 09:30,7152203
2025-09-12 09:45,7152203
2025-09-12 10:00,7152203
2025-09-12 10:15,7152203
2025-09-12 10:30,7152203
2025-09-12 10:45,7152203
2025-09-12 11:00,7152203
2025-09-12 11:15,7152203
2025-09-12 11:30,7152203
2025-09-12 11:45,7152203
2025-09-12 12:00,7152203
2025-09-12 12:15,7152206
2025-09-12 12:30,7152206
2025-09-12 12:45,7152206
2025-09-12 13:00,7152206
2025-09-12 13:15,7152206
2025-09-12 13:30,7152206
2025-09-12 13:45,7152206
2025-09-12 14:00,7152206
2025-09-12 14:15,7152206
2025-09-12 14:30,7152206
2025-09-12 14:45,7152206
2025-09-12 15:00,7152206
2025-09-12 15:15,7152206
2025-09-12 15:30,7152206
2025-09-12 15:45,7152206
2025-09-12 16:00,7152206
2025-09-12 16:15,7152206
2025-09-12 16:30,7152206
2025-09-12 16:45,7152210
2025-09-12 17:00,7152210
2025-09-12 17:15,7152210
2025-09-12 17:30,7152210
2025-09-12 17:45,7152210
2025-09-12 18:00,7152270
2025-09-12 18:15,7152270
2025-09-12 18:30,7152283
2025-09-12 18:45,7152283
2025-09-12 19:00,7152303
2025-09-12 19:15,7152330
2025-09-12 19:30,7152350
2025-09-12 19:45,7152476
2025-09-12 20:00,7152513
2025-09-12 20:15,7152516
2025-09-12 20:30,7152543
2025-09-12 20:45,7152543
2025-09-12 21:00,7152570
2025-09-12 21:15,7152570
2025-09-12 21:30,7152570
2025-09-12 21:45,7152600
2025-09-12 22:00,7152600
2025-09-12 22:15,7152600
2025-09-12 22:30,7152600
2025-09-12 22:45,7152600
2025-09-12 23:00,7152600
2025-09-12 23:15,7152600
2025-09-12 23:30,7152663
2025-09-12 23:45,7152663
2025-09-13 00:00,7152663
2025-09-13 00:15,7152726
2025-09-13 00:30,7152726
2025-09-13 00:45,7152726
2025-09-13 01:00,7152810
2025-09-13 01:15,7152810
2025-09-13 01:30,7152810
2025-09-13 01:45,7152810
2025-09-13 02:00,7152810
2025-09-13 02:15,7152810
2025-09-13 02:30,7152810
2025-09-13 02:45,7152810
2025-09-13 03:00,7152810
2025-09-13 03:15,7152810
2025-09-13 03:30,7152810
2025-09-13 03:45,7152810
2025-09-13 04:00,7152810
2025-09-13 04:15,7152810
2025-09-13 04:30,7152810
2025-09-13 04:45,7152810
2025-09-13 05:00,7152810
2025-09-13 05:15,7152810
2025-09-13 05:30,7152810
2025-09-13 05:45,7152956
2025-09-13 06:00,7152956
2025-09-13 06:15,7152956
2025-09-13 06:30,7152956
2025-09-13 06:45,7152956
2025-09-13 07:00,7152956
2025-09-13 07:15,7152956
2025-09-13 07:30,7153326
2025-09-13 07:45,7153333
2025-09-13 08:00,7153336
2025-09-13 08:15,7153420
2025-09-13 08:30,7153420
2025-09-13 08:45,7153420
2025-09-13 09:00,7153420
2025-09-13 09:15,7153420
2025-09-13 09:30,7153420
2025-09-13 09:45,7153420
2025-09-13 10:00,7153420
2025-09-13 10:15,7153423
2025-09-13 10:30,7153536
2025-09-13 10:45,7153546
2025-09-13 11:00,7153733
2025-09-13 11:15,7153733
2025-09-13 11:30,7153733
2025-09-13 11:45,7153733
2025-09-13 12:00,7153750
2025-09-13 12:15,7153766
2025-09-13 12:30,7153766
2025-09-13 12:45,7153876
2025-09-13 13:00,7154000
2025-09-13 13:15,7155290
2025-09-13 13:30,7155506
2025-09-13 13:45,7155590
2025-09-13 14:00,7155683
2025-09-13 14:15,7155713
2025-09-13 14:30,7155713
2025-09-13 14:45,7155743
2025-09-13 15:00,7155743
2025-09-13 15:15,7155760
2025-09-13 15:30,7155763
2025-09-13 15:45,7155796
2025-09-13 16:00,7155796
2025-09-13 16:15,7155800
2025-09-13 16:30,7156016
2025-09-13 16:45,7156063
2025-09-13 17:00,7156126
2025-09-13 17:15,7156260
2025-09-13 17:30,7156286
2025-09-13 17:45,7156306
2025-09-13 18:00,7156306
2025-09-13 18:15,7156323
2025-09-13 18:30,7156350
2025-09-13 18:45,7156986
2025-09-13 19:00,7157143
2025-09-13 19:15,7157153
2025-09-13 19:30,7157153
2025-09-13 19:45,7157153
2025-09-13 20:00,7157296
2025-09-13 20:15,7157296
2025-09-13 20:30,7157440
2025-09-13 20:45,7157440
2025-09-13 21:00,7157480
2025-09-13 21:15,7157480
2025-09-13 21:30,7157483
2025-09-13 21:45,7157483
2025-09-13 22:00,7157483
2025-09-13 22:15,7157493
2025-09-13 22:30,7157493
2025-09-13 22:45,7157493
2025-09-13 23:00,7157493
2025-09-13 23:15,7157523
2025-09-13 23:30,7157526
2025-09-13 23:45,7157546
2025-09-14 00:00,7157550
2025-09-14 00:15,7157550
2025-09-14 00:30,7157580
2025-09-14 00:45,7157580
2025-09-14 01:00,7157580
2025-09-14 01:15,7157580
2025-09-14 01:30,7157580
2025-09-14 01:45,7157580
2025-09-14 02:00,7157580
2025-09-14 02:15,7157580
2025-09-14 02:30,7157580
2025-09-14 02:45,7157580
2025-09-14 03:00,7157580
2025-09-14 03:15,7157580
2025-09-14 03:30,7157580
2025-09-14 03:45,7157580
2025-09-14 04:00,7157580
2025-09-14 04:15,7157580
2025-09-14 04:30,7157580
2025-09-14 04:45,7157580
2025-09-14 05:00,7157580
2025-09-14 05:15,7157580
2025-09-14 05:30,7157580
2025-09-14 05:45,7157580
2025-09-14 06:00,7157620
2025-09-14 06:15,7157620
2025-09-14 06:30,7157620
2025-09-14 06:45,7157623
2025-09-14 07:00,7157623
2025-09-14 07:15,7157623
2025-09-14 07:30,7157623
2025-09-14 07:45,7157623
2025-09-14 08:00,7157623
2025-09-14 08:15,7157626
2025-09-14 08:30,7157626
2025-09-14 08:45,7157626
2025-09-14 09:00,7158233
2025-09-14 09:15,7158246
2025-09-14 09:30,7158260
2025-09-14 09:45,7158260
2025-09-14 10:00,7158260
2025-09-14 10:15,7158350
2025-09-14 10:30,7158413
2025-09-14 10:45,7158540
2025-09-14 11:00,7158543
2025-09-14 11:15,7158543
2025-09-14 11:30,7158543
2025-09-14 11:45,7158593
2025-09-14 12:00,7158780
2025-09-14 12:15,7158970
2025-09-14 12:30,7158970
2025-09-14 12:45,7158973
2025-09-14 13:00,7158973
2025-09-14 13:15,7158973
2025-09-14 13:30,7158973
2025-09-14 13:45,7158973
2025-09-14 14:00,7158973
2025-09-14 14:15,7158973
2025-09-14 14:30,7158973
2025-09-14 14:45,7158973
2025-09-14 15:00,7158973
2025-09-14 15:15,7158973
2025-09-14 15:30,7158980
2025-09-14 15:45,7158980
2025-09-14 16:00,7159023
2025-09-14 16:15,7159033
2025-09-14 16:30,7159036
2025-09-14 16:45,7159036
2025-09-14 17:00,7159213
2025-09-14 17:15,7159386
2025-09-14 17:30,7159396
2025-09-14 17:45,7159396
2025-09-14 18:00,7159486
2025-09-14 18:15,7159493
2025-09-14 18:30,7159493
2025-09-14 18:45,7159543
2025-09-14 19:00,7159543
2025-09-14 19:15,7159543
2025-09-14 19:30,7159543
2025-09-14 19:45,7159543
2025-09-14 20:00,7159543
2025-09-14 20:15,7159543
2025-09-14 20:30,7159543
2025-09-14 20:45,7159546
2025-09-14 21:00,7159546
2025-09-14 21:15,7159546
2025-09-14 21:30,7159546
2025-09-14 21:45,7159606
2025-09-14 22:00,7159610
2025-09-14 22:15,7159610
2025-09-14 22:30,7159610
2025-09-14 22:45,7159610
2025-09-14 23:00,7159613
2025-09-14 23:15,7159673
2025-09-14 23:30,7159673
2025-09-14 23:45,7159673
2025-09-15 00:00,7159673
2025-09-15 00:15,7159673
2025-09-15 00:30,7159673
2025-09-15 00:45,7159673
2025-09-15 01:00,7159673
2025-09-15 01:15,7159673
2025-09-15 01:30,7159673
2025-09-15 01:45,7159673
2025-09-15 02:00,7159673
2025-09-15 02:15,7159673
2025-09-15 02:30,7159673
2025-09-15 02:45,7159673
2025-09-15 03:00,7159673
2025-09-15 03:15,7159673
2025-09-15 03:30,7159673
2025-09-15 03:45,7159673
2025-09-15 04:00,7159673
2025-09-15 04:15,7159676
2025-09-15 04:30,7159676
2025-09-15 04:45,7159676
2025-09-15 05:00,7159676
2025-09-15 05:15,7159676
2025-09-15 05:30,7159676
2025-09-15 05:45,7159676
2025-09-15 06:00,7159676
2025-09-15 06:15,7159676
2025-09-15 06:30,7159676
2025-09-15 06:45,7159676
2025-09-15 07:00,7159676
2025-09-15 07:15,7159676
2025-09-15 07:30,7159676
2025-09-15 07:45,7159676
2025-09-15 08:00,7159676
2025-09-15 08:15,7159760
2025-09-15 08:30,7159766
2025-09-15 08:45,7159766
2025-09-15 09:00,7159766
2025-09-15 09:15,7159766
2025-09-15 09:30,7159770
2025-09-15 09:45,7159770
2025-09-15 10:00,7159770
2025-09-15 10:15,7159770
2025-09-15 10:30,7159770
2025-09-15 10:45,7159770
2025-09-15 11:00,7159770
2025-09-15 11:15,7159770
2025-09-15 11:30,7159770
2025-09-15 11:45,7159770
2025-09-15 12:00,7159770
2025-09-15 12:15,7159773
2025-09-15 12:30,7159773
2025-09-15 12:45,7159773
2025-09-15 13:00,7159773
2025-09-15 13:15,7159773
2025-09-15 13:30,7159773
2025-09-15 13:45,7159773
2025-09-15 14:00,7159773
2025-09-15 14:15,7159773
2025-09-15 14:30,7159776
2025-09-15 14:45,7159776
2025-09-15 15:00,7159776
2025-09-15 15:15,7159776
2025-09-15 15:30,7159776
2025-09-15 15:45,7159776
2025-09-15 16:00,7159776
2025-09-15 16:15,7159776
2025-09-15 16:30,7159776
2025-09-15 16:45,7159776
2025-09-15 17:00,7159776
2025-09-15 17:15,7159780
2025-09-15 17:30,7159780
2025-09-15 17:45,7159780
2025-09-15 18:00,7159780
2025-09-15 18:15,7159780
2025-09-15 18:30,7159780
2025-09-15 18:45,7159780
2025-09-15 19:00,7159780
2025-09-15 19:15,7159783
2025-09-15 19:30,7159783
2025-09-15 19:45,7159783
2025-09-15 20:00,7159783
2025-09-15 20:15,7159783
2025-09-15 20:30,7159783
2025-09-15 20:45,7159783
2025-09-15 21:00,7159783
2025-09-15 21:15,7159783
2025-09-15 21:30,7159816
2025-09-15 21:45,7161363
2025-09-15 22:00,7161923
2025-09-15 22:15,7161923
2025-09-15 22:30,7161923
2025-09-15 22:45,7161923
2025-09-15 23:00,7162053
2025-09-15 23:15,7162053
2025-09-15 23:30,7162053
2025-09-15 23:45,7162053
2025-09-16 00:00,7162053
2025-09-16 00:15,7162056
2025-09-16 00:30,7162056
2025-09-16 00:45,7162056
2025-09-16 01:00,7162056
2025-09-16 01:15,7162056
2025-09-16 01:30,7162056
2025-09-16 01:45,7162056
2025-09-16 02:00,7162056
2025-09-16 02:15,7162056
2025-09-16 02:30,7162056
2025-09-16 02:45,7162056
2025-09-16 03:00,7162056
2025-09-16 03:15,7162056
2025-09-16 03:30,7162056
2025-09-16 03:45,7162056
2025-09-16 04:00,7162056
2025-09-16 04:15,7162056
2025-09-16 04:30,7162056
2025-09-16 04:45,7162056
2025-09-16 05:00,7162056
2025-09-16 05:15,7162056
2025-09-16 05:30,7162056
2025-09-16 05:45,7162056
2025-09-16 06:00,7162056
2025-09-16 06:15,7162056
2025-09-16 06:30,7162056
2025-09-16 06:45,7162056
2025-09-16 07:00,7162056
2025-09-16 07:15,7162056
2025-09-16 07:30,7162056
2025-09-16 07:45,7162060
2025-09-16 08:00,7162060
2025-09-16 08:15,7162060
2025-09-16 08:30,7162100
2025-09-16 08:45,7162100
2025-09-16 09:00,7162100
2025-09-16 09:15,7162100
2025-09-16 09:30,7162100
2025-09-16 09:45,7162100
2025-09-16 10:00,7162100
2025-09-16 10:15,7162100
2025-09-16 10:30,7162100
2025-09-16 10:45,7162100
2025-09-16 11:00,7162100
2025-09-16 11:15,7162100
2025-09-16 11:30,7162100
2025-09-16 11:45,7162100
2025-09-16 12:00,7162103
2025-09-16 12:15,7162103
2025-09-16 12:30,7162103
2025-09-16 12:45,7162103
2025-09-16 13:00,7162103
2025-09-16 13:15,7162103
2025-09-16 13:30,7162103
2025-09-16 13:45,7162103
2025-09-16 14:00,7162103
2025-09-16 14:15,7162103
2025-09-16 14:30,7162103
2025-09-16 14:45,7162106
2025-09-16 15:00,7162106
2025-09-16 15:15,7162106
2025-09-16 15:30,7162106
2025-09-16 15:45,7162106
2025-09-16 16:00,7162106
2025-09-16 16:15,7162106
2025-09-16 16:30,7162106
2025-09-16 16:45,7162106
2025-09-16 17:00,7162106
2025-09-16 17:15,7162106
2025-09-16 17:30,7162110
2025-09-16 17:45,7162110
2025-09-16 18:00,7162110
2025-09-16 18:15,7162110
2025-09-16 18:30,7162110
2025-09-16 18:45,7162110
2025-09-16 19:00,7162110
2025-09-16 19:15,7162110
2025-09-16 19:30,7162110
2025-09-16 19:45,7162110
2025-09-16 20:00,7162126
2025-09-16 20:15,7162130
2025-09-16 20:30,7162130
2025-09-16 20:45,7162130
2025-09-16 21:00,7162130
2025-09-16 21:15,7162130
2025-09-16 21:30,7162130
2025-09-16 21:45,7162130
2025-09-16 22:00,7162130
2025-09-16 22:15,7162136
2025-09-16 22:30,7162136
2025-09-16 22:45,7162136
2025-09-16 23:00,7162136
2025-09-16 23:15,7162136
2025-09-16 23:30,7162136
2025-09-16 23:45,7162136
2025-09-17 00:00,7162136
2025-09-17 00:15,7162136
2025-09-17 00:30,7162136
2025-09-17 00:45,7162136
2025-09-17 01:00,7162136
2025-09-17 01:15,7162136
2025-09-17 01:30,7162136
2025-09-17 01:45,7162136
2025-09-17 02:00,7162136
2025-09-17 02:15,7162136
2025-09-17 02:30,7162136
2025-09-17 02:45,7162136
2025-09-17 03:00,7162136
2025-09-17 03:15,7162136
2025-09-17 03:30,7162136
2025-09-17 03:45,7162136
2025-09-17 04:00,7162136
2025-09-17 04:15,7162136
2025-09-17 04:30,7162136
2025-09-17 04:45,7162136
2025-09-17 05:00,7162136
2025-09-17 05:15,7162136
2025-09-17 05:30,7162136
2025-09-17 05:45,7162136
2025-09-17 06:00,7162136
2025-09-17 06:15,7162136
2025-09-17 06:30,7162136
2025-09-17 06:45,7162136
2025-09-17 07:00,7162136
2025-09-17 07:15,7162136
2025-09-17 07:30,7162136
2025-09-17 07:45,7162140
2025-09-17 08:00,7162140
2025-09-17 08:15,7162140
2025-09-17 08:30,7162216
2025-09-17 08:45,7162216
2025-09-17 09:00,7162216
2025-09-17 09:15,7162216
2025-09-17 09:30,7162220
2025-09-17 09:45,7162220
2025-09-17 10:00,7162220
2025-09-17 10:15,7162220
2025-09-17 10:30,7162220
2025-09-17 10:45,7162220
2025-09-17 11:00,7162220
2025-09-17 11:15,7162220
2025-09-17 11:30,7162220
2025-09-17 11:45,7162220
2025-09-17 12:00,7162220
2025-09-17 12:15,7162220
2025-09-17 12:30,7162223
2025-09-17 12:45,7162223
2025-09-17 13:00,7162226
2025-09-17 13:15,7162233
2025-09-17 13:30,7162303
2025-09-17 13:45,7162303
2025-09-17 14:00,7162343
2025-09-17 14:15,7162343
2025-09-17 14:30,7162343
2025-09-17 14:45,7162356
2025-09-17 15:00,7162486
2025-09-17 15:15,7162656
2025-09-17 15:30,7162800
2025-09-17 15:45,7162800
2025-09-17 16:00,7162800
2025-09-17 16:15,7162810
2025-09-17 16:30,7162810
2025-09-17 16:45,7162810
2025-09-17 17:00,7162933
2025-09-17 17:15,7163046
2025-09-17 17:30,7163076
2025-09-17 17:45,7163076
2025-09-17 18:00,7163076
2025-09-17 18:15,7163136
2025-09-17 18:30,7163150
2025-09-17 18:45,7163150
2025-09-17 19:00,7163150
2025-09-17 19:15,7163213
2025-09-17 19:30,7164620
2025-09-17 19:45,7165726
2025-09-17 20:00,7165726
2025-09-17 20:15,7165726
2025-09-17 20:30,7165726
2025-09-17 20:45,7165726
2025-09-17 21:00,7165726
2025-09-17 21:15,7165726
2025-09-17 21:30,7165726
2025-09-17 21:45,7165726
2025-09-17 22:00,7165726
2025-09-17 22:15,7165726
2025-09-17 22:30,7165726
2025-09-17 22:45,7165726
2025-09-17 23:00,7165730
2025-09-17 23:15,7165730
2025-09-17 23:30,7165730
2025-09-17 23:45,7165730
2025-09-18 00:00,7165730
2025-09-18 00:15,7165806
2025-09-18 00:30,7165806
2025-09-18 00:45,7165806
2025-09-18 01:00,7165806
2025-09-18 01:15,7165806
2025-09-18 01:30,7165806
2025-09-18 01:45,7165806
2025-09-18 02:00,7165806
2025-09-18 02:15,7165806
2025-09-18 02:30,7165806
2025-09-18 02:45,7165806
2025-09-18 03:00,7165806
2025-09-18 03:15,7165806
2025-09-18 03:30,7165806
2025-09-18 03:45,7165806
2025-09-18 04:00,7165806
2025-09-18 04:15,7165806
2025-09-18 04:30,7165806
2025-09-18 04:45,7165806
2025-09-18 05:00,7165806
2025-09-18 05:15,7165806
2025-09-18 05:30,7165806
2025-09-18 05:45,7165806
2025-09-18 06:00,7165806
2025-09-18 06:15,7165806
2025-09-18 06:30,7165806
2025-09-18 06:45,7165806
2025-09-18 07:00,7165806
2025-09-18 07:15,7165810
2025-09-18 07:30,7165810
2025-09-18 07:45,7165810
2025-09-18 08:00,7165810
2025-09-18 08:15,7165876
2025-09-18 08:30,7165903
2025-09-18 08:45,7165923
2025-09-18 09:00,7165943
2025-09-18 09:15,7165943
2025-09-18 09:30,7166070
2025-09-18 09:45,7166330
2025-09-18 10:00,7166390
2025-09-18 10:15,7166456
2025-09-18 10:30,7166456
2025-09-18 10:45,7166456
2025-09-18 11:00,7166526
2025-09-18 11:15,7166643
2025-09-18 11:30,7166683
2025-09-18 11:45,7166683
2025-09-18 12:00,7166683
2025-09-18 12:15,7166683
2025-09-18 12:30,7166683
2025-09-18 12:45,7166766
2025-09-18 13:00,7166776
2025-09-18 13:15,7166776
2025-09-18 13:30,7166920
2025-09-18 13:45,7166950
2025-09-18 14:00,7166950
2025-09-18 14:15,7166950
2025-09-18 14:30,7166950
2025-09-18 14:45,7166950
2025-09-18 15:00,7166950
2025-09-18 15:15,7167110
2025-09-18 15:30,7167270
2025-09-18 15:45,7167270
2025-09-18 16:00,7167270
2025-09-18 16:15,7167270
2025-09-18 16:30,7167270
2025-09-18 16:45,7167270
2025-09-18 17:00,7167270
2025-09-18 17:15,7167270
2025-09-18 17:30,7167296
2025-09-18 17:45,7167306
2025-09-18 18:00,7167306
2025-09-18 18:15,7167373
2025-09-18 18:30,7167610
2025-09-18 18:45,7167860
2025-09-18 19:00,7167860
2025-09-18 19:15,7167933
2025-09-18 19:30,7168076
2025-09-18 19:45,7168130
2025-09-18 20:00,7168130
2025-09-18 20:15,7168316
2025-09-18 20:30,7168426
2025-09-18 20:45,7168433
2025-09-18 21:00,7168463
2025-09-18 21:15,7168470
2025-09-18 21:30,7168546
2025-09-18 21:45,7168580
2025-09-18 22:00,7168580
2025-09-18 22:15,7168800
2025-09-18 22:30,7169006
2025-09-18 22:45,7170670
2025-09-18 23:00,7171256
2025-09-18 23:15,7171256
2025-09-18 23:30,7171256
2025-09-18 23:45,7171256
2025-09-19 00:00,7171256
2025-09-19 00:15,7171256
2025-09-19 00:30,7171256
2025-09-19 00:45,7171256
2025-09-19 01:00,7171256
2025-09-19 01:15,7171256
2025-09-19 01:30,7171256
2025-09-19 01:45,7171256
2025-09-19 02:00,7171256
2025-09-19 02:15,7171256
2025-09-19 02:30,7171256
2025-09-19 02:45,7171256
2025-09-19 03:00,7171256
2025-09-19 03:15,7171256
2025-09-19 03:30,7171256
2025-09-19 03:45,7171256
2025-09-19 04:00,7171256
2025-09-19 04:15,7171256
2025-09-19 04:30,7171256
2025-09-19 04:45,7171256
2025-09-19 05:00,7171256
2025-09-19 05:15,7171256
2025-09-19 05:30,7171256
2025-09-19 05:45,7171256
2025-09-19 06:00,7171256
2025-09-19 06:15,7171256
2025-09-19 06:30,7171256
2025-09-19 06:45,7171430
2025-09-19 07:00,7171490
2025-09-19 07:15,7171490
2025-09-19 07:30,7171576
2025-09-19 07:45,7171590
2025-09-19 08:00,7171683
2025-09-19 08:15,7171700
2025-09-19 08:30,7171780
2025-09-19 08:45,7171780
2025-09-19 09:00,7171780
2025-09-19 09:15,7171780
2025-09-19 09:30,7171780
2025-09-19 09:45,7171780
2025-09-19 10:00,7171780
2025-09-19 10:15,7171780
2025-09-19 10:30,7171780
2025-09-19 10:45,7171780
2025-09-19 11:00,7171780
2025-09-19 11:15,7171780
2025-09-19 11:30,7171783
2025-09-19 11:45,7171783
2025-09-19 12:00,7171783
2025-09-19 12:15,7171783
2025-09-19 12:30,7171783
2025-09-19 12:45,7171783
2025-09-19 13:00,7171783
2025-09-19 13:15,7171783
2025-09-19 13:30,7171783
2025-09-19 13:45,7171783
2025-09-19 14:00,7171783
2025-09-19 14:15,7171783
2025-09-19 14:30,7171783
2025-09-19 14:45,7171783
2025-09-19 15:00,7171783
2025-09-19 15:15,7171783
2025-09-19 15:30,7171786
2025-09-19 15:45,7171786
2025-09-19 16:00,7171786
2025-09-19 16:15,7171786
2025-09-19 16:30,7171786
2025-09-19 16:45,7171786
2025-09-19 17:00,7171786
2025-09-19 17:15,7171786
2025-09-19 17:30,7171786
2025-09-19 17:45,7171786
2025-09-19 18:00,7171786
2025-09-19 18:15,7171786
2025-09-19 18:30,7171786
2025-09-19 18:45,7171786
2025-09-19 19:00,7171786
2025-09-19 19:15,7171790
2025-09-19 19:30,7171790
2025-09-19 19:45,7171790
2025-09-19 20:00,7171790
2025-09-19 20:15,7171790
2025-09-19 20:30,7171790
2025-09-19 20:45,7171790
2025-09-19 21:00,7171790
2025-09-19 21:15,7171790
2025-09-19 21:30,7171790
2025-09-19 21:45,7171790
2025-09-19 22:00,7171790
2025-09-19 22:15,7171790
2025-09-19 22:30,7171790
2025-09-19 22:45,7171790
2025-09-19 23:00,7171790
2025-09-19 23:15,7171790
2025-09-19 23:30,7171790
2025-09-19 23:45,7171790
2025-09-20 00:00,7171790
2025-09-20 00:15,7171800
2025-09-20 00:30,7171910
2025-09-20 00:45,7171923
2025-09-20 01:00,7171963
2025-09-20 01:15,7171963
2025-09-20 01:30,7172050
2025-09-20 01:45,7172050
2025-09-20 02:00,7172050
2025-09-20 02:15,7172050
2025-09-20 02:30,7172050
2025-09-20 02:45,7172050
2025-09-20 03:00,7172050
2025-09-20 03:15,7172120
2025-09-20 03:30,7172120
2025-09-20 03:45,7172120
2025-09-20 04:00,7172120
2025-09-20 04:15,7172120
2025-09-20 04:30,7172120
2025-09-20 04:45,7172120
2025-09-20 05:00,7172120
2025-09-20 05:15,7172156
2025-09-20 05:30,7172156
2025-09-20 05:45,7172156
2025-09-20 06:00,7172226
2025-09-20 06:15,7172226
2025-09-20 06:30,7172263
2025-09-20 06:45,7172263
2025-09-20 07:00,7172263
2025-09-20 07:15,7172263
2025-09-20 07:30,7172263
2025-09-20 07:45,7172263
2025-09-20 08:00,7172263
2025-09-20 08:15,7172263
2025-09-20 08:30,7172333
2025-09-20 08:45,7172333
2025-09-20 09:00,7172333
2025-09-20 09:15,7172846
2025-09-20 09:30,7172903
2025-09-20 09:45,7172913
2025-09-20 10:00,7173020
2025-09-20 10:15,7173020
2025-09-20 10:30,7173020
2025-09-20 10:45,7173020
2025-09-20 11:00,7173053
2025-09-20 11:15,7173053
2025-09-20 11:30,7173560
2025-09-20 11:45,7173643
2025-09-20 12:00,7173673
2025-09-20 12:15,7173676
2025-09-20 12:30,7173703
2025-09-20 12:45,7173706
2025-09-20 13:00,7173706
2025-09-20 13:15,7173810
2025-09-20 13:30,7173810
2025-09-20 13:45,7173810
2025-09-20 14:00,7173810
2025-09-20 14:15,7173810
2025-09-20 14:30,7173810
2025-09-20 14:45,7173810
2025-09-20 15:00,7173810
2025-09-20 15:15,7173810
2025-09-20 15:30,7173810
2025-09-20 15:45,7173810
2025-09-20 16:00,7173810
2025-09-20 16:15,7173810
2025-09-20 16:30,7173810
2025-09-20 16:45,7173810
2025-09-20 17:00,7173810
2025-09-20 17:15,7173810
2025-09-20 17:30,7173810
2025-09-20 17:45,7173913
2025-09-20 18:00,7173916
2025-09-20 18:15,7173916
2025-09-20 18:30,7173926
2025-09-20 18:45,7173926
2025-09-20 19:00,7173926
2025-09-20 19:15,7173930
2025-09-20 19:30,7173930
2025-09-20 19:45,7173930
2025-09-20 20:00,7174000
2025-09-20 20:15,7174000
2025-09-20 20:30,7174000
2025-09-20 20:45,7174073
2025-09-20 21:00,7174073
2025-09-20 21:15,7174073
2025-09-20 21:30,7174073
2025-09-20 21:45,7174106
2025-09-20 22:00,7174113
2025-09-20 22:15,7174183
2025-09-20 22:30,7174183
2025-09-20 22:45,7174183
2025-09-20 23:00,7174223
2025-09-20 23:15,7174323
2025-09-20 23:30,7174326
2025-09-20 23:45,7174326
2025-09-21 00:00,7174326
2025-09-21 00:15,7174326
2025-09-21 00:30,7174326
2025-09-21 00:45,7174326
2025-09-21 01:00,7174326
2025-09-21 01:15,7174326
2025-09-21 01:30,7174326
2025-09-21 01:45,7174326
2025-09-21 02:00,7174326
2025-09-21 02:15,7174326
2025-09-21 02:30,7174326
2025-09-21 02:45,7174326
2025-09-21 03:00,7174363
2025-09-21 03:15,7174363
2025-09-21 03:30,7174363
2025-09-21 03:45,7174363
2025-09-21 04:00,7174363
2025-09-21 04:15,7174396
2025-09-21 04:30,7174396
2025-09-21 04:45,7174396
2025-09-21 05:00,7174396
2025-09-21 05:15,7174396
2025-09-21 05:30,7174396
2025-09-21 05:45,7174396
2025-09-21 06:00,7174400
2025-09-21 06:15,7174400
2025-09-21 06:30,7174400
2025-09-21 06:45,7174400
2025-09-21 07:00,7174400
2025-09-21 07:15,7174400
2025-09-21 07:30,7174400
2025-09-21 07:45,7174400
2025-09-21 08:00,7174400
2025-09-21 08:15,7174400
2025-09-21 08:30,7174433
2025-09-21 08:45,7174440
2025-09-21 09:00,7174893
2025-09-21 09:15,7174943
2025-09-21 09:30,7174950
2025-09-21 09:45,7175020
2025-09-21 10:00,7175043
2025-09-21 10:15,7175043
2025-09-21 10:30,7175043
2025-09-21 10:45,7175043
2025-09-21 11:00,7175043
2025-09-21 11:15,7175043
2025-09-21 11:30,7175043
2025-09-21 11:45,7175080
2025-09-21 12:00,7175080
2025-09-21 12:15,7175080
2025-09-21 12:30,7175080
2025-09-21 12:45,7175140
2025-09-21 13:00,7175146
2025-09-21 13:15,7175146
2025-09-21 13:30,7175146
2025-09-21 13:45,7175193
2025-09-21 14:00,7175210
2025-09-21 14:15,7175493
2025-09-21 14:30,7175513
2025-09-21 14:45,7175543
2025-09-21 15:00,7175566
2025-09-21 15:15,7175590
2025-09-21 15:30,7175590
2025-09-21 15:45,7175636
2025-09-21 16:00,7175913
2025-09-21 16:15,7176066
2025-09-21 16:30,7176106
2025-09-21 16:45,7176106
2025-09-21 17:00,7176203
2025-09-21 17:15,7176203
2025-09-21 17:30,7176250
2025-09-21 17:45,7176280
2025-09-21 18:00,7176280
2025-09-21 18:15,7176290
2025-09-21 18:30,7176300
2025-09-21 18:45,7176300
2025-09-21 19:00,7176413
2025-09-21 19:15,7176750
2025-09-21 19:30,7176926
2025-09-21 19:45,7176926
2025-09-21 20:00,7176926
2025-09-21 20:15,7176926
2025-09-21 20:30,7176926
2025-09-21 20:45,7176926
2025-09-21 21:00,7176960
2025-09-21 21:15,7176963
2025-09-21 21:30,7176963
2025-09-21 21:45,7177036
2025-09-21 22:00,7177036
2025-09-21 22:15,7177113
2025-09-21 22:30,7177113
2025-09-21 22:45,7177113
2025-09-21 23:00,7177113
2025-09-21 23:15,7177173
2025-09-21 23:30,7177173
2025-09-21 23:45,7177173
2025-09-22 00:00,7177173
2025-09-22 00:15,7177173
2025-09-22 00:30,7177210
2025-09-22 00:45,7177210
2025-09-22 01:00,7177210
2025-09-22 01:15,7177250
2025-09-22 01:30,7177250
2025-09-22 01:45,7177250
2025-09-22 02:00,7177250
2025-09-22 02:15,7177316
2025-09-22 02:30,7177316
2025-09-22 02:45,7177316
2025-09-22 03:00,7177316
2025-09-22 03:15,7177316
2025-09-22 03:30,7177316
2025-09-22 03:45,7177316
2025-09-22 04:00,7177316
2025-09-22 04:15,7177316
2025-09-22 04:30,7177316
2025-09-22 04:45,7177316
2025-09-22 05:00,7177316
2025-09-22 05:15,7177316
2025-09-22 05:30,7177316
2025-09-22 05:45,7177316
2025-09-22 06:00,7177316
2025-09-22 06:15,7177386
2025-09-22 06:30,7177386
2025-09-22 06:45,7177386
2025-09-22 07:00,7177386
2025-09-22 07:15,7177386
2025-09-22 07:30,7177386
2025-09-22 07:45,7177426
2025-09-22 08:00,7177426
2025-09-22 08:15,7177426
2025-09-22 08:30,7177426
2025-09-22 08:45,7177426
2025-09-22 09:00,7177426
2025-09-22 09:15,7178196
2025-09-22 09:30,7178233
2025-09-22 09:45,7178233
2025-09-22 10:00,7178236
2025-09-22 10:15,7178316
2025-09-22 10:30,7178373
2025-09-22 10:45,7178373
2025-09-22 11:00,7178513
2025-09-22 11:15,7178540
2025-09-22 11:30,7178570
2025-09-22 11:45,7178603
2025-09-22 12:00,7178840
2025-09-22 12:15,7179120
2025-09-22 12:30,7179160
2025-09-22 12:45,7179160
2025-09-22 13:00,7179160
2025-09-22 13:15,7179160
2025-09-22 13:30,7179160
2025-09-22 13:45,7179160
2025-09-22 14:00,7179160
2025-09-22 14:15,7179160
2025-09-22 14:30,7179160
2025-09-22 14:45,7179236
2025-09-22 15:00,7179300
2025-09-22 15:15,7179300
2025-09-22 15:30,7179310
2025-09-22 15:45,7179310
2025-09-22 16:00,7179310
2025-09-22 16:15,7179336
2025-09-22 16:30,7179446
2025-09-22 16:45,7179536
2025-09-22 17:00,7179556
2025-09-22 17:15,7179556
2025-09-22 17:30,7179556
2025-09-22 17:45,7179686
2025-09-22 18:00,7179686
2025-09-22 18:15,7179726
2025-09-22 18:30,7179846
2025-09-22 18:45,7179966
2025-09-22 19:00,7180043
2025-09-22 19:15,7180076
2025-09-22 19:30,7180080
2025-09-22 19:45,7180080
2025-09-22 20:00,7180080
2025-09-22 20:15,7180126
2025-09-22 20:30,7180196
2025-09-22 20:45,7180196
2025-09-22 21:00,7180226
2025-09-22 21:15,7180226
2025-09-22 21:30,7180286
2025-09-22 21:45,7180303
2025-09-22 22:00,7180350
2025-09-22 22:15,7180350
2025-09-22 22:30,7180350
2025-09-22 22:45,7180350
2025-09-22 23:00,7180350
2025-09-22 23:15,7180353
2025-09-22 23:30,7180353
2025-09-22 23:45,7180410
2025-09-23 00:00,7180410
2025-09-23 00:15,7180423
2025-09-23 00:30,7180536
2025-09-23 00:45,7180536
2025-09-23 01:00,7180536
2025-09-23 01:15,7180536
2025-09-23 01:30,7180536
2025-09-23 01:45,7180536
2025-09-23 02:00,7180536
2025-09-23 02:15,7180536
2025-09-23 02:30,7180570
2025-09-23 02:45,7180570
2025-09-23 03:00,7180606
2025-09-23 03:15,7180606
2025-09-23 03:30,7180606
2025-09-23 03:45,7180606
2025-09-23 04:00,7180606
2025-09-23 04:15,7180606
2025-09-23 04:30,7180606
2025-09-23 04:45,7180606
2025-09-23 05:00,7180606
2025-09-23 05:15,7180606
2025-09-23 05:30,7180606
2025-09-23 05:45,7180646
2025-09-23 06:00,7180646
2025-09-23 06:15,7180646
2025-09-23 06:30,7180646
2025-09-23 06:45,7180646
2025-09-23 07:00,7180646
2025-09-23 07:15,7180646
2025-09-23 07:30,7180646
2025-09-23 07:45,7180646
2025-09-23 08:00,7180646
2025-09-23 08:15,7180810
2025-09-23 08:30,7180943
2025-09-23 08:45,7181210
2025-09-23 09:00,7181210
2025-09-23 09:15,7181210
2025-09-23 09:30,7181210
2025-09-23 09:45,7181216
2025-09-23 10:00,7181230
2025-09-23 10:15,7181230
2025-09-23 10:30,7181230
2025-09-23 10:45,7181230
2025-09-23 11:00,7181973
2025-09-23 11:15,7181976
2025-09-23 11:30,7182100
2025-09-23 11:45,7182140
2025-09-23 12:00,7182230
2025-09-23 12:15,7182300
2025-09-23 12:30,7182346
2025-09-23 12:45,7182346
2025-09-23 13:00,7182633
2025-09-23 13:15,7182806
2025-09-23 13:30,7182810
2025-09-23 13:45,7182810
2025-09-23 14:00,7182810
2025-09-23 14:15,7182973
2025-09-23 14:30,7183086
2025-09-23 14:45,7183196
2025-09-23 15:00,7183270
2025-09-23 15:15,7183270
2025-09-23 15:30,7183286
2025-09-23 15:45,7183293
2025-09-23 16:00,7183293
2025-09-23 16:15,7183293
2025-09-23 16:30,7183543
2025-09-23 16:45,7183543
2025-09-23 17:00,7183543
2025-09-23 17:15,7183543
2025-09-23 17:30,7183543
2025-09-23 17:45,7183613
2025-09-23 18:00,7183643
2025-09-23 18:15,7183643
2025-09-23 18:30,7183643
2025-09-23 18:45,7183643
2025-09-23 19:00,7183700
2025-09-23 19:15,7183776
2025-09-23 19:30,7183810
2025-09-23 19:45,7183810
2025-09-23 20:00,7183810
2025-09-23 20:15,7184990
2025-09-23 20:30,7186186
2025-09-23 20:45,7186186
2025-09-23 21:00,7186223
2025-09-23 21:15,7186223
2025-09-23 21:30,7186223
2025-09-23 21:45,7186223
2025-09-23 22:00,7186386
2025-09-23 22:15,7186553
2025-09-23 22:30,7186606
2025-09-23 22:45,7186606
2025-09-23 23:00,7186606
2025-09-23 23:15,7186606
2025-09-23 23:30,7186700
2025-09-23 23:45,7186700
2025-09-24 00:00,7186700
2025-09-24 00:15,7186700
2025-09-24 00:30,7186703
2025-09-24 00:45,7186780
2025-09-24 01:00,7186820
2025-09-24 01:15,7186833
2025-09-24 01:30,7186833
2025-09-24 01:45,7186836
2025-09-24 02:00,7186836
2025-09-24 02:15,7186836
2025-09-24 02:30,7186836
2025-09-24 02:45,7186836
2025-09-24 03:00,7186836
2025-09-24 03:15,7186836
2025-09-24 03:30,7186836
2025-09-24 03:45,7186836
2025-09-24 04:00,7186836
2025-09-24 04:15,7186836
2025-09-24 04:30,7186836
2025-09-24 04:45,7186836
2025-09-24 05:00,7186836
2025-09-24 05:15,7186836
2025-09-24 05:30,7186836
2025-09-24 05:45,7186873
2025-09-24 06:00,7186873
2025-09-24 06:15,7186873
2025-09-24 06:30,7186960
2025-09-24 06:45,7186960
2025-09-24 07:00,7186996
2025-09-24 07:15,7186996
2025-09-24 07:30,7187040
2025-09-24 07:45,7187046
2025-09-24 08:00,7187050
2025-09-24 08:15,7187510
2025-09-24 08:30,7187510
2025-09-24 08:45,7188013
2025-09-24 09:00,7188013
2025-09-24 09:15,7188013
2025-09-24 09:30,7188040
2025-09-24 09:45,7188046
2025-09-24 10:00,7188066
2025-09-24 10:15,7188066
2025-09-24 10:30,7188096
2025-09-24 10:45,7188210
2025-09-24 11:00,7188210
2025-09-24 11:15,7188210
2025-09-24 11:30,7188210
2025-09-24 11:45,7188210
2025-09-24 12:00,7188216
2025-09-24 12:15,7188216
2025-09-24 12:30,7188220
2025-09-24 12:45,7188220
2025-09-24 13:00,7188250
2025-09-24 13:15,7188370
2025-09-24 13:30,7188380
2025-09-24 13:45,7188456
2025-09-24 14:00,7188506
2025-09-24 14:15,7188530
2025-09-24 14:30,7188530
2025-09-24 14:45,7188553
2025-09-24 15:00,7188576
2025-09-24 15:15,7188576
2025-09-24 15:30,7188583
2025-09-24 15:45,7189133
2025-09-24 16:00,7189140
2025-09-24 16:15,7189226
2025-09-24 16:30,7189233
2025-09-24 16:45,7189233
2025-09-24 17:00,7189260
2025-09-24 17:15,7189303
2025-09-24 17:30,7189376
2025-09-24 17:45,7189446
2025-09-24 18:00,7189466
2025-09-24 18:15,7189490
2025-09-24 18:30,7189490
2025-09-24 18:45,7189666
2025-09-24 19:00,7189666
2025-09-24 19:15,7189770
2025-09-24 19:30,7189770
2025-09-24 19:45,7189816
2025-09-24 20:00,7190666
2025-09-24 20:15,7190666
2025-09-24 20:30,7190750
2025-09-24 20:45,7190786
2025-09-24 21:00,7190786
2025-09-24 21:15,7190786
2025-09-24 21:30,7190786
2025-09-24 21:45,7190816
2025-09-24 22:00,7190956
2025-09-24 22:15,7190980
2025-09-24 22:30,7191000
2025-09-24 22:45,7191050
2025-09-24 23:00,7191063
2025-09-24 23:15,7191066
2025-09-24 23:30,7191066
2025-09-24 23:45,7191066
2025-09-25 00:00,7191066
2025-09-25 00:15,7191110
2025-09-25 00:30,7191110
2025-09-25 00:45,7191213
2025-09-25 01:00,7191216
2025-09-25 01:15,7191216
2025-09-25 01:30,7191216
2025-09-25 01:45,7191216
2025-09-25 02:00,7191216
2025-09-25 02:15,7191216
2025-09-25 02:30,7191216
2025-09-25 02:45,7191216
2025-09-25 03:00,7191216
2025-09-25 03:15,7191216
2025-09-25 03:30,7191216
2025-09-25 03:45,7191216
2025-09-25 04:00,7191216
2025-09-25 04:15,7191293
2025-09-25 04:30,7191293
2025-09-25 04:45,7191293
2025-09-25 05:00,7191293
2025-09-25 05:15,7191293
2025-09-25 05:30,7191293
2025-09-25 05:45,7191293
2025-09-25 06:00,7191293
2025-09-25 06:15,7191293
2025-09-25 06:30,7191293
2025-09-25 06:45,7191380
2025-09-25 07:00,7191380
2025-09-25 07:15,7191383
2025-09-25 07:30,7191420
2025-09-25 07:45,7191420
2025-09-25 08:00,7191420
2025-09-25 08:15,7191823
2025-09-25 08:30,7191823
2025-09-25 08:45,7191826
2025-09-25 09:00,7191836
2025-09-25 09:15,7191873
2025-09-25 09:30,7191993
2025-09-25 09:45,7192316
2025-09-25 10:00,7192456
2025-09-25 10:15,7192516
2025-09-25 10:30,7192520
2025-09-25 10:45,7192530
2025-09-25 11:00,7192610
2025-09-25 11:15,7192616
2025-09-25 11:30,7192666
2025-09-25 11:45,7192986
2025-09-25 12:00,7193200
2025-09-25 12:15,7193216
2025-09-25 12:30,7193216
2025-09-25 12:45,7193216
2025-09-25 13:00,7193280
2025-09-25 13:15,7193283
2025-09-25 13:30,7193346
2025-09-25 13:45,7193346
2025-09-25 14:00,7193380
2025-09-25 14:15,7193380
2025-09-25 14:30,7193380
2025-09-25 14:45,7193460
2025-09-25 15:00,7193480
2025-09-25 15:15,7193510
2025-09-25 15:30,7193510
2025-09-25 15:45,7193510
2025-09-25 16:00,7193510
2025-09-25 16:15,7193510
2025-09-25 16:30,7193526
2025-09-25 16:45,7193526
2025-09-25 17:00,7193550
2025-09-25 17:15,7193743
2025-09-25 17:30,7193753
2025-09-25 17:45,7193753
2025-09-25 18:00,7193766
2025-09-25 18:15,7193803
2025-09-25 18:30,7194040
2025-09-25 18:45,7194263
2025-09-25 19:00,7194346
2025-09-25 19:15,7194376
2025-09-25 19:30,7194376
2025-09-25 19:45,7194386
2025-09-25 20:00,7194450
2025-09-25 20:15,7194450
2025-09-25 20:30,7194450
2025-09-25 20:45,7194496
2025-09-25 21:00,7194496
2025-09-25 21:15,7194496
2025-09-25 21:30,7194496
2025-09-25 21:45,7194503
2025-09-25 22:00,7194503
2025-09-25 22:15,7194503
2025-09-25 22:30,7195833
2025-09-25 22:45,7197456
2025-09-25 23:00,7197460
2025-09-25 23:15,7197460
2025-09-25 23:30,7197460
2025-09-25 23:45,7197630
2025-09-26 00:00,7197686
2025-09-26 00:15,7197686
2025-09-26 00:30,7197720
2025-09-26 00:45,7197720
2025-09-26 01:00,7197720
2025-09-26 01:15,7197720
2025-09-26 01:30,7197720
2025-09-26 01:45,7197720
2025-09-26 02:00,7197720
2025-09-26 02:15,7197720
2025-09-26 02:30,7197720
2025-09-26 02:45,7197786
2025-09-26 03:00,7197786
2025-09-26 03:15,7197786
2025-09-26 03:30,7197786
2025-09-26 03:45,7197786
2025-09-26 04:00,7197786
2025-09-26 04:15,7197786
2025-09-26 04:30,7197786
2025-09-26 04:45,7197786
2025-09-26 05:00,7197786
2025-09-26 05:15,7197786
2025-09-26 05:30,7197786
2025-09-26 05:45,7197786
2025-09-26 06:00,7197823
2025-09-26 06:15,7197823
2025-09-26 06:30,7197823
2025-09-26 06:45,7197893
2025-09-26 07:00,7197893
2025-09-26 07:15,7197896
2025-09-26 07:30,7197896
2025-09-26 07:45,7197993
2025-09-26 08:00,7197993
2025-09-26 08:15,7198016
2025-09-26 08:30,7198016
2025-09-26 08:45,7198016
2025-09-26 09:00,7198090
2025-09-26 09:15,7198913
2025-09-26 09:30,7198993
2025-09-26 09:45,7198993
2025-09-26 10:00,7198993
2025-09-26 10:15,7198993
2025-09-26 10:30,7199133
2025-09-26 10:45,7199660
2025-09-26 11:00,7199703
2025-09-26 11:15,7199863
2025-09-26 11:30,7199980
2025-09-26 11:45,7200060
2025-09-26 12:00,7200060
2025-09-26 12:15,7200086
2025-09-26 12:30,7200103
2025-09-26 12:45,7200110
2025-09-26 13:00,7200163
2025-09-26 13:15,7200270
2025-09-26 13:30,7200303
2025-09-26 13:45,7200320
2025-09-26 14:00,7200320
2025-09-26 14:15,7200323
2025-09-26 14:30,7200323
2025-09-26 14:45,7200836
2025-09-26 15:00,7201056
2025-09-26 15:15,7201193
2025-09-26 15:30,7201193
2025-09-26 15:45,7201423
2025-09-26 16:00,7201463
2025-09-26 16:15,7201486
2025-09-26 16:30,7201513
2025-09-26 16:45,7201513
2025-09-26 17:00,7201630
2025-09-26 17:15,7201650
2025-09-26 17:30,7201670
2025-09-26 17:45,7201670
2025-09-26 18:00,7201723
2025-09-26 18:15,7201960
2025-09-26 18:30,7201960
2025-09-26 18:45,7201960
2025-09-26 19:00,7202133
2025-09-26 19:15,7202136
2025-09-26 19:30,7202176
2025-09-26 19:45,7202296
2025-09-26 20:00,7202343
2025-09-26 20:15,7202510
2025-09-26 20:30,7202570
2025-09-26 20:45,7202596
2025-09-26 21:00,7202596
2025-09-26 21:15,7202596
2025-09-26 21:30,7202626
2025-09-26 21:45,7202663
2025-09-26 22:00,7202663
2025-09-26 22:15,7202663
2025-09-26 22:30,7202690
2025-09-26 22:45,7202756
2025-09-26 23:00,7202760
2025-09-26 23:15,7202760
2025-09-26 23:30,7202883
2025-09-26 23:45,7202943
2025-09-27 00:00,7203000
2025-09-27 00:15,7203000
2025-09-27 00:30,7203090
2025-09-27 00:45,7203090
2025-09-27 01:00,7203090
2025-09-27 01:15,7203150
2025-09-27 01:30,7203150
2025-09-27 01:45,7203150
2025-09-27 02:00,7203190
2025-09-27 02:15,7203190
2025-09-27 02:30,7203190
2025-09-27 02:45,7203190
2025-09-27 03:00,7203190
2025-09-27 03:15,7203190
2025-09-27 03:30,7203190
2025-09-27 03:45,7203190
2025-09-27 04:00,7203190
2025-09-27 04:15,7203230
2025-09-27 04:30,7203230
2025-09-27 04:45,7203283
2025-09-27 05:00,7203283
2025-09-27 05:15,7203283
2025-09-27 05:30,7203283
2025-09-27 05:45,7203283
2025-09-27 06:00,7203283
2025-09-27 06:15,7203283
2025-09-27 06:30,7203283
2025-09-27 06:45,7203283
2025-09-27 07:00,7203323
2025-09-27 07:15,7203720
2025-09-27 07:30,7203720
2025-09-27 07:45,7203720
2025-09-27 08:00,7203723
2025-09-27 08:15,7203723
2025-09-27 08:30,7203963
2025-09-27 08:45,7203980
2025-09-27 09:00,7204000
2025-09-27 09:15,7204066
2025-09-27 09:30,7204286
2025-09-27 09:45,7204303
2025-09-27 10:00,7204363
2025-09-27 10:15,7204376
2025-09-27 10:30,7204430
2025-09-27 10:45,7204523
2025-09-27 11:00,7204523
2025-09-27 11:15,7204533
2025-09-27 11:30,7204550
2025-09-27 11:45,7204583
2025-09-27 12:00,7204583
2025-09-27 12:15,7204616
2025-09-27 12:30,7204626
2025-09-27 12:45,7204686
2025-09-27 13:00,7204856
2025-09-27 13:15,7204960
2025-09-27 13:30,7204960
2025-09-27 13:45,7204960
2025-09-27 14:00,7205363
2025-09-27 14:15,7205443
2025-09-27 14:30,7205480
2025-09-27 14:45,7205480
2025-09-27 15:00,7205600
2025-09-27 15:15,7205633
2025-09-27 15:30,7205760
2025-09-27 15:45,7205893
2025-09-27 16:00,7206556
2025-09-27 16:15,7206560
2025-09-27 16:30,7206560
2025-09-27 16:45,7206560
2025-09-27 17:00,7206613
2025-09-27 17:15,7206893
2025-09-27 17:30,7206916
2025-09-27 17:45,7206993
2025-09-27 18:00,7207026
2025-09-27 18:15,7207070
2025-09-27 18:30,7207100
2025-09-27 18:45,7207206
2025-09-27 19:00,7207246
2025-09-27 19:15,7207346
2025-09-27 19:30,7207883
2025-09-27 19:45,7207883
2025-09-27 20:00,7207883
2025-09-27 20:15,7207896
2025-09-27 20:30,7207896
2025-09-27 20:45,7207926
2025-09-27 21:00,7207926
2025-09-27 21:15,7207990
2025-09-27 21:30,7207993
2025-09-27 21:45,7208080
2025-09-27 22:00,7208110
2025-09-27 22:15,7208150
2025-09-27 22:30,7208176
2025-09-27 22:45,7208230
2025-09-27 23:00,7208273
2025-09-27 23:15,7208273
2025-09-27 23:30,7208283
2025-09-27 23:45,7208390
2025-09-28 00:00,7208390
2025-09-28 00:15,7208390
2025-09-28 00:30,7208390
2025-09-28 00:45,7208390
2025-09-28 01:00,7208390
2025-09-28 01:15,7208390
2025-09-28 01:30,7208390
2025-09-28 01:45,7208390
2025-09-28 02:00,7208426
2025-09-28 02:15,7208426
2025-09-28 02:30,7208426
2025-09-28 02:45,7208426
2025-09-28 03:00,7208426
2025-09-28 03:15,7208426
2025-09-28 03:30,7208426
2025-09-28 03:45,7208426
2025-09-28 04:00,7208426
2025-09-28 04:15,7208426
2025-09-28 04:30,7208426
2025-09-28 04:45,7208426
2025-09-28 05:00,7208426
2025-09-28 05:15,7208430
2025-09-28 05:30,7208500
2025-09-28 05:45,7208500
2025-09-28 06:00,7208500
2025-09-28 06:15,7208540
2025-09-28 06:30,7208540
2025-09-28 06:45,7208540
2025-09-28 07:00,7208540
2025-09-28 07:15,7208540
2025-09-28 07:30,7208600
2025-09-28 07:45,7208600
2025-09-28 08:00,7208660
2025-09-28 08:15,7208660
2025-09-28 08:30,7208800
2025-09-28 08:45,7209480
2025-09-28 09:00,7210266
2025-09-28 09:15,7212313
2025-09-28 09:30,7213330
2025-09-28 09:45,7213390
2025-09-28 10:00,7213566
2025-09-28 10:15,7213573
2025-09-28 10:30,7213676
2025-09-28 10:45,7213716
2025-09-28 11:00,7213816
2025-09-28 11:15,7213910
2025-09-28 11:30,7213910
2025-09-28 11:45,7213953
2025-09-28 12:00,7213953
2025-09-28 12:15,7214083
2025-09-28 12:30,7214303
2025-09-28 12:45,7214613
2025-09-28 13:00,7214706
2025-09-28 13:15,7214776
2025-09-28 13:30,7214803
2025-09-28 13:45,7214880
2025-09-28 14:00,7214900
2025-09-28 14:15,7215070
2025-09-28 14:30,7215136
2025-09-28 14:45,7215173
2025-09-28 15:00,7215216
2025-09-28 15:15,7215273
2025-09-28 15:30,7215330
2025-09-28 15:45,7215430
2025-09-28 16:00,7215560
2025-09-28 16:15,7215566
2025-09-28 16:30,7215630
2025-09-28 16:45,7215730
2025-09-28 17:00,7215733
2025-09-28 17:15,7215740
2025-09-28 17:30,7215793
2025-09-28 17:45,7215843
2025-09-28 18:00,7215916
2025-09-28 18:15,7215976
2025-09-28 18:30,7216223
2025-09-28 18:45,7216280
2025-09-28 19:00,7216420
2025-09-28 19:15,7217516
2025-09-28 19:30,7217623
2025-09-28 19:45,7218536
2025-09-28 20:00,7218763
2025-09-28 20:15,7218963
2025-09-28 20:30,7218963
2025-09-28 20:45,7218986
2025-09-28 21:00,7218993
2025-09-28 21:15,7218993
2025-09-28 21:30,7219023
2025-09-28 21:45,7219023
2025-09-28 22:00,7219063
2025-09-28 22:15,7219123
2025-09-28 22:30,7219153
2025-09-28 22:45,7219210
2025-09-28 23:00,7219310
2025-09-28 23:15,7219310
2025-09-28 23:30,7219310
2025-09-28 23:45,7219310
2025-09-29 00:00,7219310
2025-09-29 00:15,7219376
2025-09-29 00:30,7219376
2025-09-29 00:45,7219376
2025-09-29 01:00,7219376
2025-09-29 01:15,7219376
2025-09-29 01:30,7219376
2025-09-29 01:45,7219376
2025-09-29 02:00,7219416
2025-09-29 02:15,7219453
2025-09-29 02:30,7219453
2025-09-29 02:45,7219453
2025-09-29 03:00,7219453
2025-09-29 03:15,7219453
2025-09-29 03:30,7219453
2025-09-29 03:45,7219453
2025-09-29 04:00,7219453
2025-09-29 04:15,7219453
2025-09-29 04:30,7219453
2025-09-29 04:45,7219453
2025-09-29 05:00,7219453
2025-09-29 05:15,7219453
2025-09-29 05:30,7219453
2025-09-29 05:45,7219453
2025-09-29 06:00,7219453
2025-09-29 06:15,7219453
2025-09-29 06:30,7219496
2025-09-29 06:45,7219496
2025-09-29 07:00,7219573
2025-09-29 07:15,7219573
2025-09-29 07:30,7219613
2025-09-29 07:45,7219873
2025-09-29 08:00,7219956
2025-09-29 08:15,7219963
2025-09-29 08:30,7220020
2025-09-29 08:45,7220020
2025-09-29 09:00,7220020
2025-09-29 09:15,7220360
2025-09-29 09:30,7220433
2025-09-29 09:45,7220440
2025-09-29 10:00,7220570
2025-09-29 10:15,7220676
2025-09-29 10:30,7220866
2025-09-29 10:45,7220886
2025-09-29 11:00,7220886
2025-09-29 11:15,7220886
2025-09-29 11:30,7220886
2025-09-29 11:45,7220886
2025-09-29 12:00,7220886
2025-09-29 12:15,7220923
2025-09-29 12:30,7220923
2025-09-29 12:45,7220923
2025-09-29 13:00,7220973
2025-09-29 13:15,7221060
2025-09-29 13:30,7221060
2025-09-29 13:45,7221073
2025-09-29 14:00,7221073
2025-09-29 14:15,7221073
2025-09-29 14:30,7221073
2025-09-29 14:45,7221073
2025-09-29 15:00,7221110
2025-09-29 15:15,7221110
2025-09-29 15:30,7221110
2025-09-29 15:45,7221110
2025-09-29 16:00,7221150
2025-09-29 16:15,7221186
2025-09-29 16:30,7221186
2025-09-29 16:45,7221220
2025-09-29 17:00,7221220
2025-09-29 17:15,7221220
2025-09-29 17:30,7221236
2025-09-29 17:45,7221236
2025-09-29 18:00,7221236
2025-09-29 18:15,7221236
2025-09-29 18:30,7221303
2025-09-29 18:45,7221370
2025-09-29 19:00,7221370
2025-09-29 19:15,7221423
2025-09-29 19:30,7221650
2025-09-29 19:45,7221650
2025-09-29 20:00,7221766
2025-09-29 20:15,7221766
2025-09-29 20:30,7221796
2025-09-29 20:45,7221830
2025-09-29 21:00,7221833
2025-09-29 21:15,7221846
2025-09-29 21:30,7221970
2025-09-29 21:45,7222000
2025-09-29 22:00,7222000
2025-09-29 22:15,7222000
2025-09-29 22:30,7222000
2025-09-29 22:45,7222000
2025-09-29 23:00,7222003
2025-09-29 23:15,7222103
2025-09-29 23:30,7222103
2025-09-29 23:45,7222183
2025-09-30 00:00,7222183
2025-09-30 00:15,7222183
2025-09-30 00:30,7222183
2025-09-30 00:45,7222183
2025-09-30 01:00,7222223
2025-09-30 01:15,7222223
2025-09-30 01:30,7222223
2025-09-30 01:45,7222223
2025-09-30 02:00,7222223
2025-09-30 02:15,7222223
2025-09-30 02:30,7222223
2025-09-30 02:45,7222223
2025-09-30 03:00,7222223
2025-09-30 03:15,7222260
2025-09-30 03:30,7222260
2025-09-30 03:45,7222260
2025-09-30 04:00,7222260
2025-09-30 04:15,7222260
2025-09-30 04:30,7222260
2025-09-30 04:45,7222260
2025-09-30 05:00,7222300
2025-09-30 05:15,7222300
2025-09-30 05:30,7222336
2025-09-30 05:45,7222336
2025-09-30 06:00,7222960
2025-09-30 06:15,7222976
2025-09-30 06:30,7222976
2025-09-30 06:45,7222976
2025-09-30 07:00,7222976
2025-09-30 07:15,7222986
2025-09-30 07:30,7223373
2025-09-30 07:45,7223390
2025-09-30 08:00,7223460
2025-09-30 08:15,7223460
2025-09-30 08:30,7223550
2025-09-30 08:45,7223550
2025-09-30 09:00,7223550
2025-09-30 09:15,7223550
2025-09-30 09:30,7223550
2025-09-30 09:45,7223690
2025-09-30 10:00,7223733
2025-09-30 10:15,7223733
2025-09-30 10:30,7223733
2025-09-30 10:45,7223873
2025-09-30 11:00,7223873
2025-09-30 11:15,7223873
2025-09-30 11:30,7223873
2025-09-30 11:45,7223883
2025-09-30 12:00,7223910
2025-09-30 12:15,7223910
2025-09-30 12:30,7223910
2025-09-30 12:45,7223910
2025-09-30 13:00,7223910
2025-09-30 13:15,7223910
2025-09-30 13:30,7224136
2025-09-30 13:45,7224136
2025-09-30 14:00,7224136
2025-09-30 14:15,7224136
2025-09-30 14:30,7224136
2025-09-30 14:45,7224136
2025-09-30 15:00,7224136
2025-09-30 15:15,7224136
2025-09-30 15:30,7224136
2025-09-30 15:45,7224240
2025-09-30 16:00,7224253
2025-09-30 16:15,7224253
2025-09-30 16:30,7224253
2025-09-30 16:45,7224353
2025-09-30 17:00,7224353
2025-09-30 17:15,7224573
2025-09-30 17:30,7224790
2025-09-30 17:45,7224790
2025-09-30 18:00,7224790
2025-09-30 18:15,7224790
2025-09-30 18:30,7224793
2025-09-30 18:45,7224793
2025-09-30 19:00,7224886
2025-09-30 19:15,7224936
2025-09-30 19:30,7224970
2025-09-30 19:45,7224970
2025-09-30 20:00,7224970
2025-09-30 20:15,7225103
2025-09-30 20:30,7225273
2025-09-30 20:45,7225370
2025-09-30 21:00,7225450
2025-09-30 21:15,7227203
2025-09-30 21:30,7227293
2025-09-30 21:45,7227293
2025-09-30 22:00,7227293
2025-09-30 22:15,7227373
2025-09-30 22:30,7227373
2025-09-30 22:45,7227416
2025-09-30 23:00,7227436
2025-09-30 23:15,7227436
2025-09-30 23:30,7227436
2025-09-30 23:45,7227513
2025-10-01 00:00,7227553
2025-10-01 00:15,7227553
2025-10-01 00:30,7227620
2025-10-01 00:45,7227636
2025-10-01 01:00,7227636
2025-10-01 01:15,7227636
2025-10-01 01:30,7227636
2025-10-01 01:45,7227636
2025-10-01 02:00,7227706
2025-10-01 02:15,7227706
2025-10-01 02:30,7227706
2025-10-01 02:45,7227706
2025-10-01 03:00,7227706
2025-10-01 03:15,7227706
2025-10-01 03:30,7227706
2025-10-01 03:45,7227706
2025-10-01 04:00,7227706
2025-10-01 04:15,7227706
2025-10-01 04:30,7227706
2025-10-01 04:45,7227706
2025-10-01 05:00,7227783
2025-10-01 05:15,7227783
2025-10-01 05:30,7227783
2025-10-01 05:45,7227783
2025-10-01 06:00,7227783
2025-10-01 06:15,7227783
2025-10-01 06:30,7227863
2025-10-01 06:45,7227863
2025-10-01 07:00,7227863
2025-10-01 07:15,7227863
2025-10-01 07:30,7227880
2025-10-01 07:45,7227913
2025-10-01 08:00,7228003
2025-10-01 08:15,7228046
2025-10-01 08:30,7228276
2025-10-01 08:45,7228473
2025-10-01 09:00,7228486
2025-10-01 09:15,7228656
2025-10-01 09:30,7228660
2025-10-01 09:45,7228660
2025-10-01 10:00,7228660
2025-10-01 10:15,7228660
2025-10-01 10:30,7228693
2025-10-01 10:45,7228693
2025-10-01 11:00,7228693
2025-10-01 11:15,7228736
2025-10-01 11:30,7228743
2025-10-01 11:45,7228743
2025-10-01 12:00,7228743
2025-10-01 12:15,7228743
2025-10-01 12:30,7228743
2025-10-01 12:45,7228846
2025-10-01 13:00,7228903
2025-10-01 13:15,7228996
2025-10-01 13:30,7229116
2025-10-01 13:45,7229116
2025-10-01 14:00,7229270
2025-10-01 14:15,7229270
2025-10-01 14:30,7229340
2025-10-01 14:45,7229346
2025-10-01 15:00,7229360
2025-10-01 15:15,7229386
2025-10-01 15:30,7229386
2025-10-01 15:45,7229390
2025-10-01 16:00,7229430
2025-10-01 16:15,7229600
2025-10-01 16:30,7229616
2025-10-01 16:45,7229726
2025-10-01 17:00,7229886
2025-10-01 17:15,7229956
2025-10-01 17:30,7229956
2025-10-01 17:45,7230286
2025-10-01 18:00,7230286
2025-10-01 18:15,7230286
2025-10-01 18:30,7230286
2025-10-01 18:45,7230286
2025-10-01 19:00,7230296
2025-10-01 19:15,7230336
2025-10-01 19:30,7231330
2025-10-01 19:45,7232590
2025-10-01 20:00,7232650
2025-10-01 20:15,7232650
2025-10-01 20:30,7232653
2025-10-01 20:45,7232653
2025-10-01 21:00,7232653
2025-10-01 21:15,7233100
2025-10-01 21:30,7234723
2025-10-01 21:45,7234950
2025-10-01 22:00,7235216
2025-10-01 22:15,7235246
2025-10-01 22:30,7235390
2025-10-01 22:45,7235426
2025-10-01 23:00,7235566
2025-10-01 23:15,7235566
2025-10-01 23:30,7235816
2025-10-01 23:45,7235850
2025-10-02 00:00,7235956
2025-10-02 00:15,7235956
2025-10-02 00:30,7236070
2025-10-02 00:45,7236070
2025-10-02 01:00,7236073
2025-10-02 01:15,7236073
2025-10-02 01:30,7236073
2025-10-02 01:45,7236073
2025-10-02 02:00,7236073
2025-10-02 02:15,7236073
2025-10-02 02:30,7236073
2025-10-02 02:45,7236110
2025-10-02 03:00,7236110
2025-10-02 03:15,7236110
2025-10-02 03:30,7236110
2025-10-02 03:45,7236110
2025-10-02 04:00,7236150
2025-10-02 04:15,7236150
2025-10-02 04:30,7236150
2025-10-02 04:45,7236150
2025-10-02 05:00,7236150
2025-10-02 05:15,7236150
2025-10-02 05:30,7236150
2025-10-02 05:45,7236220
2025-10-02 06:00,7236220
2025-10-02 06:15,7236220
2025-10-02 06:30,7236220
2025-10-02 06:45,7236220
2025-10-02 07:00,7236220
2025-10-02 07:15,7236916
2025-10-02 07:30,7237633
2025-10-02 07:45,7237650
2025-10-02 08:00,7237673
2025-10-02 08:15,7237673
2025-10-02 08:30,7237673
2025-10-02 08:45,7237760
2025-10-02 09:00,7237760
2025-10-02 09:15,7237760
2025-10-02 09:30,7237896
2025-10-02 09:45,7237896
2025-10-02 10:00,7237976
2025-10-02 10:15,7237976
2025-10-02 10:30,7238063
2025-10-02 10:45,7238063
2025-10-02 11:00,7238146
2025-10-02 11:15,7238150
2025-10-02 11:30,7238153
2025-10-02 11:45,7238273
2025-10-02 12:00,7238333
2025-10-02 12:15,7238433
2025-10-02 12:30,7238500
2025-10-02 12:45,7238500
2025-10-02 13:00,7238540
2025-10-02 13:15,7238570
2025-10-02 13:30,7238570
2025-10-02 13:45,7238573
2025-10-02 14:00,7238573
2025-10-02 14:15,7238676
2025-10-02 14:30,7239076
2025-10-02 14:45,7239080
2025-10-02 15:00,7239103
2025-10-02 15:15,7239113
2025-10-02 15:30,7239130
2025-10-02 15:45,7239196
2025-10-02 16:00,7239233
2025-10-02 16:15,7239246
2025-10-02 16:30,7239286
2025-10-02 16:45,7239433
2025-10-02 17:00,7239476
2025-10-02 17:15,7239540
2025-10-02 17:30,7239680
2025-10-02 17:45,7239740
2025-10-02 18:00,7239740
2025-10-02 18:15,7239740
2025-10-02 18:30,7239773
2025-10-02 18:45,7239833
2025-10-02 19:00,7239850
2025-10-02 19:15,7239913
2025-10-02 19:30,7239920
2025-10-02 19:45,7239956
2025-10-02 20:00,7240030
2025-10-02 20:15,7240030
2025-10-02 20:30,7240030
2025-10-02 20:45,7240030
2025-10-02 21:00,7240160
2025-10-02 21:15,7240280
2025-10-02 21:30,7240540
2025-10-02 21:45,7240603
2025-10-02 22:00,7240603
2025-10-02 22:15,7240603
2025-10-02 22:30,7241003
2025-10-02 22:45,7241003
2025-10-02 23:00,7241023
2025-10-02 23:15,7241030
2025-10-02 23:30,7241113
2025-10-02 23:45,7241143
2025-10-03 00:00,7241223
2025-10-03 00:15,7241223
2025-10-03 00:30,7241223
2025-10-03 00:45,7241223
2025-10-03 01:00,7241223
2025-10-03 01:15,7241290
2025-10-03 01:30,7241330
2025-10-03 01:45,7241330
2025-10-03 02:00,7241330
2025-10-03 02:15,7241330
2025-10-03 02:30,7241330
2025-10-03 02:45,7241330
2025-10-03 03:00,7241330
2025-10-03 03:15,7241330
2025-10-03 03:30,7241330
2025-10-03 03:45,7241330
2025-10-03 04:00,7241330
2025-10-03 04:15,7241330
2025-10-03 04:30,7241396
2025-10-03 04:45,7241396
2025-10-03 05:00,7241396
2025-10-03 05:15,7241396
2025-10-03 05:30,7241396
2025-10-03 05:45,7241396
2025-10-03 06:00,7241396
2025-10-03 06:15,7241396
2025-10-03 06:30,7241396
2025-10-03 06:45,7241526
2025-10-03 07:00,7241566
2025-10-03 07:15,7241566
2025-10-03 07:30,7241566
2025-10-03 07:45,7241603
2025-10-03 08:00,7241683
2025-10-03 08:15,7241683
2025-10-03 08:30,7241686
2025-10-03 08:45,7242230
2025-10-03 09:00,7242270
2025-10-03 09:15,7242930
2025-10-03 09:30,7243060
2025-10-03 09:45,7243063
2025-10-03 10:00,7243066
2025-10-03 10:15,7243120
2025-10-03 10:30,7243123
2025-10-03 10:45,7243123
2025-10-03 11:00,7243123
2025-10-03 11:15,7243123
2025-10-03 11:30,7243156
2025-10-03 11:45,7243160
2025-10-03 12:00,7243166
2025-10-03 12:15,7243170
2025-10-03 12:30,7243273
2025-10-03 12:45,7243273
2025-10-03 13:00,7243273
2025-10-03 13:15,7243273
2025-10-03 13:30,7243273
2025-10-03 13:45,7243273
2025-10-03 14:00,7243276
2025-10-03 14:15,7243346
2025-10-03 14:30,7243346
2025-10-03 14:45,7243360
2025-10-03 15:00,7243396
2025-10-03 15:15,7243426
2025-10-03 15:30,7243536
2025-10-03 15:45,7243536
2025-10-03 16:00,7243536
2025-10-03 16:15,7243536
2025-10-03 16:30,7243536
2025-10-03 16:45,7243570
2025-10-03 17:00,7243603
2025-10-03 17:15,7243603
2025-10-03 17:30,7243603
2025-10-03 17:45,7243683
2025-10-03 18:00,7243690
2025-10-03 18:15,7243690
2025-10-03 18:30,7243690
2025-10-03 18:45,7243690
2025-10-03 19:00,7243690
2025-10-03 19:15,7243733
2025-10-03 19:30,7243733
2025-10-03 19:45,7243733
2025-10-03 20:00,7243733
2025-10-03 20:15,7243733
2025-10-03 20:30,7243733
2025-10-03 20:45,7243773
2025-10-03 21:00,7243840
2025-10-03 21:15,7243840
2025-10-03 21:30,7243840
2025-10-03 21:45,7243853
2025-10-03 22:00,7243890
2025-10-03 22:15,7243890
2025-10-03 22:30,7243890
2025-10-03 22:45,7243960
2025-10-03 23:00,7243960
2025-10-03 23:15,7243990
2025-10-03 23:30,7244030
2025-10-03 23:45,7244030
2025-10-04 00:00,7244030
2025-10-04 00:15,7244130
2025-10-04 00:30,7244130
2025-10-04 00:45,7244130
2025-10-04 01:00,7244130
2025-10-04 01:15,7244130
2025-10-04 01:30,7244130
2025-10-04 01:45,7244130
2025-10-04 02:00,7244130
2025-10-04 02:15,7244130
2025-10-04 02:30,7244130
2025-10-04 02:45,7244130
2025-10-04 03:00,7244130
2025-10-04 03:15,7244130
2025-10-04 03:30,7244130
2025-10-04 03:45,7244130
2025-10-04 04:00,7244166
2025-10-04 04:15,7244166
2025-10-04 04:30,7244166
2025-10-04 04:45,7244206
2025-10-04 05:00,7244206
2025-10-04 05:15,7244206
2025-10-04 05:30,7244206
2025-10-04 05:45,7244206
2025-10-04 06:00,7244206
2025-10-04 06:15,7244206
2025-10-04 06:30,7244206
2025-10-04 06:45,7244206
2025-10-04 07:00,7244243
2025-10-04 07:15,7244243
2025-10-04 07:30,7244243
2025-10-04 07:45,7244243
2025-10-04 08:00,7244373
2025-10-04 08:15,7244416
2025-10-04 08:30,7244416
2025-10-04 08:45,7244416
2025-10-04 09:00,7244416
2025-10-04 09:15,7244686
2025-10-04 09:30,7244693
2025-10-04 09:45,7245346
2025-10-04 10:00,7245353
2025-10-04 10:15,7245356
2025-10-04 10:30,7245450
2025-10-04 10:45,7245463
2025-10-04 11:00,7245463
2025-10-04 11:15,7245543
2025-10-04 11:30,7245543
2025-10-04 11:45,7245616
2025-10-04 12:00,7245616
2025-10-04 12:15,7245616
2025-10-04 12:30,7245616
2025-10-04 12:45,7245616
2025-10-04 13:00,7245616
2025-10-04 13:15,7245650
2025-10-04 13:30,7245650
2025-10-04 13:45,7245650
2025-10-04 14:00,7245650
2025-10-04 14:15,7245650
2025-10-04 14:30,7245650
2025-10-04 14:45,7245650
2025-10-04 15:00,7245690
2025-10-04 15:15,7245690
2025-10-04 15:30,7245690
2025-10-04 15:45,7245690
2025-10-04 16:00,7245730
2025-10-04 16:15,7245730
2025-10-04 16:30,7245730
2025-10-04 16:45,7245730
2025-10-04 17:00,7245766
2025-10-04 17:15,7245886
2025-10-04 17:30,7245886
2025-10-04 17:45,7245886
2025-10-04 18:00,7245886
2025-10-04 18:15,7245886
2025-10-04 18:30,7245886
2025-10-04 18:45,7245886
2025-10-04 19:00,7245886
2025-10-04 19:15,7245886
2025-10-04 19:30,7245886
2025-10-04 19:45,7246026
2025-10-04 20:00,7246026
2025-10-04 20:15,7246026
2025-10-04 20:30,7246026
2025-10-04 20:45,7246030
2025-10-04 21:00,7246030
2025-10-04 21:15,7246160
2025-10-04 21:30,7246203
2025-10-04 21:45,7246203
2025-10-04 22:00,7246203
2025-10-04 22:15,7246203
2025-10-04 22:30,7246203
2025-10-04 22:45,7246203
2025-10-04 23:00,7246240
2025-10-04 23:15,7246240
2025-10-04 23:30,7246240
2025-10-04 23:45,7246263
2025-10-05 00:00,7246316
2025-10-05 00:15,7246356
2025-10-05 00:30,7246356
2025-10-05 00:45,7246390
2025-10-05 01:00,7246390
2025-10-05 01:15,7246390
2025-10-05 01:30,7246390
2025-10-05 01:45,7246426
2025-10-05 02:00,7246426
2025-10-05 02:15,7246426
2025-10-05 02:30,7246426
2025-10-05 02:45,7246426
2025-10-05 03:00,7246426
2025-10-05 03:15,7246466
2025-10-05 03:30,7246466
2025-10-05 03:45,7246466
2025-10-05 04:00,7246466
2025-10-05 04:15,7246466
2025-10-05 04:30,7246466
2025-10-05 04:45,7246466
2025-10-05 05:00,7246466
2025-10-05 05:15,7246466
2025-10-05 05:30,7246506
2025-10-05 05:45,7246546
2025-10-05 06:00,7246546
2025-10-05 06:15,7246546
2025-10-05 06:30,7246546
2025-10-05 06:45,7246546
2025-10-05 07:00,7246546
2025-10-05 07:15,7246546
2025-10-05 07:30,7246546
2025-10-05 07:45,7246546
2025-10-05 08:00,7246546
2025-10-05 08:15,7246546
2025-10-05 08:30,7246583
2025-10-05 08:45,7246583
2025-10-05 09:00,7246606
2025-10-05 09:15,7247073
2025-10-05 09:30,7247116
2025-10-05 09:45,7247506
2025-10-05 10:00,7247506
2025-10-05 10:15,7247550
2025-10-05 10:30,7247566
2025-10-05 10:45,7247616
2025-10-05 11:00,7247616
2025-10-05 11:15,7247620
2025-10-05 11:30,7247706
2025-10-05 11:45,7247706
2025-10-05 12:00,7247706
2025-10-05 12:15,7247706
2025-10-05 12:30,7247706
2025-10-05 12:45,7247786
2025-10-05 13:00,7247786
2025-10-05 13:15,7247786
2025-10-05 13:30,7247786
2025-10-05 13:45,7247793
2025-10-05 14:00,7247793
2025-10-05 14:15,7247853
2025-10-05 14:30,7247853
2025-10-05 14:45,7247853
2025-10-05 15:00,7247853
2025-10-05 15:15,7247853
2025-10-05 15:30,7247853
2025-10-05 15:45,7247853
2025-10-05 16:00,7247853
2025-10-05 16:15,7247866
2025-10-05 16:30,7247866
2025-10-05 16:45,7247936
2025-10-05 17:00,7247936
2025-10-05 17:15,7247936
2025-10-05 17:30,7247950
2025-10-05 17:45,7247960
2025-10-05 18:00,7248006
2025-10-05 18:15,7248513
2025-10-05 18:30,7248610
2025-10-05 18:45,7248610
2025-10-05 19:00,7248610
2025-10-05 19:15,7248720
2025-10-05 19:30,7248796
2025-10-05 19:45,7248830
2025-10-05 20:00,7248830
2025-10-05 20:15,7248916
2025-10-05 20:30,7248950
2025-10-05 20:45,7248953
2025-10-05 21:00,7249146
2025-10-05 21:15,7249256
2025-10-05 21:30,7249256
2025-10-05 21:45,7249606
2025-10-05 22:00,7249743
2025-10-05 22:15,7249836
2025-10-05 22:30,7249860
2025-10-05 22:45,7249860
2025-10-05 23:00,7249930
2025-10-05 23:15,7249930
2025-10-05 23:30,7249930
2025-10-05 23:45,7249930
2025-10-06 00:00,7249930
2025-10-06 00:15,7249930
2025-10-06 00:30,7249933
2025-10-06 00:45,7249970
2025-10-06 01:00,7249970
2025-10-06 01:15,7249970
2025-10-06 01:30,7249970
2025-10-06 01:45,7250010
2025-10-06 02:00,7250010
2025-10-06 02:15,7250010
2025-10-06 02:30,7250010
2025-10-06 02:45,7250010
2025-10-06 03:00,7250050
2025-10-06 03:15,7250050
2025-10-06 03:30,7250050
2025-10-06 03:45,7250050
2025-10-06 04:00,7250050
2025-10-06 04:15,7250050
2025-10-06 04:30,7250060
2025-10-06 04:45,7250090
2025-10-06 05:00,7250090
2025-10-06 05:15,7250090
2025-10-06 05:30,7250090
2025-10-06 05:45,7250090
2025-10-06 06:00,7250090
2025-10-06 06:15,7250143
2025-10-06 06:30,7250926
2025-10-06 06:45,7250930
2025-10-06 07:00,7250933
2025-10-06 07:15,7250936
2025-10-06 07:30,7251026
2025-10-06 07:45,7251026
2025-10-06 08:00,7251026
2025-10-06 08:15,7251026
2025-10-06 08:30,7251110
2025-10-06 08:45,7251110
2025-10-06 09:00,7251110
2025-10-06 09:15,7251110
2025-10-06 09:30,7251110
2025-10-06 09:45,7251110
2025-10-06 10:00,7251110
2025-10-06 10:15,7251110
2025-10-06 10:30,7251113
2025-10-06 10:45,7251113
2025-10-06 11:00,7251146
2025-10-06 11:15,7251146
2025-10-06 11:30,7251146
2025-10-06 11:45,7251146
2025-10-06 12:00,7251146
2025-10-06 12:15,7251146
2025-10-06 12:30,7251146
2025-10-06 12:45,7251146
2025-10-06 13:00,7251146
2025-10-06 13:15,7251146
2025-10-06 13:30,7251146
2025-10-06 13:45,7251173
2025-10-06 14:00,7251173
2025-10-06 14:15,7251173
2025-10-06 14:30,7251173
2025-10-06 14:45,7251173
2025-10-06 15:00,7251216
2025-10-06 15:15,7251286
2025-10-06 15:30,7251306
2025-10-06 15:45,7251306
2025-10-06 16:00,7251336
2025-10-06 16:15,7251550
2025-10-06 16:30,7251550
2025-10-06 16:45,7251586
2025-10-06 17:00,7251703
2025-10-06 17:15,7251823
2025-10-06 17:30,7251863
2025-10-06 17:45,7251863
2025-10-06 18:00,7251863
2025-10-06 18:15,7251863
2025-10-06 18:30,7251863
2025-10-06 18:45,7251863
2025-10-06 19:00,7251863
2025-10-06 19:15,7252026
2025-10-06 19:30,7252066
2025-10-06 19:45,7252290
2025-10-06 20:00,7252360
2025-10-06 20:15,7252360
2025-10-06 20:30,7252360
2025-10-06 20:45,7252360
2025-10-06 21:00,7252363
2025-10-06 21:15,7252436
2025-10-06 21:30,7253606
2025-10-06 21:45,7254516
2025-10-06 22:00,7254516
2025-10-06 22:15,7254516
2025-10-06 22:30,7254620
2025-10-06 22:45,7254620
2025-10-06 23:00,7254626
2025-10-06 23:15,7254750
2025-10-06 23:30,7254800
2025-10-06 23:45,7254800
2025-10-07 00:00,7254800
2025-10-07 00:15,7254800
2025-10-07 00:30,7254800
2025-10-07 00:45,7254800
2025-10-07 01:00,7254800
2025-10-07 01:15,7254800
2025-10-07 01:30,7254800
2025-10-07 01:45,7254800
2025-10-07 02:00,7254840
2025-10-07 02:15,7254840
2025-10-07 02:30,7254840
2025-10-07 02:45,7254840
2025-10-07 03:00,7254840
2025-10-07 03:15,7254840
2025-10-07 03:30,7254840
2025-10-07 03:45,7254840
2025-10-07 04:00,7254840
2025-10-07 04:15,7254886
2025-10-07 04:30,7254886
2025-10-07 04:45,7254886
2025-10-07 05:00,7254886
2025-10-07 05:15,7254926
2025-10-07 05:30,7254926
2025-10-07 05:45,7254926
2025-10-07 06:00,7254926
2025-10-07 06:15,7254926
2025-10-07 06:30,7254926
2025-10-07 06:45,7254926
2025-10-07 07:00,7254963
2025-10-07 07:15,7254963
2025-10-07 07:30,7254963
2025-10-07 07:45,7254963
2025-10-07 08:00,7254963
2025-10-07 08:15,7254963
2025-10-07 08:30,7255083
2025-10-07 08:45,7255550
2025-10-07 09:00,7255550
2025-10-07 09:15,7255563
2025-10-07 09:30,7255573
2025-10-07 09:45,7255573
2025-10-07 10:00,7255576
2025-10-07 10:15,7255576
2025-10-07 10:30,7256260
2025-10-07 10:45,7256286
2025-10-07 11:00,7256356
2025-10-07 11:15,7256356
2025-10-07 11:30,7256370
2025-10-07 11:45,7256370
2025-10-07 12:00,7256370
2025-10-07 12:15,7256406
2025-10-07 12:30,7256406
2025-10-07 12:45,7256406
2025-10-07 13:00,7256410
2025-10-07 13:15,7256446
2025-10-07 13:30,7256446
2025-10-07 13:45,7256446
2025-10-07 14:00,7256446
2025-10-07 14:15,7256446
2025-10-07 14:30,7256480
2025-10-07 14:45,7256480
2025-10-07 15:00,7256516
2025-10-07 15:15,7256516
2025-10-07 15:30,7256516
2025-10-07 15:45,7256550
2025-10-07 16:00,7256566
2025-10-07 16:15,7256566
2025-10-07 16:30,7256586
2025-10-07 16:45,7256596
2025-10-07 17:00,7256636
2025-10-07 17:15,7256643
2025-10-07 17:30,7256643
2025-10-07 17:45,7256676
2025-10-07 18:00,7256676
2025-10-07 18:15,7256676
2025-10-07 18:30,7256836
2025-10-07 18:45,7256856
2025-10-07 19:00,7256950
2025-10-07 19:15,7256950
2025-10-07 19:30,7256953
2025-10-07 19:45,7256953
2025-10-07 20:00,7256953
2025-10-07 20:15,7257066
2025-10-07 20:30,7257103
2025-10-07 20:45,7257103
2025-10-07 21:00,7257196
2025-10-07 21:15,7257236
2025-10-07 21:30,7257240
2025-10-07 21:45,7257243
2025-10-07 22:00,7257306
2025-10-07 22:15,7257323
2025-10-07 22:30,7257383
2025-10-07 22:45,7257606
2025-10-07 23:00,7257700
2025-10-07 23:15,7257703
2025-10-07 23:30,7257773
2025-10-07 23:45,7257840
2025-10-08 00:00,7257893
2025-10-08 00:15,7257893
2025-10-08 00:30,7257893
2025-10-08 00:45,7257896
2025-10-08 01:00,7257896
2025-10-08 01:15,7257896
2025-10-08 01:30,7257933
2025-10-08 01:45,7257933
2025-10-08 02:00,7257933
2025-10-08 02:15,7257933
2025-10-08 02:30,7257936
2025-10-08 02:45,7257936
2025-10-08 03:00,7257936
2025-10-08 03:15,7257936
2025-10-08 03:30,7257936
2025-10-08 03:45,7257936
2025-10-08 04:00,7257936
2025-10-08 04:15,7257936
2025-10-08 04:30,7257936
2025-10-08 04:45,7257936
2025-10-08 05:00,7257936
2025-10-08 05:15,7257976
2025-10-08 05:30,7257976
2025-10-08 05:45,7257976
2025-10-08 06:00,7257976
2025-10-08 06:15,7257976
2025-10-08 06:30,7258010
2025-10-08 06:45,7258010
2025-10-08 07:00,7258010
2025-10-08 07:15,7258010
2025-10-08 07:30,7258010
2025-10-08 07:45,7258010
2025-10-08 08:00,7258010
2025-10-08 08:15,7258010
2025-10-08 08:30,7258010
2025-10-08 08:45,7258050
2025-10-08 09:00,7258186
2025-10-08 09:15,7258716
2025-10-08 09:30,7258813
2025-10-08 09:45,7258836
2025-10-08 10:00,7258990
2025-10-08 10:15,7259036
2025-10-08 10:30,7259036
2025-10-08 10:45,7259036
2025-10-08 11:00,7259036
2025-10-08 11:15,7259036
2025-10-08 11:30,7259036
2025-10-08 11:45,7259036
2025-10-08 12:00,7259036
2025-10-08 12:15,7259036
2025-10-08 12:30,7259036
2025-10-08 12:45,7259036
2025-10-08 13:00,7259046
2025-10-08 13:15,7259046
2025-10-08 13:30,7259046
2025-10-08 13:45,7259106
2025-10-08 14:00,7259110
2025-10-08 14:15,7259110
2025-10-08 14:30,7259186
2025-10-08 14:45,7259246
2025-10-08 15:00,7259413
2025-10-08 15:15,7259466
2025-10-08 15:30,7259673
2025-10-08 15:45,7259796
2025-10-08 16:00,7259826
2025-10-08 16:15,7259883
2025-10-08 16:30,7259956
2025-10-08 16:45,7259966
2025-10-08 17:00,7260036
2025-10-08 17:15,7260040
2025-10-08 17:30,7260060
2025-10-08 17:45,7260060
2025-10-08 18:00,7260206
2025-10-08 18:15,7260206
2025-10-08 18:30,7260206
2025-10-08 18:45,7260263
2025-10-08 19:00,7260266
2025-10-08 19:15,7260266
2025-10-08 19:30,7260276
2025-10-08 19:45,7261740
2025-10-08 20:00,7261740
2025-10-08 20:15,7261740
2025-10-08 20:30,7261740
2025-10-08 20:45,7261740
2025-10-08 21:00,7261830
2025-10-08 21:15,7261830
2025-10-08 21:30,7261830
2025-10-08 21:45,7261830
2025-10-08 22:00,7261893
2025-10-08 22:15,7261963
2025-10-08 22:30,7262116
2025-10-08 22:45,7262126
2025-10-08 23:00,7262243
2025-10-08 23:15,7262253
2025-10-08 23:30,7262293
2025-10-08 23:45,7262340
2025-10-09 00:00,7262370
2025-10-09 00:15,7262370
2025-10-09 00:30,7262393
2025-10-09 00:45,7262393
2025-10-09 01:00,7262456
2025-10-09 01:15,7262463
2025-10-09 01:30,7262463
2025-10-09 01:45,7262463
2025-10-09 02:00,7262483
2025-10-09 02:15,7262500
2025-10-09 02:30,7262500
2025-10-09 02:45,7262500
2025-10-09 03:00,7262500
2025-10-09 03:15,7262500
2025-10-09 03:30,7262500
2025-10-09 03:45,7262570
2025-10-09 04:00,7262570
2025-10-09 04:15,7262570
2025-10-09 04:30,7262570
2025-10-09 04:45,7262570
2025-10-09 05:00,7262570
2025-10-09 05:15,7262570
2025-10-09 05:30,7262570
2025-10-09 05:45,7262570
2025-10-09 06:00,7262606
2025-10-09 06:15,7262606
2025-10-09 06:30,7262606
2025-10-09 06:45,7262816
2025-10-09 07:00,7262816
2025-10-09 07:15,7262876
2025-10-09 07:30,7262916
2025-10-09 07:45,7262916
2025-10-09 08:00,7262916
2025-10-09 08:15,7263003
2025-10-09 08:30,7263230
2025-10-09 08:45,7263536
2025-10-09 09:00,7263576
2025-10-09 09:15,7264346
2025-10-09 09:30,7264640
2025-10-09 09:45,7264640
2025-10-09 10:00,7264643
2025-10-09 10:15,7264840
2025-10-09 10:30,7264840
2025-10-09 10:45,7266740
2025-10-09 11:00,7267813
2025-10-09 11:15,7268140
2025-10-09 11:30,7268446
2025-10-09 11:45,7268446
2025-10-09 12:00,7268470
2025-10-09 12:15,7268513
2025-10-09 12:30,7268516
2025-10-09 12:45,7268520
2025-10-09 13:00,7268536
2025-10-09 13:15,7268640
2025-10-09 13:30,7268693
2025-10-09 13:45,7268736
2025-10-09 14:00,7268750
2025-10-09 14:15,7268876
2025-10-09 14:30,7269046
2025-10-09 14:45,7269136
2025-10-09 15:00,7269163
2025-10-09 15:15,7269163
2025-10-09 15:30,7269163
2025-10-09 15:45,7269163
2025-10-09 16:00,7269190
2025-10-09 16:15,7269250
2025-10-09 16:30,7269256
2025-10-09 16:45,7269266
2025-10-09 17:00,7269326
2025-10-09 17:15,7269376
2025-10-09 17:30,7269376
2025-10-09 17:45,7269380
2025-10-09 18:00,7269490
2025-10-09 18:15,7269490
2025-10-09 18:30,7269563
2025-10-09 18:45,7269566
2025-10-09 19:00,7269713
2025-10-09 19:15,7269713
2025-10-09 19:30,7269716
2025-10-09 19:45,7269720
2025-10-09 20:00,7269720
2025-10-09 20:15,7269740
2025-10-09 20:30,7269776
2025-10-09 20:45,7269776
2025-10-09 21:00,7269776
2025-10-09 21:15,7269776
2025-10-09 21:30,7269776
2025-10-09 21:45,7269830
2025-10-09 22:00,7269916
2025-10-09 22:15,7269916
2025-10-09 22:30,7270000
2025-10-09 22:45,7270036
2025-10-09 23:00,7270036
2025-10-09 23:15,7270150
2025-10-09 23:30,7270186
2025-10-09 23:45,7270200
2025-10-10 00:00,7270216
2025-10-10 00:15,7270290
2025-10-10 00:30,7270290
2025-10-10 00:45,7270290
2025-10-10 01:00,7270403
2025-10-10 01:15,7270403
2025-10-10 01:30,7270403
2025-10-10 01:45,7270403
2025-10-10 02:00,7270403
2025-10-10 02:15,7270403
2025-10-10 02:30,7270403
2025-10-10 02:45,7270413
2025-10-10 03:00,7270413
2025-10-10 03:15,7270413
2025-10-10 03:30,7270413
2025-10-10 03:45,7270413
2025-10-10 04:00,7270413
2025-10-10 04:15,7270413
2025-10-10 04:30,7270413
2025-10-10 04:45,7270453
2025-10-10 05:00,7270453
2025-10-10 05:15,7270453
2025-10-10 05:30,7270453
2025-10-10 05:45,7270493
2025-10-10 06:00,7270493
2025-10-10 06:15,7270493
2025-10-10 06:30,7270493
2025-10-10 06:45,7270493
2025-10-10 07:00,7270573
2025-10-10 07:15,7270713
2025-10-10 07:30,7270720
2025-10-10 07:45,7270746
2025-10-10 08:00,7270753
2025-10-10 08:15,7270753
2025-10-10 08:30,7270753
2025-10-10 08:45,7271400
2025-10-10 09:00,7271713
2025-10-10 09:15,7271776
2025-10-10 09:30,7271780
2025-10-10 09:45,7271780
2025-10-10 10:00,7271780
2025-10-10 10:15,7271910
2025-10-10 10:30,7271940
2025-10-10 10:45,7271940
2025-10-10 11:00,7271940
2025-10-10 11:15,7272123
2025-10-10 11:30,7272186
2025-10-10 11:45,7272186
2025-10-10 12:00,7272186
2025-10-10 12:15,7272186
2025-10-10 12:30,7272220
2025-10-10 12:45,7272220
2025-10-10 13:00,7272220
2025-10-10 13:15,7272273
2025-10-10 13:30,7272286
2025-10-10 13:45,7272286
2025-10-10 14:00,7272416
2025-10-10 14:15,7272426
2025-10-10 14:30,7272696
2025-10-10 14:45,7272756
2025-10-10 15:00,7272756
2025-10-10 15:15,7272756
2025-10-10 15:30,7272766
2025-10-10 15:45,7272996
2025-10-10 16:00,7272996
2025-10-10 16:15,7273206
2025-10-10 16:30,7273206
2025-10-10 16:45,7273206
2025-10-10 17:00,7273206
2025-10-10 17:15,7273206
2025-10-10 17:30,7273273
2025-10-10 17:45,7273273
2025-10-10 18:00,7273326
2025-10-10 18:15,7274490
2025-10-10 18:30,7275556
2025-10-10 18:45,7275563
2025-10-10 19:00,7275580
2025-10-10 19:15,7275653
2025-10-10 19:30,7275840
2025-10-10 19:45,7275920
2025-10-10 20:00,7276060
2025-10-10 20:15,7276236
2025-10-10 20:30,7276236
2025-10-10 20:45,7276236
2025-10-10 21:00,7276403
2025-10-10 21:15,7276403
2025-10-10 21:30,7276440
2025-10-10 21:45,7276440
2025-10-10 22:00,7276440
2025-10-10 22:15,7276440
2025-10-10 22:30,7276530
2025-10-10 22:45,7276540
2025-10-10 23:00,7276590
2025-10-10 23:15,7276590
2025-10-10 23:30,7276590
2025-10-10 23:45,7276590
2025-10-11 00:00,7276590
2025-10-11 00:15,7276590
2025-10-11 00:30,7276590
2025-10-11 00:45,7276590
2025-10-11 01:00,7276590
2025-10-11 01:15,7276590
2025-10-11 01:30,7276590
2025-10-11 01:45,7276630
2025-10-11 02:00,7276630
2025-10-11 02:15,7276630
2025-10-11 02:30,7276666
2025-10-11 02:45,7276666
2025-10-11 03:00,7276666
2025-10-11 03:15,7276666
2025-10-11 03:30,7276666
2025-10-11 03:45,7276666
2025-10-11 04:00,7276743
2025-10-11 04:15,7276743
2025-10-11 04:30,7276743
2025-10-11 04:45,7276743
2025-10-11 05:00,7276743
2025-10-11 05:15,7276743
2025-10-11 05:30,7276743
2025-10-11 05:45,7276743
2025-10-11 06:00,7276743
2025-10-11 06:15,7276743
2025-10-11 06:30,7276743
2025-10-11 06:45,7276743
2025-10-11 07:00,7276743
2025-10-11 07:15,7277420
2025-10-11 07:30,7277466
2025-10-11 07:45,7277500
2025-10-11 08:00,7277500
2025-10-11 08:15,7277583
2025-10-11 08:30,7277583
2025-10-11 08:45,7277590
2025-10-11 09:00,7277590
2025-10-11 09:15,7277590
2025-10-11 09:30,7277670
2025-10-11 09:45,7277673
2025-10-11 10:00,7277773
2025-10-11 10:15,7277776
2025-10-11 10:30,7279206
2025-10-11 10:45,7279660
2025-10-11 11:00,7279660
2025-10-11 11:15,7279680
2025-10-11 11:30,7279730
2025-10-11 11:45,7279820
2025-10-11 12:00,7279903
2025-10-11 12:15,7279943
2025-10-11 12:30,7279976
2025-10-11 12:45,7280226
2025-10-11 13:00,7280226
2025-10-11 13:15,7280236
2025-10-11 13:30,7280683
2025-10-11 13:45,7280700
2025-10-11 14:00,7280793
2025-10-11 14:15,7280863
2025-10-11 14:30,7280893
2025-10-11 14:45,7280923
2025-10-11 15:00,7280923
2025-10-11 15:15,7281063
2025-10-11 15:30,7281246
2025-10-11 15:45,7281310
2025-10-11 16:00,7281310
2025-10-11 16:15,7281603
2025-10-11 16:30,7281630
2025-10-11 16:45,7281633
2025-10-11 17:00,7281660
2025-10-11 17:15,7281660
2025-10-11 17:30,7281703
2025-10-11 17:45,7281710
2025-10-11 18:00,7281710
2025-10-11 18:15,7281743
2025-10-11 18:30,7281756
2025-10-11 18:45,7281756
2025-10-11 19:00,7281790
2025-10-11 19:15,7281790
2025-10-11 19:30,7281826
2025-10-11 19:45,7281826
2025-10-11 20:00,7281826
2025-10-11 20:15,7281876
2025-10-11 20:30,7281876
2025-10-11 20:45,7281913
2025-10-11 21:00,7281913
2025-10-11 21:15,7281913
2025-10-11 21:30,7281913
2025-10-11 21:45,7281913
2025-10-11 22:00,7281913
2025-10-11 22:15,7281946
2025-10-11 22:30,7281946
2025-10-11 22:45,7282006
2025-10-11 23:00,7282006
2025-10-11 23:15,7282060
2025-10-11 23:30,7282060
2025-10-11 23:45,7282060
2025-10-12 00:00,7282060
2025-10-12 00:15,7282060
2025-10-12 00:30,7282060
2025-10-12 00:45,7282060
2025-10-12 01:00,7282060
2025-10-12 01:15,7282060
2025-10-12 01:30,7282060
2025-10-12 01:45,7282060
2025-10-12 02:00,7282060
2025-10-12 02:15,7282060
2025-10-12 02:30,7282060
2025-10-12 02:45,7282060
2025-10-12 03:00,7282060
2025-10-12 03:15,7282100
2025-10-12 03:30,7282100
2025-10-12 03:45,7282100
2025-10-12 04:00,7282100
2025-10-12 04:15,7282100
2025-10-12 04:30,7282100
2025-10-12 04:45,7282100
2025-10-12 05:00,7282100
2025-10-12 05:15,7282100
2025-10-12 05:30,7282176
2025-10-12 05:45,7282176
2025-10-12 06:00,7282176
2025-10-12 06:15,7282176
2025-10-12 06:30,7282176
2025-10-12 06:45,7282176
2025-10-12 07:00,7282176
2025-10-12 07:15,7282176
2025-10-12 07:30,7282176
2025-10-12 07:45,7282176
2025-10-12 08:00,7282206
2025-10-12 08:15,7282216
2025-10-12 08:30,7282216
2025-10-12 08:45,7282216
2025-10-12 09:00,7282216
2025-10-12 09:15,7282756
2025-10-12 09:30,7282813
2025-10-12 09:45,7282813
2025-10-12 10:00,7282813
2025-10-12 10:15,7282813
2025-10-12 10:30,7282813
2025-10-12 10:45,7282813
2025-10-12 11:00,7282823
2025-10-12 11:15,7282890
2025-10-12 11:30,7282963
2025-10-12 11:45,7283673
2025-10-12 12:00,7283830
2025-10-12 12:15,7283840
2025-10-12 12:30,7283880
2025-10-12 12:45,7283963
2025-10-12 13:00,7283963
2025-10-12 13:15,7284030
2025-10-12 13:30,7284030
2025-10-12 13:45,7284030
2025-10-12 14:00,7284106
2025-10-12 14:15,7284106
2025-10-12 14:30,7284106
2025-10-12 14:45,7284173
2025-10-12 15:00,7284173
2025-10-12 15:15,7284173
2025-10-12 15:30,7284206
2025-10-12 15:45,7284206
2025-10-12 16:00,7284206
2025-10-12 16:15,7284206
2025-10-12 16:30,7284243
2025-10-12 16:45,7284286
2025-10-12 17:00,7284286
2025-10-12 17:15,7284306
2025-10-12 17:30,7284320
2025-10-12 17:45,7284386
2025-10-12 18:00,7284386
2025-10-12 18:15,7284386
2025-10-12 18:30,7284386
2025-10-12 18:45,7284386
2025-10-12 19:00,7284386
2025-10-12 19:15,7284386
2025-10-12 19:30,7284386
2025-10-12 19:45,7284386
2025-10-12 20:00,7284386
2025-10-12 20:15,7284386
2025-10-12 20:30,7284386
2025-10-12 20:45,7284386
2025-10-12 21:00,7284386
2025-10-12 21:15,7284386
2025-10-12 21:30,7284466
2025-10-12 21:45,7284526
2025-10-12 22:00,7284526
2025-10-12 22:15,7284526
2025-10-12 22:30,7284616
2025-10-12 22:45,7284616
2025-10-12 23:00,7284616
2025-10-12 23:15,7284713
2025-10-12 23:30,7284713
2025-10-12 23:45,7284713
2025-10-13 00:00,7284713
2025-10-13 00:15,7284713
2025-10-13 00:30,7284713
2025-10-13 00:45,7284713
2025-10-13 01:00,7284790
2025-10-13 01:15,7284790
2025-10-13 01:30,7284790
2025-10-13 01:45,7284790
2025-10-13 02:00,7284790
2025-10-13 02:15,7284790
2025-10-13 02:30,7284790
2025-10-13 02:45,7284790
2025-10-13 03:00,7284790
2025-10-13 03:15,7284790
2025-10-13 03:30,7284830
2025-10-13 03:45,7284830
2025-10-13 04:00,7284830
2025-10-13 04:15,7284830
2025-10-13 04:30,7284866
2025-10-13 04:45,7284866
2025-10-13 05:00,7284866
2025-10-13 05:15,7284866
2025-10-13 05:30,7284866
2025-10-13 05:45,7284866
2025-10-13 06:00,7284866
2025-10-13 06:15,7284866
2025-10-13 06:30,7284866
2025-10-13 06:45,7284906
2025-10-13 07:00,7284906
2025-10-13 07:15,7284906
2025-10-13 07:30,7284906
2025-10-13 07:45,7284986
2025-10-13 08:00,7285020
2025-10-13 08:15,7285053
2025-10-13 08:30,7285246
2025-10-13 08:45,7285706
2025-10-13 09:00,7285706
2025-10-13 09:15,7285706
2025-10-13 09:30,7285743
2025-10-13 09:45,7285743
2025-10-13 10:00,7285743
2025-10-13 10:15,7285743
2025-10-13 10:30,7285780
2025-10-13 10:45,7285796
2025-10-13 11:00,7285850
2025-10-13 11:15,7285866
2025-10-13 11:30,7285920
2025-10-13 11:45,7285920
2025-10-13 12:00,7285920
2025-10-13 12:15,7285920
2025-10-13 12:30,7285920
2025-10-13 12:45,7285920
2025-10-13 13:00,7285920
2025-10-13 13:15,7285920
2025-10-13 13:30,7285920
2025-10-13 13:45,7285920
2025-10-13 14:00,7285920
2025-10-13 14:15,7285936
2025-10-13 14:30,7285936
2025-10-13 14:45,7285936
2025-10-13 15:00,7285953
2025-10-13 15:15,7285953
2025-10-13 15:30,7285996
2025-10-13 15:45,7285996
2025-10-13 16:00,7286013
2025-10-13 16:15,7286013
2025-10-13 16:30,7286030
2025-10-13 16:45,7286040
2025-10-13 17:00,7286040
2025-10-13 17:15,7286040
2025-10-13 17:30,7286070
2025-10-13 17:45,7286070
2025-10-13 18:00,7286083
2025-10-13 18:15,7286120
2025-10-13 18:30,7286126
2025-10-13 18:45,7286126
2025-10-13 19:00,7286130
2025-10-13 19:15,7286193
2025-10-13 19:30,7286193
2025-10-13 19:45,7286193
2025-10-13 20:00,7286226
2025-10-13 20:15,7286226
2025-10-13 20:30,7286226
2025-10-13 20:45,7286456
2025-10-13 21:00,7286486
2025-10-13 21:15,7286486
2025-10-13 21:30,7286523
2025-10-13 21:45,7286533
2025-10-13 22:00,7286533
2025-10-13 22:15,7286626
2025-10-13 22:30,7286646
2025-10-13 22:45,7286646
2025-10-13 23:00,7286763
2025-10-13 23:15,7286766
2025-10-13 23:30,7286766
2025-10-13 23:45,7286766
2025-10-14 00:00,7286820
2025-10-14 00:15,7286830
2025-10-14 00:30,7286913
2025-10-14 00:45,7286913
2025-10-14 01:00,7286913
2025-10-14 01:15,7286913
2025-10-14 01:30,7286913
2025-10-14 01:45,7286913
2025-10-14 02:00,7286913
2025-10-14 02:15,7286953
2025-10-14 02:30,7286953
2025-10-14 02:45,7286953
2025-10-14 03:00,7286953
2025-10-14 03:15,7286953
2025-10-14 03:30,7286953
2025-10-14 03:45,7286953
2025-10-14 04:00,7286953
2025-10-14 04:15,7286990
2025-10-14 04:30,7286990
2025-10-14 04:45,7287030
2025-10-14 05:00,7287030
2025-10-14 05:15,7287030
2025-10-14 05:30,7287030
2025-10-14 05:45,7287030
2025-10-14 06:00,7287030
2025-10-14 06:15,7287030
2025-10-14 06:30,7287030
2025-10-14 06:45,7287030
2025-10-14 07:00,7287030
2025-10-14 07:15,7287030
2025-10-14 07:30,7287590
2025-10-14 07:45,7287596
2025-10-14 08:00,7287600
2025-10-14 08:15,7287680
2025-10-14 08:30,7287683
2025-10-14 08:45,7287683
2025-10-14 09:00,7287683
2025-10-14 09:15,7287683
2025-10-14 09:30,7287683
2025-10-14 09:45,7287720
2025-10-14 10:00,7287720
2025-10-14 10:15,7287720
2025-10-14 10:30,7287720
2025-10-14 10:45,7287720
2025-10-14 11:00,7287790
2025-10-14 11:15,7287790
2025-10-14 11:30,7287790
2025-10-14 11:45,7287806
2025-10-14 12:00,7287913
2025-10-14 12:15,7287913
2025-10-14 12:30,7287913
2025-10-14 12:45,7287913
2025-10-14 13:00,7287983
2025-10-14 13:15,7287983
2025-10-14 13:30,7288053
2025-10-14 13:45,7288193
2025-10-14 14:00,7288343
2025-10-14 14:15,7288343
2025-10-14 14:30,7288343
2025-10-14 14:45,7288343
2025-10-14 15:00,7288526
2025-10-14 15:15,7289203
2025-10-14 15:30,7289206
2025-10-14 15:45,7289283
2025-10-14 16:00,7289283
2025-10-14 16:15,7289283
2025-10-14 16:30,7289283
2025-10-14 16:45,7289320
2025-10-14 17:00,7290386
2025-10-14 17:15,7290393
2025-10-14 17:30,7290393
2025-10-14 17:45,7290430
2025-10-14 18:00,7290486
2025-10-14 18:15,7290533
2025-10-14 18:30,7290580
2025-10-14 18:45,7290620
2025-10-14 19:00,7290803
2025-10-14 19:15,7290936
2025-10-14 19:30,7290963
2025-10-14 19:45,7290996
2025-10-14 20:00,7290996
2025-10-14 20:15,7290996
2025-10-14 20:30,7290996
2025-10-14 20:45,7291036
2025-10-14 21:00,7291090
2025-10-14 21:15,7291090
2025-10-14 21:30,7291096
2025-10-14 21:45,7291096
2025-10-14 22:00,7291096
2025-10-14 22:15,7291136
2025-10-14 22:30,7291136
2025-10-14 22:45,7291193
2025-10-14 23:00,7291193
2025-10-14 23:15,7291193
2025-10-14 23:30,7291193
2025-10-14 23:45,7291300
2025-10-15 00:00,7291300
2025-10-15 00:15,7291300
2025-10-15 00:30,7291300
2025-10-15 00:45,7291300
2025-10-15 01:00,7291300
2025-10-15 01:15,7291300
2025-10-15 01:30,7291336
2025-10-15 01:45,7291336
2025-10-15 02:00,7291336
2025-10-15 02:15,7291406
2025-10-15 02:30,7291406
2025-10-15 02:45,7291406
2025-10-15 03:00,7291406
2025-10-15 03:15,7291406
2025-10-15 03:30,7291406
2025-10-15 03:45,7291406
2025-10-15 04:00,7291446
2025-10-15 04:15,7291446
2025-10-15 04:30,7291446
2025-10-15 04:45,7291446
2025-10-15 05:00,7291446
2025-10-15 05:15,7291446
2025-10-15 05:30,7291446
2025-10-15 05:45,7291523
2025-10-15 06:00,7291523
2025-10-15 06:15,7291523
2025-10-15 06:30,7291523
2025-10-15 06:45,7291523
2025-10-15 07:00,7291523
2025-10-15 07:15,7291523
2025-10-15 07:30,7291523
2025-10-15 07:45,7292153
2025-10-15 08:00,7292153
2025-10-15 08:15,7292153
2025-10-15 08:30,7292153
2025-10-15 08:45,7292190
2025-10-15 09:00,7292240
2025-10-15 09:15,7292240
2025-10-15 09:30,7292240
2025-10-15 09:45,7292316
2025-10-15 10:00,7292316
2025-10-15 10:15,7292783
2025-10-15 10:30,7292786
2025-10-15 10:45,7292786
2025-10-15 11:00,7292786
2025-10-15 11:15,7292820
2025-10-15 11:30,7292820
2025-10-15 11:45,7292866
2025-10-15 12:00,7292923
2025-10-15 12:15,7292930
2025-10-15 12:30,7293136
2025-10-15 12:45,7293136
2025-10-15 13:00,7293140
2025-10-15 13:15,7293140
2025-10-15 13:30,7293140
2025-10-15 13:45,7293140
2025-10-15 14:00,7293140
2025-10-15 14:15,7293410
2025-10-15 14:30,7293676
2025-10-15 14:45,7293696
2025-10-15 15:00,7293696
2025-10-15 15:15,7293760
2025-10-15 15:30,7293760
2025-10-15 15:45,7293766
2025-10-15 16:00,7293766
2025-10-15 16:15,7293766
2025-10-15 16:30,7293783
2025-10-15 16:45,7293933
2025-10-15 17:00,7294186
2025-10-15 17:15,7294246
2025-10-15 17:30,7294336
2025-10-15 17:45,7294406
2025-10-15 18:00,7294416
2025-10-15 18:15,7294416
2025-10-15 18:30,7294416
2025-10-15 18:45,7294456
2025-10-15 19:00,7294463
2025-10-15 19:15,7294466
2025-10-15 19:30,7295326
2025-10-15 19:45,7295453
2025-10-15 20:00,7295560
2025-10-15 20:15,7295593
2025-10-15 20:30,7295593
2025-10-15 20:45,7295596
2025-10-15 21:00,7295596
2025-10-15 21:15,7295596
2025-10-15 21:30,7295710
2025-10-15 21:45,7295750
2025-10-15 22:00,7295780
2025-10-15 22:15,7295780
2025-10-15 22:30,7295780
2025-10-15 22:45,7295836
2025-10-15 23:00,7295836
2025-10-15 23:15,7295836
2025-10-15 23:30,7295863
2025-10-15 23:45,7295963
2025-10-16 00:00,7295963
2025-10-16 00:15,7295963
2025-10-16 00:30,7296000
2025-10-16 00:45,7296000
2025-10-16 01:00,7296000
2025-10-16 01:15,7296066
2025-10-16 01:30,7296066
2025-10-16 01:45,7296066
2025-10-16 02:00,7296066
2025-10-16 02:15,7296066
2025-10-16 02:30,7296066
2025-10-16 02:45,7296066
2025-10-16 03:00,7296066
2025-10-16 03:15,7296143
2025-10-16 03:30,7296143
2025-10-16 03:45,7296143
2025-10-16 04:00,7296143
2025-10-16 04:15,7296143
2025-10-16 04:30,7296176
2025-10-16 04:45,7296183
2025-10-16 05:00,7296183
2025-10-16 05:15,7296183
2025-10-16 05:30,7296183
2025-10-16 05:45,7296183
2025-10-16 06:00,7296183
2025-10-16 06:15,7296183
2025-10-16 06:30,7296183
2025-10-16 06:45,7296183
2025-10-16 07:00,7296183
2025-10-16 07:15,7296183
2025-10-16 07:30,7296306
2025-10-16 07:45,7296310
2025-10-16 08:00,7296316
2025-10-16 08:15,7296320
2025-10-16 08:30,7296930
2025-10-16 08:45,7297016
2025-10-16 09:00,7297060
2025-10-16 09:15,7297060
2025-10-16 09:30,7297060
2025-10-16 09:45,7297063
2025-10-16 10:00,7297063
2025-10-16 10:15,7297126
2025-10-16 10:30,7297186
2025-10-16 10:45,7297290
2025-10-16 11:00,7297336
2025-10-16 11:15,7297540
2025-10-16 11:30,7297546
2025-10-16 11:45,7297663
2025-10-16 12:00,7297683
2025-10-16 12:15,7297826
2025-10-16 12:30,7297920
2025-10-16 12:45,7297946
2025-10-16 13:00,7297946
2025-10-16 13:15,7297946
2025-10-16 13:30,7297953
2025-10-16 13:45,7297953
2025-10-16 14:00,7297993
2025-10-16 14:15,7297993
2025-10-16 14:30,7297993
2025-10-16 14:45,7297993
2025-10-16 15:00,7298000
2025-10-16 15:15,7298003
2025-10-16 15:30,7298043
2025-10-16 15:45,7298043
2025-10-16 16:00,7298043
2025-10-16 16:15,7298046
2025-10-16 16:30,7298046
2025-10-16 16:45,7298106
2025-10-16 17:00,7298106
2025-10-16 17:15,7298106
2025-10-16 17:30,7298146
2025-10-16 17:45,7298146
2025-10-16 18:00,7298146
2025-10-16 18:15,7298183
2025-10-16 18:30,7298200
2025-10-16 18:45,7298200
2025-10-16 19:00,7298256
2025-10-16 19:15,7298276
2025-10-16 19:30,7298313
2025-10-16 19:45,7298476
2025-10-16 20:00,7298536
2025-10-16 20:15,7298536
2025-10-16 20:30,7298570
2025-10-16 20:45,7298570
2025-10-16 21:00,7298570
2025-10-16 21:15,7298570
2025-10-16 21:30,7298906
2025-10-16 21:45,7300716
2025-10-16 22:00,7300746
2025-10-16 22:15,7300756
2025-10-16 22:30,7300806
2025-10-16 22:45,7300826
2025-10-16 23:00,7300960
2025-10-16 23:15,7300966
2025-10-16 23:30,7301080
2025-10-16 23:45,7301166
2025-10-17 00:00,7301166
2025-10-17 00:15,7301303
2025-10-17 00:30,7301310
2025-10-17 00:45,7301360
2025-10-17 01:00,7301363
2025-10-17 01:15,7301363
2025-10-17 01:30,7301363
2025-10-17 01:45,7301363
2025-10-17 02:00,7301363
2025-10-17 02:15,7301363
2025-10-17 02:30,7301363
2025-10-17 02:45,7301403
2025-10-17 03:00,7301403
2025-10-17 03:15,7301403
2025-10-17 03:30,7301403
2025-10-17 03:45,7301403
2025-10-17 04:00,7301403
2025-10-17 04:15,7301403
2025-10-17 04:30,7301506
2025-10-17 04:45,7301506
2025-10-17 05:00,7301506
2025-10-17 05:15,7301506
2025-10-17 05:30,7301506
2025-10-17 05:45,7301506
2025-10-17 06:00,7301506
2025-10-17 06:15,7301506
2025-10-17 06:30,7301506
2025-10-17 06:45,7301506
2025-10-17 07:00,7301506
2025-10-17 07:15,7301506
2025-10-17 07:30,7301506
2025-10-17 07:45,7301543
2025-10-17 08:00,7301716
2025-10-17 08:15,7302306
2025-10-17 08:30,7302346
2025-10-17 08:45,7302353
2025-10-17 09:00,7302353
2025-10-17 09:15,7302353
2025-10-17 09:30,7302360
2025-10-17 09:45,7302433
2025-10-17 10:00,7302490
2025-10-17 10:15,7303203
2025-10-17 10:30,7303673
2025-10-17 10:45,7303673
2025-10-17 11:00,7303673
2025-10-17 11:15,7303673
2025-10-17 11:30,7303673
2025-10-17 11:45,7303680
2025-10-17 12:00,7303680
2025-10-17 12:15,7303680
2025-10-17 12:30,7303740
2025-10-17 12:45,7303740
2025-10-17 13:00,7303796
2025-10-17 13:15,7303796
2025-10-17 13:30,7303796
2025-10-17 13:45,7303796
2025-10-17 14:00,7303840
2025-10-17 14:15,7303840
2025-10-17 14:30,7303906
2025-10-17 14:45,7303906
2025-10-17 15:00,7303973
2025-10-17 15:15,7303973
2025-10-17 15:30,7303973
2025-10-17 15:45,7303983
2025-10-17 16:00,7304020
2025-10-17 16:15,7304080
2025-10-17 16:30,7304080
2025-10-17 16:45,7304090
2025-10-17 17:00,7304090
2025-10-17 17:15,7304136
2025-10-17 17:30,7304153
2025-10-17 17:45,7304216
2025-10-17 18:00,7304256
2025-10-17 18:15,7304256
2025-10-17 18:30,7304260
2025-10-17 18:45,7304260
2025-10-17 19:00,7304346
2025-10-17 19:15,7304410
2025-10-17 19:30,7304480
2025-10-17 19:45,7304823
2025-10-17 20:00,7305056
2025-10-17 20:15,7305056
2025-10-17 20:30,7305060
2025-10-17 20:45,7305060
2025-10-17 21:00,7305060
2025-10-17 21:15,7305060
2025-10-17 21:30,7305063
2025-10-17 21:45,7305100
2025-10-17 22:00,7305100
2025-10-17 22:15,7305190
2025-10-17 22:30,7305190
2025-10-17 22:45,7305190
2025-10-17 23:00,7305273
2025-10-17 23:15,7305320
2025-10-17 23:30,7305320
2025-10-17 23:45,7305330
2025-10-18 00:00,7305383
2025-10-18 00:15,7305466
2025-10-18 00:30,7305466
2025-10-18 00:45,7305466
2025-10-18 01:00,7305506
2025-10-18 01:15,7305506
2025-10-18 01:30,7305506
2025-10-18 01:45,7305506
2025-10-18 02:00,7305506
2025-10-18 02:15,7305506
2025-10-18 02:30,7305506
2025-10-18 02:45,7305506
2025-10-18 03:00,7305506
2025-10-18 03:15,7305506
2025-10-18 03:30,7305546
2025-10-18 03:45,7305546
2025-10-18 04:00,7305663
2025-10-18 04:15,7305663
2025-10-18 04:30,7305663
2025-10-18 04:45,7305663
2025-10-18 05:00,7305663
2025-10-18 05:15,7305663
2025-10-18 05:30,7305663
2025-10-18 05:45,7305663
2025-10-18 06:00,7305700
2025-10-18 06:15,7305700
2025-10-18 06:30,7305700
2025-10-18 06:45,7305700
2025-10-18 07:00,7305700
2025-10-18 07:15,7305700
2025-10-18 07:30,7305700
2025-10-18 07:45,7305700
2025-10-18 08:00,7305743
2025-10-18 08:15,7306506
2025-10-18 08:30,7306630
2025-10-18 08:45,7306746
2025-10-18 09:00,7306783
2025-10-18 09:15,7306856
2025-10-18 09:30,7306856
2025-10-18 09:45,7306876
2025-10-18 10:00,7307060
2025-10-18 10:15,7307100
2025-10-18 10:30,7307100
2025-10-18 10:45,7307100
2025-10-18 11:00,7307413
2025-10-18 11:15,7307426
2025-10-18 11:30,7307430
2025-10-18 11:45,7307436
2025-10-18 12:00,7307436
2025-10-18 12:15,7307436
2025-10-18 12:30,7307436
2025-10-18 12:45,7307436
2025-10-18 13:00,7307436
2025-10-18 13:15,7307436
2025-10-18 13:30,7307436
2025-10-18 13:45,7307436
2025-10-18 14:00,7307436
2025-10-18 14:15,7307436
2025-10-18 14:30,7307436
2025-10-18 14:45,7307586
2025-10-18 15:00,7307586
2025-10-18 15:15,7307586
2025-10-18 15:30,7307586
2025-10-18 15:45,7307586
2025-10-18 16:00,7307586
2025-10-18 16:15,7307586
2025-10-18 16:30,7307586
2025-10-18 16:45,7307633
2025-10-18 17:00,7307700
2025-10-18 17:15,7307713
2025-10-18 17:30,7308080
2025-10-18 17:45,7308180
2025-10-18 18:00,7309206
2025-10-18 18:15,7310386
2025-10-18 18:30,7310386
2025-10-18 18:45,7310386
2025-10-18 19:00,7310500
2025-10-18 19:15,7310500
2025-10-18 19:30,7310533
2025-10-18 19:45,7310533
2025-10-18 20:00,7310533
2025-10-18 20:15,7310580
2025-10-18 20:30,7310580
2025-10-18 20:45,7310603
2025-10-18 21:00,7310603
2025-10-18 21:15,7310646
2025-10-18 21:30,7310686
2025-10-18 21:45,7310686
2025-10-18 22:00,7310686
2025-10-18 22:15,7310703
2025-10-18 22:30,7310703
2025-10-18 22:45,7310703
2025-10-18 23:00,7310796
2025-10-18 23:15,7310796
2025-10-18 23:30,7310796
2025-10-18 23:45,7310796
2025-10-19 00:00,7310796
2025-10-19 00:15,7310796
2025-10-19 00:30,7310883
2025-10-19 00:45,7310920
2025-10-19 01:00,7310920
2025-10-19 01:15,7310920
2025-10-19 01:30,7310956
2025-10-19 01:45,7310956
2025-10-19 02:00,7310956
2025-10-19 02:15,7310956
2025-10-19 02:30,7310956
2025-10-19 02:45,7310956
2025-10-19 03:00,7310956
2025-10-19 03:15,7310996
2025-10-19 03:30,7310996
2025-10-19 03:45,7310996
2025-10-19 04:00,7310996
2025-10-19 04:15,7310996
2025-10-19 04:30,7310996
2025-10-19 04:45,7310996
2025-10-19 05:00,7310996
2025-10-19 05:15,7310996
2025-10-19 05:30,7310996
2025-10-19 05:45,7311036
2025-10-19 06:00,7311036
2025-10-19 06:15,7311036
2025-10-19 06:30,7311073
2025-10-19 06:45,7311073
2025-10-19 07:00,7311073
2025-10-19 07:15,7311073
2025-10-19 07:30,7311073
2025-10-19 07:45,7311073
2025-10-19 08:00,7311073
2025-10-19 08:15,7311626
2025-10-19 08:30,7311730
2025-10-19 08:45,7311803
2025-10-19 09:00,7311803
2025-10-19 09:15,7311803
2025-10-19 09:30,7311803
2025-10-19 09:45,7311853
2025-10-19 10:00,7313076
2025-10-19 10:15,7313720
2025-10-19 10:30,7313756
2025-10-19 10:45,7314220
2025-10-19 11:00,7314246
2025-10-19 11:15,7314250
2025-10-19 11:30,7314313
2025-10-19 11:45,7314326
2025-10-19 12:00,7314326
2025-10-19 12:15,7314356
2025-10-19 12:30,7314363
2025-10-19 12:45,7314406
2025-10-19 13:00,7314440
2025-10-19 13:15,7314440
2025-10-19 13:30,7314440
2025-10-19 13:45,7314483
2025-10-19 14:00,7314520
2025-10-19 14:15,7314520
2025-10-19 14:30,7314520
2025-10-19 14:45,7314520
2025-10-19 15:00,7314520
2025-10-19 15:15,7314520
2025-10-19 15:30,7314520
2025-10-19 15:45,7314520
2025-10-19 16:00,7314520
2025-10-19 16:15,7314520
2025-10-19 16:30,7314520
2025-10-19 16:45,7314520
2025-10-19 17:00,7314520
2025-10-19 17:15,7314520
2025-10-19 17:30,7314576
2025-10-19 17:45,7314636
2025-10-19 18:00,7315306
2025-10-19 18:15,7316300
2025-10-19 18:30,7316303
2025-10-19 18:45,7316350
2025-10-19 19:00,7316386
2025-10-19 19:15,7316386
2025-10-19 19:30,7316486
2025-10-19 19:45,7316653
2025-10-19 20:00,7316673
2025-10-19 20:15,7316770
2025-10-19 20:30,7316770
2025-10-19 20:45,7316770
2025-10-19 21:00,7316770
2025-10-19 21:15,7316770
2025-10-19 21:30,7317036
2025-10-19 21:45,7317193
2025-10-19 22:00,7317306
2025-10-19 22:15,7317306
2025-10-19 22:30,7317306
2025-10-19 22:45,7317306
2025-10-19 23:00,7317366
2025-10-19 23:15,7317416
2025-10-19 23:30,7317420
2025-10-19 23:45,7317466
2025-10-20 00:00,7317466
2025-10-20 00:15,7317466
2025-10-20 00:30,7317466
2025-10-20 00:45,7317466
2025-10-20 01:00,7317466
2025-10-20 01:15,7317466
2025-10-20 01:30,7317466
2025-10-20 01:45,7317466
2025-10-20 02:00,7317466
2025-10-20 02:15,7317466
2025-10-20 02:30,7317503
2025-10-20 02:45,7317503
2025-10-20 03:00,7317506
2025-10-20 03:15,7317506
2025-10-20 03:30,7317506
2025-10-20 03:45,7317506
2025-10-20 04:00,7317540
2025-10-20 04:15,7317540
2025-10-20 04:30,7317540
2025-10-20 04:45,7317540
2025-10-20 05:00,7317540
2025-10-20 05:15,7317540
2025-10-20 05:30,7317540
2025-10-20 05:45,7317540
2025-10-20 06:00,7317540
2025-10-20 06:15,7317583
2025-10-20 06:30,7317583
2025-10-20 06:45,7317583
2025-10-20 07:00,7317583
2025-10-20 07:15,7317583
2025-10-20 07:30,7317583
2025-10-20 07:45,7317760
2025-10-20 08:00,7317760
2025-10-20 08:15,7317840
2025-10-20 08:30,7317876
2025-10-20 08:45,7318330
2025-10-20 09:00,7318330
2025-10-20 09:15,7318333
2025-10-20 09:30,7318333
2025-10-20 09:45,7318410
2025-10-20 10:00,7318410
2025-10-20 10:15,7318410
2025-10-20 10:30,7318413
2025-10-20 10:45,7318523
2025-10-20 11:00,7318523
2025-10-20 11:15,7318523
2025-10-20 11:30,7318533
2025-10-20 11:45,7318570
2025-10-20 12:00,7318570
2025-10-20 12:15,7318570
2025-10-20 12:30,7318570
2025-10-20 12:45,7318570
2025-10-20 13:00,7318570
2025-10-20 13:15,7318570
2025-10-20 13:30,7318570
2025-10-20 13:45,7318570
2025-10-20 14:00,7318570
2025-10-20 14:15,7318570
2025-10-20 14:30,7318570
2025-10-20 14:45,7318570
2025-10-20 15:00,7318570
2025-10-20 15:15,7318570
2025-10-20 15:30,7318570
2025-10-20 15:45,7318586
2025-10-20 16:00,7318596
2025-10-20 16:15,7318650
2025-10-20 16:30,7318686
2025-10-20 16:45,7318686
2025-10-20 17:00,7318686
2025-10-20 17:15,7318686
2025-10-20 17:30,7318693
2025-10-20 17:45,7318710
2025-10-20 18:00,7318733
2025-10-20 18:15,7318733
2025-10-20 18:30,7318770
2025-10-20 18:45,7318873
2025-10-20 19:00,7318873
2025-10-20 19:15,7318873
2025-10-20 19:30,7318876
2025-10-20 19:45,7318876
2025-10-20 20:00,7318920
2025-10-20 20:15,7318920
2025-10-20 20:30,7319006
2025-10-20 20:45,7319060
2025-10-20 21:00,7319060
2025-10-20 21:15,7319093
2025-10-20 21:30,7319093
2025-10-20 21:45,7319126
2025-10-20 22:00,7319163
2025-10-20 22:15,7319166
2025-10-20 22:30,7319323
2025-10-20 22:45,7319340
2025-10-20 23:00,7319373
2025-10-20 23:15,7319526
2025-10-20 23:30,7319690
2025-10-20 23:45,7319690
2025-10-21 00:00,7319726
2025-10-21 00:15,7319726
2025-10-21 00:30,7319726
2025-10-21 00:45,7319766
2025-10-21 01:00,7319820
2025-10-21 01:15,7319820
2025-10-21 01:30,7319820
2025-10-21 01:45,7319820
2025-10-21 02:00,7319820
2025-10-21 02:15,7319820
2025-10-21 02:30,7319820
2025-10-21 02:45,7319820
2025-10-21 03:00,7319826
2025-10-21 03:15,7319860
2025-10-21 03:30,7319860
2025-10-21 03:45,7319860
2025-10-21 04:00,7319860
2025-10-21 04:15,7319860
2025-10-21 04:30,7319860
2025-10-21 04:45,7319896
2025-10-21 05:00,7319896
2025-10-21 05:15,7319896
2025-10-21 05:30,7319896
2025-10-21 05:45,7319896
2025-10-21 06:00,7319896
2025-10-21 06:15,7319896
2025-10-21 06:30,7319896
2025-10-21 06:45,7319896
2025-10-21 07:00,7319896
2025-10-21 07:15,7319896
2025-10-21 07:30,7319896
2025-10-21 07:45,7319936
2025-10-21 08:00,7320020
2025-10-21 08:15,7320020
2025-10-21 08:30,7320033
2025-10-21 08:45,7320056
2025-10-21 09:00,7320143
2025-10-21 09:15,7320436
2025-10-21 09:30,7320436
2025-10-21 09:45,7320473
2025-10-21 10:00,7320483
2025-10-21 10:15,7320553
2025-10-21 10:30,7320553
2025-10-21 10:45,7320553
2025-10-21 11:00,7320553
2025-10-21 11:15,7320553
2025-10-21 11:30,7320553
2025-10-21 11:45,7320840
2025-10-21 12:00,7320840
2025-10-21 12:15,7320840
2025-10-21 12:30,7320840
2025-10-21 12:45,7321070
2025-10-21 13:00,7321070
2025-10-21 13:15,7321070
2025-10-21 13:30,7321070
2025-10-21 13:45,7321186
2025-10-21 14:00,7321303
2025-10-21 14:15,7321456
2025-10-21 14:30,7321506
2025-10-21 14:45,7321506
2025-10-21 15:00,7321526
2025-10-21 15:15,7321526
2025-10-21 15:30,7321600
2025-10-21 15:45,7321600
2025-10-21 16:00,7321600
2025-10-21 16:15,7321600
2025-10-21 16:30,7321703
2025-10-21 16:45,7321706
2025-10-21 17:00,7321726
2025-10-21 17:15,7321793
2025-10-21 17:30,7321853
2025-10-21 17:45,7321853
2025-10-21 18:00,7321853
2025-10-21 18:15,7321930
2025-10-21 18:30,7321930
2025-10-21 18:45,7322033
2025-10-21 19:00,7322356
2025-10-21 19:15,7322496
2025-10-21 19:30,7322506
2025-10-21 19:45,7322510
2025-10-21 20:00,7322510
2025-10-21 20:15,7322603
2025-10-21 20:30,7322603
2025-10-21 20:45,7322756
2025-10-21 21:00,7322790
2025-10-21 21:15,7323563
2025-10-21 21:30,7324976
2025-10-21 21:45,7324986
2025-10-21 22:00,7324986
2025-10-21 22:15,7325023
2025-10-21 22:30,7325023
2025-10-21 22:45,7325023
2025-10-21 23:00,7325023
2025-10-21 23:15,7325070
2025-10-21 23:30,7325070
2025-10-21 23:45,7325070
2025-10-22 00:00,7325103
2025-10-22 00:15,7325206
2025-10-22 00:30,7325206
2025-10-22 00:45,7325206
2025-10-22 01:00,7325206
2025-10-22 01:15,7325206
2025-10-22 01:30,7325206
2025-10-22 01:45,7325206
2025-10-22 02:00,7325206
2025-10-22 02:15,7325206
2025-10-22 02:30,7325210
2025-10-22 02:45,7325210
2025-10-22 03:00,7325210
2025-10-22 03:15,7325210
2025-10-22 03:30,7325210
2025-10-22 03:45,7325210
2025-10-22 04:00,7325290
2025-10-22 04:15,7325290
2025-10-22 04:30,7325290
2025-10-22 04:45,7325293
2025-10-22 05:00,7325293
2025-10-22 05:15,7325333
2025-10-22 05:30,7325336
2025-10-22 05:45,7325370
2025-10-22 06:00,7325406
2025-10-22 06:15,7325406
2025-10-22 06:30,7325406
2025-10-22 06:45,7325406
2025-10-22 07:00,7325406
2025-10-22 07:15,7325406
2025-10-22 07:30,7325406
2025-10-22 07:45,7325406
2025-10-22 08:00,7325446
2025-10-22 08:15,7325903
2025-10-22 08:30,7325926
2025-10-22 08:45,7325926
2025-10-22 09:00,7325973
2025-10-22 09:15,7326023
2025-10-22 09:30,7326083
2025-10-22 09:45,7326083
2025-10-22 10:00,7326133
2025-10-22 10:15,7326133
2025-10-22 10:30,7326133
2025-10-22 10:45,7326133
2025-10-22 11:00,7326133
2025-10-22 11:15,7326170
2025-10-22 11:30,7326180
2025-10-22 11:45,7326180
2025-10-22 12:00,7326180
2025-10-22 12:15,7326180
2025-10-22 12:30,7326280
2025-10-22 12:45,7326280
2025-10-22 13:00,7326316
2025-10-22 13:15,7326323
2025-10-22 13:30,7326323
2025-10-22 13:45,7326323
2025-10-22 14:00,7326323
2025-10-22 14:15,7326360
2025-10-22 14:30,7326360
2025-10-22 14:45,7326360
2025-10-22 15:00,7326400
2025-10-22 15:15,7326400
2025-10-22 15:30,7326436
2025-10-22 15:45,7326453
2025-10-22 16:00,7326453
2025-10-22 16:15,7326453
2025-10-22 16:30,7326490
2025-10-22 16:45,7326490
2025-10-22 17:00,7326490
2025-10-22 17:15,7326490
2025-10-22 17:30,7326490
2025-10-22 17:45,7326490
2025-10-22 18:00,7326490
2025-10-22 18:15,7326490
2025-10-22 18:30,7326490
2025-10-22 18:45,7326490
2025-10-22 19:00,7326490
2025-10-22 19:15,7326490
2025-10-22 19:30,7326490
2025-10-22 19:45,7326490
2025-10-22 20:00,7326490
2025-10-22 20:15,7326490
2025-10-22 20:30,7326490
2025-10-22 20:45,7326613
2025-10-22 21:00,7326613
2025-10-22 21:15,7326613
2025-10-22 21:30,7326613
2025-10-22 21:45,7326613
2025-10-22 22:00,7326630
2025-10-22 22:15,7326666
2025-10-22 22:30,7326666
2025-10-22 22:45,7326666
2025-10-22 23:00,7326666
2025-10-22 23:15,7326666
2025-10-22 23:30,7326713
2025-10-22 23:45,7326726
2025-10-23 00:00,7326730
2025-10-23 00:15,7326766
2025-10-23 00:30,7326776
2025-10-23 00:45,7326776
2025-10-23 01:00,7326823
2025-10-23 01:15,7326840
2025-10-23 01:30,7326840
2025-10-23 01:45,7326840
2025-10-23 02:00,7326840
2025-10-23 02:15,7326840
2025-10-23 02:30,7326840
2025-10-23 02:45,7326840
2025-10-23 03:00,7326840
2025-10-23 03:15,7326840
2025-10-23 03:30,7326840
2025-10-23 03:45,7326876
2025-10-23 04:00,7326876
2025-10-23 04:15,7326876
2025-10-23 04:30,7326876
2025-10-23 04:45,7326916
2025-10-23 05:00,7326916
2025-10-23 05:15,7326916
2025-10-23 05:30,7326916
2025-10-23 05:45,7326916
2025-10-23 06:00,7326953
2025-10-23 06:15,7326953
2025-10-23 06:30,7326953
2025-10-23 06:45,7326953
2025-10-23 07:00,7326953
2025-10-23 07:15,7326953
2025-10-23 07:30,7326953
2025-10-23 07:45,7326953
2025-10-23 08:00,7326990
2025-10-23 08:15,7326990
2025-10-23 08:30,7326990
2025-10-23 08:45,7326990
2025-10-23 09:00,7326990
2025-10-23 09:15,7327033
2025-10-23 09:30,7327390
2025-10-23 09:45,7327390
2025-10-23 10:00,7327446
2025-10-23 10:15,7327456
2025-10-23 10:30,7327456
2025-10-23 10:45,7327456
2025-10-23 11:00,7327463
2025-10-23 11:15,7327466
2025-10-23 11:30,7327520
2025-10-23 11:45,7327520
2025-10-23 12:00,7327590
2025-10-23 12:15,7328426
2025-10-23 12:30,7328893
2025-10-23 12:45,7328923
2025-10-23 13:00,7328923
2025-10-23 13:15,7328960
2025-10-23 13:30,7328960
2025-10-23 13:45,7328993
2025-10-23 14:00,7328993
2025-10-23 14:15,7328993
2025-10-23 14:30,7328993
2025-10-23 14:45,7329040
2025-10-23 15:00,7329053
2025-10-23 15:15,7329053
2025-10-23 15:30,7329086
2025-10-23 15:45,7329120
2025-10-23 16:00,7329153
2025-10-23 16:15,7329156
2025-10-23 16:30,7329180
2025-10-23 16:45,7329186
2025-10-23 17:00,7329273
2025-10-23 17:15,7329273
2025-10-23 17:30,7329273
2025-10-23 17:45,7329276
2025-10-23 18:00,7329276
2025-10-23 18:15,7329276
2025-10-23 18:30,7329310
2025-10-23 18:45,7329310
2025-10-23 19:00,7329310
2025-10-23 19:15,7329310
2025-10-23 19:30,7329313
2025-10-23 19:45,7329390
2025-10-23 20:00,7329466
2025-10-23 20:15,7329550
2025-10-23 20:30,7329586
2025-10-23 20:45,7329643
2025-10-23 21:00,7329643
2025-10-23 21:15,7329643
2025-10-23 21:30,7329643
2025-10-23 21:45,7329733
2025-10-23 22:00,7329733
2025-10-23 22:15,7329733
2025-10-23 22:30,7329750
2025-10-23 22:45,7329853
2025-10-23 23:00,7329893
2025-10-23 23:15,7329896
2025-10-23 23:30,7329976
2025-10-23 23:45,7329976
2025-10-24 00:00,7330090
2025-10-24 00:15,7330090
2025-10-24 00:30,7330120
2025-10-24 00:45,7330120
2025-10-24 01:00,7330193
2025-10-24 01:15,7330250
2025-10-24 01:30,7330250
2025-10-24 01:45,7330250
2025-10-24 02:00,7330250
2025-10-24 02:15,7330250
2025-10-24 02:30,7330286
2025-10-24 02:45,7330286
2025-10-24 03:00,7330286
2025-10-24 03:15,7330286
2025-10-24 03:30,7330286
2025-10-24 03:45,7330286
2025-10-24 04:00,7330286
2025-10-24 04:15,7330286
2025-10-24 04:30,7330286
2025-10-24 04:45,7330286
2025-10-24 05:00,7330286
2025-10-24 05:15,7330286
2025-10-24 05:30,7330286
2025-10-24 05:45,7330286
2025-10-24 06:00,7330286
2025-10-24 06:15,7330310
2025-10-24 06:30,7330326
2025-10-24 06:45,7330566
2025-10-24 07:00,7330880
2025-10-24 07:15,7330926
2025-10-24 07:30,7330926
2025-10-24 07:45,7330946
2025-10-24 08:00,7331216
2025-10-24 08:15,7331216
2025-10-24 08:30,7331216
2025-10-24 08:45,7331216
2025-10-24 09:00,7331220
2025-10-24 09:15,7331220
2025-10-24 09:30,7331220
2025-10-24 09:45,7331220
2025-10-24 10:00,7331220
2025-10-24 10:15,7331220
2025-10-24 10:30,7331220
2025-10-24 10:45,7331220
2025-10-24 11:00,7331223
2025-10-24 11:15,7331223
2025-10-24 11:30,7331223
2025-10-24 11:45,7331223
2025-10-24 12:00,7331223
2025-10-24 12:15,7331223
2025-10-24 12:30,7331223
2025-10-24 12:45,7331226
2025-10-24 13:00,7331226
2025-10-24 13:15,7331226
2025-10-24 13:30,7331226
2025-10-24 13:45,7331226
2025-10-24 14:00,7331230
2025-10-24 14:15,7331230
2025-10-24 14:30,7331230
2025-10-24 14:45,7331230
2025-10-24 15:00,7331230
2025-10-24 15:15,7331230
2025-10-24 15:30,7331230
2025-10-24 15:45,7331230
2025-10-24 16:00,7331230
2025-10-24 16:15,7331230
2025-10-24 16:30,7331233
2025-10-24 16:45,7331233
2025-10-24 17:00,7331233
2025-10-24 17:15,7331233
2025-10-24 17:30,7331233
2025-10-24 17:45,7331233
2025-10-24 18:00,7331236
2025-10-24 18:15,7331236
2025-10-24 18:30,7331236
2025-10-24 18:45,7331236
2025-10-24 19:00,7331236
2025-10-24 19:15,7331236
2025-10-24 19:30,7331236
2025-10-24 19:45,7331236
2025-10-24 20:00,7331236
2025-10-24 20:15,7331236
2025-10-24 20:30,7331236
2025-10-24 20:45,7331236
2025-10-24 21:00,7331236
2025-10-24 21:15,7331236
2025-10-24 21:30,7331236
2025-10-24 21:45,7331236
2025-10-24 22:00,7331236
2025-10-24 22:15,7331236
2025-10-24 22:30,7331236
2025-10-24 22:45,7331240
2025-10-24 23:00,7331296
2025-10-24 23:15,7331296
2025-10-24 23:30,7331296
2025-10-24 23:45,7331296
2025-10-25 00:00,7331296
2025-10-25 00:15,7331296
2025-10-25 00:30,7331296
2025-10-25 00:45,7331296
2025-10-25 01:00,7331296
2025-10-25 01:15,7331296
2025-10-25 01:30,7331296
2025-10-25 01:45,7331296
2025-10-25 02:00,7331296
2025-10-25 02:15,7331296
2025-10-25 02:30,7331296
2025-10-25 02:45,7331296
2025-10-25 03:00,7331296
2025-10-25 03:15,7331296
2025-10-25 03:30,7331296
2025-10-25 03:45,7331296
2025-10-25 04:00,7331296
2025-10-25 04:15,7331296
2025-10-25 04:30,7331296
2025-10-25 04:45,7331296
2025-10-25 05:00,7331296
2025-10-25 05:15,7331296
2025-10-25 05:30,7331296
2025-10-25 05:45,7331296
2025-10-25 06:00,7331296
2025-10-25 06:15,7331296
2025-10-25 06:30,7331296
2025-10-25 06:45,7331296
2025-10-25 07:00,7331296
2025-10-25 07:15,7331296
2025-10-25 07:30,7331296
2025-10-25 07:45,7331296
2025-10-25 08:00,7331296
2025-10-25 08:15,7331296
2025-10-25 08:30,7331296
2025-10-25 08:45,7331306
2025-10-25 09:00,7331393
2025-10-25 09:15,7331393
2025-10-25 09:30,7331393
2025-10-25 09:45,7331393
2025-10-25 10:00,7331393
2025-10-25 10:15,7331393
2025-10-25 10:30,7331393
2025-10-25 10:45,7331396
2025-10-25 11:00,7331396
2025-10-25 11:15,7331396
2025-10-25 11:30,7331396
2025-10-25 11:45,7331396
2025-10-25 12:00,7331396
2025-10-25 12:15,7332226
2025-10-25 12:30,7332226
2025-10-25 12:45,7332226
2025-10-25 13:00,7332226
2025-10-25 13:15,7332226
2025-10-25 13:30,7332226
2025-10-25 13:45,7332226
2025-10-25 14:00,7332226
2025-10-25 14:15,7332226
2025-10-25 14:30,7332226
2025-10-25 14:45,7332226
2025-10-25 15:00,7332226
2025-10-25 15:15,7332226
2025-10-25 15:30,7332226
2025-10-25 15:45,7332226
2025-10-25 16:00,7332226
2025-10-25 16:15,7332226
2025-10-25 16:30,7332226
2025-10-25 16:45,7332226
2025-10-25 17:00,7332243
2025-10-25 17:15,7332340
2025-10-25 17:30,7332356
2025-10-25 17:45,7332356
2025-10-25 18:00,7332356
2025-10-25 18:15,7332356
2025-10-25 18:30,7332383
2025-10-25 18:45,7332383
2025-10-25 19:00,7332410
2025-10-25 19:15,7332410
2025-10-25 19:30,7332416
2025-10-25 19:45,7332436
2025-10-25 20:00,7332436
2025-10-25 20:15,7332436
2025-10-25 20:30,7332436
2025-10-25 20:45,7332436
2025-10-25 21:00,7332436
2025-10-25 21:15,7332436
2025-10-25 21:30,7332436
2025-10-25 21:45,7332436
2025-10-25 22:00,7332436
2025-10-25 22:15,7332436
2025-10-25 22:30,7332436
2025-10-25 22:45,7332436
2025-10-25 23:00,7332436
2025-10-25 23:15,7332436
2025-10-25 23:30,7332436
2025-10-25 23:45,7332436
2025-10-26 00:00,7332436
2025-10-26 00:15,7332436
2025-10-26 00:30,7332436
2025-10-26 00:45,7332436
2025-10-26 01:00,7332436
2025-10-26 01:15,7332436
2025-10-26 01:30,7332436
2025-10-26 01:45,7332436
2025-10-26 02:00,7332436
2025-10-26 02:15,7332436
2025-10-26 02:30,7332436
2025-10-26 02:45,7332436
2025-10-26 03:00,7332436
2025-10-26 03:15,7332436
2025-10-26 03:30,7332436
2025-10-26 03:45,7332436
2025-10-26 04:00,7332436
2025-10-26 04:15,7332436
2025-10-26 04:30,7332436
2025-10-26 04:45,7332436
2025-10-26 05:00,7332436
2025-10-26 05:15,7332436
2025-10-26 05:30,7332436
2025-10-26 05:45,7332436
2025-10-26 06:00,7332436
2025-10-26 06:15,7332436
2025-10-26 06:30,7332436
2025-10-26 06:45,7332436
2025-10-26 07:00,7332436
2025-10-26 07:15,7332436
2025-10-26 07:30,7332436
2025-10-26 07:45,7332436
2025-10-26 08:00,7332436
2025-10-26 08:15,7332436
2025-10-26 08:30,7332436
2025-10-26 08:45,7332436
2025-10-26 09:00,7332436
2025-10-26 09:15,7332436
2025-10-26 09:30,7332436
2025-10-26 09:45,7332440
2025-10-26 10:00,7332440
2025-10-26 10:15,7332440
2025-10-26 10:30,7332440
2025-10-26 10:45,7332440
2025-10-26 11:00,7332440
2025-10-26 11:15,7332440
2025-10-26 11:30,7332440
2025-10-26 11:45,7332440
2025-10-26 12:00,7332440
2025-10-26 12:15,7332440
2025-10-26 12:30,7332440
2025-10-26 12:45,7332440
2025-10-26 13:00,7332440
2025-10-26 13:15,7332440
2025-10-26 13:30,7332440
2025-10-26 13:45,7332440
2025-10-26 14:00,7332440
2025-10-26 14:15,7332440
2025-10-26 14:30,7332440
2025-10-26 14:45,7332440
2025-10-26 15:00,7332440
2025-10-26 15:15,7332440
2025-10-26 15:30,7332440
2025-10-26 15:45,7332440
2025-10-26 16:00,7332440
2025-10-26 16:15,7332440
2025-10-26 16:30,7332440
2025-10-26 16:45,7332440
2025-10-26 17:00,7332440
2025-10-26 17:15,7332440
2025-10-26 17:30,7332440
2025-10-26 17:45,7332440
2025-10-26 18:00,7332440
2025-10-26 18:15,7332440
2025-10-26 18:30,7332440
2025-10-26 18:45,7332440
2025-10-26 19:00,7332440
2025-10-26 19:15,7332440
2025-10-26 19:30,7332440
2025-10-26 19:45,7332440
2025-10-26 20:00,7332440
2025-10-26 20:15,7332440
2025-10-26 20:30,7332440
2025-10-26 20:45,7332440
2025-10-26 21:00,7332440
2025-10-26 21:15,7332440
2025-10-26 21:30,7332440
2025-10-26 21:45,7332440
2025-10-26 22:00,7332603
2025-10-26 22:15,7332710
2025-10-26 22:30,7332723
2025-10-26 22:45,7332723
2025-10-26 23:00,7332723
2025-10-26 23:15,7332723
2025-10-26 23:30,7332760
2025-10-26 23:45,7332776
2025-10-27 00:00,7332836
2025-10-27 00:15,7332846
2025-10-27 00:30,7332846
2025-10-27 00:45,7332846
2025-10-27 01:00,7332846
2025-10-27 01:15,7332846
2025-10-27 01:30,7332846
2025-10-27 01:45,7332846
2025-10-27 02:00,7332846
2025-10-27 02:15,7332846
2025-10-27 02:30,7332846
2025-10-27 02:45,7332846
2025-10-27 03:00,7332883
2025-10-27 03:15,7332883
2025-10-27 03:30,7332883
2025-10-27 03:45,7332883
2025-10-27 04:00,7332883
2025-10-27 04:15,7332883
2025-10-27 04:30,7332883
2025-10-27 04:45,7332883
2025-10-27 05:00,7332920
2025-10-27 05:15,7332920
2025-10-27 05:30,7332956
2025-10-27 05:45,7332956
2025-10-27 06:00,7332956
2025-10-27 06:15,7332956
2025-10-27 06:30,7332956
2025-10-27 06:45,7332956
2025-10-27 07:00,7333063
2025-10-27 07:15,7333063
2025-10-27 07:30,7333063
2025-10-27 07:45,7333063
2025-10-27 08:00,7333063
2025-10-27 08:15,7333063
2025-10-27 08:30,7333063
2025-10-27 08:45,7333113
2025-10-27 09:00,7333930
2025-10-27 09:15,7333930
2025-10-27 09:30,7333983
2025-10-27 09:45,7333996
2025-10-27 10:00,7333996
2025-10-27 10:15,7333996
2025-10-27 10:30,7333996
2025-10-27 10:45,7334066
2025-10-27 11:00,7334110
2025-10-27 11:15,7334110
2025-10-27 11:30,7334153
2025-10-27 11:45,7334153
2025-10-27 12:00,7334153
2025-10-27 12:15,7334153
2025-10-27 12:30,7334153
2025-10-27 12:45,7334190
2025-10-27 13:00,7334190
2025-10-27 13:15,7334190
2025-10-27 13:30,7334206
2025-10-27 13:45,7334206
2025-10-27 14:00,7334246
2025-10-27 14:15,7334266
2025-10-27 14:30,7334266
2025-10-27 14:45,7334266
2025-10-27 15:00,7334300
2025-10-27 15:15,7334346
2025-10-27 15:30,7334346
2025-10-27 15:45,7334346
2025-10-27 16:00,7334346
2025-10-27 16:15,7334346
2025-10-27 16:30,7334346
2025-10-27 16:45,7334346
2025-10-27 17:00,7334346
2025-10-27 17:15,7334346
2025-10-27 17:30,7334346
2025-10-27 17:45,7334346
2025-10-27 18:00,7334390
2025-10-27 18:15,7334466
2025-10-27 18:30,7334490
2025-10-27 18:45,7334490
2025-10-27 19:00,7334500
2025-10-27 19:15,7334536
2025-10-27 19:30,7334536
2025-10-27 19:45,7334536
2025-10-27 20:00,7334536
2025-10-27 20:15,7334536
2025-10-27 20:30,7334536
2025-10-27 20:45,7334536
2025-10-27 21:00,7334543
2025-10-27 21:15,7334543
2025-10-27 21:30,7334543
2025-10-27 21:45,7334543
2025-10-27 22:00,7334543
2025-10-27 22:15,7334543
2025-10-27 22:30,7334543
2025-10-27 22:45,7334580
2025-10-27 23:00,7335876
2025-10-27 23:15,7337316
2025-10-27 23:30,7337316
2025-10-27 23:45,7337316
2025-10-28 00:00,7337316
2025-10-28 00:15,7337316
2025-10-28 00:30,7337316
2025-10-28 00:45,7337316
2025-10-28 01:00,7337316
2025-10-28 01:15,7337316
2025-10-28 01:30,7337316
2025-10-28 01:45,7337316
2025-10-28 02:00,7337353
2025-10-28 02:15,7337353
2025-10-28 02:30,7337353
2025-10-28 02:45,7337353
2025-10-28 03:00,7337353
2025-10-28 03:15,7337353
2025-10-28 03:30,7337353
2025-10-28 03:45,7337353
2025-10-28 04:00,7337353
2025-10-28 04:15,7337353
2025-10-28 04:30,7337353
2025-10-28 04:45,7337390
2025-10-28 05:00,7337390
2025-10-28 05:15,7337390
2025-10-28 05:30,7337390
2025-10-28 05:45,7337390
2025-10-28 06:00,7337390
2025-10-28 06:15,7337390
2025-10-28 06:30,7337390
2025-10-28 06:45,7337390
2025-10-28 07:00,7337390
2025-10-28 07:15,7337390
2025-10-28 07:30,7337390
2025-10-28 07:45,7337390
2025-10-28 08:00,7337473
2025-10-28 08:15,7337533
2025-10-28 08:30,7337533
2025-10-28 08:45,7337570
2025-10-28 09:00,7337570
2025-10-28 09:15,7337636
2025-10-28 09:30,7337636
2025-10-28 09:45,7337636
2025-10-28 10:00,7337636
2025-10-28 10:15,7337636
2025-10-28 10:30,7337636
2025-10-28 10:45,7337636
2025-10-28 11:00,7337636
2025-10-28 11:15,7337636
2025-10-28 11:30,7337636
2025-10-28 11:45,7337636
2025-10-28 12:00,7337636
2025-10-28 12:15,7337636
2025-10-28 12:30,7337636
2025-10-28 12:45,7337636
2025-10-28 13:00,7337636
2025-10-28 13:15,7337636
2025-10-28 13:30,7337636
2025-10-28 13:45,7337680
2025-10-28 14:00,7337683
2025-10-28 14:15,7337683
2025-10-28 14:30,7337683
2025-10-28 14:45,7337750
2025-10-28 15:00,7337750
2025-10-28 15:15,7337750
2025-10-28 15:30,7337750
2025-10-28 15:45,7337750
2025-10-28 16:00,7338346
2025-10-28 16:15,7339680
2025-10-28 16:30,7339680
2025-10-28 16:45,7339680
2025-10-28 17:00,7339683
2025-10-28 17:15,7339683
2025-10-28 17:30,7339683
2025-10-28 17:45,7339683
2025-10-28 18:00,7339683
2025-10-28 18:15,7339683
2025-10-28 18:30,7339693
2025-10-28 18:45,7339693
2025-10-28 19:00,7339733
2025-10-28 19:15,7339733
2025-10-28 19:30,7339740
2025-10-28 19:45,7339740
2025-10-28 20:00,7339740
2025-10-28 20:15,7339740
2025-10-28 20:30,7339740
2025-10-28 20:45,7339740
2025-10-28 21:00,7339740
2025-10-28 21:15,7339740
2025-10-28 21:30,7339740
2025-10-28 21:45,7339740
2025-10-28 22:00,7339740
2025-10-28 22:15,7339740
2025-10-28 22:30,7339740
2025-10-28 22:45,7339740
2025-10-28 23:00,7339786
2025-10-28 23:15,7339786
2025-10-28 23:30,7339786
2025-10-28 23:45,7339786
2025-10-29 00:00,7339786
2025-10-29 00:15,7339786
2025-10-29 00:30,7339850
2025-10-29 00:45,7339850
2025-10-29 01:00,7339850
2025-10-29 01:15,7339920
2025-10-29 01:30,7339920
2025-10-29 01:45,7340060
2025-10-29 02:00,7340073
2025-10-29 02:15,7340073
2025-10-29 02:30,7340073
2025-10-29 02:45,7340073
2025-10-29 03:00,7340073
2025-10-29 03:15,7340073
2025-10-29 03:30,7340073
2025-10-29 03:45,7340073
2025-10-29 04:00,7340073
2025-10-29 04:15,7340073
2025-10-29 04:30,7340073
2025-10-29 04:45,7340073
2025-10-29 05:00,7340073
2025-10-29 05:15,7340073
2025-10-29 05:30,7340073
2025-10-29 05:45,7340073
2025-10-29 06:00,7340113
2025-10-29 06:15,7340113
2025-10-29 06:30,7340113
2025-10-29 06:45,7340113
2025-10-29 07:00,7340113
2025-10-29 07:15,7340113
2025-10-29 07:30,7340113
2025-10-29 07:45,7340113
2025-10-29 08:00,7340113
2025-10-29 08:15,7340206
2025-10-29 08:30,7340213
2025-10-29 08:45,7340650
2025-10-29 09:00,7340650
2025-10-29 09:15,7340650
2025-10-29 09:30,7340650
2025-10-29 09:45,7340650
2025-10-29 10:00,7340740
2025-10-29 10:15,7340746
2025-10-29 10:30,7340756
2025-10-29 10:45,7340756
2025-10-29 11:00,7340756
2025-10-29 11:15,7340790
2025-10-29 11:30,7340793
2025-10-29 11:45,7340793
2025-10-29 12:00,7340793
2025-10-29 12:15,7340793
2025-10-29 12:30,7341016
2025-10-29 12:45,7341083
2025-10-29 13:00,7341090
2025-10-29 13:15,7341176
2025-10-29 13:30,7341386
2025-10-29 13:45,7341386
2025-10-29 14:00,7341446
2025-10-29 14:15,7341450
2025-10-29 14:30,7341450
2025-10-29 14:45,7341486
2025-10-29 15:00,7341533
2025-10-29 15:15,7341533
2025-10-29 15:30,7341593
2025-10-29 15:45,7341633
2025-10-29 16:00,7341746
2025-10-29 16:15,7341750
2025-10-29 16:30,7341756
2025-10-29 16:45,7341756
2025-10-29 17:00,7341773
2025-10-29 17:15,7341836
2025-10-29 17:30,7341956
2025-10-29 17:45,7342020
2025-10-29 18:00,7342180
2025-10-29 18:15,7342223
2025-10-29 18:30,7342223
2025-10-29 18:45,7342223
2025-10-29 19:00,7342293
2025-10-29 19:15,7342293
2025-10-29 19:30,7343243
2025-10-29 19:45,7343586
2025-10-29 20:00,7343660
2025-10-29 20:15,7343693
2025-10-29 20:30,7343693
2025-10-29 20:45,7343760
2025-10-29 21:00,7343863
2025-10-29 21:15,7343863
2025-10-29 21:30,7343863
2025-10-29 21:45,7343863
2025-10-29 22:00,7343863
2025-10-29 22:15,7343866
2025-10-29 22:30,7343866
2025-10-29 22:45,7343866
2025-10-29 23:00,7343866
2025-10-29 23:15,7343900
2025-10-29 23:30,7343900
2025-10-29 23:45,7343960
2025-10-30 00:00,7343960
2025-10-30 00:15,7344050
2025-10-30 00:30,7344050
2025-10-30 00:45,7344056
2025-10-30 01:00,7344060
2025-10-30 01:15,7344166
2025-10-30 01:30,7344166
2025-10-30 01:45,7344166
2025-10-30 02:00,7344166
2025-10-30 02:15,7344166
2025-10-30 02:30,7344166
2025-10-30 02:45,7344236
2025-10-30 03:00,7344236
2025-10-30 03:15,7344283
2025-10-30 03:30,7344283
2025-10-30 03:45,7344283
2025-10-30 04:00,7344283
2025-10-30 04:15,7344283
2025-10-30 04:30,7344283
2025-10-30 04:45,7344283
2025-10-30 05:00,7344283
2025-10-30 05:15,7344283
2025-10-30 05:30,7344326
2025-10-30 05:45,7344353
2025-10-30 06:00,7344353
2025-10-30 06:15,7344353
2025-10-30 06:30,7344353
2025-10-30 06:45,7344390
2025-10-30 07:00,7344390
2025-10-30 07:15,7344390
2025-10-30 07:30,7344390
2025-10-30 07:45,7344460
2025-10-30 08:00,7344543
2025-10-30 08:15,7345096
2025-10-30 08:30,7345116
2025-10-30 08:45,7345170
2025-10-30 09:00,7345170
2025-10-30 09:15,7345890
2025-10-30 09:30,7345903
2025-10-30 09:45,7346060
2025-10-30 10:00,7346143
2025-10-30 10:15,7346420
2025-10-30 10:30,7346543
2025-10-30 10:45,7346580
2025-10-30 11:00,7346580
2025-10-30 11:15,7346746
2025-10-30 11:30,7346906
2025-10-30 11:45,7346983
2025-10-30 12:00,7347050
2025-10-30 12:15,7347220
2025-10-30 12:30,7347300
2025-10-30 12:45,7347310
2025-10-30 13:00,7347386
2025-10-30 13:15,7347400
2025-10-30 13:30,7347406
2025-10-30 13:45,7347406
2025-10-30 14:00,7347446
2025-10-30 14:15,7347446
2025-10-30 14:30,7347470
2025-10-30 14:45,7347480
2025-10-30 15:00,7347560
2025-10-30 15:15,7347560
2025-10-30 15:30,7347560
2025-10-30 15:45,7347560
2025-10-30 16:00,7347563
2025-10-30 16:15,7347596
2025-10-30 16:30,7347596
2025-10-30 16:45,7347660
2025-10-30 17:00,7347660
2025-10-30 17:15,7347660
2025-10-30 17:30,7347723
2025-10-30 17:45,7347723
2025-10-30 18:00,7347733
2025-10-30 18:15,7347853
2025-10-30 18:30,7347870
2025-10-30 18:45,7348346
2025-10-30 19:00,7349630
2025-10-30 19:15,7349630
2025-10-30 19:30,7349633
2025-10-30 19:45,7349696
2025-10-30 20:00,7349753
2025-10-30 20:15,7349770
2025-10-30 20:30,7349840
2025-10-30 20:45,7349840
2025-10-30 21:00,7349840
2025-10-30 21:15,7349840
2025-10-30 21:30,7349840
2025-10-30 21:45,7349843
2025-10-30 22:00,7349843
2025-10-30 22:15,7349850
2025-10-30 22:30,7349850
2025-10-30 22:45,7349863
2025-10-30 23:00,7349900
2025-10-30 23:15,7349963
2025-10-30 23:30,7349963
2025-10-30 23:45,7349963
2025-10-31 00:00,7349963
2025-10-31 00:15,7349970
2025-10-31 00:30,7350053
2025-10-31 00:45,7350120
2025-10-31 01:00,7350120
2025-10-31 01:15,7350120
2025-10-31 01:30,7350120
2025-10-31 01:45,7350120
2025-10-31 02:00,7350120
2025-10-31 02:15,7350120
2025-10-31 02:30,7350120
2025-10-31 02:45,7350120
2025-10-31 03:00,7350120
2025-10-31 03:15,7350120
2025-10-31 03:30,7350120
2025-10-31 03:45,7350120
2025-10-31 04:00,7350120
2025-10-31 04:15,7350190
2025-10-31 04:30,7350190
2025-10-31 04:45,7350190
2025-10-31 05:00,7350190
2025-10-31 05:15,7350190
2025-10-31 05:30,7350190
2025-10-31 05:45,7350190
2025-10-31 06:00,7350190
2025-10-31 06:15,7350190
2025-10-31 06:30,7350223
2025-10-31 06:45,7350223
2025-10-31 07:00,7350223
2025-10-31 07:15,7350223
2025-10-31 07:30,7350223
2025-10-31 07:45,7350310
2025-10-31 08:00,7351413
2025-10-31 08:15,7351463
2025-10-31 08:30,7351556
2025-10-31 08:45,7351583
2025-10-31 09:00,7351583
2025-10-31 09:15,7351583
2025-10-31 09:30,7351583
2025-10-31 09:45,7351583
2025-10-31 10:00,7351583
2025-10-31 10:15,7351583
2025-10-31 10:30,7351583
2025-10-31 10:45,7351583
2025-10-31 11:00,7351583
2025-10-31 11:15,7351583
2025-10-31 11:30,7351583
2025-10-31 11:45,7351583
2025-10-31 12:00,7351583
2025-10-31 12:15,7351583
2025-10-31 12:30,7351583
2025-10-31 12:45,7351583
2025-10-31 13:00,7351583
2025-10-31 13:15,7351583
2025-10-31 13:30,7351583
2025-10-31 13:45,7351583
2025-10-31 14:00,7351583
2025-10-31 14:15,7351583
2025-10-31 14:30,7351583
2025-10-31 14:45,7351583
2025-10-31 15:00,7351656
2025-10-31 15:15,7351666
2025-10-31 15:30,7351670
2025-10-31 15:45,7351670
2025-10-31 16:00,7351670
2025-10-31 16:15,7351670
2025-10-31 16:30,7351736
2025-10-31 16:45,7351736
2025-10-31 17:00,7351736
2025-10-31 17:15,7351736
2025-10-31 17:30,7351803
2025-10-31 17:45,7351803
2025-10-31 18:00,7351806
2025-10-31 18:15,7351973
2025-10-31 18:30,7352076
2025-10-31 18:45,7352076
2025-10-31 19:00,7352076
2025-10-31 19:15,7352076
2025-10-31 19:30,7352076
2025-10-31 19:45,7352076
2025-10-31 20:00,7352076
2025-10-31 20:15,7352093
2025-10-31 20:30,7352096
2025-10-31 20:45,7352136
2025-10-31 21:00,7352270
2025-10-31 21:15,7352276
2025-10-31 21:30,7352280
2025-10-31 21:45,7352316
2025-10-31 22:00,7352320
2025-10-31 22:15,7352326
2025-10-31 22:30,7352440
2025-10-31 22:45,7352536
2025-10-31 23:00,7352546
2025-10-31 23:15,7352546
2025-10-31 23:30,7352546
2025-10-31 23:45,7352653
2025-11-01 00:00,7352723
2025-11-01 00:15,7352806
2025-11-01 00:30,7352833
2025-11-01 00:45,7352833
2025-11-01 01:00,7352873
2025-11-01 01:15,7352903
2025-11-01 01:30,7352963
2025-11-01 01:45,7353006
2025-11-01 02:00,7353006
2025-11-01 02:15,7353040
2025-11-01 02:30,7353040
2025-11-01 02:45,7353040
2025-11-01 03:00,7353040
2025-11-01 03:15,7353106
2025-11-01 03:30,7353106
2025-11-01 03:45,7353106
2025-11-01 04:00,7353106
2025-11-01 04:15,7353146
2025-11-01 04:30,7353236
2025-11-01 04:45,7353236
2025-11-01 05:00,7353236
2025-11-01 05:15,7353236
2025-11-01 05:30,7353236
2025-11-01 05:45,7353236
2025-11-01 06:00,7353236
2025-11-01 06:15,7353236
2025-11-01 06:30,7353236
2025-11-01 06:45,7353340
2025-11-01 07:00,7353376
2025-11-01 07:15,7353376
2025-11-01 07:30,7353376
2025-11-01 07:45,7353933
2025-11-01 08:00,7353933
2025-11-01 08:15,7354013
2025-11-01 08:30,7354030
2025-11-01 08:45,7354030
2025-11-01 09:00,7354030
2025-11-01 09:15,7354186
2025-11-01 09:30,7354336
2025-11-01 09:45,7354463
2025-11-01 10:00,7354546
2025-11-01 10:15,7354546
2025-11-01 10:30,7354546
2025-11-01 10:45,7354556
2025-11-01 11:00,7354556
2025-11-01 11:15,7354556
2025-11-01 11:30,7354673
2025-11-01 11:45,7354693
2025-11-01 12:00,7354773
2025-11-01 12:15,7354826
2025-11-01 12:30,7354943
2025-11-01 12:45,7355103
2025-11-01 13:00,7356776
2025-11-01 13:15,7357676
2025-11-01 13:30,7357883
2025-11-01 13:45,7358090
2025-11-01 14:00,7358126
2025-11-01 14:15,7358126
2025-11-01 14:30,7358126
2025-11-01 14:45,7358130
2025-11-01 15:00,7358130
2025-11-01 15:15,7358130
2025-11-01 15:30,7358130
2025-11-01 15:45,7358130
2025-11-01 16:00,7358206
2025-11-01 16:15,7358506
2025-11-01 16:30,7358603
2025-11-01 16:45,7358633
2025-11-01 17:00,7359270
2025-11-01 17:15,7359830
2025-11-01 17:30,7359840
2025-11-01 17:45,7359976
2025-11-01 18:00,7360276
2025-11-01 18:15,7360603
2025-11-01 18:30,7360666
2025-11-01 18:45,7360906
2025-11-01 19:00,7361040
2025-11-01 19:15,7361100
2025-11-01 19:30,7361376
2025-11-01 19:45,7361423
2025-11-01 20:00,7361586
2025-11-01 20:15,7361593
2025-11-01 20:30,7361660
2025-11-01 20:45,7361983
2025-11-01 21:00,7362046
2025-11-01 21:15,7362126
2025-11-01 21:30,7362156
2025-11-01 21:45,7362160
2025-11-01 22:00,7362160
2025-11-01 22:15,7362230
2025-11-01 22:30,7362296
2025-11-01 22:45,7362356
2025-11-01 23:00,7362383
2025-11-01 23:15,7362433
2025-11-01 23:30,7362433
2025-11-01 23:45,7362433
2025-11-02 00:00,7362433
2025-11-02 00:15,7362433
2025-11-02 00:30,7362470
2025-11-02 00:45,7362470
2025-11-02 01:00,7362470
2025-11-02 01:15,7362470
2025-11-02 01:30,7362506
2025-11-02 01:45,7362506
2025-11-02 02:00,7362506
2025-11-02 02:15,7362506
2025-11-02 02:30,7362506
2025-11-02 02:45,7362543
2025-11-02 03:00,7362543
2025-11-02 03:15,7362543
2025-11-02 03:30,7362543
2025-11-02 03:45,7362543
2025-11-02 04:00,7362543
2025-11-02 04:15,7362543
2025-11-02 04:30,7362543
2025-11-02 04:45,7362543
2025-11-02 05:00,7362583
2025-11-02 05:15,7362583
2025-11-02 05:30,7362583
2025-11-02 05:45,7362583
2025-11-02 06:00,7362583
2025-11-02 06:15,7362583
2025-11-02 06:30,7362756
2025-11-02 06:45,7362756
2025-11-02 07:00,7362756
2025-11-02 07:15,7362810
2025-11-02 07:30,7362810
2025-11-02 07:45,7363020
2025-11-02 08:00,7363860
2025-11-02 08:15,7363950
2025-11-02 08:30,7363956
2025-11-02 08:45,7364043
2025-11-02 09:00,7364080
2025-11-02 09:15,7364173
2025-11-02 09:30,7364173
2025-11-02 09:45,7365023
2025-11-02 10:00,7365033
2025-11-02 10:15,7365096
2025-11-02 10:30,7365173
2025-11-02 10:45,7365180
2025-11-02 11:00,7365183
2025-11-02 11:15,7365203
2025-11-02 11:30,7365240
2025-11-02 11:45,7365240
2025-11-02 12:00,7365253
2025-11-02 12:15,7365263
2025-11-02 12:30,7365263
2025-11-02 12:45,7365273
2025-11-02 13:00,7365273
2025-11-02 13:15,7365300
2025-11-02 13:30,7365573
2025-11-02 13:45,7365573
2025-11-02 14:00,7365573
2025-11-02 14:15,7365826
2025-11-02 14:30,7365933
2025-11-02 14:45,7365980
2025-11-02 15:00,7366073
2025-11-02 15:15,7366750
2025-11-02 15:30,7366753
2025-11-02 15:45,7366760
2025-11-02 16:00,7366833
2025-11-02 16:15,7366833
2025-11-02 16:30,7366833
2025-11-02 16:45,7366833
2025-11-02 17:00,7366833
2025-11-02 17:15,7366833
2025-11-02 17:30,7366833
2025-11-02 17:45,7366833
2025-11-02 18:00,7366846
2025-11-02 18:15,7366923
2025-11-02 18:30,7367000
2025-11-02 18:45,7367000
2025-11-02 19:00,7367000
2025-11-02 19:15,7367546
2025-11-02 19:30,7369220
2025-11-02 19:45,7369680
2025-11-02 20:00,7369793
2025-11-02 20:15,7369796
2025-11-02 20:30,7369873
2025-11-02 20:45,7369936
2025-11-02 21:00,7369963
2025-11-02 21:15,7370050
2025-11-02 21:30,7370200
2025-11-02 21:45,7370206
2025-11-02 22:00,7370206
2025-11-02 22:15,7370530
2025-11-02 22:30,7370530
2025-11-02 22:45,7370533
2025-11-02 23:00,7370533
2025-11-02 23:15,7370533
2025-11-02 23:30,7370553
2025-11-02 23:45,7370553
2025-11-03 00:00,7370553
2025-11-03 00:15,7370553
2025-11-03 00:30,7370553
2025-11-03 00:45,7370553
2025-11-03 01:00,7370553
2025-11-03 01:15,7370553
2025-11-03 01:30,7370553
2025-11-03 01:45,7370553
2025-11-03 02:00,7370553
2025-11-03 02:15,7370553
2025-11-03 02:30,7370553
2025-11-03 02:45,7370553
2025-11-03 03:00,7370553
2025-11-03 03:15,7370553
2025-11-03 03:30,7370553
2025-11-03 03:45,7370553
2025-11-03 04:00,7370553
2025-11-03 04:15,7370553
2025-11-03 04:30,7370553
2025-11-03 04:45,7370553
2025-11-03 05:00,7370553
2025-11-03 05:15,7370553
2025-11-03 05:30,7370553
2025-11-03 05:45,7370553
2025-11-03 06:00,7370553
2025-11-03 06:15,7370553
2025-11-03 06:30,7370553
2025-11-03 06:45,7370553
2025-11-03 07:00,7370610
2025-11-03 07:15,7370710
2025-11-03 07:30,7370710
2025-11-03 07:45,7370803
2025-11-03 08:00,7370806
2025-11-03 08:15,7370916
2025-11-03 08:30,7370916
2025-11-03 08:45,7370916
2025-11-03 09:00,7370916
2025-11-03 09:15,7370916
2025-11-03 09:30,7370916
2025-11-03 09:45,7370916
2025-11-03 10:00,7370916
2025-11-03 10:15,7370916
2025-11-03 10:30,7370916
2025-11-03 10:45,7370916
2025-11-03 11:00,7370916
2025-11-03 11:15,7370916
2025-11-03 11:30,7370960
2025-11-03 11:45,7371080
2025-11-03 12:00,7371080
2025-11-03 12:15,7371080
2025-11-03 12:30,7371080
2025-11-03 12:45,7371080
2025-11-03 13:00,7371080
2025-11-03 13:15,7371096
2025-11-03 13:30,7371106
2025-11-03 13:45,7371106
2025-11-03 14:00,7371106
2025-11-03 14:15,7371106
2025-11-03 14:30,7371153
2025-11-03 14:45,7371153
2025-11-03 15:00,7371153
2025-11-03 15:15,7371153
2025-11-03 15:30,7371153
2025-11-03 15:45,7371153
2025-11-03 16:00,7371153
2025-11-03 16:15,7371160
2025-11-03 16:30,7371160
2025-11-03 16:45,7371160
2025-11-03 17:00,7371160
2025-11-03 17:15,7371220
2025-11-03 17:30,7371220
2025-11-03 17:45,7371220
2025-11-03 18:00,7371220
2025-11-03 18:15,7371226
2025-11-03 18:30,7371226
2025-11-03 18:45,7371230
2025-11-03 19:00,7371253
2025-11-03 19:15,7371253
2025-11-03 19:30,7371253
2025-11-03 19:45,7371360
2025-11-03 20:00,7371393
2025-11-03 20:15,7371393
2025-11-03 20:30,7371393
2025-11-03 20:45,7371393
2025-11-03 21:00,7371450
2025-11-03 21:15,7371450
2025-11-03 21:30,7371453
2025-11-03 21:45,7371456
2025-11-03 22:00,7371456
2025-11-03 22:15,7371523
2025-11-03 22:30,7372510
2025-11-03 22:45,7373143
2025-11-03 23:00,7373143
2025-11-03 23:15,7373143
2025-11-03 23:30,7373143
2025-11-03 23:45,7373143
2025-11-04 00:00,7373143
2025-11-04 00:15,7373143
2025-11-04 00:30,7373143
2025-11-04 00:45,7373143
2025-11-04 01:00,7373143
2025-11-04 01:15,7373146
2025-11-04 01:30,7373146
2025-11-04 01:45,7373213
2025-11-04 02:00,7373213
2025-11-04 02:15,7373213
2025-11-04 02:30,7373213
2025-11-04 02:45,7373213
2025-11-04 03:00,7373213
2025-11-04 03:15,7373213
2025-11-04 03:30,7373213
2025-11-04 03:45,7373213
2025-11-04 04:00,7373213
2025-11-04 04:15,7373213
2025-11-04 04:30,7373213
2025-11-04 04:45,7373213
2025-11-04 05:00,7373213
2025-11-04 05:15,7373213
2025-11-04 05:30,7373213
2025-11-04 05:45,7373213
2025-11-04 06:00,7373213
2025-11-04 06:15,7373213
2025-11-04 06:30,7373250
2025-11-04 06:45,7373250
2025-11-04 07:00,7373250
2025-11-04 07:15,7373250
2025-11-04 07:30,7373250
2025-11-04 07:45,7373250
2025-11-04 08:00,7373250
2025-11-04 08:15,7373336
2025-11-04 08:30,7373443
2025-11-04 08:45,7373443
2025-11-04 09:00,7373443
2025-11-04 09:15,7373443
2025-11-04 09:30,7373443
2025-11-04 09:45,7373443
2025-11-04 10:00,7373443
2025-11-04 10:15,7373443
2025-11-04 10:30,7373443
2025-11-04 10:45,7373443
2025-11-04 11:00,7373443
2025-11-04 11:15,7373443
2025-11-04 11:30,7373443
2025-11-04 11:45,7373480
2025-11-04 12:00,7373550
2025-11-04 12:15,7373600
2025-11-04 12:30,7373876
2025-11-04 12:45,7373876
2025-11-04 13:00,7373983
2025-11-04 13:15,7374063
2025-11-04 13:30,7374096
2025-11-04 13:45,7374130
2025-11-04 14:00,7374186
2025-11-04 14:15,7374200
2025-11-04 14:30,7374200
2025-11-04 14:45,7374240
2025-11-04 15:00,7374430
2025-11-04 15:15,7374620
2025-11-04 15:30,7374620
2025-11-04 15:45,7374626
2025-11-04 16:00,7374626
2025-11-04 16:15,7374630
2025-11-04 16:30,7374630
2025-11-04 16:45,7374630
2025-11-04 17:00,7374630
2025-11-04 17:15,7374660
2025-11-04 17:30,7374660
2025-11-04 17:45,7374660
2025-11-04 18:00,7374660
2025-11-04 18:15,7374660
2025-11-04 18:30,7374660
2025-11-04 18:45,7374690
2025-11-04 19:00,7374756
2025-11-04 19:15,7374770
2025-11-04 19:30,7375466
2025-11-04 19:45,7377023
2025-11-04 20:00,7377023
2025-11-04 20:15,7377046
2025-11-04 20:30,7377210
2025-11-04 20:45,7377213
2025-11-04 21:00,7377220
2025-11-04 21:15,7377323
2025-11-04 21:30,7377396
2025-11-04 21:45,7377396
2025-11-04 22:00,7377400
2025-11-04 22:15,7377400
2025-11-04 22:30,7377483
2025-11-04 22:45,7377513
2025-11-04 23:00,7377513
2025-11-04 23:15,7377546
2025-11-04 23:30,7377546
2025-11-04 23:45,7377550
2025-11-05 00:00,7377550
2025-11-05 00:15,7377733
2025-11-05 00:30,7377743
2025-11-05 00:45,7377743
2025-11-05 01:00,7377743
2025-11-05 01:15,7377743
2025-11-05 01:30,7377743
2025-11-05 01:45,7377743
2025-11-05 02:00,7377743
2025-11-05 02:15,7377743
2025-11-05 02:30,7377743
2025-11-05 02:45,7377743
2025-11-05 03:00,7377743
2025-11-05 03:15,7377743
2025-11-05 03:30,7377743
2025-11-05 03:45,7377743
2025-11-05 04:00,7377743
2025-11-05 04:15,7377743
2025-11-05 04:30,7377743
2025-11-05 04:45,7377743
2025-11-05 05:00,7377743
2025-11-05 05:15,7377743
2025-11-05 05:30,7377743
2025-11-05 05:45,7377746
2025-11-05 06:00,7377780
2025-11-05 06:15,7377780
2025-11-05 06:30,7377780
2025-11-05 06:45,7377780
2025-11-05 07:00,7377780
2025-11-05 07:15,7377906
2025-11-05 07:30,7377906
2025-11-05 07:45,7377906
2025-11-05 08:00,7378213
2025-11-05 08:15,7378876
2025-11-05 08:30,7378896
2025-11-05 08:45,7378896
2025-11-05 09:00,7378896
2025-11-05 09:15,7378896
2025-11-05 09:30,7378933
2025-11-05 09:45,7379020
2025-11-05 10:00,7379020
2025-11-05 10:15,7379020
2025-11-05 10:30,7379020
2025-11-05 10:45,7379020
2025-11-05 11:00,7379020
2025-11-05 11:15,7379076
2025-11-05 11:30,7379076
2025-11-05 11:45,7379116
2025-11-05 12:00,7379120
2025-11-05 12:15,7379120
2025-11-05 12:30,7379120
2025-11-05 12:45,7379130
2025-11-05 13:00,7379190
2025-11-05 13:15,7379190
2025-11-05 13:30,7379226
2025-11-05 13:45,7379286
2025-11-05 14:00,7379286
2025-11-05 14:15,7379286
2025-11-05 14:30,7379286
2025-11-05 14:45,7379286
2025-11-05 15:00,7379286
2025-11-05 15:15,7379413
2025-11-05 15:30,7379413
2025-11-05 15:45,7379426
2025-11-05 16:00,7379433
2025-11-05 16:15,7379433
2025-11-05 16:30,7379433
2025-11-05 16:45,7379436
2025-11-05 17:00,7379506
2025-11-05 17:15,7379526
2025-11-05 17:30,7379540
2025-11-05 17:45,7379600
2025-11-05 18:00,7379603
2025-11-05 18:15,7379603
2025-11-05 18:30,7379803
2025-11-05 18:45,7380453
2025-11-05 19:00,7380453
2025-11-05 19:15,7380453
2025-11-05 19:30,7381346
2025-11-05 19:45,7381386
2025-11-05 20:00,7381386
2025-11-05 20:15,7381386
2025-11-05 20:30,7381470
2025-11-05 20:45,7381470
2025-11-05 21:00,7381550
2025-11-05 21:15,7381773
2025-11-05 21:30,7381823
2025-11-05 21:45,7382850
2025-11-05 22:00,7384296
2025-11-05 22:15,7384460
2025-11-05 22:30,7384460
2025-11-05 22:45,7384460
2025-11-05 23:00,7384460
2025-11-05 23:15,7384460
2025-11-05 23:30,7384460
2025-11-05 23:45,7384460
2025-11-06 00:00,7384493
2025-11-06 00:15,7384493
2025-11-06 00:30,7384493
2025-11-06 00:45,7384493
2025-11-06 01:00,7384493
2025-11-06 01:15,7384493
2025-11-06 01:30,7384493
2025-11-06 01:45,7384493
2025-11-06 02:00,7384493
2025-11-06 02:15,7384576
2025-11-06 02:30,7384576
2025-11-06 02:45,7384576
2025-11-06 03:00,7384576
2025-11-06 03:15,7384576
2025-11-06 03:30,7384576
2025-11-06 03:45,7384576
2025-11-06 04:00,7384576
2025-11-06 04:15,7384576
2025-11-06 04:30,7384576
2025-11-06 04:45,7384576
2025-11-06 05:00,7384613
2025-11-06 05:15,7384613
2025-11-06 05:30,7384613
2025-11-06 05:45,7384613
2025-11-06 06:00,7384613
2025-11-06 06:15,7384613
2025-11-06 06:30,7384613
2025-11-06 06:45,7384613
2025-11-06 07:00,7384710
2025-11-06 07:15,7384790
2025-11-06 07:30,7384790
2025-11-06 07:45,7384790
2025-11-06 08:00,7384790
2025-11-06 08:15,7384876
2025-11-06 08:30,7384886
2025-11-06 08:45,7384936
2025-11-06 09:00,7384963
2025-11-06 09:15,7385620
2025-11-06 09:30,7385730
2025-11-06 09:45,7385870
2025-11-06 10:00,7385870
2025-11-06 10:15,7385966
2025-11-06 10:30,7385966
2025-11-06 10:45,7385983
2025-11-06 11:00,7386126
2025-11-06 11:15,7386130
2025-11-06 11:30,7386176
2025-11-06 11:45,7386236
2025-11-06 12:00,7386300
2025-11-06 12:15,7386316
2025-11-06 12:30,7386316
2025-11-06 12:45,7386316
2025-11-06 13:00,7386316
2025-11-06 13:15,7386316
2025-11-06 13:30,7386316
2025-11-06 13:45,7386316
2025-11-06 14:00,7386316
2025-11-06 14:15,7386316
2025-11-06 14:30,7386323
2025-11-06 14:45,7386323
2025-11-06 15:00,7386343
2025-11-06 15:15,7386360
2025-11-06 15:30,7386360
2025-11-06 15:45,7386376
2025-11-06 16:00,7386376
2025-11-06 16:15,7386400
2025-11-06 16:30,7386400
2025-11-06 16:45,7386456
2025-11-06 17:00,7386456
2025-11-06 17:15,7386496
2025-11-06 17:30,7386553
2025-11-06 17:45,7386553
2025-11-06 18:00,7386616
2025-11-06 18:15,7386720
2025-11-06 18:30,7386720
2025-11-06 18:45,7386720
2025-11-06 19:00,7386770
2025-11-06 19:15,7386770
2025-11-06 19:30,7386790
2025-11-06 19:45,7386790
2025-11-06 20:00,7386790
2025-11-06 20:15,7386790
2025-11-06 20:30,7386790
2025-11-06 20:45,7386793
2025-11-06 21:00,7386796
2025-11-06 21:15,7386876
2025-11-06 21:30,7386906
2025-11-06 21:45,7386953
2025-11-06 22:00,7386953
2025-11-06 22:15,7386953
2025-11-06 22:30,7386953
2025-11-06 22:45,7386960
2025-11-06 23:00,7386963
2025-11-06 23:15,7386963
2025-11-06 23:30,7387010
2025-11-06 23:45,7387010
2025-11-07 00:00,7387010
2025-11-07 00:15,7387010
2025-11-07 00:30,7387010
2025-11-07 00:45,7387090
2025-11-07 01:00,7387090
2025-11-07 01:15,7387090
2025-11-07 01:30,7387096
2025-11-07 01:45,7387096
2025-11-07 02:00,7387106
2025-11-07 02:15,7387213
2025-11-07 02:30,7387213
2025-11-07 02:45,7387213
2025-11-07 03:00,7387213
2025-11-07 03:15,7387213
2025-11-07 03:30,7387213
2025-11-07 03:45,7387213
2025-11-07 04:00,7387213
2025-11-07 04:15,7387250
2025-11-07 04:30,7387250
2025-11-07 04:45,7387250
2025-11-07 05:00,7387293
2025-11-07 05:15,7387293
2025-11-07 05:30,7387293
2025-11-07 05:45,7387293
2025-11-07 06:00,7387293
2025-11-07 06:15,7387293
2025-11-07 06:30,7387293
2025-11-07 06:45,7387330
2025-11-07 07:00,7387330
2025-11-07 07:15,7387330
2025-11-07 07:30,7387410
2025-11-07 07:45,7387410
2025-11-07 08:00,7387460
2025-11-07 08:15,7387473
2025-11-07 08:30,7387476
2025-11-07 08:45,7387476
2025-11-07 09:00,7387476
2025-11-07 09:15,7387593
2025-11-07 09:30,7388383
2025-11-07 09:45,7388740
2025-11-07 10:00,7388783
2025-11-07 10:15,7388796
2025-11-07 10:30,7388826
2025-11-07 10:45,7388836
2025-11-07 11:00,7388836
2025-11-07 11:15,7388836
2025-11-07 11:30,7388946
2025-11-07 11:45,7388990
2025-11-07 12:00,7388990
2025-11-07 12:15,7388990
2025-11-07 12:30,7388990
2025-11-07 12:45,7388990
2025-11-07 13:00,7388990
2025-11-07 13:15,7388990
2025-11-07 13:30,7388990
2025-11-07 13:45,7388990
2025-11-07 14:00,7388990
2025-11-07 14:15,7388990
2025-11-07 14:30,7388990
2025-11-07 14:45,7388990
2025-11-07 15:00,7388990
2025-11-07 15:15,7388990
2025-11-07 15:30,7388990
2025-11-07 15:45,7388990
2025-11-07 16:00,7388990
2025-11-07 16:15,7388990
2025-11-07 16:30,7388990
2025-11-07 16:45,7388990
2025-11-07 17:00,7388990
2025-11-07 17:15,7388990
2025-11-07 17:30,7388990
2025-11-07 17:45,7388990
2025-11-07 18:00,7388990
2025-11-07 18:15,7388990
2025-11-07 18:30,7388996
2025-11-07 18:45,7388996
2025-11-07 19:00,7388996
2025-11-07 19:15,7388996
2025-11-07 19:30,7388996
2025-11-07 19:45,7388996
2025-11-07 20:00,7388996
2025-11-07 20:15,7389000
2025-11-07 20:30,7389000
2025-11-07 20:45,7389000
2025-11-07 21:00,7389000
2025-11-07 21:15,7389000
2025-11-07 21:30,7389000
2025-11-07 21:45,7389000
2025-11-07 22:00,7389000
2025-11-07 22:15,7389000
2025-11-07 22:30,7389000
2025-11-07 22:45,7389000
2025-11-07 23:00,7389000
2025-11-07 23:15,7389096
2025-11-07 23:30,7389096
2025-11-07 23:45,7389096
2025-11-08 00:00,7389163
2025-11-08 00:15,7389266
2025-11-08 00:30,7389266
2025-11-08 00:45,7389266
2025-11-08 01:00,7389266
2025-11-08 01:15,7389266
2025-11-08 01:30,7389266
2025-11-08 01:45,7389266
2025-11-08 02:00,7389360
2025-11-08 02:15,7389360
2025-11-08 02:30,7389360
2025-11-08 02:45,7389360
2025-11-08 03:00,7389360
2025-11-08 03:15,7389360
2025-11-08 03:30,7389360
2025-11-08 03:45,7389360
2025-11-08 04:00,7389430
2025-11-08 04:15,7389430
2025-11-08 04:30,7389430
2025-11-08 04:45,7389430
2025-11-08 05:00,7389430
2025-11-08 05:15,7389430
2025-11-08 05:30,7389466
2025-11-08 05:45,7389466
2025-11-08 06:00,7389466
2025-11-08 06:15,7389466
2025-11-08 06:30,7389466
2025-11-08 06:45,7389466
2025-11-08 07:00,7389533
2025-11-08 07:15,7389573
2025-11-08 07:30,7389573
2025-11-08 07:45,7389653
2025-11-08 08:00,7389653
2025-11-08 08:15,7389653
2025-11-08 08:30,7389653
2025-11-08 08:45,7389653
2025-11-08 09:00,7389720
2025-11-08 09:15,7390456
2025-11-08 09:30,7390583
2025-11-08 09:45,7390670
2025-11-08 10:00,7390690
2025-11-08 10:15,7390690
2025-11-08 10:30,7390690
2025-11-08 10:45,7390690
2025-11-08 11:00,7390690
2025-11-08 11:15,7390953
2025-11-08 11:30,7391476
2025-11-08 11:45,7391493
2025-11-08 12:00,7391500
2025-11-08 12:15,7391500
2025-11-08 12:30,7391500
2025-11-08 12:45,7391503
2025-11-08 13:00,7392146
2025-11-08 13:15,7393930
2025-11-08 13:30,7394286
2025-11-08 13:45,7394286
2025-11-08 14:00,7394603
2025-11-08 14:15,7394816
2025-11-08 14:30,7394936
2025-11-08 14:45,7394943
2025-11-08 15:00,7394943
2025-11-08 15:15,7395013
2025-11-08 15:30,7395196
2025-11-08 15:45,7395196
2025-11-08 16:00,7395196
2025-11-08 16:15,7395396
2025-11-08 16:30,7396003
2025-11-08 16:45,7396206
2025-11-08 17:00,7396243
2025-11-08 17:15,7396246
2025-11-08 17:30,7396486
2025-11-08 17:45,7396603
2025-11-08 18:00,7396616
2025-11-08 18:15,7396770
2025-11-08 18:30,7396770
2025-11-08 18:45,7396770
2025-11-08 19:00,7396800
2025-11-08 19:15,7396836
2025-11-08 19:30,7396836
2025-11-08 19:45,7396913
2025-11-08 20:00,7396960
2025-11-08 20:15,7396963
2025-11-08 20:30,7397183
2025-11-08 20:45,7397350
2025-11-08 21:00,7397496
2025-11-08 21:15,7397606
2025-11-08 21:30,7397650
2025-11-08 21:45,7397653
2025-11-08 22:00,7397976
2025-11-08 22:15,7398100
2025-11-08 22:30,7398100
2025-11-08 22:45,7398100
2025-11-08 23:00,7398100
2025-11-08 23:15,7398100
2025-11-08 23:30,7398186
2025-11-08 23:45,7398186
2025-11-09 00:00,7398186
2025-11-09 00:15,7398186
2025-11-09 00:30,7398193
2025-11-09 00:45,7398263
2025-11-09 01:00,7398263
2025-11-09 01:15,7398263
2025-11-09 01:30,7398263
2025-11-09 01:45,7398333
2025-11-09 02:00,7398333
2025-11-09 02:15,7398333
2025-11-09 02:30,7398333
2025-11-09 02:45,7398333
2025-11-09 03:00,7398333
2025-11-09 03:15,7398333
2025-11-09 03:30,7398333
2025-11-09 03:45,7398333
2025-11-09 04:00,7398333
2025-11-09 04:15,7398400
2025-11-09 04:30,7398400
2025-11-09 04:45,7398400
2025-11-09 05:00,7398400
2025-11-09 05:15,7398400
2025-11-09 05:30,7398400
2025-11-09 05:45,7398400
2025-11-09 06:00,7398400
2025-11-09 06:15,7398436
2025-11-09 06:30,7398436
2025-11-09 06:45,7398436
2025-11-09 07:00,7398436
2025-11-09 07:15,7398436
2025-11-09 07:30,7398476
2025-11-09 07:45,7398476
2025-11-09 08:00,7398476
2025-11-09 08:15,7398476
2025-11-09 08:30,7398476
2025-11-09 08:45,7398476
2025-11-09 09:00,7398476
2025-11-09 09:15,7398476
2025-11-09 09:30,7398756
2025-11-09 09:45,7399160
2025-11-09 10:00,7399196
2025-11-09 10:15,7399196
2025-11-09 10:30,7399196
2025-11-09 10:45,7399580
2025-11-09 11:00,7399593
2025-11-09 11:15,7399593
2025-11-09 11:30,7399760
2025-11-09 11:45,7399776
2025-11-09 12:00,7400010
2025-11-09 12:15,7400013
2025-11-09 12:30,7400013
2025-11-09 12:45,7400013
2025-11-09 13:00,7400013
2025-11-09 13:15,7400046
2025-11-09 13:30,7400116
2025-11-09 13:45,7400260
2025-11-09 14:00,7400316
2025-11-09 14:15,7400340
2025-11-09 14:30,7400340
2025-11-09 14:45,7400366
2025-11-09 15:00,7400366
2025-11-09 15:15,7400386
2025-11-09 15:30,7400400
2025-11-09 15:45,7400410
2025-11-09 16:00,7400410
2025-11-09 16:15,7400410
2025-11-09 16:30,7400446
2025-11-09 16:45,7400446
2025-11-09 17:00,7400446
2025-11-09 17:15,7400446
2025-11-09 17:30,7400480
2025-11-09 17:45,7400530
2025-11-09 18:00,7400553
2025-11-09 18:15,7400626
2025-11-09 18:30,7400626
2025-11-09 18:45,7400626
2025-11-09 19:00,7400626
2025-11-09 19:15,7400696
2025-11-09 19:30,7400696
2025-11-09 19:45,7400703
2025-11-09 20:00,7400703
2025-11-09 20:15,7400703
2025-11-09 20:30,7400703
2025-11-09 20:45,7400703
2025-11-09 21:00,7400703
2025-11-09 21:15,7400736
2025-11-09 21:30,7400736
2025-11-09 21:45,7400736
2025-11-09 22:00,7400736
2025-11-09 22:15,7400820
2025-11-09 22:30,7400946
2025-11-09 22:45,7400950
2025-11-09 23:00,7400996
2025-11-09 23:15,7400996
2025-11-09 23:30,7400996
2025-11-09 23:45,7400996
2025-11-10 00:00,7400996
2025-11-10 00:15,7400996
2025-11-10 00:30,7400996
2025-11-10 00:45,7400996
2025-11-10 01:00,7400996
2025-11-10 01:15,7400996
2025-11-10 01:30,7400996
2025-11-10 01:45,7400996
2025-11-10 02:00,7400996
2025-11-10 02:15,7400996
2025-11-10 02:30,7400996
2025-11-10 02:45,7401070
2025-11-10 03:00,7401070
2025-11-10 03:15,7401070
2025-11-10 03:30,7401070
2025-11-10 03:45,7401070
2025-11-10 04:00,7401070
2025-11-10 04:15,7401113
2025-11-10 04:30,7401136
2025-11-10 04:45,7401136
2025-11-10 05:00,7401136
2025-11-10 05:15,7401210
2025-11-10 05:30,7401210
2025-11-10 05:45,7401210
2025-11-10 06:00,7401210
2025-11-10 06:15,7401210
2025-11-10 06:30,7401210
2025-11-10 06:45,7401210
2025-11-10 07:00,7401210
2025-11-10 07:15,7401210
2025-11-10 07:30,7401210
2025-11-10 07:45,7401210
2025-11-10 08:00,7401210
2025-11-10 08:15,7401523
2025-11-10 08:30,7402120
2025-11-10 08:45,7402140
2025-11-10 09:00,7402140
2025-11-10 09:15,7402140
2025-11-10 09:30,7402183
2025-11-10 09:45,7402183
2025-11-10 10:00,7402183
2025-11-10 10:15,7402183
2025-11-10 10:30,7402270
2025-11-10 10:45,7402270
2025-11-10 11:00,7402270
2025-11-10 11:15,7402270
2025-11-10 11:30,7402290
2025-11-10 11:45,7402290
2025-11-10 12:00,7402290
2025-11-10 12:15,7402290
2025-11-10 12:30,7402290
2025-11-10 12:45,7402290
2025-11-10 13:00,7402290
2025-11-10 13:15,7402300
2025-11-10 13:30,7402366
2025-11-10 13:45,7402366
2025-11-10 14:00,7402366
2025-11-10 14:15,7402366
2025-11-10 14:30,7402366
2025-11-10 14:45,7402366
2025-11-10 15:00,7402366
2025-11-10 15:15,7402366
2025-11-10 15:30,7402366
2025-11-10 15:45,7402393
2025-11-10 16:00,7402393
2025-11-10 16:15,7402393
2025-11-10 16:30,7402393
2025-11-10 16:45,7402393
2025-11-10 17:00,7402410
2025-11-10 17:15,7402410
2025-11-10 17:30,7402443
2025-11-10 17:45,7402443
2025-11-10 18:00,7402443
2025-11-10 18:15,7402443
2025-11-10 18:30,7402443
2025-11-10 18:45,7402443
2025-11-10 19:00,7402443
2025-11-10 19:15,7402626
2025-11-10 19:30,7402670
2025-11-10 19:45,7402670
2025-11-10 20:00,7402676
2025-11-10 20:15,7402736
2025-11-10 20:30,7402736
2025-11-10 20:45,7402736
2025-11-10 21:00,7402736
2025-11-10 21:15,7402736
2025-11-10 21:30,7402740
2025-11-10 21:45,7402743
2025-11-10 22:00,7402743
2025-11-10 22:15,7402743
2025-11-10 22:30,7402846
2025-11-10 22:45,7402846
2025-11-10 23:00,7402846
2025-11-10 23:15,7402853
2025-11-10 23:30,7402866
2025-11-10 23:45,7402956
2025-11-11 00:00,7402956
2025-11-11 00:15,7402956
2025-11-11 00:30,7402956
2025-11-11 00:45,7402956
2025-11-11 01:00,7402956
2025-11-11 01:15,7402956
2025-11-11 01:30,7403030
2025-11-11 01:45,7403030
2025-11-11 02:00,7403030
2025-11-11 02:15,7403030
2025-11-11 02:30,7403030
2025-11-11 02:45,7403030
2025-11-11 03:00,7403066
2025-11-11 03:15,7403066
2025-11-11 03:30,7403066
2025-11-11 03:45,7403066
2025-11-11 04:00,7403066
2025-11-11 04:15,7403136
2025-11-11 04:30,7403136
2025-11-11 04:45,7403136
2025-11-11 05:00,7403136
2025-11-11 05:15,7403136
2025-11-11 05:30,7403136
2025-11-11 05:45,7403173
2025-11-11 06:00,7403173
2025-11-11 06:15,7403173
2025-11-11 06:30,7403173
2025-11-11 06:45,7403173
2025-11-11 07:00,7403173
2025-11-11 07:15,7403173
2025-11-11 07:30,7403173
2025-11-11 07:45,7403173
2025-11-11 08:00,7403173
2025-11-11 08:15,7403173
2025-11-11 08:30,7403243
2025-11-11 08:45,7403243
2025-11-11 09:00,7403243
2025-11-11 09:15,7403343
2025-11-11 09:30,7404436
2025-11-11 09:45,7404533
2025-11-11 10:00,7405020
2025-11-11 10:15,7405046
2025-11-11 10:30,7405046
2025-11-11 10:45,7405046
2025-11-11 11:00,7405120
2025-11-11 11:15,7405120
2025-11-11 11:30,7405120
2025-11-11 11:45,7405186
2025-11-11 12:00,7405196
2025-11-11 12:15,7405196
2025-11-11 12:30,7405196
2025-11-11 12:45,7405196
2025-11-11 13:00,7405230
2025-11-11 13:15,7405230
2025-11-11 13:30,7405230
2025-11-11 13:45,7405266
2025-11-11 14:00,7405266
2025-11-11 14:15,7405266
2025-11-11 14:30,7405266
2025-11-11 14:45,7405266
2025-11-11 15:00,7405303
2025-11-11 15:15,7405420
2025-11-11 15:30,7405420
2025-11-11 15:45,7405420
2025-11-11 16:00,7405423
2025-11-11 16:15,7405423
2025-11-11 16:30,7405423
2025-11-11 16:45,7405460
2025-11-11 17:00,7405540
2025-11-11 17:15,7405566
2025-11-11 17:30,7405600
2025-11-11 17:45,7405630
2025-11-11 18:00,7405630
2025-11-11 18:15,7405643
2025-11-11 18:30,7405643
2025-11-11 18:45,7405646
2025-11-11 19:00,7405646
2025-11-11 19:15,7405683
2025-11-11 19:30,7405683
2025-11-11 19:45,7405683
2025-11-11 20:00,7405683
2025-11-11 20:15,7405683
2025-11-11 20:30,7405683
2025-11-11 20:45,7405683
2025-11-11 21:00,7405720
2025-11-11 21:15,7405720
2025-11-11 21:30,7405726
2025-11-11 21:45,7405726
2025-11-11 22:00,7405726
2025-11-11 22:15,7405726
2025-11-11 22:30,7405870
2025-11-11 22:45,7405953
2025-11-11 23:00,7405960
2025-11-11 23:15,7406050
2025-11-11 23:30,7406050
2025-11-11 23:45,7406050
2025-11-12 00:00,7406050
2025-11-12 00:15,7406050
2025-11-12 00:30,7406050
2025-11-12 00:45,7406050
2025-11-12 01:00,7406050
2025-11-12 01:15,7406050
2025-11-12 01:30,7406050
2025-11-12 01:45,7406050
2025-11-12 02:00,7406050
2025-11-12 02:15,7406050
2025-11-12 02:30,7406123
2025-11-12 02:45,7406123
2025-11-12 03:00,7406123
2025-11-12 03:15,7406123
2025-11-12 03:30,7406123
2025-11-12 03:45,7406123
2025-11-12 04:00,7406123
2025-11-12 04:15,7406123
2025-11-12 04:30,7406123
2025-11-12 04:45,7406123
2025-11-12 05:00,7406123
2025-11-12 05:15,7406156
2025-11-12 05:30,7406156
2025-11-12 05:45,7406156
2025-11-12 06:00,7406156
2025-11-12 06:15,7406230
2025-11-12 06:30,7406230
2025-11-12 06:45,7406230
2025-11-12 07:00,7406230
2025-11-12 07:15,7406230
2025-11-12 07:30,7406230
2025-11-12 07:45,7406230
2025-11-12 08:00,7406230
2025-11-12 08:15,7406266
2025-11-12 08:30,7406266
2025-11-12 08:45,7406266
2025-11-12 09:00,7406353
2025-11-12 09:15,7407080
2025-11-12 09:30,7407103
2025-11-12 09:45,7407103
2025-11-12 10:00,7407103
2025-11-12 10:15,7408196
2025-11-12 10:30,7409516
2025-11-12 10:45,7409530
2025-11-12 11:00,7409540
2025-11-12 11:15,7409540
2025-11-12 11:30,7409540
2025-11-12 11:45,7409576
2025-11-12 12:00,7409680
2025-11-12 12:15,7409696
2025-11-12 12:30,7409830
2025-11-12 12:45,7410020
2025-11-12 13:00,7410133
2025-11-12 13:15,7410160
2025-11-12 13:30,7410233
2025-11-12 13:45,7410233
2025-11-12 14:00,7410233
2025-11-12 14:15,7410236
2025-11-12 14:30,7410273
2025-11-12 14:45,7410313
2025-11-12 15:00,7410313
2025-11-12 15:15,7410323
2025-11-12 15:30,7410323
2025-11-12 15:45,7410323
2025-11-12 16:00,7410426
2025-11-12 16:15,7410426
2025-11-12 16:30,7410426
2025-11-12 16:45,7410570
2025-11-12 17:00,7410696
2025-11-12 17:15,7410806
2025-11-12 17:30,7410916
2025-11-12 17:45,7410916
2025-11-12 18:00,7410986
2025-11-12 18:15,7410990
2025-11-12 18:30,7410990
2025-11-12 18:45,7410990
2025-11-12 19:00,7410990
2025-11-12 19:15,7410990
2025-11-12 19:30,7410990
2025-11-12 19:45,7411070
2025-11-12 20:00,7411140
2025-11-12 20:15,7411140
2025-11-12 20:30,7411140
2025-11-12 20:45,7411140
2025-11-12 21:00,7411140
2025-11-12 21:15,7411200
2025-11-12 21:30,7411253
2025-11-12 21:45,7411320
2025-11-12 22:00,7411320
2025-11-12 22:15,7411320
2025-11-12 22:30,7411390
2025-11-12 22:45,7411390
2025-11-12 23:00,7411390
2025-11-12 23:15,7411450
2025-11-12 23:30,7411466
2025-11-12 23:45,7411466
2025-11-13 00:00,7411540
2025-11-13 00:15,7411540
2025-11-13 00:30,7411670
2025-11-13 00:45,7411670
2025-11-13 01:00,7411670
2025-11-13 01:15,7411670
2025-11-13 01:30,7411670
2025-11-13 01:45,7411670
2025-11-13 02:00,7411670
2025-11-13 02:15,7411863
2025-11-13 02:30,7411863
2025-11-13 02:45,7411863
2025-11-13 03:00,7411863
2025-11-13 03:15,7411863
2025-11-13 03:30,7411936
2025-11-13 03:45,7411936
2025-11-13 04:00,7411940
2025-11-13 04:15,7411940
2025-11-13 04:30,7411976
2025-11-13 04:45,7411976
2025-11-13 05:00,7411976
2025-11-13 05:15,7411976
2025-11-13 05:30,7411976
2025-11-13 05:45,7411976
2025-11-13 06:00,7411976
2025-11-13 06:15,7411976
2025-11-13 06:30,7411976
2025-11-13 06:45,7411976
2025-11-13 07:00,7411976
2025-11-13 07:15,7411976
2025-11-13 07:30,7412046
2025-11-13 07:45,7412046
2025-11-13 08:00,7412140
2025-11-13 08:15,7412140
2025-11-13 08:30,7412173
2025-11-13 08:45,7412263
2025-11-13 09:00,7413060
2025-11-13 09:15,7413110
2025-11-13 09:30,7413433
2025-11-13 09:45,7413513
2025-11-13 10:00,7413523
2025-11-13 10:15,7413543
2025-11-13 10:30,7413543
2025-11-13 10:45,7413563
2025-11-13 11:00,7413580
2025-11-13 11:15,7413856
2025-11-13 11:30,7413856
2025-11-13 11:45,7413883
2025-11-13 12:00,7413973
2025-11-13 12:15,7413976
2025-11-13 12:30,7413976
2025-11-13 12:45,7413976
2025-11-13 13:00,7414030
2025-11-13 13:15,7414033
2025-11-13 13:30,7414033
2025-11-13 13:45,7414033
2025-11-13 14:00,7414033
2025-11-13 14:15,7414146
2025-11-13 14:30,7414146
2025-11-13 14:45,7414146
2025-11-13 15:00,7414156
2025-11-13 15:15,7414156
2025-11-13 15:30,7414156
2025-11-13 15:45,7414156
2025-11-13 16:00,7414233
2025-11-13 16:15,7414353
2025-11-13 16:30,7414456
2025-11-13 16:45,7414456
2025-11-13 17:00,7414456
2025-11-13 17:15,7414520
2025-11-13 17:30,7414523
2025-11-13 17:45,7414560
2025-11-13 18:00,7414563
2025-11-13 18:15,7414563
2025-11-13 18:30,7414630
2025-11-13 18:45,7414883
2025-11-13 19:00,7414893
2025-11-13 19:15,7414956
2025-11-13 19:30,7415026
2025-11-13 19:45,7415130
2025-11-13 20:00,7415160
2025-11-13 20:15,7415236
2025-11-13 20:30,7415256
2025-11-13 20:45,7415286
2025-11-13 21:00,7415293
2025-11-13 21:15,7415323
2025-11-13 21:30,7415323
2025-11-13 21:45,7415323
2025-11-13 22:00,7415323
2025-11-13 22:15,7415330
2025-11-13 22:30,7415416
2025-11-13 22:45,7415546
2025-11-13 23:00,7415670
2025-11-13 23:15,7415883
2025-11-13 23:30,7415930
2025-11-13 23:45,7415930
2025-11-14 00:00,7416053
2025-11-14 00:15,7416053
2025-11-14 00:30,7416053
2025-11-14 00:45,7416053
2025-11-14 01:00,7416053
2025-11-14 01:15,7416053
2025-11-14 01:30,7416053
2025-11-14 01:45,7416053
2025-11-14 02:00,7416086
2025-11-14 02:15,7416086
2025-11-14 02:30,7416086
2025-11-14 02:45,7416160
2025-11-14 03:00,7416160
2025-11-14 03:15,7416160
2025-11-14 03:30,7416160
2025-11-14 03:45,7416160
2025-11-14 04:00,7416160
2025-11-14 04:15,7416160
2025-11-14 04:30,7416160
2025-11-14 04:45,7416160
2025-11-14 05:00,7416160
2025-11-14 05:15,7416160
2025-11-14 05:30,7416160
2025-11-14 05:45,7416160
2025-11-14 06:00,7416160
2025-11-14 06:15,7416230
2025-11-14 06:30,7416230
2025-11-14 06:45,7416230
2025-11-14 07:00,7416270
2025-11-14 07:15,7416313
2025-11-14 07:30,7416313
2025-11-14 07:45,7416313
2025-11-14 08:00,7416966
2025-11-14 08:15,7416986
2025-11-14 08:30,7416986
2025-11-14 08:45,7416986
2025-11-14 09:00,7417470
2025-11-14 09:15,7417473
2025-11-14 09:30,7417516
2025-11-14 09:45,7417563
2025-11-14 10:00,7417593
2025-11-14 10:15,7417673
2025-11-14 10:30,7417673
2025-11-14 10:45,7417673
2025-11-14 11:00,7417673
2025-11-14 11:15,7417673
2025-11-14 11:30,7417673
2025-11-14 11:45,7417763
2025-11-14 12:00,7417763
2025-11-14 12:15,7417800
2025-11-14 12:30,7417803
2025-11-14 12:45,7417806
2025-11-14 13:00,7417806
2025-11-14 13:15,7417936
2025-11-14 13:30,7418160
2025-11-14 13:45,7418313
2025-11-14 14:00,7418313
2025-11-14 14:15,7418370
2025-11-14 14:30,7418370
2025-11-14 14:45,7418370
2025-11-14 15:00,7418370
2025-11-14 15:15,7418370
2025-11-14 15:30,7418370
2025-11-14 15:45,7418370
2025-11-14 16:00,7418370
2025-11-14 16:15,7418370
2025-11-14 16:30,7418370
2025-11-14 16:45,7418370
2025-11-14 17:00,7418373
2025-11-14 17:15,7418380
2025-11-14 17:30,7418380
2025-11-14 17:45,7418380
2025-11-14 18:00,7418380
2025-11-14 18:15,7418380
2025-11-14 18:30,7418380
2025-11-14 18:45,7418380
2025-11-14 19:00,7418380
2025-11-14 19:15,7418380
2025-11-14 19:30,7418380
2025-11-14 19:45,7418380
2025-11-14 20:00,7418380
2025-11-14 20:15,7418450
2025-11-14 20:30,7418510
2025-11-14 20:45,7418513
2025-11-14 21:00,7418593
2025-11-14 21:15,7418593
2025-11-14 21:30,7418593
2025-11-14 21:45,7418593
2025-11-14 22:00,7418666
2025-11-14 22:15,7418666
2025-11-14 22:30,7418666
2025-11-14 22:45,7418666
2025-11-14 23:00,7418743
2025-11-14 23:15,7418743
2025-11-14 23:30,7418743
2025-11-14 23:45,7418830
2025-11-15 00:00,7418830
2025-11-15 00:15,7418936
2025-11-15 00:30,7418936
2025-11-15 00:45,7418936
2025-11-15 01:00,7418936
2025-11-15 01:15,7418936
2025-11-15 01:30,7418936
2025-11-15 01:45,7418936
2025-11-15 02:00,7418936
2025-11-15 02:15,7418936
2025-11-15 02:30,7418936
2025-11-15 02:45,7418936
2025-11-15 03:00,7418936
2025-11-15 03:15,7419006
2025-11-15 03:30,7419006
2025-11-15 03:45,7419006
2025-11-15 04:00,7419006
2025-11-15 04:15,7419006
2025-11-15 04:30,7419006
2025-11-15 04:45,7419006
2025-11-15 05:00,7419006
2025-11-15 05:15,7419006
2025-11-15 05:30,7419006
2025-11-15 05:45,7419006
2025-11-15 06:00,7419006
2025-11-15 06:15,7419150
2025-11-15 06:30,7419150
2025-11-15 06:45,7419150
2025-11-15 07:00,7419220
2025-11-15 07:15,7419220
2025-11-15 07:30,7419220
2025-11-15 07:45,7419220
2025-11-15 08:00,7419903
2025-11-15 08:15,7420100
2025-11-15 08:30,7420100
2025-11-15 08:45,7420100
2025-11-15 09:00,7420100
2025-11-15 09:15,7420100
2025-11-15 09:30,7420176
2025-11-15 09:45,7420216
2025-11-15 10:00,7420363
2025-11-15 10:15,7420363
2025-11-15 10:30,7421456
2025-11-15 10:45,7422606
2025-11-15 11:00,7422636
2025-11-15 11:15,7422636
2025-11-15 11:30,7422636
2025-11-15 11:45,7422660
2025-11-15 12:00,7422666
2025-11-15 12:15,7422670
2025-11-15 12:30,7422670
2025-11-15 12:45,7422670
2025-11-15 13:00,7422670
2025-11-15 13:15,7422803
2025-11-15 13:30,7422803
2025-11-15 13:45,7422803
2025-11-15 14:00,7422803
2025-11-15 14:15,7422803
2025-11-15 14:30,7422803
2025-11-15 14:45,7422803
2025-11-15 15:00,7422803
2025-11-15 15:15,7422836
2025-11-15 15:30,7422973
2025-11-15 15:45,7423033
2025-11-15 16:00,7423076
2025-11-15 16:15,7423090
2025-11-15 16:30,7423153
2025-11-15 16:45,7423153
2025-11-15 17:00,7423160
2025-11-15 17:15,7423166
2025-11-15 17:30,7423166
2025-11-15 17:45,7423166
2025-11-15 18:00,7423166
2025-11-15 18:15,7423243
2025-11-15 18:30,7423266
2025-11-15 18:45,7423290
2025-11-15 19:00,7423290
2025-11-15 19:15,7423290
2025-11-15 19:30,7423450
2025-11-15 19:45,7423476
2025-11-15 20:00,7423546
2025-11-15 20:15,7423546
2025-11-15 20:30,7425116
2025-11-15 20:45,7425173
2025-11-15 21:00,7425190
2025-11-15 21:15,7425213
2025-11-15 21:30,7425293
2025-11-15 21:45,7425303
2025-11-15 22:00,7425436
2025-11-15 22:15,7425696
2025-11-15 22:30,7425873
2025-11-15 22:45,7425873
2025-11-15 23:00,7425976
2025-11-15 23:15,7425976
2025-11-15 23:30,7426033
2025-11-15 23:45,7426146
2025-11-16 00:00,7426146
2025-11-16 00:15,7426226
2025-11-16 00:30,7426313
2025-11-16 00:45,7426313
2025-11-16 01:00,7426343
2025-11-16 01:15,7426363
2025-11-16 01:30,7426366
2025-11-16 01:45,7426366
2025-11-16 02:00,7426396
2025-11-16 02:15,7426396
2025-11-16 02:30,7426396
2025-11-16 02:45,7426433
2025-11-16 03:00,7426433
2025-11-16 03:15,7426433
2025-11-16 03:30,7426433
2025-11-16 03:45,7426433
2025-11-16 04:00,7426433
2025-11-16 04:15,7426433
2025-11-16 04:30,7426433
2025-11-16 04:45,7426433
2025-11-16 05:00,7426433
2025-11-16 05:15,7426433
2025-11-16 05:30,7426433
2025-11-16 05:45,7426433
2025-11-16 06:00,7426450
2025-11-16 06:15,7426480
2025-11-16 06:30,7426480
2025-11-16 06:45,7426520
2025-11-16 07:00,7426520
2025-11-16 07:15,7426520
2025-11-16 07:30,7426520
2025-11-16 07:45,7426520
2025-11-16 08:00,7426520
2025-11-16 08:15,7426520
2025-11-16 08:30,7426520
2025-11-16 08:45,7426576
2025-11-16 09:00,7426660
2025-11-16 09:15,7426660
2025-11-16 09:30,7427263
2025-11-16 09:45,7427300
2025-11-16 10:00,7427303
2025-11-16 10:15,7427323
2025-11-16 10:30,7427420
2025-11-16 10:45,7427420
2025-11-16 11:00,7427423
2025-11-16 11:15,7427486
2025-11-16 11:30,7427500
2025-11-16 11:45,7427513
2025-11-16 12:00,7427630
2025-11-16 12:15,7427670
2025-11-16 12:30,7427683
2025-11-16 12:45,7427683
2025-11-16 13:00,7427686
2025-11-16 13:15,7427686
2025-11-16 13:30,7427703
2025-11-16 13:45,7427720
2025-11-16 14:00,7427806
2025-11-16 14:15,7427910
2025-11-16 14:30,7427910
2025-11-16 14:45,7427910
2025-11-16 15:00,7427910
2025-11-16 15:15,7427910
2025-11-16 15:30,7427910
2025-11-16 15:45,7427910
2025-11-16 16:00,7427923
2025-11-16 16:15,7427923
2025-11-16 16:30,7427960
2025-11-16 16:45,7427973
2025-11-16 17:00,7427986
2025-11-16 17:15,7427996
2025-11-16 17:30,7428006
2025-11-16 17:45,7428020
2025-11-16 18:00,7428230
2025-11-16 18:15,7428376
2025-11-16 18:30,7428386
2025-11-16 18:45,7428396
2025-11-16 19:00,7428396
2025-11-16 19:15,7428430
2025-11-16 19:30,7428440
2025-11-16 19:45,7428440
2025-11-16 20:00,7428473
2025-11-16 20:15,7428476
2025-11-16 20:30,7428523
2025-11-16 20:45,7428586
2025-11-16 21:00,7428586
2025-11-16 21:15,7428623
2025-11-16 21:30,7428663
2025-11-16 21:45,7428663
2025-11-16 22:00,7428663
2025-11-16 22:15,7428743
2025-11-16 22:30,7428743
2025-11-16 22:45,7428770
2025-11-16 23:00,7428866
2025-11-16 23:15,7428876
2025-11-16 23:30,7428903
2025-11-16 23:45,7428903
2025-11-17 00:00,7428903
2025-11-17 00:15,7428903
2025-11-17 00:30,7428903
2025-11-17 00:45,7428903
2025-11-17 01:00,7428903
2025-11-17 01:15,7428980
2025-11-17 01:30,7428980
2025-11-17 01:45,7429023
2025-11-17 02:00,7429023
2025-11-17 02:15,7429023
2025-11-17 02:30,7429023
2025-11-17 02:45,7429023
2025-11-17 03:00,7429023
2025-11-17 03:15,7429023
2025-11-17 03:30,7429023
2025-11-17 03:45,7429060
2025-11-17 04:00,7429063
2025-11-17 04:15,7429120
2025-11-17 04:30,7429120
2025-11-17 04:45,7429120
2025-11-17 05:00,7429120
2025-11-17 05:15,7429120
2025-11-17 05:30,7429120
2025-11-17 05:45,7429120
2025-11-17 06:00,7429120
2025-11-17 06:15,7429120
2025-11-17 06:30,7429120
2025-11-17 06:45,7429120
2025-11-17 07:00,7429120
2025-11-17 07:15,7429120
2025-11-17 07:30,7429160
2025-11-17 07:45,7429196
2025-11-17 08:00,7429276
2025-11-17 08:15,7429286
2025-11-17 08:30,7429286
2025-11-17 08:45,7429286
2025-11-17 09:00,7429286
2025-11-17 09:15,7429676
2025-11-17 09:30,7429760
2025-11-17 09:45,7429850
2025-11-17 10:00,7429873
2025-11-17 10:15,7429873
2025-11-17 10:30,7429950
2025-11-17 10:45,7429950
2025-11-17 11:00,7429996
2025-11-17 11:15,7430113
2025-11-17 11:30,7430126
2025-11-17 11:45,7430133
2025-11-17 12:00,7430133
2025-11-17 12:15,7430133
2025-11-17 12:30,7430203
2025-11-17 12:45,7430203
2025-11-17 13:00,7430203
2025-11-17 13:15,7430243
2025-11-17 13:30,7430243
2025-11-17 13:45,7430243
2025-11-17 14:00,7430280
2025-11-17 14:15,7430280
2025-11-17 14:30,7430316
2025-11-17 14:45,7430316
2025-11-17 15:00,7430376
2025-11-17 15:15,7430376
2025-11-17 15:30,7430420
2025-11-17 15:45,7430426
2025-11-17 16:00,7430426
2025-11-17 16:15,7430426
2025-11-17 16:30,7430473
2025-11-17 16:45,7430473
2025-11-17 17:00,7430473
2025-11-17 17:15,7430473
2025-11-17 17:30,7430473
2025-11-17 17:45,7430473
2025-11-17 18:00,7430506
2025-11-17 18:15,7430506
2025-11-17 18:30,7430506
2025-11-17 18:45,7430506
2025-11-17 19:00,7430506
2025-11-17 19:15,7430580
2025-11-17 19:30,7430680
2025-11-17 19:45,7430753
2025-11-17 20:00,7430780
2025-11-17 20:15,7430780
2025-11-17 20:30,7430780
2025-11-17 20:45,7430780
2025-11-17 21:00,7430780
2025-11-17 21:15,7430780
2025-11-17 21:30,7430816
2025-11-17 21:45,7430816
2025-11-17 22:00,7430816
2025-11-17 22:15,7430840
2025-11-17 22:30,7430890
2025-11-17 22:45,7430890
2025-11-17 23:00,7430890
2025-11-17 23:15,7430953
2025-11-17 23:30,7431023
2025-11-17 23:45,7431023
2025-11-18 00:00,7431030
2025-11-18 00:15,7431030
2025-11-18 00:30,7431066
2025-11-18 00:45,7431110
2025-11-18 01:00,7431120
2025-11-18 01:15,7431120
2025-11-18 01:30,7431120
2025-11-18 01:45,7431120
2025-11-18 02:00,7431120
2025-11-18 02:15,7431120
2025-11-18 02:30,7431166
2025-11-18 02:45,7431166
2025-11-18 03:00,7431166
2025-11-18 03:15,7431166
2025-11-18 03:30,7431166
2025-11-18 03:45,7431166
2025-11-18 04:00,7431240
2025-11-18 04:15,7431240
2025-11-18 04:30,7431240
2025-11-18 04:45,7431240
2025-11-18 05:00,7431240
2025-11-18 05:15,7431240
2025-11-18 05:30,7431240
2025-11-18 05:45,7431240
2025-11-18 06:00,7431240
2025-11-18 06:15,7431240
2025-11-18 06:30,7431240
2025-11-18 06:45,7431240
2025-11-18 07:00,7431240
2025-11-18 07:15,7431240
2025-11-18 07:30,7431240
2025-11-18 07:45,7431276
2025-11-18 08:00,7431276
2025-11-18 08:15,7431360
2025-11-18 08:30,7431360
2025-11-18 08:45,7431360
2025-11-18 09:00,7431360
2025-11-18 09:15,7431400
2025-11-18 09:30,7431896
2025-11-18 09:45,7431933
2025-11-18 10:00,7431993
2025-11-18 10:15,7431993
2025-11-18 10:30,7432033
2025-11-18 10:45,7432046
2025-11-18 11:00,7432983
2025-11-18 11:15,7432986
2025-11-18 11:30,7432990
2025-11-18 11:45,7432990
2025-11-18 12:00,7432990
2025-11-18 12:15,7433036
2025-11-18 12:30,7433176
2025-11-18 12:45,7433230
2025-11-18 13:00,7433230
2025-11-18 13:15,7433260
2025-11-18 13:30,7433260
2025-11-18 13:45,7433300
2025-11-18 14:00,7433300
2025-11-18 14:15,7433376
2025-11-18 14:30,7433376
2025-11-18 14:45,7433380
2025-11-18 15:00,7433480
2025-11-18 15:15,7433480
2025-11-18 15:30,7433486
2025-11-18 15:45,7433493
2025-11-18 16:00,7433493
2025-11-18 16:15,7433493
2025-11-18 16:30,7433526
2025-11-18 16:45,7433530
2025-11-18 17:00,7433566
2025-11-18 17:15,7433570
2025-11-18 17:30,7433606
2025-11-18 17:45,7433606
2025-11-18 18:00,7433606
2025-11-18 18:15,7433613
2025-11-18 18:30,7433613
2025-11-18 18:45,7433690
2025-11-18 19:00,7433690
2025-11-18 19:15,7433733
2025-11-18 19:30,7433733
2025-11-18 19:45,7433733
2025-11-18 20:00,7433733
2025-11-18 20:15,7433773
2025-11-18 20:30,7433773
2025-11-18 20:45,7433806
2025-11-18 21:00,7433843
2025-11-18 21:15,7433843
2025-11-18 21:30,7433843
2025-11-18 21:45,7433846
2025-11-18 22:00,7433846
2025-11-18 22:15,7433916
2025-11-18 22:30,7433916
2025-11-18 22:45,7433970
2025-11-18 23:00,7433973
2025-11-18 23:15,7433973
2025-11-18 23:30,7433980
2025-11-18 23:45,7433983
2025-11-19 00:00,7434056
2025-11-19 00:15,7434100
2025-11-19 00:30,7434180
2025-11-19 00:45,7434180
2025-11-19 01:00,7434180
2025-11-19 01:15,7434180
2025-11-19 01:30,7434180
2025-11-19 01:45,7434180
2025-11-19 02:00,7434180
2025-11-19 02:15,7434286
2025-11-19 02:30,7434286
2025-11-19 02:45,7434320
2025-11-19 03:00,7434320
2025-11-19 03:15,7434320
2025-11-19 03:30,7434320
2025-11-19 03:45,7434320
2025-11-19 04:00,7434320
2025-11-19 04:15,7434320
2025-11-19 04:30,7434320
2025-11-19 04:45,7434320
2025-11-19 05:00,7434320
2025-11-19 05:15,7434320
2025-11-19 05:30,7434320
2025-11-19 05:45,7434320
2025-11-19 06:00,7434320
2025-11-19 06:15,7434320
2025-11-19 06:30,7434320
2025-11-19 06:45,7434320
2025-11-19 07:00,7434320
2025-11-19 07:15,7434320
2025-11-19 07:30,7434360
2025-11-19 07:45,7434360
2025-11-19 08:00,7434816
2025-11-19 08:15,7435423
2025-11-19 08:30,7435436
2025-11-19 08:45,7435436
2025-11-19 09:00,7435443
2025-11-19 09:15,7435476
2025-11-19 09:30,7435556
2025-11-19 09:45,7435556
2025-11-19 10:00,7435556
2025-11-19 10:15,7435556
2025-11-19 10:30,7435556
2025-11-19 10:45,7435573
2025-11-19 11:00,7435660
2025-11-19 11:15,7435666
2025-11-19 11:30,7435680
2025-11-19 11:45,7435680
2025-11-19 12:00,7435716
2025-11-19 12:15,7435716
2025-11-19 12:30,7435716
2025-11-19 12:45,7435716
2025-11-19 13:00,7435750
2025-11-19 13:15,7435750
2025-11-19 13:30,7435750
2025-11-19 13:45,7435750
2025-11-19 14:00,7435750
2025-11-19 14:15,7435786
2025-11-19 14:30,7435813
2025-11-19 14:45,7435846
2025-11-19 15:00,7435890
2025-11-19 15:15,7435890
2025-11-19 15:30,7435890
2025-11-19 15:45,7435990
2025-11-19 16:00,7435993
2025-11-19 16:15,7435993
2025-11-19 16:30,7436006
2025-11-19 16:45,7436156
2025-11-19 17:00,7436156
2025-11-19 17:15,7436220
2025-11-19 17:30,7436280
2025-11-19 17:45,7436290
2025-11-19 18:00,7436333
2025-11-19 18:15,7436350
2025-11-19 18:30,7436350
2025-11-19 18:45,7436366
2025-11-19 19:00,7436366
2025-11-19 19:15,7436406
2025-11-19 19:30,7436793
2025-11-19 19:45,7436793
2025-11-19 20:00,7436793
2025-11-19 20:15,7436793
2025-11-19 20:30,7436793
2025-11-19 20:45,7436896
2025-11-19 21:00,7436900
2025-11-19 21:15,7436943
2025-11-19 21:30,7436953
2025-11-19 21:45,7436960
2025-11-19 22:00,7437010
2025-11-19 22:15,7437073
2025-11-19 22:30,7437136
2025-11-19 22:45,7437176
2025-11-19 23:00,7437176
2025-11-19 23:15,7437213
2025-11-19 23:30,7437296
2025-11-19 23:45,7437333
2025-11-20 00:00,7437410
2025-11-20 00:15,7437410
2025-11-20 00:30,7437410
2025-11-20 00:45,7437410
2025-11-20 01:00,7437456
2025-11-20 01:15,7437516
2025-11-20 01:30,7437516
2025-11-20 01:45,7437516
2025-11-20 02:00,7437516
2025-11-20 02:15,7437516
2025-11-20 02:30,7437516
2025-11-20 02:45,7437516
2025-11-20 03:00,7437516
2025-11-20 03:15,7437516
2025-11-20 03:30,7437553
2025-11-20 03:45,7437593
2025-11-20 04:00,7437593
2025-11-20 04:15,7437593
2025-11-20 04:30,7437593
2025-11-20 04:45,7437630
2025-11-20 05:00,7437630
2025-11-20 05:15,7437630
2025-11-20 05:30,7437630
2025-11-20 05:45,7437630
2025-11-20 06:00,7437630
2025-11-20 06:15,7437630
2025-11-20 06:30,7437630
2025-11-20 06:45,7437630
2025-11-20 07:00,7437630
2025-11-20 07:15,7437706
2025-11-20 07:30,7437706
2025-11-20 07:45,7437706
2025-11-20 08:00,7437706
2025-11-20 08:15,7437716
2025-11-20 08:30,7437783
2025-11-20 08:45,7437843
2025-11-20 09:00,7438430
2025-11-20 09:15,7438456
2025-11-20 09:30,7438520
2025-11-20 09:45,7438520
2025-11-20 10:00,7438636
2025-11-20 10:15,7438783
2025-11-20 10:30,7438783
2025-11-20 10:45,7438796
2025-11-20 11:00,7438796
2025-11-20 11:15,7438933
2025-11-20 11:30,7439230
2025-11-20 11:45,7439443
2025-11-20 12:00,7439510
2025-11-20 12:15,7439563
2025-11-20 12:30,7439660
2025-11-20 12:45,7439856
2025-11-20 13:00,7440276
2025-11-20 13:15,7440276
2025-11-20 13:30,7440316
2025-11-20 13:45,7440316
2025-11-20 14:00,7440350
2025-11-20 14:15,7440423
2025-11-20 14:30,7440423
2025-11-20 14:45,7440473
2025-11-20 15:00,7440483
2025-11-20 15:15,7440503
2025-11-20 15:30,7440503
2025-11-20 15:45,7440543
2025-11-20 16:00,7440606
2025-11-20 16:15,7440656
2025-11-20 16:30,7440740
2025-11-20 16:45,7440756
2025-11-20 17:00,7440756
2025-11-20 17:15,7440770
2025-11-20 17:30,7440860
2025-11-20 17:45,7441090
2025-11-20 18:00,7441090
2025-11-20 18:15,7441090
2025-11-20 18:30,7441090
2025-11-20 18:45,7441090
2025-11-20 19:00,7441126
2025-11-20 19:15,7441130
2025-11-20 19:30,7441140
2025-11-20 19:45,7441360
2025-11-20 20:00,7441396
2025-11-20 20:15,7441460
2025-11-20 20:30,7441460
2025-11-20 20:45,7441460
2025-11-20 21:00,7441486
2025-11-20 21:15,7441486
2025-11-20 21:30,7441513
2025-11-20 21:45,7441556
2025-11-20 22:00,7441580
2025-11-20 22:15,7441730
2025-11-20 22:30,7443496
2025-11-20 22:45,7443670
2025-11-20 23:00,7443670
2025-11-20 23:15,7443746
2025-11-20 23:30,7444083
2025-11-20 23:45,7444106
2025-11-21 00:00,7444143
2025-11-21 00:15,7444143
2025-11-21 00:30,7444143
2025-11-21 00:45,7444143
2025-11-21 01:00,7444143
2025-11-21 01:15,7444143
2025-11-21 01:30,7444143
2025-11-21 01:45,7444146
2025-11-21 02:00,7444146
2025-11-21 02:15,7444243
2025-11-21 02:30,7444243
2025-11-21 02:45,7444243
2025-11-21 03:00,7444243
2025-11-21 03:15,7444243
2025-11-21 03:30,7444243
2025-11-21 03:45,7444283
2025-11-21 04:00,7444283
2025-11-21 04:15,7444283
2025-11-21 04:30,7444283
2025-11-21 04:45,7444283
2025-11-21 05:00,7444283
2025-11-21 05:15,7444316
2025-11-21 05:30,7444316
2025-11-21 05:45,7444316
2025-11-21 06:00,7444316
2025-11-21 06:15,7444316
2025-11-21 06:30,7444316
2025-11-21 06:45,7444316
2025-11-21 07:00,7444316
2025-11-21 07:15,7444316
2025-11-21 07:30,7444316
2025-11-21 07:45,7444316
2025-11-21 08:00,7444406
2025-11-21 08:15,7444416
2025-11-21 08:30,7444770
2025-11-21 08:45,7444786
2025-11-21 09:00,7444786
2025-11-21 09:15,7444890
2025-11-21 09:30,7444890
2025-11-21 09:45,7444893
2025-11-21 10:00,7444893
2025-11-21 10:15,7444893
2025-11-21 10:30,7444893
2025-11-21 10:45,7444893
2025-11-21 11:00,7444916
2025-11-21 11:15,7444940
2025-11-21 11:30,7444953
2025-11-21 11:45,7444953
2025-11-21 12:00,7444966
2025-11-21 12:15,7444976
2025-11-21 12:30,7444976
2025-11-21 12:45,7444976
2025-11-21 13:00,7444976
2025-11-21 13:15,7444976
2025-11-21 13:30,7445016
2025-11-21 13:45,7445016
2025-11-21 14:00,7445016
2025-11-21 14:15,7445016
2025-11-21 14:30,7445016
2025-11-21 14:45,7445016
2025-11-21 15:00,7445016
2025-11-21 15:15,7445016
2025-11-21 15:30,7445016
2025-11-21 15:45,7445016
2025-11-21 16:00,7445020
2025-11-21 16:15,7445020
2025-11-21 16:30,7445020
2025-11-21 16:45,7445020
2025-11-21 17:00,7445020
2025-11-21 17:15,7445020
2025-11-21 17:30,7445020
2025-11-21 17:45,7445063
2025-11-21 18:00,7445123
2025-11-21 18:15,7445206
2025-11-21 18:30,7445280
2025-11-21 18:45,7445280
2025-11-21 19:00,7445280
2025-11-21 19:15,7445280
2025-11-21 19:30,7445316
2025-11-21 19:45,7445533
2025-11-21 20:00,7445663
2025-11-21 20:15,7445670
2025-11-21 20:30,7445676
2025-11-21 20:45,7445676
2025-11-21 21:00,7445866
2025-11-21 21:15,7445930
2025-11-21 21:30,7445930
2025-11-21 21:45,7446263
2025-11-21 22:00,7446263
2025-11-21 22:15,7446340
2025-11-21 22:30,7446400
2025-11-21 22:45,7446400
2025-11-21 23:00,7446400
2025-11-21 23:15,7446410
2025-11-21 23:30,7446496
2025-11-21 23:45,7446536
2025-11-22 00:00,7446553
2025-11-22 00:15,7446553
2025-11-22 00:30,7446553
2025-11-22 00:45,7446553
2025-11-22 01:00,7446553
2025-11-22 01:15,7446553
2025-11-22 01:30,7446553
2025-11-22 01:45,7446553
2025-11-22 02:00,7446553
2025-11-22 02:15,7446626
2025-11-22 02:30,7446666
2025-11-22 02:45,7446666
2025-11-22 03:00,7446666
2025-11-22 03:15,7446666
2025-11-22 03:30,7446666
2025-11-22 03:45,7446666
2025-11-22 04:00,7446666
2025-11-22 04:15,7446666
2025-11-22 04:30,7446666
2025-11-22 04:45,7446666
2025-11-22 05:00,7446666
2025-11-22 05:15,7446666
2025-11-22 05:30,7446703
2025-11-22 05:45,7446703
2025-11-22 06:00,7446703
2025-11-22 06:15,7446703
2025-11-22 06:30,7446703
2025-11-22 06:45,7446703
2025-11-22 07:00,7446703
2025-11-22 07:15,7446703
2025-11-22 07:30,7446720
2025-11-22 07:45,7447110
2025-11-22 08:00,7447113
2025-11-22 08:15,7447146
2025-11-22 08:30,7447220
2025-11-22 08:45,7447226
2025-11-22 09:00,7447373
2025-11-22 09:15,7447406
2025-11-22 09:30,7447476
2025-11-22 09:45,7447480
2025-11-22 10:00,7447500
2025-11-22 10:15,7447670
2025-11-22 10:30,7448213
2025-11-22 10:45,7448223
2025-11-22 11:00,7448223
2025-11-22 11:15,7448253
2025-11-22 11:30,7448253
2025-11-22 11:45,7448253
2025-11-22 12:00,7448316
2025-11-22 12:15,7448390
2025-11-22 12:30,7448393
2025-11-22 12:45,7448663
2025-11-22 13:00,7448796
2025-11-22 13:15,7448840
2025-11-22 13:30,7449300
2025-11-22 13:45,7449373
2025-11-22 14:00,7449373
2025-11-22 14:15,7449373
2025-11-22 14:30,7449593
2025-11-22 14:45,7449816
2025-11-22 15:00,7449870
2025-11-22 15:15,7449876
2025-11-22 15:30,7449876
2025-11-22 15:45,7449936
2025-11-22 16:00,7449943
2025-11-22 16:15,7449943
2025-11-22 16:30,7449983
2025-11-22 16:45,7450006
2025-11-22 17:00,7450006
2025-11-22 17:15,7450076
2025-11-22 17:30,7450120
2025-11-22 17:45,7450160
2025-11-22 18:00,7450230
2025-11-22 18:15,7450286
2025-11-22 18:30,7450356
2025-11-22 18:45,7450370
2025-11-22 19:00,7450403
2025-11-22 19:15,7450466
2025-11-22 19:30,7450583
2025-11-22 19:45,7450676
2025-11-22 20:00,7450676
2025-11-22 20:15,7450680
2025-11-22 20:30,7450683
2025-11-22 20:45,7450690
2025-11-22 21:00,7450690
2025-11-22 21:15,7450690
2025-11-22 21:30,7450730
2025-11-22 21:45,7450813
2025-11-22 22:00,7450846
2025-11-22 22:15,7450846
2025-11-22 22:30,7450850
2025-11-22 22:45,7450903
2025-11-22 23:00,7450956
2025-11-22 23:15,7451133
2025-11-22 23:30,7451136
2025-11-22 23:45,7451186
2025-11-23 00:00,7451216
2025-11-23 00:15,7451216
2025-11-23 00:30,7451216
2025-11-23 00:45,7451216
2025-11-23 01:00,7451216
2025-11-23 01:15,7451216
2025-11-23 01:30,7451216
2025-11-23 01:45,7451216
2025-11-23 02:00,7451216
2025-11-23 02:15,7451216
2025-11-23 02:30,7451216
2025-11-23 02:45,7451216
2025-11-23 03:00,7451216
2025-11-23 03:15,7451216
2025-11-23 03:30,7451286
2025-11-23 03:45,7451286
2025-11-23 04:00,7451326
2025-11-23 04:15,7451326
2025-11-23 04:30,7451326
2025-11-23 04:45,7451326
2025-11-23 05:00,7451326
2025-11-23 05:15,7451326
2025-11-23 05:30,7451326
2025-11-23 05:45,7451326
2025-11-23 06:00,7451326
2025-11-23 06:15,7451326
2025-11-23 06:30,7451326
2025-11-23 06:45,7451326
2025-11-23 07:00,7451326
2025-11-23 07:15,7451326
2025-11-23 07:30,7451326
2025-11-23 07:45,7451360
2025-11-23 08:00,7451360
2025-11-23 08:15,7451360
2025-11-23 08:30,7451360
2025-11-23 08:45,7451406
2025-11-23 09:00,7451406
2025-11-23 09:15,7451616
2025-11-23 09:30,7451956
2025-11-23 09:45,7452030
2025-11-23 10:00,7452120
2025-11-23 10:15,7452120
2025-11-23 10:30,7452120
2025-11-23 10:45,7452120
2025-11-23 11:00,7452120
2025-11-23 11:15,7452126
2025-11-23 11:30,7452150
2025-11-23 11:45,7452216
2025-11-23 12:00,7452286
2025-11-23 12:15,7452303
2025-11-23 12:30,7452303
2025-11-23 12:45,7452303
2025-11-23 13:00,7452303
2025-11-23 13:15,7452383
2025-11-23 13:30,7452420
2025-11-23 13:45,7452420
2025-11-23 14:00,7452420
2025-11-23 14:15,7452420
2025-11-23 14:30,7452420
2025-11-23 14:45,7452420
2025-11-23 15:00,7452420
2025-11-23 15:15,7452420
2025-11-23 15:30,7452420
2025-11-23 15:45,7452420
2025-11-23 16:00,7452420
2025-11-23 16:15,7452420
2025-11-23 16:30,7452420
2025-11-23 16:45,7452420
2025-11-23 17:00,7452420
2025-11-23 17:15,7452420
2025-11-23 17:30,7452420
2025-11-23 17:45,7452420
2025-11-23 18:00,7452420
2025-11-23 18:15,7452420
2025-11-23 18:30,7452420
2025-11-23 18:45,7452476
2025-11-23 19:00,7452480
2025-11-23 19:15,7453883
2025-11-23 19:30,7454413
2025-11-23 19:45,7454600
2025-11-23 20:00,7454640
2025-11-23 20:15,7454660
2025-11-23 20:30,7454660
2025-11-23 20:45,7454660
2025-11-23 21:00,7454660
2025-11-23 21:15,7454660
2025-11-23 21:30,7454693
2025-11-23 21:45,7454743
2025-11-23 22:00,7454743
2025-11-23 22:15,7454743
2025-11-23 22:30,7454743
2025-11-23 22:45,7454746
2025-11-23 23:00,7454906
2025-11-23 23:15,7454906
2025-11-23 23:30,7454906
2025-11-23 23:45,7454940
2025-11-24 00:00,7454940
2025-11-24 00:15,7454993
2025-11-24 00:30,7454993
2025-11-24 00:45,7454993
2025-11-24 01:00,7454993
2025-11-24 01:15,7455036
2025-11-24 01:30,7455036
2025-11-24 01:45,7455036
2025-11-24 02:00,7455036
2025-11-24 02:15,7455036
2025-11-24 02:30,7455036
2025-11-24 02:45,7455036
2025-11-24 03:00,7455036
2025-11-24 03:15,7455036
2025-11-24 03:30,7455036
2025-11-24 03:45,7455036
2025-11-24 04:00,7455036
2025-11-24 04:15,7455036
2025-11-24 04:30,7455070
2025-11-24 04:45,7455070
2025-11-24 05:00,7455070
2025-11-24 05:15,7455070
2025-11-24 05:30,7455070
2025-11-24 05:45,7455070
2025-11-24 06:00,7455110
2025-11-24 06:15,7455110
2025-11-24 06:30,7455110
2025-11-24 06:45,7455150
2025-11-24 07:00,7455193
2025-11-24 07:15,7455193
2025-11-24 07:30,7455193
2025-11-24 07:45,7455193
2025-11-24 08:00,7455363
2025-11-24 08:15,7455363
2025-11-24 08:30,7455400
2025-11-24 08:45,7455400
2025-11-24 09:00,7455400
2025-11-24 09:15,7455883
2025-11-24 09:30,7455883
2025-11-24 09:45,7455926
2025-11-24 10:00,7455926
2025-11-24 10:15,7455926
2025-11-24 10:30,7455926
2025-11-24 10:45,7455926
2025-11-24 11:00,7455926
2025-11-24 11:15,7455963
2025-11-24 11:30,7456036
2025-11-24 11:45,7456036
2025-11-24 12:00,7456106
2025-11-24 12:15,7456106
2025-11-24 12:30,7456106
2025-11-24 12:45,7456106
2025-11-24 13:00,7456110
2025-11-24 13:15,7456110
2025-11-24 13:30,7456123
2025-11-24 13:45,7456123
2025-11-24 14:00,7456123
2025-11-24 14:15,7456123
2025-11-24 14:30,7456163
2025-11-24 14:45,7456240
2025-11-24 15:00,7456240
2025-11-24 15:15,7456240
2025-11-24 15:30,7456340
2025-11-24 15:45,7456340
2025-11-24 16:00,7456373
2025-11-24 16:15,7456373
2025-11-24 16:30,7456373
2025-11-24 16:45,7456373
2025-11-24 17:00,7456393
2025-11-24 17:15,7456450
2025-11-24 17:30,7456450
2025-11-24 17:45,7456456
2025-11-24 18:00,7456456
2025-11-24 18:15,7456460
2025-11-24 18:30,7456460
2025-11-24 18:45,7456470
2025-11-24 19:00,7456530
2025-11-24 19:15,7456606
2025-11-24 19:30,7456606
2025-11-24 19:45,7456606
2025-11-24 20:00,7456683
2025-11-24 20:15,7456683
2025-11-24 20:30,7456683
2025-11-24 20:45,7456716
2025-11-24 21:00,7456716
2025-11-24 21:15,7456880
2025-11-24 21:30,7456893
2025-11-24 21:45,7457030
2025-11-24 22:00,7457180
2025-11-24 22:15,7457390
2025-11-24 22:30,7457473
2025-11-24 22:45,7457533
2025-11-24 23:00,7457566
2025-11-24 23:15,7457573
2025-11-24 23:30,7457600
2025-11-24 23:45,7457600
2025-11-25 00:00,7457680
2025-11-25 00:15,7457760
2025-11-25 00:30,7457810
2025-11-25 00:45,7457810
2025-11-25 01:00,7457810
2025-11-25 01:15,7457810
2025-11-25 01:30,7457810
2025-11-25 01:45,7457810
2025-11-25 02:00,7457810
2025-11-25 02:15,7457846
2025-11-25 02:30,7457846
2025-11-25 02:45,7457846
2025-11-25 03:00,7457856
2025-11-25 03:15,7457890
2025-11-25 03:30,7457890
2025-11-25 03:45,7457890
2025-11-25 04:00,7457926
2025-11-25 04:15,7457926
2025-11-25 04:30,7457926
2025-11-25 04:45,7457926
2025-11-25 05:00,7457926
2025-11-25 05:15,7457926
2025-11-25 05:30,7457926
2025-11-25 05:45,7457963
2025-11-25 06:00,7457963
2025-11-25 06:15,7457963
2025-11-25 06:30,7457963
2025-11-25 06:45,7457963
2025-11-25 07:00,7457963
2025-11-25 07:15,7457963
2025-11-25 07:30,7457963
2025-11-25 07:45,7457963
2025-11-25 08:00,7458073
2025-11-25 08:15,7458113
2025-11-25 08:30,7458123
2025-11-25 08:45,7458160
2025-11-25 09:00,7458513
2025-11-25 09:15,7458986
2025-11-25 09:30,7458996
2025-11-25 09:45,7459000
2025-11-25 10:00,7459006
2025-11-25 10:15,7459006
2025-11-25 10:30,7459006
2025-11-25 10:45,7459013
2025-11-25 11:00,7459096
2025-11-25 11:15,7459096
2025-11-25 11:30,7459196
2025-11-25 11:45,7459196
2025-11-25 12:00,7459233
2025-11-25 12:15,7459256
2025-11-25 12:30,7459256
2025-11-25 12:45,7459346
2025-11-25 13:00,7459403
2025-11-25 13:15,7459440
2025-11-25 13:30,7459440
2025-11-25 13:45,7459440
2025-11-25 14:00,7459440
2025-11-25 14:15,7459440
2025-11-25 14:30,7459440
2025-11-25 14:45,7459453
2025-11-25 15:00,7459453
2025-11-25 15:15,7459453
2025-11-25 15:30,7459486
2025-11-25 15:45,7459486
2025-11-25 16:00,7459486
2025-11-25 16:15,7459486
2025-11-25 16:30,7459500
2025-11-25 16:45,7459506
2025-11-25 17:00,7459543
2025-11-25 17:15,7459543
2025-11-25 17:30,7459543
2025-11-25 17:45,7459543
2025-11-25 18:00,7459616
2025-11-25 18:15,7459616
2025-11-25 18:30,7459690
2025-11-25 18:45,7459690
2025-11-25 19:00,7459710
2025-11-25 19:15,7459746
2025-11-25 19:30,7459780
2025-11-25 19:45,7459780
2025-11-25 20:00,7459780
2025-11-25 20:15,7459790
2025-11-25 20:30,7459823
2025-11-25 20:45,7459923
2025-11-25 21:00,7459940
2025-11-25 21:15,7459940
2025-11-25 21:30,7459976
2025-11-25 21:45,7460050
2025-11-25 22:00,7460050
2025-11-25 22:15,7460050
2025-11-25 22:30,7460050
2025-11-25 22:45,7460123
2025-11-25 23:00,7460200
2025-11-25 23:15,7460200
2025-11-25 23:30,7460233
2025-11-25 23:45,7460233
2025-11-26 00:00,7460233
2025-11-26 00:15,7460240
2025-11-26 00:30,7460296
2025-11-26 00:45,7460333
2025-11-26 01:00,7460333
2025-11-26 01:15,7460333
2025-11-26 01:30,7460333
2025-11-26 01:45,7460333
2025-11-26 02:00,7460333
2025-11-26 02:15,7460333
2025-11-26 02:30,7460333
2025-11-26 02:45,7460333
2025-11-26 03:00,7460333
2025-11-26 03:15,7460333
2025-11-26 03:30,7460333
2025-11-26 03:45,7460333
2025-11-26 04:00,7460333
2025-11-26 04:15,7460333
2025-11-26 04:30,7460373
2025-11-26 04:45,7460413
2025-11-26 05:00,7460413
2025-11-26 05:15,7460413
2025-11-26 05:30,7460446
2025-11-26 05:45,7460446
2025-11-26 06:00,7460446
2025-11-26 06:15,7460446
2025-11-26 06:30,7460446
2025-11-26 06:45,7460446
2025-11-26 07:00,7460446
2025-11-26 07:15,7460486
2025-11-26 07:30,7460486
2025-11-26 07:45,7460486
2025-11-26 08:00,7460486
2025-11-26 08:15,7460486
2025-11-26 08:30,7460486
2025-11-26 08:45,7460486
2025-11-26 09:00,7460486
2025-11-26 09:15,7461210
2025-11-26 09:30,7461223
2025-11-26 09:45,7461256
2025-11-26 10:00,7461256
2025-11-26 10:15,7461256
2025-11-26 10:30,7461256
2025-11-26 10:45,7461340
2025-11-26 11:00,7461340
2025-11-26 11:15,7461340
2025-11-26 11:30,7461413
2025-11-26 11:45,7461416
2025-11-26 12:00,7461453
2025-11-26 12:15,7461453
2025-11-26 12:30,7461513
2025-11-26 12:45,7461513
2025-11-26 13:00,7461526
2025-11-26 13:15,7461683
2025-11-26 13:30,7461683
2025-11-26 13:45,7461690
2025-11-26 14:00,7461760
2025-11-26 14:15,7461840
2025-11-26 14:30,7461966
2025-11-26 14:45,7461966
2025-11-26 15:00,7462016
2025-11-26 15:15,7462080
2025-11-26 15:30,7462080
2025-11-26 15:45,7462100
2025-11-26 16:00,7462116
2025-11-26 16:15,7462116
2025-11-26 16:30,7462136
2025-11-26 16:45,7462150
2025-11-26 17:00,7462186
2025-11-26 17:15,7462186
2025-11-26 17:30,7462233
2025-11-26 17:45,7462303
2025-11-26 18:00,7462320
2025-11-26 18:15,7462320
2025-11-26 18:30,7462380
2025-11-26 18:45,7462416
2025-11-26 19:00,7462476
2025-11-26 19:15,7462476
2025-11-26 19:30,7462523
2025-11-26 19:45,7462906
2025-11-26 20:00,7462920
2025-11-26 20:15,7462920
2025-11-26 20:30,7462923
2025-11-26 20:45,7462923
2025-11-26 21:00,7462923
2025-11-26 21:15,7462923
2025-11-26 21:30,7462923
2025-11-26 21:45,7462923
2025-11-26 22:00,7462986
2025-11-26 22:15,7463036
2025-11-26 22:30,7463036
2025-11-26 22:45,7463036
2025-11-26 23:00,7463053
2025-11-26 23:15,7463053
2025-11-26 23:30,7463053
2025-11-26 23:45,7463063
2025-11-27 00:00,7463063
2025-11-27 00:15,7463130
2025-11-27 00:30,7463173
2025-11-27 00:45,7463183
2025-11-27 01:00,7463183
2025-11-27 01:15,7463183
2025-11-27 01:30,7463183
2025-11-27 01:45,7463183
2025-11-27 02:00,7463183
2025-11-27 02:15,7463183
2025-11-27 02:30,7463230
2025-11-27 02:45,7463230
2025-11-27 03:00,7463230
2025-11-27 03:15,7463230
2025-11-27 03:30,7463230
2025-11-27 03:45,7463230
2025-11-27 04:00,7463230
2025-11-27 04:15,7463230
2025-11-27 04:30,7463270
2025-11-27 04:45,7463270
2025-11-27 05:00,7463270
2025-11-27 05:15,7463270
2025-11-27 05:30,7463270
2025-11-27 05:45,7463270
2025-11-27 06:00,7463270
2025-11-27 06:15,7463270
2025-11-27 06:30,7463270
2025-11-27 06:45,7463270
2025-11-27 07:00,7463270
2025-11-27 07:15,7463270
2025-11-27 07:30,7463270
2025-11-27 07:45,7463416
2025-11-27 08:00,7463436
2025-11-27 08:15,7463446
2025-11-27 08:30,7463500
2025-11-27 08:45,7463533
2025-11-27 09:00,7463913
2025-11-27 09:15,7464183
2025-11-27 09:30,7464283
2025-11-27 09:45,7464290
2025-11-27 10:00,7464470
2025-11-27 10:15,7464550
2025-11-27 10:30,7464550
2025-11-27 10:45,7464550
2025-11-27 11:00,7464610
2025-11-27 11:15,7464686
2025-11-27 11:30,7464686
2025-11-27 11:45,7464686
2025-11-27 12:00,7464686
2025-11-27 12:15,7464813
2025-11-27 12:30,7464816
2025-11-27 12:45,7464816
2025-11-27 13:00,7464836
2025-11-27 13:15,7464836
2025-11-27 13:30,7464836
2025-11-27 13:45,7464870
2025-11-27 14:00,7464870
2025-11-27 14:15,7464906
2025-11-27 14:30,7464906
2025-11-27 14:45,7464950
2025-11-27 15:00,7464950
2025-11-27 15:15,7464986
2025-11-27 15:30,7464993
2025-11-27 15:45,7465046
2025-11-27 16:00,7465110
2025-11-27 16:15,7465123
2025-11-27 16:30,7465123
2025-11-27 16:45,7465180
2025-11-27 17:00,7465240
2025-11-27 17:15,7465256
2025-11-27 17:30,7465326
2025-11-27 17:45,7465376
2025-11-27 18:00,7465376
2025-11-27 18:15,7465416
2025-11-27 18:30,7465416
2025-11-27 18:45,7465500
2025-11-27 19:00,7465533
2025-11-27 19:15,7465603
2025-11-27 19:30,7465706
2025-11-27 19:45,7465740
2025-11-27 20:00,7465750
2025-11-27 20:15,7465783
2025-11-27 20:30,7465846
2025-11-27 20:45,7465963
2025-11-27 21:00,7466076
2025-11-27 21:15,7466080
2025-11-27 21:30,7466123
2025-11-27 21:45,7466143
2025-11-27 22:00,7466146
2025-11-27 22:15,7466146
2025-11-27 22:30,7466283
2025-11-27 22:45,7466283
2025-11-27 23:00,7466336
2025-11-27 23:15,7466336
2025-11-27 23:30,7466336
2025-11-27 23:45,7466336
2025-11-28 00:00,7466336
2025-11-28 00:15,7466336
2025-11-28 00:30,7466336
2025-11-28 00:45,7466336
2025-11-28 01:00,7466336
2025-11-28 01:15,7466336
2025-11-28 01:30,7466336
2025-11-28 01:45,7466336
2025-11-28 02:00,7466336
2025-11-28 02:15,7466373
2025-11-28 02:30,7466373
2025-11-28 02:45,7466373
2025-11-28 03:00,7466373
2025-11-28 03:15,7466373
2025-11-28 03:30,7466373
2025-11-28 03:45,7466373
2025-11-28 04:00,7466373
2025-11-28 04:15,7466373
2025-11-28 04:30,7466373
2025-11-28 04:45,7466373
2025-11-28 05:00,7466410
2025-11-28 05:15,7466410
2025-11-28 05:30,7466410
2025-11-28 05:45,7466410
2025-11-28 06:00,7466450
2025-11-28 06:15,7466450
2025-11-28 06:30,7466450
2025-11-28 06:45,7466450
2025-11-28 07:00,7466450
2025-11-28 07:15,7466530
2025-11-28 07:30,7466623
2025-11-28 07:45,7467073
2025-11-28 08:00,7467153
2025-11-28 08:15,7467230
2025-11-28 08:30,7467230
2025-11-28 08:45,7467230
2025-11-28 09:00,7467276
2025-11-28 09:15,7467280
2025-11-28 09:30,7467280
2025-11-28 09:45,7467280
2025-11-28 10:00,7467350
2025-11-28 10:15,7467410
2025-11-28 10:30,7467410
2025-11-28 10:45,7467443
2025-11-28 11:00,7467450
2025-11-28 11:15,7467450
2025-11-28 11:30,7467453
2025-11-28 11:45,7467453
2025-11-28 12:00,7467480
2025-11-28 12:15,7467490
2025-11-28 12:30,7467516
2025-11-28 12:45,7467516
2025-11-28 13:00,7467516
2025-11-28 13:15,7467543
2025-11-28 13:30,7467543
2025-11-28 13:45,7467543
2025-11-28 14:00,7469170
2025-11-28 14:15,7470333
2025-11-28 14:30,7470333
2025-11-28 14:45,7470333
2025-11-28 15:00,7470343
2025-11-28 15:15,7470433
2025-11-28 15:30,7470440
2025-11-28 15:45,7470440
2025-11-28 16:00,7470440
2025-11-28 16:15,7470440
2025-11-28 16:30,7470440
2025-11-28 16:45,7470530
2025-11-28 17:00,7470550
2025-11-28 17:15,7470550
2025-11-28 17:30,7470550
2025-11-28 17:45,7470550
2025-11-28 18:00,7470663
2025-11-28 18:15,7470663
2025-11-28 18:30,7470770
2025-11-28 18:45,7470883
2025-11-28 19:00,7470930
2025-11-28 19:15,7470966
2025-11-28 19:30,7470980
2025-11-28 19:45,7470980
2025-11-28 20:00,7470980
2025-11-28 20:15,7470980
2025-11-28 20:30,7470980
2025-11-28 20:45,7471020
2025-11-28 21:00,7471020
2025-11-28 21:15,7471020
2025-11-28 21:30,7471020
2025-11-28 21:45,7471023
2025-11-28 22:00,7471023
2025-11-28 22:15,7471023
2025-11-28 22:30,7471120
2025-11-28 22:45,7471120
2025-11-28 23:00,7471120
2025-11-28 23:15,7471120
2025-11-28 23:30,7471126
2025-11-28 23:45,7471126
2025-11-29 00:00,7471183
2025-11-29 00:15,7471183
2025-11-29 00:30,7471183
2025-11-29 00:45,7471183
2025-11-29 01:00,7471183
2025-11-29 01:15,7471183
2025-11-29 01:30,7471183
2025-11-29 01:45,7471183
2025-11-29 02:00,7471183
2025-11-29 02:15,7471183
2025-11-29 02:30,7471183
2025-11-29 02:45,7471220
2025-11-29 03:00,7471260
2025-11-29 03:15,7471260
2025-11-29 03:30,7471260
2025-11-29 03:45,7471260
2025-11-29 04:00,7471260
2025-11-29 04:15,7471260
2025-11-29 04:30,7471260
2025-11-29 04:45,7471260
2025-11-29 05:00,7471260
2025-11-29 05:15,7471296
2025-11-29 05:30,7471296
2025-11-29 05:45,7471296
2025-11-29 06:00,7471296
2025-11-29 06:15,7471296
2025-11-29 06:30,7471296
2025-11-29 06:45,7471333
2025-11-29 07:00,7471333
2025-11-29 07:15,7471376
2025-11-29 07:30,7471376
2025-11-29 07:45,7471376
2025-11-29 08:00,7471376
2025-11-29 08:15,7471376
2025-11-29 08:30,7471410
2025-11-29 08:45,7471410
2025-11-29 09:00,7471410
2025-11-29 09:15,7471410
2025-11-29 09:30,7471860
2025-11-29 09:45,7471903
2025-11-29 10:00,7471906
2025-11-29 10:15,7471980
2025-11-29 10:30,7471980
2025-11-29 10:45,7471980
2025-11-29 11:00,7471980
2025-11-29 11:15,7471980
2025-11-29 11:30,7471980
2025-11-29 11:45,7471980
2025-11-29 12:00,7471980
2025-11-29 12:15,7471980
2025-11-29 12:30,7472016
2025-11-29 12:45,7472090
2025-11-29 13:00,7472090
2025-11-29 13:15,7472093
2025-11-29 13:30,7472093
2025-11-29 13:45,7472093
2025-11-29 14:00,7472093
2025-11-29 14:15,7472130
2025-11-29 14:30,7472130
2025-11-29 14:45,7472166
2025-11-29 15:00,7472233
2025-11-29 15:15,7472233
2025-11-29 15:30,7472233
2025-11-29 15:45,7472293
2025-11-29 16:00,7472330
2025-11-29 16:15,7472330
2025-11-29 16:30,7472330
2025-11-29 16:45,7472330
2025-11-29 17:00,7472330
2025-11-29 17:15,7472336
2025-11-29 17:30,7472336
2025-11-29 17:45,7472336
2025-11-29 18:00,7472373
2025-11-29 18:15,7472373
2025-11-29 18:30,7472373
2025-11-29 18:45,7472373
2025-11-29 19:00,7472406
2025-11-29 19:15,7472443
2025-11-29 19:30,7472443
2025-11-29 19:45,7472443
2025-11-29 20:00,7472446
2025-11-29 20:15,7472453
2025-11-29 20:30,7472456
2025-11-29 20:45,7472583
2025-11-29 21:00,7472583
2025-11-29 21:15,7472583
2025-11-29 21:30,7472583
2025-11-29 21:45,7472623
2025-11-29 22:00,7472623
2025-11-29 22:15,7472623
2025-11-29 22:30,7472623
2025-11-29 22:45,7472626
2025-11-29 23:00,7472626
2025-11-29 23:15,7472626
2025-11-29 23:30,7472626
2025-11-29 23:45,7472670
2025-11-30 00:00,7472670
2025-11-30 00:15,7472720
2025-11-30 00:30,7472730
2025-11-30 00:45,7472833
2025-11-30 01:00,7472833
2025-11-30 01:15,7472833
2025-11-30 01:30,7472833
2025-11-30 01:45,7472833
2025-11-30 02:00,7472833
2025-11-30 02:15,7472866
2025-11-30 02:30,7472866
2025-11-30 02:45,7472866
2025-11-30 03:00,7472906
2025-11-30 03:15,7472906
2025-11-30 03:30,7472906
2025-11-30 03:45,7472906
2025-11-30 04:00,7472940
2025-11-30 04:15,7472940
2025-11-30 04:30,7472940
2025-11-30 04:45,7472940
2025-11-30 05:00,7472940
2025-11-30 05:15,7472940
2025-11-30 05:30,7472940
2025-11-30 05:45,7472940
2025-11-30 06:00,7472943
2025-11-30 06:15,7472980
2025-11-30 06:30,7472980
2025-11-30 06:45,7472980
2025-11-30 07:00,7472980
2025-11-30 07:15,7472980
2025-11-30 07:30,7472980
2025-11-30 07:45,7472980
2025-11-30 08:00,7472980
2025-11-30 08:15,7472980
2025-11-30 08:30,7473016
2025-11-30 08:45,7473016
2025-11-30 09:00,7473016
2025-11-30 09:15,7473293
2025-11-30 09:30,7473560
2025-11-30 09:45,7473560
2025-11-30 10:00,7473560
2025-11-30 10:15,7473586
2025-11-30 10:30,7473593
2025-11-30 10:45,7473606
2025-11-30 11:00,7473676
2025-11-30 11:15,7473690
2025-11-30 11:30,7473736
2025-11-30 11:45,7474156
2025-11-30 12:00,7474416
2025-11-30 12:15,7474476
2025-11-30 12:30,7474486
2025-11-30 12:45,7474520
2025-11-30 13:00,7474610
2025-11-30 13:15,7474640
2025-11-30 13:30,7474683
2025-11-30 13:45,7474803
2025-11-30 14:00,7474803
2025-11-30 14:15,7474880
2025-11-30 14:30,7475023
2025-11-30 14:45,7475213
2025-11-30 15:00,7475213
2025-11-30 15:15,7475213
2025-11-30 15:30,7475310
2025-11-30 15:45,7475316
2025-11-30 16:00,7475316
2025-11-30 16:15,7475316
2025-11-30 16:30,7475370
2025-11-30 16:45,7475433
2025-11-30 17:00,7475580
2025-11-30 17:15,7475660
2025-11-30 17:30,7475743
2025-11-30 17:45,7475776
2025-11-30 18:00,7475776
2025-11-30 18:15,7475776
2025-11-30 18:30,7475776
2025-11-30 18:45,7475813
2025-11-30 19:00,7475813
2025-11-30 19:15,7475833
2025-11-30 19:30,7475833
2025-11-30 19:45,7475873
2025-11-30 20:00,7475886
2025-11-30 20:15,7475886
2025-11-30 20:30,7475886
2025-11-30 20:45,7475886
2025-11-30 21:00,7475920
2025-11-30 21:15,7475920
2025-11-30 21:30,7475966
2025-11-30 21:45,7475973
2025-11-30 22:00,7475973
2025-11-30 22:15,7476050
2025-11-30 22:30,7476136
2025-11-30 22:45,7476193
2025-11-30 23:00,7476273
2025-11-30 23:15,7476273
2025-11-30 23:30,7476273
2025-11-30 23:45,7476273
2025-12-01 00:00,7476313
2025-12-01 00:15,7476313
2025-12-01 00:30,7476313
2025-12-01 00:45,7476313
2025-12-01 01:00,7476313
2025-12-01 01:15,7476383
2025-12-01 01:30,7476423
2025-12-01 01:45,7476423
2025-12-01 02:00,7476423
2025-12-01 02:15,7476423
2025-12-01 02:30,7476423
2025-12-01 02:45,7476423
2025-12-01 03:00,7476460
2025-12-01 03:15,7476460
2025-12-01 03:30,7476460
2025-12-01 03:45,7476496
2025-12-01 04:00,7476496
2025-12-01 04:15,7476496
2025-12-01 04:30,7476496
2025-12-01 04:45,7476496
2025-12-01 05:00,7476496
2025-12-01 05:15,7476496
2025-12-01 05:30,7476496
2025-12-01 05:45,7476496
2025-12-01 06:00,7476496
2025-12-01 06:15,7476496
2025-12-01 06:30,7476496
2025-12-01 06:45,7476750
2025-12-01 07:00,7476820
2025-12-01 07:15,7476820
2025-12-01 07:30,7476820
2025-12-01 07:45,7476820
2025-12-01 08:00,7476826
2025-12-01 08:15,7476910
2025-12-01 08:30,7476913
2025-12-01 08:45,7476913
2025-12-01 09:00,7476913
2025-12-01 09:15,7476913
2025-12-01 09:30,7476913
2025-12-01 09:45,7476913
2025-12-01 10:00,7476913
2025-12-01 10:15,7476913
2025-12-01 10:30,7476950
2025-12-01 10:45,7476950
2025-12-01 11:00,7476950
2025-12-01 11:15,7476950
2025-12-01 11:30,7477056
2025-12-01 11:45,7477056
2025-12-01 12:00,7477056
2025-12-01 12:15,7477056
2025-12-01 12:30,7477056
2025-12-01 12:45,7477056
2025-12-01 13:00,7477056
2025-12-01 13:15,7477056
2025-12-01 13:30,7477056
2025-12-01 13:45,7477056
2025-12-01 14:00,7477056
2025-12-01 14:15,7477056
2025-12-01 14:30,7477073
2025-12-01 14:45,7477073
2025-12-01 15:00,7477786
2025-12-01 15:15,7477786
2025-12-01 15:30,7477786
2025-12-01 15:45,7477786
2025-12-01 16:00,7477786
2025-12-01 16:15,7477786
2025-12-01 16:30,7477786
2025-12-01 16:45,7477786
2025-12-01 17:00,7477786
2025-12-01 17:15,7477826
2025-12-01 17:30,7477830
2025-12-01 17:45,7477830
2025-12-01 18:00,7477830
2025-12-01 18:15,7477830
2025-12-01 18:30,7477830
2025-12-01 18:45,7477830
2025-12-01 19:00,7477830
2025-12-01 19:15,7477830
2025-12-01 19:30,7477830
2025-12-01 19:45,7477830
2025-12-01 20:00,7477830
2025-12-01 20:15,7477830
2025-12-01 20:30,7477830
2025-12-01 20:45,7477830
2025-12-01 21:00,7477830
2025-12-01 21:15,7477830
2025-12-01 21:30,7477830
2025-12-01 21:45,7477893
2025-12-01 22:00,7477930
2025-12-01 22:15,7477930
2025-12-01 22:30,7477930
2025-12-01 22:45,7477930
2025-12-01 23:00,7477930
2025-12-01 23:15,7477930
2025-12-01 23:30,7477930
2025-12-01 23:45,7478000
2025-12-02 00:00,7478000
2025-12-02 00:15,7478000
2025-12-02 00:30,7478000
2025-12-02 00:45,7478000
2025-12-02 01:00,7478000
2025-12-02 01:15,7478033
2025-12-02 01:30,7478033
2025-12-02 01:45,7478033
2025-12-02 02:00,7478033
2025-12-02 02:15,7478033
2025-12-02 02:30,7478033
2025-12-02 02:45,7478033
2025-12-02 03:00,7478033
2025-12-02 03:15,7478033
2025-12-02 03:30,7478033
2025-12-02 03:45,7478033
2025-12-02 04:00,7478033
2025-12-02 04:15,7478033
2025-12-02 04:30,7478033
2025-12-02 04:45,7478033
2025-12-02 05:00,7478033
2025-12-02 05:15,7478033
2025-12-02 05:30,7478033
2025-12-02 05:45,7478033
2025-12-02 06:00,7478033
2025-12-02 06:15,7478033
2025-12-02 06:30,7478033
2025-12-02 06:45,7478033
2025-12-02 07:00,7478033
2025-12-02 07:15,7478033
2025-12-02 07:30,7478033
2025-12-02 07:45,7478070
2025-12-02 08:00,7478153
2025-12-02 08:15,7478153
2025-12-02 08:30,7478153
2025-12-02 08:45,7478153
2025-12-02 09:00,7478153
2025-12-02 09:15,7478230
2025-12-02 09:30,7478230
2025-12-02 09:45,7478230
2025-12-02 10:00,7478230
2025-12-02 10:15,7478230
2025-12-02 10:30,7478230
2025-12-02 10:45,7478230
2025-12-02 11:00,7478230
2025-12-02 11:15,7478230
2025-12-02 11:30,7478230
2025-12-02 11:45,7478230
2025-12-02 12:00,7478230
2025-12-02 12:15,7478230
2025-12-02 12:30,7478230
2025-12-02 12:45,7478273
2025-12-02 13:00,7478300
2025-12-02 13:15,7478300
2025-12-02 13:30,7478310
2025-12-02 13:45,7478310
2025-12-02 14:00,7478310
2025-12-02 14:15,7478310
2025-12-02 14:30,7478310
2025-12-02 14:45,7478310
2025-12-02 15:00,7478310
2025-12-02 15:15,7478310
2025-12-02 15:30,7478310
2025-12-02 15:45,7478310
2025-12-02 16:00,7478310
2025-12-02 16:15,7478310
2025-12-02 16:30,7478310
2025-12-02 16:45,7478326
2025-12-02 17:00,7478326
2025-12-02 17:15,7478326
2025-12-02 17:30,7478326
2025-12-02 17:45,7478326
2025-12-02 18:00,7478326
2025-12-02 18:15,7478326
2025-12-02 18:30,7478326
2025-12-02 18:45,7478326
2025-12-02 19:00,7478326
2025-12-02 19:15,7478326
2025-12-02 19:30,7478326
2025-12-02 19:45,7478360
2025-12-02 20:00,7478396
2025-12-02 20:15,7478396
2025-12-02 20:30,7478396
2025-12-02 20:45,7478396
2025-12-02 21:00,7478396
2025-12-02 21:15,7478396
2025-12-02 21:30,7478396
2025-12-02 21:45,7478396
2025-12-02 22:00,7478430
2025-12-02 22:15,7478430
2025-12-02 22:30,7478430
2025-12-02 22:45,7478430
2025-12-02 23:00,7478430
2025-12-02 23:15,7478480
2025-12-02 23:30,7478480
2025-12-02 23:45,7478480
2025-12-03 00:00,7478480
2025-12-03 00:15,7478480
2025-12-03 00:30,7478480
2025-12-03 00:45,7478480
2025-12-03 01:00,7478480
2025-12-03 01:15,7478480
2025-12-03 01:30,7478480
2025-12-03 01:45,7478480
2025-12-03 02:00,7478480
2025-12-03 02:15,7478480
2025-12-03 02:30,7478480
2025-12-03 02:45,7478480
2025-12-03 03:00,7478480
2025-12-03 03:15,7478480
2025-12-03 03:30,7478480
2025-12-03 03:45,7478480
2025-12-03 04:00,7478480
2025-12-03 04:15,7478480
2025-12-03 04:30,7478480
2025-12-03 04:45,7478480
2025-12-03 05:00,7478480
2025-12-03 05:15,7478480
2025-12-03 05:30,7478480
2025-12-03 05:45,7478480
2025-12-03 06:00,7478480
2025-12-03 06:15,7478480
2025-12-03 06:30,7478516
2025-12-03 06:45,7478516
2025-12-03 07:00,7478516
2025-12-03 07:15,7478516
2025-12-03 07:30,7478516
2025-12-03 07:45,7478516
2025-12-03 08:00,7478516
2025-12-03 08:15,7478516
2025-12-03 08:30,7478516
2025-12-03 08:45,7478516
2025-12-03 09:00,7478556
2025-12-03 09:15,7478556
2025-12-03 09:30,7478556
2025-12-03 09:45,7478556
2025-12-03 10:00,7478556
2025-12-03 10:15,7478556
2025-12-03 10:30,7478556
2025-12-03 10:45,7478556
2025-12-03 11:00,7478616
2025-12-03 11:15,7478616
2025-12-03 11:30,7478616
2025-12-03 11:45,7478616
2025-12-03 12:00,7478616
2025-12-03 12:15,7478616
2025-12-03 12:30,7478616
2025-12-03 12:45,7478616
2025-12-03 13:00,7478616
2025-12-03 13:15,7478616
2025-12-03 13:30,7478616
2025-12-03 13:45,7478616
2025-12-03 14:00,7478616
2025-12-03 14:15,7478700
2025-12-03 14:30,7478776
2025-12-03 14:45,7478796
2025-12-03 15:00,7478796
2025-12-03 15:15,7478796
2025-12-03 15:30,7478796
2025-12-03 15:45,7478833
2025-12-03 16:00,7479036
2025-12-03 16:15,7479240
2025-12-03 16:30,7479240
2025-12-03 16:45,7479240
2025-12-03 17:00,7479240
2025-12-03 17:15,7479240
2025-12-03 17:30,7479240
2025-12-03 17:45,7479240
2025-12-03 18:00,7479240
2025-12-03 18:15,7479240
2025-12-03 18:30,7479240
2025-12-03 18:45,7479240
2025-12-03 19:00,7479240
2025-12-03 19:15,7479240
2025-12-03 19:30,7479240
2025-12-03 19:45,7479370
2025-12-03 20:00,7479370
2025-12-03 20:15,7479370
2025-12-03 20:30,7479370
2025-12-03 20:45,7479370
2025-12-03 21:00,7479370
2025-12-03 21:15,7479370
2025-12-03 21:30,7479370
2025-12-03 21:45,7479370
2025-12-03 22:00,7479370
2025-12-03 22:15,7479370
2025-12-03 22:30,7479370
2025-12-03 22:45,7479436
2025-12-03 23:00,7479483
2025-12-03 23:15,7479483
2025-12-03 23:30,7479483
2025-12-03 23:45,7479483
2025-12-04 00:00,7479523
2025-12-04 00:15,7479600
2025-12-04 00:30,7479600
2025-12-04 00:45,7479630
2025-12-04 01:00,7479630
2025-12-04 01:15,7479630
2025-12-04 01:30,7479630
2025-12-04 01:45,7479630
2025-12-04 02:00,7479630
2025-12-04 02:15,7479630
2025-12-04 02:30,7479630
2025-12-04 02:45,7479630
2025-12-04 03:00,7479630
2025-12-04 03:15,7479696
2025-12-04 03:30,7479696
2025-12-04 03:45,7479696
2025-12-04 04:00,7479696
2025-12-04 04:15,7479696
2025-12-04 04:30,7479696
2025-12-04 04:45,7479696
2025-12-04 05:00,7479696
2025-12-04 05:15,7479696
2025-12-04 05:30,7479696
2025-12-04 05:45,7479696
2025-12-04 06:00,7479696
2025-12-04 06:15,7479696
2025-12-04 06:30,7479696
2025-12-04 06:45,7479696
2025-12-04 07:00,7479733
2025-12-04 07:15,7479733
2025-12-04 07:30,7479756
2025-12-04 07:45,7479756
2025-12-04 08:00,7479863
2025-12-04 08:15,7479863
2025-12-04 08:30,7479943
2025-12-04 08:45,7480166
2025-12-04 09:00,7480166
2025-12-04 09:15,7480166
2025-12-04 09:30,7480166
2025-12-04 09:45,7480166
2025-12-04 10:00,7480216
2025-12-04 10:15,7480253
2025-12-04 10:30,7480253
2025-12-04 10:45,7480253
2025-12-04 11:00,7480253
2025-12-04 11:15,7480253
2025-12-04 11:30,7480253
2025-12-04 11:45,7480256
2025-12-04 12:00,7480256
2025-12-04 12:15,7480256
2025-12-04 12:30,7480256
2025-12-04 12:45,7480256
2025-12-04 13:00,7480260
2025-12-04 13:15,7480260
2025-12-04 13:30,7480260
2025-12-04 13:45,7480260
2025-12-04 14:00,7480260
2025-12-04 14:15,7480336
2025-12-04 14:30,7480343
2025-12-04 14:45,7480343
2025-12-04 15:00,7480343
2025-12-04 15:15,7480343
2025-12-04 15:30,7480343
2025-12-04 15:45,7480343
2025-12-04 16:00,7480343
2025-12-04 16:15,7480343
2025-12-04 16:30,7480400
2025-12-04 16:45,7480400
2025-12-04 17:00,7480400
2025-12-04 17:15,7480453
2025-12-04 17:30,7480520
2025-12-04 17:45,7480593
2025-12-04 18:00,7480656
2025-12-04 18:15,7480656
2025-12-04 18:30,7480656
2025-12-04 18:45,7481583
2025-12-04 19:00,7482563
2025-12-04 19:15,7482563
2025-12-04 19:30,7482566
2025-12-04 19:45,7482566
2025-12-04 20:00,7482566
2025-12-04 20:15,7482566
2025-12-04 20:30,7482613
2025-12-04 20:45,7482613
2025-12-04 21:00,7482613
2025-12-04 21:15,7482613
2025-12-04 21:30,7482640
2025-12-04 21:45,7482723
2025-12-04 22:00,7482743
2025-12-04 22:15,7482750
2025-12-04 22:30,7482750
2025-12-04 22:45,7482776
2025-12-04 23:00,7482776
2025-12-04 23:15,7482796
2025-12-04 23:30,7482796
2025-12-04 23:45,7482796
2025-12-05 00:00,7482796
2025-12-05 00:15,7482796
2025-12-05 00:30,7482796
2025-12-05 00:45,7482796
2025-12-05 01:00,7482796
2025-12-05 01:15,7482833
2025-12-05 01:30,7482833
2025-12-05 01:45,7482833
2025-12-05 02:00,7482833
2025-12-05 02:15,7482833
2025-12-05 02:30,7482833
2025-12-05 02:45,7482833
2025-12-05 03:00,7482833
2025-12-05 03:15,7482833
2025-12-05 03:30,7482833
2025-12-05 03:45,7482833
2025-12-05 04:00,7482833
2025-12-05 04:15,7482833
2025-12-05 04:30,7482833
2025-12-05 04:45,7482833
2025-12-05 05:00,7482916
2025-12-05 05:15,7482916
2025-12-05 05:30,7482916
2025-12-05 05:45,7482916
2025-12-05 06:00,7482916
2025-12-05 06:15,7482916
2025-12-05 06:30,7482953
2025-12-05 06:45,7482953
2025-12-05 07:00,7482953
2025-12-05 07:15,7482953
2025-12-05 07:30,7482953
2025-12-05 07:45,7482956
2025-12-05 08:00,7483050
2025-12-05 08:15,7483056
2025-12-05 08:30,7483056
2025-12-05 08:45,7483056
2025-12-05 09:00,7483056
2025-12-05 09:15,7483056
2025-12-05 09:30,7483090
2025-12-05 09:45,7483090
2025-12-05 10:00,7483090
2025-12-05 10:15,7483090
2025-12-05 10:30,7483213
2025-12-05 10:45,7483983
2025-12-05 11:00,7483983
2025-12-05 11:15,7484000
2025-12-05 11:30,7484000
2025-12-05 11:45,7484003
2025-12-05 12:00,7484003
2025-12-05 12:15,7484060
2025-12-05 12:30,7484093
2025-12-05 12:45,7484093
2025-12-05 13:00,7484093
2025-12-05 13:15,7484126
2025-12-05 13:30,7484146
2025-12-05 13:45,7484350
2025-12-05 14:00,7484363
2025-12-05 14:15,7484413
2025-12-05 14:30,7484456
2025-12-05 14:45,7484510
2025-12-05 15:00,7484513
2025-12-05 15:15,7484573
2025-12-05 15:30,7484573
2025-12-05 15:45,7484676
2025-12-05 16:00,7484676
2025-12-05 16:15,7484676
2025-12-05 16:30,7484676
2025-12-05 16:45,7484733
2025-12-05 17:00,7484853
2025-12-05 17:15,7484886
2025-12-05 17:30,7484890
2025-12-05 17:45,7484890
2025-12-05 18:00,7484890
2025-12-05 18:15,7484890
2025-12-05 18:30,7484890
2025-12-05 18:45,7484933
2025-12-05 19:00,7485013
2025-12-05 19:15,7485170
2025-12-05 19:30,7485173
2025-12-05 19:45,7485173
2025-12-05 20:00,7485250
2025-12-05 20:15,7485280
2025-12-05 20:30,7485280
2025-12-05 20:45,7485280
2025-12-05 21:00,7485280
2025-12-05 21:15,7485280
2025-12-05 21:30,7485280
2025-12-05 21:45,7485280
2025-12-05 22:00,7485286
2025-12-05 22:15,7485346
2025-12-05 22:30,7485346
2025-12-05 22:45,7485346
2025-12-05 23:00,7485406
2025-12-05 23:15,7485406
2025-12-05 23:30,7485410
2025-12-05 23:45,7485446
2025-12-06 00:00,7485446
2025-12-06 00:15,7485446
2025-12-06 00:30,7485446
2025-12-06 00:45,7485446
2025-12-06 01:00,7485446
2025-12-06 01:15,7485446
2025-12-06 01:30,7485446
2025-12-06 01:45,7485446
2025-12-06 02:00,7485446
2025-12-06 02:15,7485446
2025-12-06 02:30,7485446
2025-12-06 02:45,7485446
2025-12-06 03:00,7485446
2025-12-06 03:15,7485446
2025-12-06 03:30,7485480
2025-12-06 03:45,7485480
2025-12-06 04:00,7485480
2025-12-06 04:15,7485480
2025-12-06 04:30,7485480
2025-12-06 04:45,7485480
2025-12-06 05:00,7485480
2025-12-06 05:15,7485480
2025-12-06 05:30,7485480
2025-12-06 05:45,7485480
2025-12-06 06:00,7485480
2025-12-06 06:15,7485516
2025-12-06 06:30,7485516
2025-12-06 06:45,7485516
2025-12-06 07:00,7485516
2025-12-06 07:15,7485600
2025-12-06 07:30,7485600
2025-12-06 07:45,7485600
2025-12-06 08:00,7485680
2025-12-06 08:15,7485683
2025-12-06 08:30,7485683
2025-12-06 08:45,7485683
2025-12-06 09:00,7485683
2025-12-06 09:15,7485683
2025-12-06 09:30,7485936
2025-12-06 09:45,7485936
2025-12-06 10:00,7485936
2025-12-06 10:15,7486003
2025-12-06 10:30,7486006
2025-12-06 10:45,7486006
2025-12-06 11:00,7486183
2025-12-06 11:15,7486183
2025-12-06 11:30,7486240
2025-12-06 11:45,7486300
2025-12-06 12:00,7486300
2025-12-06 12:15,7486300
2025-12-06 12:30,7486306
2025-12-06 12:45,7486316
2025-12-06 13:00,7486390
2025-12-06 13:15,7486480
2025-12-06 13:30,7486550
2025-12-06 13:45,7486553
2025-12-06 14:00,7486613
2025-12-06 14:15,7486656
2025-12-06 14:30,7486656
2025-12-06 14:45,7486656
2025-12-06 15:00,7486686
2025-12-06 15:15,7486770
2025-12-06 15:30,7486770
2025-12-06 15:45,7486773
2025-12-06 16:00,7486773
2025-12-06 16:15,7486833
2025-12-06 16:30,7486833
2025-12-06 16:45,7486846
2025-12-06 17:00,7486923
2025-12-06 17:15,7486943
2025-12-06 17:30,7486946
2025-12-06 17:45,7486950
2025-12-06 18:00,7486950
2025-12-06 18:15,7487036
2025-12-06 18:30,7487396
2025-12-06 18:45,7487490
2025-12-06 19:00,7487530
2025-12-06 19:15,7488913
2025-12-06 19:30,7489996
2025-12-06 19:45,7489996
2025-12-06 20:00,7490023
2025-12-06 20:15,7490126
2025-12-06 20:30,7490130
2025-12-06 20:45,7490130
2025-12-06 21:00,7490336
2025-12-06 21:15,7490413
2025-12-06 21:30,7490413
2025-12-06 21:45,7490413
2025-12-06 22:00,7490413
2025-12-06 22:15,7490536
2025-12-06 22:30,7490536
2025-12-06 22:45,7490673
2025-12-06 23:00,7490673
2025-12-06 23:15,7490753
2025-12-06 23:30,7490753
2025-12-06 23:45,7490753
2025-12-07 00:00,7490753
2025-12-07 00:15,7490753
2025-12-07 00:30,7490753
2025-12-07 00:45,7490753
2025-12-07 01:00,7490790
2025-12-07 01:15,7490790
2025-12-07 01:30,7490790
2025-12-07 01:45,7490790
2025-12-07 02:00,7490790
2025-12-07 02:15,7490790
2025-12-07 02:30,7490790
2025-12-07 02:45,7490790
2025-12-07 03:00,7490790
2025-12-07 03:15,7490803
2025-12-07 03:30,7490803
2025-12-07 03:45,7490803
2025-12-07 04:00,7490843
2025-12-07 04:15,7490843
2025-12-07 04:30,7490880
2025-12-07 04:45,7490880
2025-12-07 05:00,7490880
2025-12-07 05:15,7490880
2025-12-07 05:30,7490880
2025-12-07 05:45,7490880
2025-12-07 06:00,7490880
2025-12-07 06:15,7490880
2025-12-07 06:30,7490880
2025-12-07 06:45,7490880
2025-12-07 07:00,7490880
2025-12-07 07:15,7490966
2025-12-07 07:30,7490966
2025-12-07 07:45,7490966
2025-12-07 08:00,7491006
2025-12-07 08:15,7491006
2025-12-07 08:30,7491006
2025-12-07 08:45,7491006
2025-12-07 09:00,7491006
2025-12-07 09:15,7491006
2025-12-07 09:30,7491303
2025-12-07 09:45,7491513
2025-12-07 10:00,7491516
2025-12-07 10:15,7491563
2025-12-07 10:30,7491563
2025-12-07 10:45,7491563
2025-12-07 11:00,7491563
2025-12-07 11:15,7491563
2025-12-07 11:30,7491563
2025-12-07 11:45,7491563
2025-12-07 12:00,7491563
2025-12-07 12:15,7491616
2025-12-07 12:30,7491616
2025-12-07 12:45,7491616
2025-12-07 13:00,7491616
2025-12-07 13:15,7491616
2025-12-07 13:30,7491616
2025-12-07 13:45,7491650
2025-12-07 14:00,7491650
2025-12-07 14:15,7491650
2025-12-07 14:30,7491686
2025-12-07 14:45,7491686
2025-12-07 15:00,7492310
2025-12-07 15:15,7492313
2025-12-07 15:30,7492346
2025-12-07 15:45,7492410
2025-12-07 16:00,7492410
2025-12-07 16:15,7492410
2025-12-07 16:30,7492506
2025-12-07 16:45,7492653
2025-12-07 17:00,7492690
2025-12-07 17:15,7492840
2025-12-07 17:30,7492880
2025-12-07 17:45,7492880
2025-12-07 18:00,7493210
2025-12-07 18:15,7493380
2025-12-07 18:30,7493393
2025-12-07 18:45,7493393
2025-12-07 19:00,7493530
2025-12-07 19:15,7493653
2025-12-07 19:30,7493756
2025-12-07 19:45,7493840
2025-12-07 20:00,7493840
2025-12-07 20:15,7493840
2025-12-07 20:30,7493840
2025-12-07 20:45,7493910
2025-12-07 21:00,7493910
2025-12-07 21:15,7493910
2025-12-07 21:30,7493946
2025-12-07 21:45,7493946
2025-12-07 22:00,7493946
2025-12-07 22:15,7493960
2025-12-07 22:30,7494040
2025-12-07 22:45,7494040
2025-12-07 23:00,7494040
2025-12-07 23:15,7494040
2025-12-07 23:30,7494076
2025-12-07 23:45,7494076
2025-12-08 00:00,7494076
2025-12-08 00:15,7494076
2025-12-08 00:30,7494076
2025-12-08 00:45,7494076
2025-12-08 01:00,7494140
2025-12-08 01:15,7494183
2025-12-08 01:30,7494183
2025-12-08 01:45,7494183
2025-12-08 02:00,7494223
2025-12-08 02:15,7494223
2025-12-08 02:30,7494223
2025-12-08 02:45,7494223
2025-12-08 03:00,7494223
2025-12-08 03:15,7494223
2025-12-08 03:30,7494223
2025-12-08 03:45,7494223
2025-12-08 04:00,7494260
2025-12-08 04:15,7494260
2025-12-08 04:30,7494260
2025-12-08 04:45,7494260
2025-12-08 05:00,7494260
2025-12-08 05:15,7494260
2025-12-08 05:30,7494260
2025-12-08 05:45,7494260
2025-12-08 06:00,7494260
2025-12-08 06:15,7494260
2025-12-08 06:30,7494300
2025-12-08 06:45,7494300
2025-12-08 07:00,7494300
2025-12-08 07:15,7494300
2025-12-08 07:30,7494300
2025-12-08 07:45,7494316
2025-12-08 08:00,7494380
2025-12-08 08:15,7494380
2025-12-08 08:30,7494390
2025-12-08 08:45,7494390
2025-12-08 09:00,7494763
2025-12-08 09:15,7495176
2025-12-08 09:30,7495226
2025-12-08 09:45,7495226
2025-12-08 10:00,7495226
2025-12-08 10:15,7495226
2025-12-08 10:30,7495226
2025-12-08 10:45,7495226
2025-12-08 11:00,7495226
2025-12-08 11:15,7495266
2025-12-08 11:30,7495456
2025-12-08 11:45,7495493
2025-12-08 12:00,7495493
2025-12-08 12:15,7495523
2025-12-08 12:30,7495523
2025-12-08 12:45,7495523
2025-12-08 13:00,7495523
2025-12-08 13:15,7495523
2025-12-08 13:30,7495556
2025-12-08 13:45,7495556
2025-12-08 14:00,7495556
2025-12-08 14:15,7495593
2025-12-08 14:30,7495603
2025-12-08 14:45,7495696
2025-12-08 15:00,7496540
2025-12-08 15:15,7496573
2025-12-08 15:30,7496693
2025-12-08 15:45,7496830
2025-12-08 16:00,7496966
2025-12-08 16:15,7497153
2025-12-08 16:30,7497153
2025-12-08 16:45,7497346
2025-12-08 17:00,7497346
2025-12-08 17:15,7497346
2025-12-08 17:30,7497346
2025-12-08 17:45,7497383
2025-12-08 18:00,7497383
2025-12-08 18:15,7497416
2025-12-08 18:30,7497416
2025-12-08 18:45,7497416
2025-12-08 19:00,7497416
2025-12-08 19:15,7497420
2025-12-08 19:30,7497420
2025-12-08 19:45,7497456
2025-12-08 20:00,7497456
2025-12-08 20:15,7497456
2025-12-08 20:30,7497456
2025-12-08 20:45,7497490
2025-12-08 21:00,7497490
2025-12-08 21:15,7497490
2025-12-08 21:30,7497490
2025-12-08 21:45,7497510
2025-12-08 22:00,7497510
2025-12-08 22:15,7497510
2025-12-08 22:30,7497513
2025-12-08 22:45,7497573
2025-12-08 23:00,7497623
2025-12-08 23:15,7497623
2025-12-08 23:30,7497623
2025-12-08 23:45,7497676
2025-12-09 00:00,7497700
2025-12-09 00:15,7497756
2025-12-09 00:30,7497756
2025-12-09 00:45,7497756
2025-12-09 01:00,7497840
2025-12-09 01:15,7497840
2025-12-09 01:30,7497840
2025-12-09 01:45,7497840
2025-12-09 02:00,7497876
2025-12-09 02:15,7497876
2025-12-09 02:30,7497876
2025-12-09 02:45,7497876
2025-12-09 03:00,7497876
2025-12-09 03:15,7497876
2025-12-09 03:30,7497876
2025-12-09 03:45,7497876
2025-12-09 04:00,7497876
2025-12-09 04:15,7497876
2025-12-09 04:30,7497913
2025-12-09 04:45,7497913
2025-12-09 05:00,7497956
2025-12-09 05:15,7497993
2025-12-09 05:30,7497993
2025-12-09 05:45,7497993
2025-12-09 06:00,7497993
2025-12-09 06:15,7497993
2025-12-09 06:30,7497993
2025-12-09 06:45,7497993
2025-12-09 07:00,7497993
2025-12-09 07:15,7497993
2025-12-09 07:30,7497993
2025-12-09 07:45,7497993
2025-12-09 08:00,7497993
2025-12-09 08:15,7497993
2025-12-09 08:30,7497993
2025-12-09 08:45,7497993
2025-12-09 09:00,7497993
2025-12-09 09:15,7497993
2025-12-09 09:30,7498046
2025-12-09 09:45,7498503
2025-12-09 10:00,7498503
2025-12-09 10:15,7498533
2025-12-09 10:30,7498533
2025-12-09 10:45,7498533
2025-12-09 11:00,7498543
2025-12-09 11:15,7498543
2025-12-09 11:30,7498543
2025-12-09 11:45,7498543
2025-12-09 12:00,7498633
2025-12-09 12:15,7498653
2025-12-09 12:30,7498803
2025-12-09 12:45,7498836
2025-12-09 13:00,7498840
2025-12-09 13:15,7498840
2025-12-09 13:30,7498853
2025-12-09 13:45,7498886
2025-12-09 14:00,7499066
2025-12-09 14:15,7499320
2025-12-09 14:30,7499320
2025-12-09 14:45,7499320
2025-12-09 15:00,7499320
2025-12-09 15:15,7499320
2025-12-09 15:30,7499320
2025-12-09 15:45,7499320
2025-12-09 16:00,7499320
2025-12-09 16:15,7499320
2025-12-09 16:30,7499320
2025-12-09 16:45,7499320
2025-12-09 17:00,7499363
2025-12-09 17:15,7499363
2025-12-09 17:30,7499363
2025-12-09 17:45,7499363
2025-12-09 18:00,7499363
2025-12-09 18:15,7499400
2025-12-09 18:30,7499400
2025-12-09 18:45,7499400
2025-12-09 19:00,7499400
2025-12-09 19:15,7499400
2025-12-09 19:30,7499400
2025-12-09 19:45,7499400
2025-12-09 20:00,7499400
2025-12-09 20:15,7499406
2025-12-09 20:30,7499406
2025-12-09 20:45,7499406
2025-12-09 21:00,7499443
2025-12-09 21:15,7499443
2025-12-09 21:30,7499443
2025-12-09 21:45,7499443
2025-12-09 22:00,7499443
2025-12-09 22:15,7499556
2025-12-09 22:30,7499563
2025-12-09 22:45,7499563
2025-12-09 23:00,7499563
2025-12-09 23:15,7499620
2025-12-09 23:30,7499633
2025-12-09 23:45,7499670
2025-12-10 00:00,7499683
2025-12-10 00:15,7499683
2025-12-10 00:30,7499726
2025-12-10 00:45,7499736
2025-12-10 01:00,7499736
2025-12-10 01:15,7499736
2025-12-10 01:30,7499736
2025-12-10 01:45,7499736
2025-12-10 02:00,7499736
2025-12-10 02:15,7499736
2025-12-10 02:30,7499736
2025-12-10 02:45,7499736
2025-12-10 03:00,7499736
2025-12-10 03:15,7499773
2025-12-10 03:30,7499773
2025-12-10 03:45,7499773
2025-12-10 04:00,7499813
2025-12-10 04:15,7499813
2025-12-10 04:30,7499813
2025-12-10 04:45,7499813
2025-12-10 05:00,7499850
2025-12-10 05:15,7499850
2025-12-10 05:30,7499850
2025-12-10 05:45,7499853
2025-12-10 06:00,7499890
2025-12-10 06:15,7499890
2025-12-10 06:30,7499890
2025-12-10 06:45,7499890
2025-12-10 07:00,7499890
2025-12-10 07:15,7499890
2025-12-10 07:30,7499890
2025-12-10 07:45,7499890
2025-12-10 08:00,7499930
2025-12-10 08:15,7500043
2025-12-10 08:30,7500043
2025-12-10 08:45,7500080
2025-12-10 09:00,7500080
2025-12-10 09:15,7500620
2025-12-10 09:30,7500666
2025-12-10 09:45,7500666
2025-12-10 10:00,7500666
2025-12-10 10:15,7500666
2025-12-10 10:30,7500666
2025-12-10 10:45,7500703
2025-12-10 11:00,7500703
2025-12-10 11:15,7500703
2025-12-10 11:30,7500883
2025-12-10 11:45,7500923
2025-12-10 12:00,7500963
2025-12-10 12:15,7501020
2025-12-10 12:30,7501050
2025-12-10 12:45,7501060
2025-12-10 13:00,7501090
2025-12-10 13:15,7501220
2025-12-10 13:30,7501546
2025-12-10 13:45,7501726
2025-12-10 14:00,7501763
2025-12-10 14:15,7501790
2025-12-10 14:30,7501853
2025-12-10 14:45,7502006
2025-12-10 15:00,7502040
2025-12-10 15:15,7502096
2025-12-10 15:30,7502300
2025-12-10 15:45,7502550
2025-12-10 16:00,7502570
2025-12-10 16:15,7502570
2025-12-10 16:30,7502656
2025-12-10 16:45,7502723
2025-12-10 17:00,7502776
2025-12-10 17:15,7502793
2025-12-10 17:30,7502826
2025-12-10 17:45,7502826
2025-12-10 18:00,7502826
2025-12-10 18:15,7502976
2025-12-10 18:30,7503006
2025-12-10 18:45,7503023
2025-12-10 19:00,7503026
2025-12-10 19:15,7503040
2025-12-10 19:30,7503983
2025-12-10 19:45,7504133
2025-12-10 20:00,7504200
2025-12-10 20:15,7504210
2025-12-10 20:30,7504240
2025-12-10 20:45,7504240
2025-12-10 21:00,7504240
2025-12-10 21:15,7504240
2025-12-10 21:30,7504276
2025-12-10 21:45,7504310
2025-12-10 22:00,7504373
2025-12-10 22:15,7504433
2025-12-10 22:30,7504433
2025-12-10 22:45,7504436
2025-12-10 23:00,7505216
2025-12-10 23:15,7506566
2025-12-10 23:30,7506600
2025-12-10 23:45,7506600
2025-12-11 00:00,7506606
2025-12-11 00:15,7506646
2025-12-11 00:30,7506706
2025-12-11 00:45,7506706
2025-12-11 01:00,7506706
2025-12-11 01:15,7506706
2025-12-11 01:30,7506706
2025-12-11 01:45,7506743
2025-12-11 02:00,7506743
2025-12-11 02:15,7506743
2025-12-11 02:30,7506783
2025-12-11 02:45,7506783
2025-12-11 03:00,7506823
2025-12-11 03:15,7506823
2025-12-11 03:30,7506823
2025-12-11 03:45,7506823
2025-12-11 04:00,7506823
2025-12-11 04:15,7506823
2025-12-11 04:30,7506823
2025-12-11 04:45,7506823
2025-12-11 05:00,7506823
2025-12-11 05:15,7506823
2025-12-11 05:30,7506823
2025-12-11 05:45,7506860
2025-12-11 06:00,7506860
2025-12-11 06:15,7506860
2025-12-11 06:30,7506860
2025-12-11 06:45,7506860
2025-12-11 07:00,7506896
2025-12-11 07:15,7506896
2025-12-11 07:30,7506896
2025-12-11 07:45,7506896
2025-12-11 08:00,7506896
2025-12-11 08:15,7506986
2025-12-11 08:30,7507003
2025-12-11 08:45,7507020
2025-12-11 09:00,7507083
2025-12-11 09:15,7507723
2025-12-11 09:30,7507766
2025-12-11 09:45,7507766
2025-12-11 10:00,7507766
2025-12-11 10:15,7507766
2025-12-11 10:30,7507966
2025-12-11 10:45,7507970
2025-12-11 11:00,7507996
2025-12-11 11:15,7508003
2025-12-11 11:30,7508063
2025-12-11 11:45,7508093
2025-12-11 12:00,7508106
2025-12-11 12:15,7508106
2025-12-11 12:30,7508106
2025-12-11 12:45,7508170
2025-12-11 13:00,7508170
2025-12-11 13:15,7508253
2025-12-11 13:30,7508293
2025-12-11 13:45,7508293
2025-12-11 14:00,7508293
2025-12-11 14:15,7508293
2025-12-11 14:30,7508310
2025-12-11 14:45,7508333
2025-12-11 15:00,7508333
2025-12-11 15:15,7508333
2025-12-11 15:30,7508333
2025-12-11 15:45,7508333
2025-12-11 16:00,7508373
2025-12-11 16:15,7508373
2025-12-11 16:30,7508383
2025-12-11 16:45,7508383
2025-12-11 17:00,7508383
2025-12-11 17:15,7508486
2025-12-11 17:30,7508486
2025-12-11 17:45,7508490
2025-12-11 18:00,7508570
2025-12-11 18:15,7508793
2025-12-11 18:30,7508833
2025-12-11 18:45,7508833
2025-12-11 19:00,7508836
2025-12-11 19:15,7508843
2025-12-11 19:30,7508916
2025-12-11 19:45,7508936
2025-12-11 20:00,7509326
2025-12-11 20:15,7509516
2025-12-11 20:30,7509550
2025-12-11 20:45,7509556
2025-12-11 21:00,7509960
2025-12-11 21:15,7509966
2025-12-11 21:30,7510013
2025-12-11 21:45,7511233
2025-12-11 22:00,7512210
2025-12-11 22:15,7512210
2025-12-11 22:30,7512210
2025-12-11 22:45,7512253
2025-12-11 23:00,7512260
2025-12-11 23:15,7512260
2025-12-11 23:30,7512260
2025-12-11 23:45,7512273
2025-12-12 00:00,7512313
2025-12-12 00:15,7512313
2025-12-12 00:30,7512313
2025-12-12 00:45,7512313
2025-12-12 01:00,7512313
2025-12-12 01:15,7512313
2025-12-12 01:30,7512313
2025-12-12 01:45,7512313
2025-12-12 02:00,7512313
2025-12-12 02:15,7512313
2025-12-12 02:30,7512313
2025-12-12 02:45,7512313
2025-12-12 03:00,7512313
2025-12-12 03:15,7512313
2025-12-12 03:30,7512313
2025-12-12 03:45,7512316
2025-12-12 04:00,7512350
2025-12-12 04:15,7512350
2025-12-12 04:30,7512350
2025-12-12 04:45,7512350
2025-12-12 05:00,7512350
2025-12-12 05:15,7512390
2025-12-12 05:30,7512426
2025-12-12 05:45,7512426
2025-12-12 06:00,7512426
2025-12-12 06:15,7512466
2025-12-12 06:30,7512466
2025-12-12 06:45,7512466
2025-12-12 07:00,7512466
2025-12-12 07:15,7512466
2025-12-12 07:30,7512586
2025-12-12 07:45,7512666
2025-12-12 08:00,7512676
2025-12-12 08:15,7513156
2025-12-12 08:30,7513173
2025-12-12 08:45,7513176
2025-12-12 09:00,7513176
2025-12-12 09:15,7513176
2025-12-12 09:30,7513226
2025-12-12 09:45,7513226
2025-12-12 10:00,7513226
2025-12-12 10:15,7513313
2025-12-12 10:30,7515040
2025-12-12 10:45,7515040
2025-12-12 11:00,7515040
2025-12-12 11:15,7515040
2025-12-12 11:30,7515040
2025-12-12 11:45,7515040
2025-12-12 12:00,7515050
2025-12-12 12:15,7515050
2025-12-12 12:30,7515050
2025-12-12 12:45,7515050
2025-12-12 13:00,7515050
2025-12-12 13:15,7515050
2025-12-12 13:30,7515050
2025-12-12 13:45,7515050
2025-12-12 14:00,7515106
2025-12-12 14:15,7515106
2025-12-12 14:30,7515106
2025-12-12 14:45,7515106
2025-12-12 15:00,7515120
2025-12-12 15:15,7515120
2025-12-12 15:30,7515120
2025-12-12 15:45,7515120
2025-12-12 16:00,7515120
2025-12-12 16:15,7515143
2025-12-12 16:30,7515210
2025-12-12 16:45,7515233
2025-12-12 17:00,7515233
2025-12-12 17:15,7515233
2025-12-12 17:30,7515266
2025-12-12 17:45,7515266
2025-12-12 18:00,7515266
2025-12-12 18:15,7515266
2025-12-12 18:30,7515313
2025-12-12 18:45,7515313
2025-12-12 19:00,7515313
2025-12-12 19:15,7515420
2025-12-12 19:30,7515420
2025-12-12 19:45,7515420
2025-12-12 20:00,7515420
2025-12-12 20:15,7515420
2025-12-12 20:30,7515420
2025-12-12 20:45,7515420
2025-12-12 21:00,7515420
2025-12-12 21:15,7515420
2025-12-12 21:30,7515420
2025-12-12 21:45,7515420
2025-12-12 22:00,7515420
2025-12-12 22:15,7515420
2025-12-12 22:30,7515476
2025-12-12 22:45,7515530
2025-12-12 23:00,7515530
2025-12-12 23:15,7515530
2025-12-12 23:30,7515603
2025-12-12 23:45,7515610
2025-12-13 00:00,7515613
2025-12-13 00:15,7515613
2025-12-13 00:30,7515666
2025-12-13 00:45,7515666
2025-12-13 01:00,7515666
2025-12-13 01:15,7515666
2025-12-13 01:30,7515666
2025-12-13 01:45,7515666
2025-12-13 02:00,7515666
2025-12-13 02:15,7515666
2025-12-13 02:30,7515666
2025-12-13 02:45,7515666
2025-12-13 03:00,7515666
2025-12-13 03:15,7515666
2025-12-13 03:30,7515700
2025-12-13 03:45,7515700
2025-12-13 04:00,7515700
2025-12-13 04:15,7515700
2025-12-13 04:30,7515700
2025-12-13 04:45,7515700
2025-12-13 05:00,7515703
2025-12-13 05:15,7515770
2025-12-13 05:30,7515770
2025-12-13 05:45,7515770
2025-12-13 06:00,7515770
2025-12-13 06:15,7515770
2025-12-13 06:30,7515770
2025-12-13 06:45,7515770
2025-12-13 07:00,7515770
2025-12-13 07:15,7515770
2025-12-13 07:30,7515770
2025-12-13 07:45,7515770
2025-12-13 08:00,7515770
2025-12-13 08:15,7515770
2025-12-13 08:30,7515770
2025-12-13 08:45,7515770
2025-12-13 09:00,7516173
2025-12-13 09:15,7516193
2025-12-13 09:30,7516236
2025-12-13 09:45,7516236
2025-12-13 10:00,7516286
2025-12-13 10:15,7516340
2025-12-13 10:30,7516383
2025-12-13 10:45,7516383
2025-12-13 11:00,7516383
2025-12-13 11:15,7516383
2025-12-13 11:30,7516440
2025-12-13 11:45,7516500
2025-12-13 12:00,7516500
2025-12-13 12:15,7516533
2025-12-13 12:30,7516653
2025-12-13 12:45,7516653
2025-12-13 13:00,7516653
2025-12-13 13:15,7516653
2025-12-13 13:30,7516653
2025-12-13 13:45,7516653
2025-12-13 14:00,7516653
2025-12-13 14:15,7516686
2025-12-13 14:30,7516686
2025-12-13 14:45,7516686
2025-12-13 15:00,7516686
2025-12-13 15:15,7516686
2025-12-13 15:30,7516686
2025-12-13 15:45,7516773
2025-12-13 16:00,7516773
2025-12-13 16:15,7516773
2025-12-13 16:30,7516773
2025-12-13 16:45,7516846
2025-12-13 17:00,7516846
2025-12-13 17:15,7516846
2025-12-13 17:30,7516846
2025-12-13 17:45,7516846
2025-12-13 18:00,7516846
2025-12-13 18:15,7516890
2025-12-13 18:30,7516890
2025-12-13 18:45,7516890
2025-12-13 19:00,7516923
2025-12-13 19:15,7516923
2025-12-13 19:30,7516923
2025-12-13 19:45,7516923
2025-12-13 20:00,7516923
2025-12-13 20:15,7516946
2025-12-13 20:30,7516956
2025-12-13 20:45,7516956
2025-12-13 21:00,7516956
2025-12-13 21:15,7516993
2025-12-13 21:30,7516993
2025-12-13 21:45,7517003
2025-12-13 22:00,7517003
2025-12-13 22:15,7517003
2025-12-13 22:30,7517003
2025-12-13 22:45,7517003
2025-12-13 23:00,7517003
2025-12-13 23:15,7517003
2025-12-13 23:30,7517003
2025-12-13 23:45,7517043
2025-12-14 00:00,7517043
2025-12-14 00:15,7517043
2025-12-14 00:30,7517043
2025-12-14 00:45,7517093
2025-12-14 01:00,7517093
2025-12-14 01:15,7517093
2025-12-14 01:30,7517093
2025-12-14 01:45,7517093
2025-12-14 02:00,7517093
2025-12-14 02:15,7517093
2025-12-14 02:30,7517093
2025-12-14 02:45,7517093
2025-12-14 03:00,7517093
2025-12-14 03:15,7517093
2025-12-14 03:30,7517093
2025-12-14 03:45,7517093
2025-12-14 04:00,7517096
2025-12-14 04:15,7517133
2025-12-14 04:30,7517133
2025-12-14 04:45,7517133
2025-12-14 05:00,7517133
2025-12-14 05:15,7517133
2025-12-14 05:30,7517133
2025-12-14 05:45,7517133
2025-12-14 06:00,7517133
2025-12-14 06:15,7517133
2025-12-14 06:30,7517133
2025-12-14 06:45,7517133
2025-12-14 07:00,7517133
2025-12-14 07:15,7517133
2025-12-14 07:30,7517170
2025-12-14 07:45,7517170
2025-12-14 08:00,7517170
2025-12-14 08:15,7517170
2025-12-14 08:30,7517170
2025-12-14 08:45,7517170
2025-12-14 09:00,7517170
2025-12-14 09:15,7517170
2025-12-14 09:30,7517930
2025-12-14 09:45,7517936
2025-12-14 10:00,7517940
2025-12-14 10:15,7517943
2025-12-14 10:30,7517943
2025-12-14 10:45,7517943
2025-12-14 11:00,7517983
2025-12-14 11:15,7517983
2025-12-14 11:30,7517983
2025-12-14 11:45,7517983
2025-12-14 12:00,7517983
2025-12-14 12:15,7517983
2025-12-14 12:30,7517983
2025-12-14 12:45,7517983
2025-12-14 13:00,7517983
2025-12-14 13:15,7518020
2025-12-14 13:30,7518020
2025-12-14 13:45,7518056
2025-12-14 14:00,7518056
2025-12-14 14:15,7518056
2025-12-14 14:30,7518056
2025-12-14 14:45,7518056
2025-12-14 15:00,7518063
2025-12-14 15:15,7518103
2025-12-14 15:30,7518103
2025-12-14 15:45,7518143
2025-12-14 16:00,7518150
2025-12-14 16:15,7518150
2025-12-14 16:30,7518150
2025-12-14 16:45,7518150
2025-12-14 17:00,7518273
2025-12-14 17:15,7518273
2025-12-14 17:30,7518273
2025-12-14 17:45,7518390
2025-12-14 18:00,7518436
2025-12-14 18:15,7518436
2025-12-14 18:30,7518470
2025-12-14 18:45,7518646
2025-12-14 19:00,7518646
2025-12-14 19:15,7518646
2025-12-14 19:30,7518730
2025-12-14 19:45,7518740
2025-12-14 20:00,7518743
2025-12-14 20:15,7518743
2025-12-14 20:30,7518780
2025-12-14 20:45,7518780
2025-12-14 21:00,7518863
2025-12-14 21:15,7518900
2025-12-14 21:30,7518900
2025-12-14 21:45,7518906
2025-12-14 22:00,7518906
2025-12-14 22:15,7519010
2025-12-14 22:30,7519016
2025-12-14 22:45,7519076
2025-12-14 23:00,7519076
2025-12-14 23:15,7519076
2025-12-14 23:30,7519113
2025-12-14 23:45,7519113
2025-12-15 00:00,7519113
2025-12-15 00:15,7519113
2025-12-15 00:30,7519113
2025-12-15 00:45,7519146
2025-12-15 01:00,7519146
2025-12-15 01:15,7519146
2025-12-15 01:30,7519183
2025-12-15 01:45,7519223
2025-12-15 02:00,7519223
2025-12-15 02:15,7519223
2025-12-15 02:30,7519223
2025-12-15 02:45,7519223
2025-12-15 03:00,7519223
2025-12-15 03:15,7519223
2025-12-15 03:30,7519223
2025-12-15 03:45,7519223
2025-12-15 04:00,7519223
2025-12-15 04:15,7519260
2025-12-15 04:30,7519260
2025-12-15 04:45,7519260
2025-12-15 05:00,7519260
2025-12-15 05:15,7519260
2025-12-15 05:30,7519260
2025-12-15 05:45,7519260
2025-12-15 06:00,7519260
2025-12-15 06:15,7519260
2025-12-15 06:30,7519260
2025-12-15 06:45,7519260
2025-12-15 07:00,7519260
2025-12-15 07:15,7519296
2025-12-15 07:30,7519296
2025-12-15 07:45,7519296
2025-12-15 08:00,7519296
2025-12-15 08:15,7519333
2025-12-15 08:30,7519333
2025-12-15 08:45,7519333
2025-12-15 09:00,7519793
2025-12-15 09:15,7520266
2025-12-15 09:30,7520266
2025-12-15 09:45,7520306
2025-12-15 10:00,7520306
2025-12-15 10:15,7520306
2025-12-15 10:30,7520310
2025-12-15 10:45,7520310
2025-12-15 11:00,7520310
2025-12-15 11:15,7520346
2025-12-15 11:30,7520346
2025-12-15 11:45,7520346
2025-12-15 12:00,7520346
2025-12-15 12:15,7520346
2025-12-15 12:30,7520346
2025-12-15 12:45,7520346
2025-12-15 13:00,7520440
2025-12-15 13:15,7520440
2025-12-15 13:30,7520440
2025-12-15 13:45,7520440
2025-12-15 14:00,7520476
2025-12-15 14:15,7520476
2025-12-15 14:30,7520476
2025-12-15 14:45,7520476
2025-12-15 15:00,7520486
2025-12-15 15:15,7520490
2025-12-15 15:30,7520523
2025-12-15 15:45,7521506
2025-12-15 16:00,7521506
2025-12-15 16:15,7521506
2025-12-15 16:30,7521506
2025-12-15 16:45,7521506
2025-12-15 17:00,7521506
2025-12-15 17:15,7521543
2025-12-15 17:30,7521543
2025-12-15 17:45,7521553
2025-12-15 18:00,7521553
2025-12-15 18:15,7521590
2025-12-15 18:30,7521590
2025-12-15 18:45,7521590
2025-12-15 19:00,7521650
2025-12-15 19:15,7521650
2025-12-15 19:30,7521693
2025-12-15 19:45,7521726
2025-12-15 20:00,7521726
2025-12-15 20:15,7521730
2025-12-15 20:30,7521730
2025-12-15 20:45,7521766
2025-12-15 21:00,7521766
2025-12-15 21:15,7521766
2025-12-15 21:30,7521766
2025-12-15 21:45,7521773
2025-12-15 22:00,7521840
2025-12-15 22:15,7521840
2025-12-15 22:30,7521926
2025-12-15 22:45,7521926
2025-12-15 23:00,7521926
2025-12-15 23:15,7522983
2025-12-15 23:30,7523650
2025-12-15 23:45,7523660
2025-12-16 00:00,7523660
2025-12-16 00:15,7523666
2025-12-16 00:30,7523720
2025-12-16 00:45,7523720
2025-12-16 01:00,7523720
2025-12-16 01:15,7523720
2025-12-16 01:30,7523720
2025-12-16 01:45,7523720
2025-12-16 02:00,7523756
2025-12-16 02:15,7523756
2025-12-16 02:30,7523756
2025-12-16 02:45,7523756
2025-12-16 03:00,7523793
2025-12-16 03:15,7523793
2025-12-16 03:30,7523793
2025-12-16 03:45,7523793
2025-12-16 04:00,7523793
2025-12-16 04:15,7523830
2025-12-16 04:30,7523866
2025-12-16 04:45,7523866
2025-12-16 05:00,7523866
2025-12-16 05:15,7523866
2025-12-16 05:30,7523866
2025-12-16 05:45,7523866
2025-12-16 06:00,7523866
2025-12-16 06:15,7523866
2025-12-16 06:30,7523866
2025-12-16 06:45,7523900
2025-12-16 07:00,7523900
2025-12-16 07:15,7523900
2025-12-16 07:30,7523900
2025-12-16 07:45,7523900
2025-12-16 08:00,7523980
2025-12-16 08:15,7523980
2025-12-16 08:30,7523983
2025-12-16 08:45,7523983
2025-12-16 09:00,7524783
2025-12-16 09:15,7524786
2025-12-16 09:30,7524830
2025-12-16 09:45,7524830
2025-12-16 10:00,7524830
2025-12-16 10:15,7524833
2025-12-16 10:30,7524833
2025-12-16 10:45,7524833
2025-12-16 11:00,7524833
2025-12-16 11:15,7524960
2025-12-16 11:30,7525020
2025-12-16 11:45,7525020
2025-12-16 12:00,7525053
2025-12-16 12:15,7525053
2025-12-16 12:30,7525053
2025-12-16 12:45,7525053
2025-12-16 13:00,7525140
2025-12-16 13:15,7525140
2025-12-16 13:30,7525146
2025-12-16 13:45,7525146
2025-12-16 14:00,7525146
2025-12-16 14:15,7525146
2025-12-16 14:30,7525146
2025-12-16 14:45,7525146
2025-12-16 15:00,7525206
2025-12-16 15:15,7525206
2025-12-16 15:30,7525206
2025-12-16 15:45,7525206
2025-12-16 16:00,7525213
2025-12-16 16:15,7525293
2025-12-16 16:30,7525293
2025-12-16 16:45,7525293
2025-12-16 17:00,7525293
2025-12-16 17:15,7525303
2025-12-16 17:30,7525356
2025-12-16 17:45,7525373
2025-12-16 18:00,7525373
2025-12-16 18:15,7525460
2025-12-16 18:30,7525460
2025-12-16 18:45,7525460
2025-12-16 19:00,7525516
2025-12-16 19:15,7525523
2025-12-16 19:30,7525550
2025-12-16 19:45,7525590
2025-12-16 20:00,7525596
2025-12-16 20:15,7525596
2025-12-16 20:30,7525596
2025-12-16 20:45,7525596
2025-12-16 21:00,7525630
2025-12-16 21:15,7525633
2025-12-16 21:30,7525633
2025-12-16 21:45,7525650
2025-12-16 22:00,7525653
2025-12-16 22:15,7525653
2025-12-16 22:30,7525713
2025-12-16 22:45,7525763
2025-12-16 23:00,7525850
2025-12-16 23:15,7525953
2025-12-16 23:30,7525953
2025-12-16 23:45,7525953
2025-12-17 00:00,7525953
2025-12-17 00:15,7525953
2025-12-17 00:30,7525953
2025-12-17 00:45,7525953
2025-12-17 01:00,7525956
2025-12-17 01:15,7525956
2025-12-17 01:30,7525956
2025-12-17 01:45,7525993
2025-12-17 02:00,7525993
2025-12-17 02:15,7526033
2025-12-17 02:30,7526033
2025-12-17 02:45,7526033
2025-12-17 03:00,7526033
2025-12-17 03:15,7526033
2025-12-17 03:30,7526033
2025-12-17 03:45,7526070
2025-12-17 04:00,7526070
2025-12-17 04:15,7526070
2025-12-17 04:30,7526070
2025-12-17 04:45,7526070
2025-12-17 05:00,7526070
2025-12-17 05:15,7526103
2025-12-17 05:30,7526103
2025-12-17 05:45,7526103
2025-12-17 06:00,7526103
2025-12-17 06:15,7526103
2025-12-17 06:30,7526103
2025-12-17 06:45,7526163
2025-12-17 07:00,7526163
2025-12-17 07:15,7526163
2025-12-17 07:30,7526190
2025-12-17 07:45,7526190
2025-12-17 08:00,7526770
2025-12-17 08:15,7527346
2025-12-17 08:30,7527353
2025-12-17 08:45,7527353
2025-12-17 09:00,7527353
2025-12-17 09:15,7527353
2025-12-17 09:30,7527446
2025-12-17 09:45,7527446
2025-12-17 10:00,7527446
2025-12-17 10:15,7527536
2025-12-17 10:30,7527680
2025-12-17 10:45,7527683
2025-12-17 11:00,7527703
2025-12-17 11:15,7527780
2025-12-17 11:30,7527810
2025-12-17 11:45,7527836
2025-12-17 12:00,7527880
2025-12-17 12:15,7527886
2025-12-17 12:30,7527886
2025-12-17 12:45,7527886
2025-12-17 13:00,7527950
2025-12-17 13:15,7528006
2025-12-17 13:30,7528010
2025-12-17 13:45,7528023
2025-12-17 14:00,7528030
2025-12-17 14:15,7528030
2025-12-17 14:30,7528030
2025-12-17 14:45,7528033
2025-12-17 15:00,7528033
2025-12-17 15:15,7528103
2025-12-17 15:30,7528120
2025-12-17 15:45,7528136
2025-12-17 16:00,7528136
2025-12-17 16:15,7528143
2025-12-17 16:30,7528143
2025-12-17 16:45,7528176
2025-12-17 17:00,7528176
2025-12-17 17:15,7528183
2025-12-17 17:30,7528346
2025-12-17 17:45,7528376
2025-12-17 18:00,7528420
2025-12-17 18:15,7528426
2025-12-17 18:30,7528466
2025-12-17 18:45,7528466
2025-12-17 19:00,7528533
2025-12-17 19:15,7528710
2025-12-17 19:30,7528710
2025-12-17 19:45,7528816
2025-12-17 20:00,7528816
2025-12-17 20:15,7528816
2025-12-17 20:30,7528816
2025-12-17 20:45,7528816
2025-12-17 21:00,7528816
2025-12-17 21:15,7528823
2025-12-17 21:30,7528823
2025-12-17 21:45,7528823
2025-12-17 22:00,7528823
2025-12-17 22:15,7528893
2025-12-17 22:30,7528903
2025-12-17 22:45,7528910
2025-12-17 23:00,7528946
2025-12-17 23:15,7528946
2025-12-17 23:30,7529016
2025-12-17 23:45,7529060
2025-12-18 00:00,7529086
2025-12-18 00:15,7529086
2025-12-18 00:30,7529120
2025-12-18 00:45,7529130
2025-12-18 01:00,7529133
2025-12-18 01:15,7529220
2025-12-18 01:30,7529220
2025-12-18 01:45,7529220
2025-12-18 02:00,7529220
2025-12-18 02:15,7529220
2025-12-18 02:30,7529220
2025-12-18 02:45,7529220
2025-12-18 03:00,7529256
2025-12-18 03:15,7529296
2025-12-18 03:30,7529296
2025-12-18 03:45,7529296
2025-12-18 04:00,7529296
2025-12-18 04:15,7529296
2025-12-18 04:30,7529296
2025-12-18 04:45,7529296
2025-12-18 05:00,7529296
2025-12-18 05:15,7529296
2025-12-18 05:30,7529296
2025-12-18 05:45,7529296
2025-12-18 06:00,7529296
2025-12-18 06:15,7529296
2025-12-18 06:30,7529296
2025-12-18 06:45,7529296
2025-12-18 07:00,7529310
2025-12-18 07:15,7529350
2025-12-18 07:30,7529350
2025-12-18 07:45,7529410
2025-12-18 08:00,7530083
2025-12-18 08:15,7530413
2025-12-18 08:30,7530456
2025-12-18 08:45,7530456
2025-12-18 09:00,7530530
2025-12-18 09:15,7531296
2025-12-18 09:30,7531383
2025-12-18 09:45,7531383
2025-12-18 10:00,7531383
2025-12-18 10:15,7531453
2025-12-18 10:30,7531453
2025-12-18 10:45,7531453
2025-12-18 11:00,7531573
2025-12-18 11:15,7531650
2025-12-18 11:30,7531890
2025-12-18 11:45,7531933
2025-12-18 12:00,7532006
2025-12-18 12:15,7532013
2025-12-18 12:30,7532013
2025-12-18 12:45,7532013
2025-12-18 13:00,7532173
2025-12-18 13:15,7532380
2025-12-18 13:30,7532380
2025-12-18 13:45,7532453
2025-12-18 14:00,7532453
2025-12-18 14:15,7532453
2025-12-18 14:30,7532486
2025-12-18 14:45,7532516
2025-12-18 15:00,7532810
2025-12-18 15:15,7533016
2025-12-18 15:30,7533016
2025-12-18 15:45,7533200
2025-12-18 16:00,7533280
2025-12-18 16:15,7533330
2025-12-18 16:30,7533366
2025-12-18 16:45,7533460
2025-12-18 17:00,7533460
2025-12-18 17:15,7533470
2025-12-18 17:30,7533506
2025-12-18 17:45,7533516
2025-12-18 18:00,7533583
2025-12-18 18:15,7533583
2025-12-18 18:30,7533583
2025-12-18 18:45,7533706
2025-12-18 19:00,7534383
2025-12-18 19:15,7535946
2025-12-18 19:30,7536986
2025-12-18 19:45,7537116
2025-12-18 20:00,7537196
2025-12-18 20:15,7537196
2025-12-18 20:30,7537283
2025-12-18 20:45,7537286
2025-12-18 21:00,7537286
2025-12-18 21:15,7537316
2025-12-18 21:30,7537356
2025-12-18 21:45,7537360
2025-12-18 22:00,7537363
2025-12-18 22:15,7537363
2025-12-18 22:30,7537366
2025-12-18 22:45,7537416
2025-12-18 23:00,7537463
2025-12-18 23:15,7537500
2025-12-18 23:30,7538413
2025-12-18 23:45,7538413
2025-12-19 00:00,7538500
2025-12-19 00:15,7538533
2025-12-19 00:30,7538636
2025-12-19 00:45,7538666
2025-12-19 01:00,7538666
2025-12-19 01:15,7538666
2025-12-19 01:30,7538666
2025-12-19 01:45,7538666
2025-12-19 02:00,7538666
2025-12-19 02:15,7538666
2025-12-19 02:30,7538666
2025-12-19 02:45,7538666
2025-12-19 03:00,7538666
2025-12-19 03:15,7538666
2025-12-19 03:30,7538703
2025-12-19 03:45,7538703
2025-12-19 04:00,7538703
2025-12-19 04:15,7538703
2025-12-19 04:30,7538703
2025-12-19 04:45,7538703
2025-12-19 05:00,7538703
2025-12-19 05:15,7538703
2025-12-19 05:30,7538743
2025-12-19 05:45,7538743
2025-12-19 06:00,7538743
2025-12-19 06:15,7538743
2025-12-19 06:30,7538743
2025-12-19 06:45,7538780
2025-12-19 07:00,7538860
2025-12-19 07:15,7538860
2025-12-19 07:30,7538860
2025-12-19 07:45,7538860
2025-12-19 08:00,7538943
2025-12-19 08:15,7539620
2025-12-19 08:30,7539626
2025-12-19 08:45,7539633
2025-12-19 09:00,7539633
2025-12-19 09:15,7539633
2025-12-19 09:30,7539633
2025-12-19 09:45,7539633
2025-12-19 10:00,7539633
2025-12-19 10:15,7539633
2025-12-19 10:30,7539633
2025-12-19 10:45,7539670
2025-12-19 11:00,7539670
2025-12-19 11:15,7539670
2025-12-19 11:30,7539670
2025-12-19 11:45,7539773
2025-12-19 12:00,7539773
2025-12-19 12:15,7539773
2025-12-19 12:30,7539833
2025-12-19 12:45,7539853
2025-12-19 13:00,7539853
2025-12-19 13:15,7539856
2025-12-19 13:30,7539856
2025-12-19 13:45,7540553
2025-12-19 14:00,7540583
2025-12-19 14:15,7540800
2025-12-19 14:30,7541003
2025-12-19 14:45,7541043
2025-12-19 15:00,7541043
2025-12-19 15:15,7541043
2025-12-19 15:30,7541043
2025-12-19 15:45,7541043
2025-12-19 16:00,7541043
2025-12-19 16:15,7541043
2025-12-19 16:30,7541043
2025-12-19 16:45,7541043
2025-12-19 17:00,7541043
2025-12-19 17:15,7541043
2025-12-19 17:30,7541200
2025-12-19 17:45,7541203
2025-12-19 18:00,7541203
2025-12-19 18:15,7541203
2025-12-19 18:30,7541203
2025-12-19 18:45,7541203
2025-12-19 19:00,7541216
2025-12-19 19:15,7541250
2025-12-19 19:30,7541250
2025-12-19 19:45,7541250
2025-12-19 20:00,7541250
2025-12-19 20:15,7541250
2025-12-19 20:30,7541313
2025-12-19 20:45,7541346
2025-12-19 21:00,7541346
2025-12-19 21:15,7541346
2025-12-19 21:30,7541346
2025-12-19 21:45,7541346
2025-12-19 22:00,7541383
2025-12-19 22:15,7541420
2025-12-19 22:30,7541430
2025-12-19 22:45,7541430
2025-12-19 23:00,7541436
2025-12-19 23:15,7541576
2025-12-19 23:30,7541680
2025-12-19 23:45,7541680
2025-12-20 00:00,7541680
2025-12-20 00:15,7541680
2025-12-20 00:30,7541680
2025-12-20 00:45,7541680
2025-12-20 01:00,7541680
2025-12-20 01:15,7541680
2025-12-20 01:30,7541680
2025-12-20 01:45,7541680
2025-12-20 02:00,7541680
2025-12-20 02:15,7541680
2025-12-20 02:30,7541680
2025-12-20 02:45,7541680
2025-12-20 03:00,7541680
2025-12-20 03:15,7541716
2025-12-20 03:30,7541716
2025-12-20 03:45,7541716
2025-12-20 04:00,7541753
2025-12-20 04:15,7541753
2025-12-20 04:30,7541753
2025-12-20 04:45,7541753
2025-12-20 05:00,7541793
2025-12-20 05:15,7541793
2025-12-20 05:30,7541793
2025-12-20 05:45,7541793
2025-12-20 06:00,7541793
2025-12-20 06:15,7541876
2025-12-20 06:30,7541876
2025-12-20 06:45,7541876
2025-12-20 07:00,7541876
2025-12-20 07:15,7541876
2025-12-20 07:30,7541876
2025-12-20 07:45,7541876
2025-12-20 08:00,7541876
2025-12-20 08:15,7541876
2025-12-20 08:30,7541876
2025-12-20 08:45,7542260
2025-12-20 09:00,7542720
2025-12-20 09:15,7542800
2025-12-20 09:30,7542886
2025-12-20 09:45,7542896
2025-12-20 10:00,7542910
2025-12-20 10:15,7543033
2025-12-20 10:30,7543043
2025-12-20 10:45,7543046
2025-12-20 11:00,7543046
2025-12-20 11:15,7543086
2025-12-20 11:30,7543086
2025-12-20 11:45,7543086
2025-12-20 12:00,7543086
2025-12-20 12:15,7543086
2025-12-20 12:30,7543086
2025-12-20 12:45,7543086
2025-12-20 13:00,7543103
2025-12-20 13:15,7543250
2025-12-20 13:30,7543250
2025-12-20 13:45,7543263
2025-12-20 14:00,7543263
2025-12-20 14:15,7543263
2025-12-20 14:30,7543296
2025-12-20 14:45,7543296
2025-12-20 15:00,7543296
2025-12-20 15:15,7543296
2025-12-20 15:30,7543336
2025-12-20 15:45,7543340
2025-12-20 16:00,7543340
2025-12-20 16:15,7543340
2025-12-20 16:30,7543340
2025-12-20 16:45,7543340
2025-12-20 17:00,7543403
2025-12-20 17:15,7543500
2025-12-20 17:30,7543500
2025-12-20 17:45,7543500
2025-12-20 18:00,7543500
2025-12-20 18:15,7543560
2025-12-20 18:30,7543560
2025-12-20 18:45,7543560
2025-12-20 19:00,7543593
2025-12-20 19:15,7543593
2025-12-20 19:30,7543626
2025-12-20 19:45,7543626
2025-12-20 20:00,7543686
2025-12-20 20:15,7543686
2025-12-20 20:30,7543690
2025-12-20 20:45,7543700
2025-12-20 21:00,7543736
2025-12-20 21:15,7543736
2025-12-20 21:30,7543736
2025-12-20 21:45,7543736
2025-12-20 22:00,7543740
2025-12-20 22:15,7543793
2025-12-20 22:30,7543793
2025-12-20 22:45,7543856
2025-12-20 23:00,7543856
2025-12-20 23:15,7543856
2025-12-20 23:30,7543860
2025-12-20 23:45,7543860
2025-12-21 00:00,7543860
2025-12-21 00:15,7543923
2025-12-21 00:30,7543923
2025-12-21 00:45,7543923
2025-12-21 01:00,7543923
2025-12-21 01:15,7543923
2025-12-21 01:30,7543960
2025-12-21 01:45,7543960
2025-12-21 02:00,7544000
2025-12-21 02:15,7544000
2025-12-21 02:30,7544000
2025-12-21 02:45,7544000
2025-12-21 03:00,7544000
2025-12-21 03:15,7544000
2025-12-21 03:30,7544000
2025-12-21 03:45,7544000
2025-12-21 04:00,7544000
2025-12-21 04:15,7544000
2025-12-21 04:30,7544000
2025-12-21 04:45,7544000
2025-12-21 05:00,7544000
2025-12-21 05:15,7544036
2025-12-21 05:30,7544036
2025-12-21 05:45,7544036
2025-12-21 06:00,7544036
2025-12-21 06:15,7544036
2025-12-21 06:30,7544036
2025-12-21 06:45,7544036
2025-12-21 07:00,7544036
2025-12-21 07:15,7544036
2025-12-21 07:30,7544036
2025-12-21 07:45,7544036
2025-12-21 08:00,7544036
2025-12-21 08:15,7544036
2025-12-21 08:30,7544036
2025-12-21 08:45,7544076
2025-12-21 09:00,7544686
2025-12-21 09:15,7544760
2025-12-21 09:30,7544760
2025-12-21 09:45,7544763
2025-12-21 10:00,7544763
2025-12-21 10:15,7544930
2025-12-21 10:30,7544930
2025-12-21 10:45,0
2025-12-21 11:00,7545126
2025-12-21 11:15,7545220
2025-12-21 11:30,7545690
2025-12-21 11:45,7545696
2025-12-21 12:00,7545700
2025-12-21 12:15,7545710
2025-12-21 12:30,7545723
2025-12-21 12:45,7545803
2025-12-21 13:00,7545863
2025-12-21 13:15,7545903
2025-12-21 13:30,7545906
2025-12-21 13:45,7545906
2025-12-21 14:00,7545906
2025-12-21 14:15,7545993
2025-12-21 14:30,7546030
2025-12-21 14:45,7546030
2025-12-21 15:00,7546126
2025-12-21 15:15,7546126
2025-12-21 15:30,7546126
2025-12-21 15:45,7546126
2025-12-21 16:00,7546126
2025-12-21 16:15,7546243
2025-12-21 16:30,7546293
2025-12-21 16:45,7546293
2025-12-21 17:00,7546336
2025-12-21 17:15,7546336
2025-12-21 17:30,7546356
2025-12-21 17:45,7546356
2025-12-21 18:00,7546393
2025-12-21 18:15,7546436
2025-12-21 18:30,7546596
2025-12-21 18:45,7546716
2025-12-21 19:00,7546716
2025-12-21 19:15,7546716
2025-12-21 19:30,7546753
2025-12-21 19:45,7546756
2025-12-21 20:00,7546823
2025-12-21 20:15,7546856
2025-12-21 20:30,7546856
2025-12-21 20:45,7546856
2025-12-21 21:00,7546856
2025-12-21 21:15,7546916
2025-12-21 21:30,7548436
2025-12-21 21:45,7549536
2025-12-21 22:00,7549753
2025-12-21 22:15,7550066
2025-12-21 22:30,7550096
2025-12-21 22:45,7550446
2025-12-21 23:00,7550490
2025-12-21 23:15,7551023
2025-12-21 23:30,7551023
2025-12-21 23:45,7551066
2025-12-22 00:00,7551066
2025-12-22 00:15,7551066
2025-12-22 00:30,7551066
2025-12-22 00:45,7551066
2025-12-22 01:00,7551066
2025-12-22 01:15,7551066
2025-12-22 01:30,7551076
2025-12-22 01:45,7551143
2025-12-22 02:00,7551143
2025-12-22 02:15,7551150
2025-12-22 02:30,7551223
2025-12-22 02:45,7551223
2025-12-22 03:00,7551223
2025-12-22 03:15,7551223
2025-12-22 03:30,7551223
2025-12-22 03:45,7551223
2025-12-22 04:00,7551223
2025-12-22 04:15,7551223
2025-12-22 04:30,7551260
2025-12-22 04:45,7551260
2025-12-22 05:00,7551260
2025-12-22 05:15,7551260
2025-12-22 05:30,7551260
2025-12-22 05:45,7551260
2025-12-22 06:00,7551260
2025-12-22 06:15,7551260
2025-12-22 06:30,7551260
2025-12-22 06:45,7551260
2025-12-22 07:00,7551260
2025-12-22 07:15,7551260
2025-12-22 07:30,7551320
2025-12-22 07:45,7551393
2025-12-22 08:00,7551473
2025-12-22 08:15,7551473
2025-12-22 08:30,7551476
2025-12-22 08:45,7551483
2025-12-22 09:00,7551483
2025-12-22 09:15,7551786
2025-12-22 09:30,7551786
2025-12-22 09:45,7551813
2025-12-22 10:00,7551870
2025-12-22 10:15,7551893
2025-12-22 10:30,7551900
2025-12-22 10:45,7551900
2025-12-22 11:00,7551963
2025-12-22 11:15,7551966
2025-12-22 11:30,7551966
2025-12-22 11:45,7551966
2025-12-22 12:00,7551966
2025-12-22 12:15,7552056
2025-12-22 12:30,7552056
2025-12-22 12:45,7552056
2025-12-22 13:00,7552060
2025-12-22 13:15,7552096
2025-12-22 13:30,7552096
2025-12-22 13:45,7552096
2025-12-22 14:00,7552136
2025-12-22 14:15,7552136
2025-12-22 14:30,7552150
2025-12-22 14:45,7552186
2025-12-22 15:00,7552220
2025-12-22 15:15,7552220
2025-12-22 15:30,7552220
2025-12-22 15:45,7552223
2025-12-22 16:00,7552226
2025-12-22 16:15,7552263
2025-12-22 16:30,7552263
2025-12-22 16:45,7552300
2025-12-22 17:00,7552303
2025-12-22 17:15,7552306
2025-12-22 17:30,7552306
2025-12-22 17:45,7552353
2025-12-22 18:00,7552416
2025-12-22 18:15,7552430
2025-12-22 18:30,7552450
2025-12-22 18:45,7552530
2025-12-22 19:00,7552530
2025-12-22 19:15,7552530
2025-12-22 19:30,7552530
2025-12-22 19:45,7552536
2025-12-22 20:00,7552736
2025-12-22 20:15,7552736
2025-12-22 20:30,7552736
2025-12-22 20:45,7552736
2025-12-22 21:00,7552736
2025-12-22 21:15,7552736
2025-12-22 21:30,7552776
2025-12-22 21:45,7552776
2025-12-22 22:00,7552840
2025-12-22 22:15,7552840
2025-12-22 22:30,7552840
2025-12-22 22:45,7552853
2025-12-22 23:00,7552853
2025-12-22 23:15,7552853
2025-12-22 23:30,7553050
2025-12-22 23:45,7553050
2025-12-23 00:00,7553066
2025-12-23 00:15,7553066
2025-12-23 00:30,7553166
2025-12-23 00:45,7553176
2025-12-23 01:00,7553176
2025-12-23 01:15,7553176
2025-12-23 01:30,7553176
2025-12-23 01:45,7553176
2025-12-23 02:00,7553176
2025-12-23 02:15,7553210
2025-12-23 02:30,7553210
2025-12-23 02:45,7553210
2025-12-23 03:00,7553210
2025-12-23 03:15,7553210
2025-12-23 03:30,7553250
2025-12-23 03:45,7553250
2025-12-23 04:00,7553286
2025-12-23 04:15,7553286
2025-12-23 04:30,7553286
2025-12-23 04:45,7553286
2025-12-23 05:00,7553286
2025-12-23 05:15,7553286
2025-12-23 05:30,7553286
2025-12-23 05:45,7553286
2025-12-23 06:00,7553286
2025-12-23 06:15,7553286
2025-12-23 06:30,7553286
2025-12-23 06:45,7553286
2025-12-23 07:00,7553286
2025-12-23 07:15,7553286
2025-12-23 07:30,7553286
2025-12-23 07:45,7553286
2025-12-23 08:00,7553286
2025-12-23 08:15,7553286
2025-12-23 08:30,7553373
2025-12-23 08:45,7553406
2025-12-23 09:00,7554020
2025-12-23 09:15,7554056
2025-12-23 09:30,7555253
2025-12-23 09:45,7555280
2025-12-23 10:00,7555283
2025-12-23 10:15,7555290
2025-12-23 10:30,7555396
2025-12-23 10:45,7555396
2025-12-23 11:00,7555396
2025-12-23 11:15,7555396
2025-12-23 11:30,7556023
2025-12-23 11:45,7556076
2025-12-23 12:00,7556130
2025-12-23 12:15,7556183
2025-12-23 12:30,7556183
2025-12-23 12:45,7556183
2025-12-23 13:00,7556236
2025-12-23 13:15,7556273
2025-12-23 13:30,7556430
2025-12-23 13:45,7556436
2025-12-23 14:00,7556436
2025-12-23 14:15,7556436
2025-12-23 14:30,7556436
2025-12-23 14:45,7556436
2025-12-23 15:00,7556480
2025-12-23 15:15,7556516
2025-12-23 15:30,7556526
2025-12-23 15:45,7556533
2025-12-23 16:00,7556533
2025-12-23 16:15,7556533
2025-12-23 16:30,7556533
2025-12-23 16:45,7556533
2025-12-23 17:00,7556533
2025-12-23 17:15,7556533
2025-12-23 17:30,7556533
2025-12-23 17:45,7556533
2025-12-23 18:00,7556533
2025-12-23 18:15,7556543
2025-12-23 18:30,7556566
2025-12-23 18:45,7556566
2025-12-23 19:00,7556576
2025-12-23 19:15,7556590
2025-12-23 19:30,7556603
2025-12-23 19:45,7556603
2025-12-23 20:00,7556603
2025-12-23 20:15,7556603
2025-12-23 20:30,7556813
2025-12-23 20:45,7556850
2025-12-23 21:00,7557010
2025-12-23 21:15,7557010
2025-12-23 21:30,7557010
2025-12-23 21:45,7557010
2025-12-23 22:00,7557010
2025-12-23 22:15,7557120
2025-12-23 22:30,7557120
2025-12-23 22:45,7557126
2025-12-23 23:00,7557126
2025-12-23 23:15,7557126
2025-12-23 23:30,7557160
2025-12-23 23:45,7557160
2025-12-24 00:00,7557273
2025-12-24 00:15,7557280
2025-12-24 00:30,7557320
2025-12-24 00:45,7557320
2025-12-24 01:00,7557366
2025-12-24 01:15,7557523
2025-12-24 01:30,7557543
2025-12-24 01:45,7557550
2025-12-24 02:00,7557550
2025-12-24 02:15,7557613
2025-12-24 02:30,7557613
2025-12-24 02:45,7557683
2025-12-24 03:00,7557683
2025-12-24 03:15,7557683
2025-12-24 03:30,7557683
2025-12-24 03:45,7557683
2025-12-24 04:00,7557683
2025-12-24 04:15,7557683
2025-12-24 04:30,7557683
2025-12-24 04:45,7557683
2025-12-24 05:00,7557683
2025-12-24 05:15,7557683
2025-12-24 05:30,7557683
2025-12-24 05:45,7557683
2025-12-24 06:00,7557683
2025-12-24 06:15,7557683
2025-12-24 06:30,7557720
2025-12-24 06:45,7557720
2025-12-24 07:00,7557720
2025-12-24 07:15,7557720
2025-12-24 07:30,7557720
2025-12-24 07:45,7557720
2025-12-24 08:00,7557720
2025-12-24 08:15,7557720
2025-12-24 08:30,7557720
2025-12-24 08:45,7557753
2025-12-24 09:00,7557753
2025-12-24 09:15,7558083
2025-12-24 09:30,7558083
2025-12-24 09:45,7558453
2025-12-24 10:00,7560290
2025-12-24 10:15,7560623
2025-12-24 10:30,7560623
2025-12-24 10:45,7560636
2025-12-24 11:00,7560686
2025-12-24 11:15,7560713
2025-12-24 11:30,7560713
2025-12-24 11:45,7560790
2025-12-24 12:00,7560860
2025-12-24 12:15,7560860
2025-12-24 12:30,7560863
2025-12-24 12:45,7560863
2025-12-24 13:00,7560913
2025-12-24 13:15,7561093
2025-12-24 13:30,7561290
2025-12-24 13:45,7561486
2025-12-24 14:00,7561523
2025-12-24 14:15,7561540
2025-12-24 14:30,7561540
2025-12-24 14:45,7561540
2025-12-24 15:00,7561540
2025-12-24 15:15,7561576
2025-12-24 15:30,7561743
2025-12-24 15:45,7561970
2025-12-24 16:00,7562220
2025-12-24 16:15,7562230
2025-12-24 16:30,7562366
2025-12-24 16:45,7562390
2025-12-24 17:00,7562390
2025-12-24 17:15,7562400
2025-12-24 17:30,7562433
2025-12-24 17:45,7562443
2025-12-24 18:00,7562483
2025-12-24 18:15,7562880
2025-12-24 18:30,7562930
2025-12-24 18:45,7563026
2025-12-24 19:00,7563116
2025-12-24 19:15,7563126
2025-12-24 19:30,7563213
2025-12-24 19:45,7563246
2025-12-24 20:00,7563246
2025-12-24 20:15,7563296
2025-12-24 20:30,7563306
2025-12-24 20:45,7563413
2025-12-24 21:00,7563490
2025-12-24 21:15,7563526
2025-12-24 21:30,7563526
2025-12-24 21:45,7563590
2025-12-24 22:00,7563590
2025-12-24 22:15,7563590
2025-12-24 22:30,7563590
2025-12-24 22:45,7563590
2025-12-24 23:00,7563636
2025-12-24 23:15,7563726
2025-12-24 23:30,7563726
2025-12-24 23:45,7563726
2025-12-25 00:00,7563726
2025-12-25 00:15,7563783
2025-12-25 00:30,7563783
2025-12-25 00:45,7563836
2025-12-25 01:00,7563863
2025-12-25 01:15,7563953
2025-12-25 01:30,7563953
2025-12-25 01:45,7563986
2025-12-25 02:00,7563986
2025-12-25 02:15,7563986
2025-12-25 02:30,7563986
2025-12-25 02:45,7563986
2025-12-25 03:00,7563986
2025-12-25 03:15,7563986
2025-12-25 03:30,7563986
2025-12-25 03:45,7563986
2025-12-25 04:00,7563986
2025-12-25 04:15,7563986
2025-12-25 04:30,7563986
2025-12-25 04:45,7564060
2025-12-25 05:00,7564060
2025-12-25 05:15,7564060
2025-12-25 05:30,7564060
2025-12-25 05:45,7564060
2025-12-25 06:00,7564060
2025-12-25 06:15,7564060
2025-12-25 06:30,7564060
2025-12-25 06:45,7564060
2025-12-25 07:00,7564060
2025-12-25 07:15,7564060
2025-12-25 07:30,7564060
2025-12-25 07:45,7564060
2025-12-25 08:00,7564093
2025-12-25 08:15,7564093
2025-12-25 08:30,7564093
2025-12-25 08:45,7564093
2025-12-25 09:00,7564093
2025-12-25 09:15,7564296
2025-12-25 09:30,7564496
2025-12-25 09:45,7565966
2025-12-25 10:00,7565996
2025-12-25 10:15,7566126
2025-12-25 10:30,7566176
2025-12-25 10:45,7566233
2025-12-25 11:00,7566313
2025-12-25 11:15,7566600
2025-12-25 11:30,7566663
2025-12-25 11:45,7566700
2025-12-25 12:00,7566710
2025-12-25 12:15,7566753
2025-12-25 12:30,7566860
2025-12-25 12:45,7566930
2025-12-25 13:00,7566976
2025-12-25 13:15,7567030
2025-12-25 13:30,7567030
2025-12-25 13:45,7567126
2025-12-25 14:00,7567136
2025-12-25 14:15,7567173
2025-12-25 14:30,7567173
2025-12-25 14:45,7567173
2025-12-25 15:00,7567250
2025-12-25 15:15,7567250
2025-12-25 15:30,7567250
2025-12-25 15:45,7567310
2025-12-25 16:00,7567386
2025-12-25 16:15,7567403
2025-12-25 16:30,7567536
2025-12-25 16:45,7567983
2025-12-25 17:00,7568556
2025-12-25 17:15,7568623
2025-12-25 17:30,7568626
2025-12-25 17:45,7568630
2025-12-25 18:00,7568643
2025-12-25 18:15,7568660
2025-12-25 18:30,7568660
2025-12-25 18:45,7568660
2025-12-25 19:00,7568806
2025-12-25 19:15,7568806
2025-12-25 19:30,7568900
2025-12-25 19:45,7569070
2025-12-25 20:00,7569403
2025-12-25 20:15,7569423
2025-12-25 20:30,7569706
2025-12-25 20:45,7569710
2025-12-25 21:00,7569746
2025-12-25 21:15,7569833
2025-12-25 21:30,7570023
2025-12-25 21:45,7570156
2025-12-25 22:00,7570253
2025-12-25 22:15,7570253
2025-12-25 22:30,7570280
2025-12-25 22:45,7570320
2025-12-25 23:00,7570320
2025-12-25 23:15,7570323
2025-12-25 23:30,7570326
2025-12-25 23:45,7570353
2025-12-26 00:00,7570386
2025-12-26 00:15,7570470
2025-12-26 00:30,7570470
2025-12-26 00:45,7570510
2025-12-26 01:00,7570510
2025-12-26 01:15,7570563
2025-12-26 01:30,7570563
2025-12-26 01:45,7570563
2025-12-26 02:00,7570563
2025-12-26 02:15,7570563
2025-12-26 02:30,7570563
2025-12-26 02:45,7570563
2025-12-26 03:00,7570563
2025-12-26 03:15,7570563
2025-12-26 03:30,7570563
2025-12-26 03:45,7570563
2025-12-26 04:00,7570563
2025-12-26 04:15,7570603
2025-12-26 04:30,7570603
2025-12-26 04:45,7570603
2025-12-26 05:00,7570636
2025-12-26 05:15,7570636
2025-12-26 05:30,7570636
2025-12-26 05:45,7570636
2025-12-26 06:00,7570636
2025-12-26 06:15,7570636
2025-12-26 06:30,7570636
2025-12-26 06:45,7570636
2025-12-26 07:00,7570636
2025-12-26 07:15,7570636
2025-12-26 07:30,7570720
2025-12-26 07:45,7570720
2025-12-26 08:00,7570720
2025-12-26 08:15,7570756
2025-12-26 08:30,7570756
2025-12-26 08:45,7570756
2025-12-26 09:00,7570810
2025-12-26 09:15,7571103
2025-12-26 09:30,7571226
2025-12-26 09:45,7571236
2025-12-26 10:00,7571236
2025-12-26 10:15,7571236
2025-12-26 10:30,7571393
2025-12-26 10:45,7571393
2025-12-26 11:00,7571410
2025-12-26 11:15,7571536
2025-12-26 11:30,7571536
2025-12-26 11:45,7571536
2025-12-26 12:00,7571536
2025-12-26 12:15,7571536
2025-12-26 12:30,7571613
2025-12-26 12:45,7571613
2025-12-26 13:00,7571616
2025-12-26 13:15,7571616
2025-12-26 13:30,7571616
2025-12-26 13:45,7571616
2025-12-26 14:00,7571653
2025-12-26 14:15,7571686
2025-12-26 14:30,7571686
2025-12-26 14:45,7571723
2025-12-26 15:00,7571723
2025-12-26 15:15,7571723
2025-12-26 15:30,7571723
2025-12-26 15:45,7571760
2025-12-26 16:00,7571760
2025-12-26 16:15,7571760
2025-12-26 16:30,7571770
2025-12-26 16:45,7571966
2025-12-26 17:00,7572210
2025-12-26 17:15,7572270
2025-12-26 17:30,7572270
2025-12-26 17:45,7572283
2025-12-26 18:00,7572346
2025-12-26 18:15,7572423
2025-12-26 18:30,7572423
2025-12-26 18:45,7572423
2025-12-26 19:00,7572423
2025-12-26 19:15,7572483
2025-12-26 19:30,7572516
2025-12-26 19:45,7572553
2025-12-26 20:00,7572746
2025-12-26 20:15,7572893
2025-12-26 20:30,7573006
2025-12-26 20:45,7573006
2025-12-26 21:00,7573010
2025-12-26 21:15,7573033
2025-12-26 21:30,7573126
2025-12-26 21:45,7573126
2025-12-26 22:00,7573233
2025-12-26 22:15,7573233
2025-12-26 22:30,7573306
2025-12-26 22:45,7573306
2025-12-26 23:00,7573310
2025-12-26 23:15,7573310
2025-12-26 23:30,7573343
2025-12-26 23:45,7573350
2025-12-27 00:00,7573466
2025-12-27 00:15,7573466
2025-12-27 00:30,7573503
2025-12-27 00:45,7573503
2025-12-27 01:00,7573503
2025-12-27 01:15,7573503
2025-12-27 01:30,7573503
2025-12-27 01:45,7573506
2025-12-27 02:00,7573543
2025-12-27 02:15,7573543
2025-12-27 02:30,7573543
2025-12-27 02:45,7573543
2025-12-27 03:00,7573543
2025-12-27 03:15,7573576
2025-12-27 03:30,7573576
2025-12-27 03:45,7573576
2025-12-27 04:00,7573576
2025-12-27 04:15,7573576
2025-12-27 04:30,7573616
2025-12-27 04:45,7573616
2025-12-27 05:00,7573616
2025-12-27 05:15,7573616
2025-12-27 05:30,7573616
2025-12-27 05:45,7573616
2025-12-27 06:00,7573616
2025-12-27 06:15,7573616
2025-12-27 06:30,7573616
2025-12-27 06:45,7573616
2025-12-27 07:00,7573616
2025-12-27 07:15,7573736
2025-12-27 07:30,7573736
2025-12-27 07:45,7573780
2025-12-27 08:00,7573780
2025-12-27 08:15,7573783
2025-12-27 08:30,7573783
2025-12-27 08:45,7573783
2025-12-27 09:00,7574303
2025-12-27 09:15,7574546
2025-12-27 09:30,7574546
2025-12-27 09:45,7574573
2025-12-27 10:00,7574573
2025-12-27 10:15,7574660
2025-12-27 10:30,7574730
2025-12-27 10:45,7574736
2025-12-27 11:00,7574743
2025-12-27 11:15,7574746
2025-12-27 11:30,7575216
2025-12-27 11:45,0
2025-12-27 12:00,7575216
2025-12-27 12:15,7575216
2025-12-27 12:30,7575216
2025-12-27 12:45,7575276
2025-12-27 13:00,7575276
2025-12-27 13:15,7575276
2025-12-27 13:30,7575420
2025-12-27 13:45,7575420
2025-12-27 14:00,7575420
2025-12-27 14:15,7575420
2025-12-27 14:30,7575420
2025-12-27 14:45,7575420
2025-12-27 15:00,0
2025-12-27 15:15,7575426
2025-12-27 15:30,7575426
2025-12-27 15:45,7575426
2025-12-27 16:00,7575446
2025-12-27 16:15,7575546
2025-12-27 16:30,7575546
2025-12-27 16:45,0
2025-12-27 17:00,7575600
2025-12-27 17:15,7575670
2025-12-27 17:30,7575736
2025-12-27 17:45,7575743
2025-12-27 18:00,7575743
2025-12-27 18:15,7576793
2025-12-27 18:30,0
2025-12-27 18:45,0
2025-12-27 19:00,7579123
2025-12-27 19:15,7579210
2025-12-27 19:30,7579210
2025-12-27 19:45,7579210
2025-12-27 20:00,7579216
2025-12-27 20:15,7579883
2025-12-27 20:30,7579886
2025-12-27 20:45,7579886
2025-12-27 21:00,7579956
2025-12-27 21:15,7579990
2025-12-27 21:30,7580033
2025-12-27 21:45,7580473
2025-12-27 22:00,7580480
2025-12-27 22:15,7580510
2025-12-27 22:30,7580543
2025-12-27 22:45,7580543
2025-12-27 23:00,7580560
2025-12-27 23:15,7580560
2025-12-27 23:30,7580560
2025-12-27 23:45,7580596
2025-12-28 00:00,7580596
2025-12-28 00:15,7580596
2025-12-28 00:30,7580596
2025-12-28 00:45,7580650
2025-12-28 01:00,7580650
2025-12-28 01:15,7580650
2025-12-28 01:30,7580650
2025-12-28 01:45,7580650
2025-12-28 02:00,7580653
2025-12-28 02:15,7580690
2025-12-28 02:30,7580690
2025-12-28 02:45,7580690
2025-12-28 03:00,7580690
2025-12-28 03:15,7580690
2025-12-28 03:30,7580690
2025-12-28 03:45,7580690
2025-12-28 04:00,7580690
2025-12-28 04:15,7580690
2025-12-28 04:30,7580726
2025-12-28 04:45,7580726
2025-12-28 05:00,7580730
2025-12-28 05:15,7580763
2025-12-28 05:30,7580763
2025-12-28 05:45,7580763
2025-12-28 06:00,7580763
2025-12-28 06:15,7580763
2025-12-28 06:30,7580803
2025-12-28 06:45,7580803
2025-12-28 07:00,7580803
2025-12-28 07:15,7580843
2025-12-28 07:30,7580956
2025-12-28 07:45,7580956
2025-12-28 08:00,7580956
2025-12-28 08:15,7580956
2025-12-28 08:30,7581100
2025-12-28 08:45,7581100
2025-12-28 09:00,7581100
2025-12-28 09:15,7581100
2025-12-28 09:30,7581793
2025-12-28 09:45,7581830
2025-12-28 10:00,7581840
2025-12-28 10:15,7581896
2025-12-28 10:30,7582023
2025-12-28 10:45,7582123
2025-12-28 11:00,7582186
2025-12-28 11:15,7582323
2025-12-28 11:30,7582396
2025-12-28 11:45,7582580
2025-12-28 12:00,7582580
2025-12-28 12:15,7582580
2025-12-28 12:30,7582713
2025-12-28 12:45,7583006
2025-12-28 13:00,7583580
2025-12-28 13:15,7583620
2025-12-28 13:30,7583620
2025-12-28 13:45,7583666
2025-12-28 14:00,7583676
2025-12-28 14:15,7583746
2025-12-28 14:30,7583753
2025-12-28 14:45,7583886
2025-12-28 15:00,7584010
2025-12-28 15:15,7584016
2025-12-28 15:30,7584083
2025-12-28 15:45,7584083
2025-12-28 16:00,7584090
2025-12-28 16:15,7584166
2025-12-28 16:30,7584186
2025-12-28 16:45,7584223
2025-12-28 17:00,7584330
2025-12-28 17:15,7584376
2025-12-28 17:30,7584386
2025-12-28 17:45,7584386
2025-12-28 18:00,7584386
2025-12-28 18:15,7584453
2025-12-28 18:30,7584516
2025-12-28 18:45,7584656
2025-12-28 19:00,7584660
2025-12-28 19:15,7584686
2025-12-28 19:30,7584780
2025-12-28 19:45,7584853
2025-12-28 20:00,7584920
2025-12-28 20:15,7585163
2025-12-28 20:30,7585213
2025-12-28 20:45,7585213
2025-12-28 21:00,7585220
2025-12-28 21:15,7585220
2025-12-28 21:30,7585226
2025-12-28 21:45,7585263
2025-12-28 22:00,7585616
2025-12-28 22:15,7585716
2025-12-28 22:30,7585756
2025-12-28 22:45,7585813
2025-12-28 23:00,7585873
2025-12-28 23:15,7585910
2025-12-28 23:30,7586056
2025-12-28 23:45,7586056
2025-12-29 00:00,7586203
2025-12-29 00:15,7586270
2025-12-29 00:30,7586350
2025-12-29 00:45,7586386
2025-12-29 01:00,7586386
2025-12-29 01:15,0
2025-12-29 01:30,7586386
2025-12-29 01:45,7586386
2025-12-29 02:00,0
2025-12-29 02:15,0
2025-12-29 02:30,0
2025-12-29 02:45,0
2025-12-29 03:00,0
2025-12-29 03:15,0
2025-12-29 03:30,7586423
2025-12-29 03:45,7586423
2025-12-29 04:00,7586463
2025-12-29 04:15,0
2025-12-29 04:30,0
2025-12-29 04:45,0
2025-12-29 05:00,7586463
2025-12-29 05:15,7586463
2025-12-29 05:30,7586553
2025-12-29 05:45,7586553
2025-12-29 06:00,7586553
2025-12-29 06:15,7586553
2025-12-29 06:30,7586580
2025-12-29 06:45,7586730
2025-12-29 07:00,7586730
2025-12-29 07:15,7586730
2025-12-29 07:30,7586806
2025-12-29 07:45,7586806
2025-12-29 08:00,7586863
2025-12-29 08:15,7586960
2025-12-29 08:30,7587523
2025-12-29 08:45,7587530
2025-12-29 09:00,7587530
2025-12-29 09:15,7587546
2025-12-29 09:30,7587600
2025-12-29 09:45,7587766
2025-12-29 10:00,7587816
2025-12-29 10:15,7587816
2025-12-29 10:30,7587820
2025-12-29 10:45,7587913
2025-12-29 11:00,7587926
2025-12-29 11:15,7588036
2025-12-29 11:30,7588133
2025-12-29 11:45,7588133
2025-12-29 12:00,7588163
2025-12-29 12:15,7588163
2025-12-29 12:30,7588163
2025-12-29 12:45,7588163
2025-12-29 13:00,7588203
2025-12-29 13:15,7588240
2025-12-29 13:30,7588353
2025-12-29 13:45,7588356
2025-12-29 14:00,7588420
2025-12-29 14:15,7588420
2025-12-29 14:30,7588420
2025-12-29 14:45,7588486
2025-12-29 15:00,7588523
2025-12-29 15:15,7588523
2025-12-29 15:30,7588530
2025-12-29 15:45,7588530
2025-12-29 16:00,7588530
2025-12-29 16:15,7588530
2025-12-29 16:30,7588540
2025-12-29 16:45,7588650
2025-12-29 17:00,7588660
2025-12-29 17:15,7588666
2025-12-29 17:30,7588670
2025-12-29 17:45,7588703
2025-12-29 18:00,7588706
2025-12-29 18:15,7588780
2025-12-29 18:30,7588800
2025-12-29 18:45,7588806
2025-12-29 19:00,7588810
2025-12-29 19:15,7588860
2025-12-29 19:30,7588946
2025-12-29 19:45,7589080
2025-12-29 20:00,7589276
2025-12-29 20:15,7589543
2025-12-29 20:30,7589543
2025-12-29 20:45,7589543
2025-12-29 21:00,7589543
2025-12-29 21:15,7589543
2025-12-29 21:30,7589543
2025-12-29 21:45,7589556
2025-12-29 22:00,7589683
2025-12-29 22:15,7589763
2025-12-29 22:30,7589763
2025-12-29 22:45,7589763
2025-12-29 23:00,7589870
2025-12-29 23:15,7589876
2025-12-29 23:30,7589943
2025-12-29 23:45,7589943
2025-12-30 00:00,7589943
2025-12-30 00:15,7589983
2025-12-30 00:30,7590103
2025-12-30 00:45,7590153
2025-12-30 01:00,7590186
2025-12-30 01:15,7590186
2025-12-30 01:30,7590186
2025-12-30 01:45,7590186
2025-12-30 02:00,7590186
2025-12-30 02:15,7590186
2025-12-30 02:30,7590186
2025-12-30 02:45,7590226
2025-12-30 03:00,7590226
2025-12-30 03:15,7590226
2025-12-30 03:30,7590226
2025-12-30 03:45,7590226
2025-12-30 04:00,7590226
2025-12-30 04:15,7590226
2025-12-30 04:30,7590226
2025-12-30 04:45,7590226
2025-12-30 05:00,7590226
2025-12-30 05:15,7590263
2025-12-30 05:30,7590263
2025-12-30 05:45,7590263
2025-12-30 06:00,7590263
2025-12-30 06:15,7590263
2025-12-30 06:30,7590303
2025-12-30 06:45,7590303
2025-12-30 07:00,7590303
2025-12-30 07:15,7590303
2025-12-30 07:30,7590303
2025-12-30 07:45,7590303
2025-12-30 08:00,7590376
2025-12-30 08:15,7590946
2025-12-30 08:30,7590953
2025-12-30 08:45,7590956
2025-12-30 09:00,7591036
2025-12-30 09:15,7591036
2025-12-30 09:30,7591060
2025-12-30 09:45,7591140
2025-12-30 10:00,7591190
2025-12-30 10:15,7591190
2025-12-30 10:30,7591213
2025-12-30 10:45,7591333
2025-12-30 11:00,7591333
2025-12-30 11:15,7591333
2025-12-30 11:30,7591333
2025-12-30 11:45,7591333
2025-12-30 12:00,7591333
2025-12-30 12:15,7591333
2025-12-30 12:30,7591333
2025-12-30 12:45,7591333
2025-12-30 13:00,7591333
2025-12-30 13:15,7591333
2025-12-30 13:30,7591333
2025-12-30 13:45,7591333
2025-12-30 14:00,7591333
2025-12-30 14:15,7591333
2025-12-30 14:30,7591333
2025-12-30 14:45,7591333
2025-12-30 15:00,7591333
2025-12-30 15:15,7591333
2025-12-30 15:30,7591333
2025-12-30 15:45,7591333
2025-12-30 16:00,7591346
2025-12-30 16:15,7591400
2025-12-30 16:30,7591513
2025-12-30 16:45,7591583
2025-12-30 17:00,7591636
2025-12-30 17:15,7591666
2025-12-30 17:30,7591670
2025-12-30 17:45,7591773
2025-12-30 18:00,7591810
2025-12-30 18:15,7591833
2025-12-30 18:30,7591876
2025-12-30 18:45,7592000
2025-12-30 19:00,7592030
2025-12-30 19:15,7592033
2025-12-30 19:30,7592033
2025-12-30 19:45,7592300
2025-12-30 20:00,7592376
2025-12-30 20:15,7592376
2025-12-30 20:30,7592386
2025-12-30 20:45,7592386
2025-12-30 21:00,7592490
2025-12-30 21:15,7594046
2025-12-30 21:30,7594363
2025-12-30 21:45,7594363
2025-12-30 22:00,7594363
2025-12-30 22:15,7594436
2025-12-30 22:30,7594436
2025-12-30 22:45,7594540
2025-12-30 23:00,7594783
2025-12-30 23:15,7594930
2025-12-30 23:30,7594930
2025-12-30 23:45,7594930
2025-12-31 00:00,0
2025-12-31 00:15,0
2025-12-31 00:30,0
2025-12-31 00:45,7594990
2025-12-31 01:00,7594990
2025-12-31 01:15,7594990
2025-12-31 01:30,7595026
2025-12-31 01:45,0
2025-12-31 02:00,0
2025-12-31 02:15,0
2025-12-31 02:30,0
2025-12-31 02:45,7595026
2025-12-31 03:00,7595026
2025-12-31 03:15,7595026
2025-12-31 03:30,7595026
2025-12-31 03:45,7595026
2025-12-31 04:00,7595026
2025-12-31 04:15,7595066
2025-12-31 04:30,0
2025-12-31 04:45,0
2025-12-31 05:00,7595106
2025-12-31 05:15,7595106
2025-12-31 05:30,0
2025-12-31 05:45,0
2025-12-31 06:00,0
2025-12-31 06:15,0
2025-12-31 06:30,0
2025-12-31 06:45,7595143
2025-12-31 07:00,7595143
2025-12-31 07:15,7595143
2025-12-31 07:30,7595176
2025-12-31 07:45,7595176
2025-12-31 08:00,7595176
2025-12-31 08:15,7595176
2025-12-31 08:30,7595213
2025-12-31 08:45,7595286
2025-12-31 09:00,7595366
2025-12-31 09:15,7596986
2025-12-31 09:30,7597810
2025-12-31 09:45,7598210
2025-12-31 10:00,7598300
2025-12-31 10:15,7598300
2025-12-31 10:30,7598336
2025-12-31 10:45,7598336
2025-12-31 11:00,7598390
2025-12-31 11:15,7598396
2025-12-31 11:30,7598483
2025-12-31 11:45,7598490
2025-12-31 12:00,7598496
2025-12-31 12:15,7598550
2025-12-31 12:30,7598590
2025-12-31 12:45,7598590
2025-12-31 13:00,7598626
2025-12-31 13:15,7598626
2025-12-31 13:30,7598653
2025-12-31 13:45,7598666
2025-12-31 14:00,7598666
2025-12-31 14:15,7598736
2025-12-31 14:30,7598980
2025-12-31 14:45,7599073
2025-12-31 15:00,7599110
2025-12-31 15:15,7599110
2025-12-31 15:30,7599146
2025-12-31 15:45,7599146
2025-12-31 16:00,7599180
2025-12-31 16:15,7599186
2025-12-31 16:30,7599243
2025-12-31 16:45,7599246
2025-12-31 17:00,7599256
2025-12-31 17:15,7599336
2025-12-31 17:30,7599380
2025-12-31 17:45,7599380
2025-12-31 18:00,7599380
2025-12-31 18:15,7599423
2025-12-31 18:30,7599530
2025-12-31 18:45,7599530
2025-12-31 19:00,7599630
2025-12-31 19:15,7599723
2025-12-31 19:30,7599796
2025-12-31 19:45,7599856
2025-12-31 20:00,7599856
2025-12-31 20:15,7599856
2025-12-31 20:30,7599856
2025-12-31 20:45,0
2025-12-31 21:00,0
2025-12-31 21:15,0
2025-12-31 21:30,0
2025-12-31 21:45,0
2025-12-31 22:00,0
2025-12-31 22:15,0
2025-12-31 22:30,0
2025-12-31 22:45,0
2025-12-31 23:00,0
2025-12-31 23:15,0
2025-12-31 23:30,0
2025-12-31 23:45,7600476
2026-01-01 00:00,7600516
2026-01-01 00:15,7600516
2026-01-01 00:30,7600516
2026-01-01 00:45,7600683
2026-01-01 01:00,7600720
2026-01-01 01:15,7600720
2026-01-01 01:30,7600720
2026-01-01 01:45,7600740
2026-01-01 02:00,7600826
2026-01-01 02:15,7600866
2026-01-01 02:30,7600866
2026-01-01 02:45,7600866
2026-01-01 03:00,7600866
2026-01-01 03:15,0
2026-01-01 03:30,0
2026-01-01 03:45,0
2026-01-01 04:00,7600903
2026-01-01 04:15,7600903
2026-01-01 04:30,7600903
2026-01-01 04:45,0
2026-01-01 05:00,0
2026-01-01 05:15,0
2026-01-01 05:30,0
2026-01-01 05:45,7600903
2026-01-01 06:00,0
2026-01-01 06:15,7600903
2026-01-01 06:30,7600903
2026-01-01 06:45,7600903
2026-01-01 07:00,7600903
2026-01-01 07:15,7600903
2026-01-01 07:30,7600903
2026-01-01 07:45,7600903
2026-01-01 08:00,7600903
2026-01-01 08:15,7600983
2026-01-01 08:30,7600983
2026-01-01 08:45,7600983
2026-01-01 09:00,7600983
2026-01-01 09:15,7601110
2026-01-01 09:30,7601843
2026-01-01 09:45,7601860
2026-01-01 10:00,7601946
2026-01-01 10:15,7602050
2026-01-01 10:30,7602100
2026-01-01 10:45,7602143
2026-01-01 11:00,7602266
2026-01-01 11:15,7602276
2026-01-01 11:30,7602276
2026-01-01 11:45,7602343
2026-01-01 12:00,7602343
2026-01-01 12:15,7602343
2026-01-01 12:30,0
2026-01-01 12:45,7602396
2026-01-01 13:00,7602620
2026-01-01 13:15,7602826
2026-01-01 13:30,7602830
2026-01-01 13:45,7602933
2026-01-01 14:00,7602933
2026-01-01 14:15,7603090
2026-01-01 14:30,7603100
2026-01-01 14:45,7603166
2026-01-01 15:00,7603166
2026-01-01 15:15,7603306
2026-01-01 15:30,7603310
2026-01-01 15:45,7603313
2026-01-01 16:00,7603313
2026-01-01 16:15,7603313
2026-01-01 16:30,7603380
2026-01-01 16:45,0
2026-01-01 17:00,7603433
2026-01-01 17:15,0
2026-01-01 17:30,7603466
2026-01-01 17:45,7603466
2026-01-01 18:00,0
2026-01-01 18:15,0
2026-01-01 18:30,7603466
2026-01-01 18:45,7603536
2026-01-01 19:00,7603596
2026-01-01 19:15,7603710
2026-01-01 19:30,7603713
2026-01-01 19:45,7603816
2026-01-01 20:00,7603816
2026-01-01 20:15,7603816
2026-01-01 20:30,7603816
2026-01-01 20:45,7603816
2026-01-01 21:00,7603820
2026-01-01 21:15,7603820
2026-01-01 21:30,7603820
2026-01-01 21:45,7603856
2026-01-01 22:00,7603860
2026-01-01 22:15,7603860
2026-01-01 22:30,7603923
2026-01-01 22:45,7603923
2026-01-01 23:00,7603976
2026-01-01 23:15,7603976
2026-01-01 23:30,7604020
2026-01-01 23:45,7604020
2026-01-02 00:00,7604060
2026-01-02 00:15,7604076
2026-01-02 00:30,7604076
2026-01-02 00:45,7604076
2026-01-02 01:00,7604076
2026-01-02 01:15,7604076
2026-01-02 01:30,7604076
2026-01-02 01:45,7604076
2026-01-02 02:00,7604076
2026-01-02 02:15,7604076
2026-01-02 02:30,7604076
2026-01-02 02:45,7604076
2026-01-02 03:00,7604076
2026-01-02 03:15,7604076
2026-01-02 03:30,7604076
2026-01-02 03:45,7604113
2026-01-02 04:00,7604153
2026-01-02 04:15,7604153
2026-01-02 04:30,7604153
2026-01-02 04:45,7604153
2026-01-02 05:00,7604153
2026-01-02 05:15,7604153
2026-01-02 05:30,7604153
2026-01-02 05:45,7604153
2026-01-02 06:00,7604153
2026-01-02 06:15,7604153
2026-01-02 06:30,7604153
2026-01-02 06:45,7604153
2026-01-02 07:00,7604153
2026-01-02 07:15,7604280
2026-01-02 07:30,7604280
2026-01-02 07:45,7604923
2026-01-02 08:00,7604923
2026-01-02 08:15,7604923
2026-01-02 08:30,7604923
2026-01-02 08:45,7604983
2026-01-02 09:00,7605083
2026-01-02 09:15,7605663
2026-01-02 09:30,7605706
2026-01-02 09:45,7605713
2026-01-02 10:00,7605780
2026-01-02 10:15,7605786
2026-01-02 10:30,7605793
2026-01-02 10:45,7605793
2026-01-02 11:00,7605793
2026-01-02 11:15,7605793
2026-01-02 11:30,7605793
2026-01-02 11:45,7605893
2026-01-02 12:00,7605893
2026-01-02 12:15,7606010
2026-01-02 12:30,7606090
2026-01-02 12:45,7606090
2026-01-02 13:00,7606093
2026-01-02 13:15,7606170
2026-01-02 13:30,7606213
2026-01-02 13:45,7606213
2026-01-02 14:00,7606563
2026-01-02 14:15,7606780
2026-01-02 14:30,7606780
2026-01-02 14:45,7606800
2026-01-02 15:00,7606840
2026-01-02 15:15,7606920
2026-01-02 15:30,7606923
2026-01-02 15:45,7606960
2026-01-02 16:00,7607050
2026-01-02 16:15,7607050
2026-01-02 16:30,7607246
2026-01-02 16:45,7607246
2026-01-02 17:00,7607256
2026-01-02 17:15,7607293
2026-01-02 17:30,7607336
2026-01-02 17:45,7607340
2026-01-02 18:00,7607550
2026-01-02 18:15,7607576
2026-01-02 18:30,7607576
2026-01-02 18:45,7607650
2026-01-02 19:00,7607650
2026-01-02 19:15,7607710
2026-01-02 19:30,7607710
2026-01-02 19:45,7607710
2026-01-02 20:00,7607763
2026-01-02 20:15,7607763
2026-01-02 20:30,7607850
2026-01-02 20:45,7607886
2026-01-02 21:00,7607886
2026-01-02 21:15,7607886
2026-01-02 21:30,7607886
2026-01-02 21:45,7607926
2026-01-02 22:00,7607926
2026-01-02 22:15,7607933
2026-01-02 22:30,7607933
2026-01-02 22:45,7607933
2026-01-02 23:00,7607943
2026-01-02 23:15,7608070
2026-01-02 23:30,7608100
2026-01-02 23:45,7608100
2026-01-03 00:00,7608103
2026-01-03 00:15,7608230
2026-01-03 00:30,7608230
2026-01-03 00:45,7608230
2026-01-03 01:00,7608230
2026-01-03 01:15,7608230
2026-01-03 01:30,7608256
2026-01-03 01:45,7608266
2026-01-03 02:00,7608283
2026-01-03 02:15,7608283
2026-01-03 02:30,7608310
2026-01-03 02:45,7608310
2026-01-03 03:00,7608346
2026-01-03 03:15,7608346
2026-01-03 03:30,7608346
2026-01-03 03:45,7608346
2026-01-03 04:00,7608346
2026-01-03 04:15,7608383
2026-01-03 04:30,7608383
2026-01-03 04:45,7608466
2026-01-03 05:00,7608516
2026-01-03 05:15,7608516
2026-01-03 05:30,7608516
2026-01-03 05:45,7608516
2026-01-03 06:00,7608516
2026-01-03 06:15,7608516
2026-01-03 06:30,7608516
2026-01-03 06:45,7608516
2026-01-03 07:00,7608516
2026-01-03 07:15,7608516
2026-01-03 07:30,7608556
2026-01-03 07:45,7608556
2026-01-03 08:00,7608556
2026-01-03 08:15,7608556
2026-01-03 08:30,7608556
2026-01-03 08:45,7608556
2026-01-03 09:00,7608556
2026-01-03 09:15,7609000
2026-01-03 09:30,7609000
2026-01-03 09:45,7609000
2026-01-03 10:00,7609036
2026-01-03 10:15,7609116
2026-01-03 10:30,7609116
2026-01-03 10:45,7609120
2026-01-03 11:00,7609306
2026-01-03 11:15,7609306
2026-01-03 11:30,7609306
2026-01-03 11:45,7609310
2026-01-03 12:00,7609383
2026-01-03 12:15,7609383
2026-01-03 12:30,7609393
2026-01-03 12:45,7609393
2026-01-03 13:00,7609786
2026-01-03 13:15,7609876
2026-01-03 13:30,7610153
2026-01-03 13:45,7610510
2026-01-03 14:00,7611826
2026-01-03 14:15,7613073
2026-01-03 14:30,7613076
2026-01-03 14:45,7613223
2026-01-03 15:00,7613446
2026-01-03 15:15,7613636
2026-01-03 15:30,7613670
2026-01-03 15:45,7613670
2026-01-03 16:00,7613713
2026-01-03 16:15,7613753
2026-01-03 16:30,7613753
2026-01-03 16:45,7613906
2026-01-03 17:00,7613906
2026-01-03 17:15,7613916
2026-01-03 17:30,7613960
2026-01-03 17:45,0
2026-01-03 18:00,7613990
2026-01-03 18:15,7613990
2026-01-03 18:30,7614163
2026-01-03 18:45,7614243
2026-01-03 19:00,7614346
2026-01-03 19:15,7614356
2026-01-03 19:30,7614416
2026-01-03 19:45,7614450
2026-01-03 20:00,7614466
2026-01-03 20:15,7614466
2026-01-03 20:30,7614536
2026-01-03 20:45,7614810
2026-01-03 21:00,7614910
2026-01-03 21:15,7614946
2026-01-03 21:30,7614946
2026-01-03 21:45,7614953
2026-01-03 22:00,7614953
2026-01-03 22:15,7615056
2026-01-03 22:30,7615056
2026-01-03 22:45,7615056
2026-01-03 23:00,7615263
2026-01-03 23:15,7615263
2026-01-03 23:30,7615286
2026-01-03 23:45,7615346
2026-01-04 00:00,7615346
2026-01-04 00:15,7615346
2026-01-04 00:30,7615346
2026-01-04 00:45,7615346
2026-01-04 01:00,7615346
2026-01-04 01:15,7615346
2026-01-04 01:30,7615350
2026-01-04 01:45,7615453
2026-01-04 02:00,7615453
2026-01-04 02:15,7615453
2026-01-04 02:30,7615453
2026-01-04 02:45,7615453
2026-01-04 03:00,7615453
2026-01-04 03:15,7615453
2026-01-04 03:30,7615453
2026-01-04 03:45,7615493
2026-01-04 04:00,7615493
2026-01-04 04:15,7615570
2026-01-04 04:30,7615570
2026-01-04 04:45,7615570
2026-01-04 05:00,7615570
2026-01-04 05:15,7615570
2026-01-04 05:30,7615570
2026-01-04 05:45,7615610
2026-01-04 06:00,7615610
2026-01-04 06:15,7615613
2026-01-04 06:30,7615613
2026-01-04 06:45,7615613
2026-01-04 07:00,7615613
2026-01-04 07:15,7615613
2026-01-04 07:30,7615613
2026-01-04 07:45,7615650
2026-01-04 08:00,7615650
2026-01-04 08:15,7615650
2026-01-04 08:30,7615710
2026-01-04 08:45,7615830
2026-01-04 09:00,7615830
2026-01-04 09:15,7616380
2026-01-04 09:30,7617230
2026-01-04 09:45,7617256
2026-01-04 10:00,7617333
2026-01-04 10:15,7617343
2026-01-04 10:30,7617350
2026-01-04 10:45,7617353
2026-01-04 11:00,7617373
2026-01-04 11:15,7617373
2026-01-04 11:30,7617563
2026-01-04 11:45,7617800
2026-01-04 12:00,7617836
2026-01-04 12:15,7617840
2026-01-04 12:30,7618176
2026-01-04 12:45,7618240
2026-01-04 13:00,7618320
2026-01-04 13:15,7618330
2026-01-04 13:30,7618360
2026-01-04 13:45,7618366
2026-01-04 14:00,7618403
2026-01-04 14:15,7618403
2026-01-04 14:30,7618403
2026-01-04 14:45,7618403
2026-01-04 15:00,7618403
2026-01-04 15:15,7618403
2026-01-04 15:30,7618453
2026-01-04 15:45,7618523
2026-01-04 16:00,7618523
2026-01-04 16:15,7618523
2026-01-04 16:30,7618526
2026-01-04 16:45,7618563
2026-01-04 17:00,7618693
2026-01-04 17:15,7618723
2026-01-04 17:30,7618723
2026-01-04 17:45,7618773
2026-01-04 18:00,7618856
2026-01-04 18:15,7618926
2026-01-04 18:30,7618926
2026-01-04 18:45,7618926
2026-01-04 19:00,7619116
2026-01-04 19:15,7619130
2026-01-04 19:30,7619190
2026-01-04 19:45,7619190
2026-01-04 20:00,7619286
2026-01-04 20:15,7619296
2026-01-04 20:30,7619296
2026-01-04 20:45,7619363
2026-01-04 21:00,7619376
2026-01-04 21:15,7619393
2026-01-04 21:30,7619393
2026-01-04 21:45,7619423
2026-01-04 22:00,7619423
2026-01-04 22:15,7619460
2026-01-04 22:30,7619460
2026-01-04 22:45,7619460
2026-01-04 23:00,7619460
2026-01-04 23:15,7619510
2026-01-04 23:30,7619573
2026-01-04 23:45,7619573
2026-01-05 00:00,7619573
2026-01-05 00:15,7619573
2026-01-05 00:30,7619573
2026-01-05 00:45,7619573
2026-01-05 01:00,7619573
2026-01-05 01:15,7619573
2026-01-05 01:30,7619573
2026-01-05 01:45,7619606
2026-01-05 02:00,7619606
2026-01-05 02:15,7619606
2026-01-05 02:30,7619606
2026-01-05 02:45,7619606
2026-01-05 03:00,7619606
2026-01-05 03:15,7619606
2026-01-05 03:30,7619606
2026-01-05 03:45,7619606
2026-01-05 04:00,7619606
2026-01-05 04:15,7619606
2026-01-05 04:30,7619643
2026-01-05 04:45,7619683
2026-01-05 05:00,7619683
2026-01-05 05:15,7619683
2026-01-05 05:30,7619683
2026-01-05 05:45,7619683
2026-01-05 06:00,7619683
2026-01-05 06:15,7619683
2026-01-05 06:30,7619683
2026-01-05 06:45,7619683
2026-01-05 07:00,7619720
2026-01-05 07:15,7619720
2026-01-05 07:30,7619720
2026-01-05 07:45,7619720
2026-01-05 08:00,7619860
2026-01-05 08:15,7619880
2026-01-05 08:30,7619896
2026-01-05 08:45,7619896
2026-01-05 09:00,7619943
2026-01-05 09:15,7620336
2026-01-05 09:30,7620336
2026-01-05 09:45,7620336
2026-01-05 10:00,7620336
2026-01-05 10:15,7620336
2026-01-05 10:30,7620336
2026-01-05 10:45,7620336
2026-01-05 11:00,7620336
2026-01-05 11:15,7620336
2026-01-05 11:30,7620390
2026-01-05 11:45,7620483
2026-01-05 12:00,7620483
2026-01-05 12:15,7620483
2026-01-05 12:30,7620523
2026-01-05 12:45,7620523
2026-01-05 13:00,7620523
2026-01-05 13:15,7620523
2026-01-05 13:30,7620556
2026-01-05 13:45,7620613
2026-01-05 14:00,7620613
2026-01-05 14:15,7620613
2026-01-05 14:30,7620613
2026-01-05 14:45,7620613
2026-01-05 15:00,7620613
2026-01-05 15:15,7620650
2026-01-05 15:30,7620663
2026-01-05 15:45,7620663
2026-01-05 16:00,7620663
2026-01-05 16:15,7620663
2026-01-05 16:30,7620723
2026-01-05 16:45,7620723
2026-01-05 17:00,7620730
2026-01-05 17:15,7620783
2026-01-05 17:30,7620783
2026-01-05 17:45,7620783
2026-01-05 18:00,7620783
2026-01-05 18:15,7620783
2026-01-05 18:30,7620820
2026-01-05 18:45,7620820
2026-01-05 19:00,7620936
2026-01-05 19:15,7620936
2026-01-05 19:30,7620936
2026-01-05 19:45,7620996
2026-01-05 20:00,7620996
2026-01-05 20:15,7621003
2026-01-05 20:30,7621003
2026-01-05 20:45,7621043
2026-01-05 21:00,7621043
2026-01-05 21:15,7621050
2026-01-05 21:30,7621063
2026-01-05 21:45,7621063
2026-01-05 22:00,7621063
2026-01-05 22:15,7621106
2026-01-05 22:30,7621106
2026-01-05 22:45,7621160
2026-01-05 23:00,7621193
2026-01-05 23:15,7621193
2026-01-05 23:30,7621203
2026-01-05 23:45,7621203
2026-01-06 00:00,7621203
2026-01-06 00:15,7621403
2026-01-06 00:30,7621450
2026-01-06 00:45,7621453
2026-01-06 01:00,7621536
2026-01-06 01:15,7621536
2026-01-06 01:30,7621536
2026-01-06 01:45,7621536
2026-01-06 02:00,7621536
2026-01-06 02:15,7621536
2026-01-06 02:30,7621536
2026-01-06 02:45,7621536
2026-01-06 03:00,7621536
2026-01-06 03:15,7621536
2026-01-06 03:30,7621616
2026-01-06 03:45,7621616
2026-01-06 04:00,7621616
2026-01-06 04:15,7621616
2026-01-06 04:30,7621616
2026-01-06 04:45,7621616
2026-01-06 05:00,7621650
2026-01-06 05:15,7621650
2026-01-06 05:30,7621650
2026-01-06 05:45,7621650
2026-01-06 06:00,7621650
2026-01-06 06:15,7621650
2026-01-06 06:30,7621650
2026-01-06 06:45,7621650
2026-01-06 07:00,7621650
2026-01-06 07:15,7621650
2026-01-06 07:30,7621650
2026-01-06 07:45,7621650
2026-01-06 08:00,7621650
2026-01-06 08:15,7621650
2026-01-06 08:30,7621733
2026-01-06 08:45,7621770
2026-01-06 09:00,7621870
2026-01-06 09:15,7622556
2026-01-06 09:30,7622556
2026-01-06 09:45,7622590
2026-01-06 10:00,7622590
2026-01-06 10:15,7622590
2026-01-06 10:30,7622590
2026-01-06 10:45,7622590
2026-01-06 11:00,7622616
2026-01-06 11:15,7622630
2026-01-06 11:30,7622630
2026-01-06 11:45,7622666
2026-01-06 12:00,7622713
2026-01-06 12:15,7622713
2026-01-06 12:30,7622713
2026-01-06 12:45,7622713
2026-01-06 13:00,7622713
2026-01-06 13:15,7622713
2026-01-06 13:30,7622746
2026-01-06 13:45,7622830
2026-01-06 14:00,7622903
2026-01-06 14:15,7622903
2026-01-06 14:30,7622940
2026-01-06 14:45,7622946
2026-01-06 15:00,7622946
2026-01-06 15:15,7622950
2026-01-06 15:30,7622950
2026-01-06 15:45,7622950
2026-01-06 16:00,7622996
2026-01-06 16:15,7622996
2026-01-06 16:30,7622996
2026-01-06 16:45,7622996
2026-01-06 17:00,7622996
2026-01-06 17:15,7623063
2026-01-06 17:30,7623073
2026-01-06 17:45,7623106
2026-01-06 18:00,7623106
2026-01-06 18:15,7623106
2026-01-06 18:30,7623180
2026-01-06 18:45,7623270
2026-01-06 19:00,7623270
2026-01-06 19:15,7623270
2026-01-06 19:30,7623270
2026-01-06 19:45,7623270
2026-01-06 20:00,7623343
2026-01-06 20:15,7623343
2026-01-06 20:30,7623343
2026-01-06 20:45,7623380
2026-01-06 21:00,7623380
2026-01-06 21:15,7623380
2026-01-06 21:30,7623380
2026-01-06 21:45,7623380
2026-01-06 22:00,7623380
2026-01-06 22:15,7623386
2026-01-06 22:30,7623386
2026-01-06 22:45,7623390
2026-01-06 23:00,7623436
2026-01-06 23:15,7623436
2026-01-06 23:30,7623436
2026-01-06 23:45,7623436
2026-01-07 00:00,7623496
2026-01-07 00:15,7623496
2026-01-07 00:30,7623500
2026-01-07 00:45,7623600
2026-01-07 01:00,7623600
2026-01-07 01:15,7623600
2026-01-07 01:30,7623600
2026-01-07 01:45,7623643
2026-01-07 02:00,7623643
2026-01-07 02:15,7623643
2026-01-07 02:30,7623643
2026-01-07 02:45,0
2026-01-07 03:00,0
2026-01-07 03:15,0
2026-01-07 03:30,7623680
2026-01-07 03:45,7623680
2026-01-07 04:00,7623680
2026-01-07 04:15,7623680
2026-01-07 04:30,7623680
2026-01-07 04:45,7623680
2026-01-07 05:00,7623716
2026-01-07 05:15,7623716
2026-01-07 05:30,7623716
2026-01-07 05:45,0
2026-01-07 06:00,7623716
2026-01-07 06:15,7623716
2026-01-07 06:30,0
2026-01-07 06:45,0
2026-01-07 07:00,7623716
2026-01-07 07:15,7623716
2026-01-07 07:30,7623756
2026-01-07 07:45,7623756
2026-01-07 08:00,7623756
2026-01-07 08:15,7623756
2026-01-07 08:30,7623756
2026-01-07 08:45,7623756
2026-01-07 09:00,7623996
2026-01-07 09:15,7624616
2026-01-07 09:30,7624636
2026-01-07 09:45,7624733
2026-01-07 10:00,7624740
2026-01-07 10:15,7624746
2026-01-07 10:30,7624746
2026-01-07 10:45,7624780
2026-01-07 11:00,7624780
2026-01-07 11:15,7624780
2026-01-07 11:30,7624783
2026-01-07 11:45,7624783
2026-01-07 12:00,7624823
2026-01-07 12:15,7624823
2026-01-07 12:30,7624830
2026-01-07 12:45,7624926
2026-01-07 13:00,7624933
2026-01-07 13:15,7625016
2026-01-07 13:30,7625153
2026-01-07 13:45,7625280
2026-01-07 14:00,7625356
2026-01-07 14:15,7625516
2026-01-07 14:30,7625943
2026-01-07 14:45,7625943
2026-01-07 15:00,7625980
2026-01-07 15:15,7626140
2026-01-07 15:30,7626230
2026-01-07 15:45,7626276
2026-01-07 16:00,7626300
2026-01-07 16:15,7626300
2026-01-07 16:30,7626456
2026-01-07 16:45,7626486
2026-01-07 17:00,7626526
2026-01-07 17:15,7626606
2026-01-07 17:30,7626746
2026-01-07 17:45,7628830
2026-01-07 18:00,7629966
2026-01-07 18:15,7630256
2026-01-07 18:30,7630476
2026-01-07 18:45,7630530
2026-01-07 19:00,7630853
2026-01-07 19:15,7630936
2026-01-07 19:30,7630940
2026-01-07 19:45,7630940
2026-01-07 20:00,7630983
2026-01-07 20:15,7631016
2026-01-07 20:30,7631016
2026-01-07 20:45,7631016
2026-01-07 21:00,7631016
2026-01-07 21:15,7631016
2026-01-07 21:30,7631053
2026-01-07 21:45,7631053
2026-01-07 22:00,7631060
2026-01-07 22:15,7631090
2026-01-07 22:30,7631093
2026-01-07 22:45,7631096
2026-01-07 23:00,7631166
2026-01-07 23:15,7631166
2026-01-07 23:30,7631260
2026-01-07 23:45,7631373
2026-01-08 00:00,7631450
2026-01-08 00:15,7631480
2026-01-08 00:30,7631480
2026-01-08 00:45,7631490
2026-01-08 01:00,7631493
2026-01-08 01:15,0
2026-01-08 01:30,0
2026-01-08 01:45,7631543
2026-01-08 02:00,7631543
2026-01-08 02:15,7631543
2026-01-08 02:30,7631543
2026-01-08 02:45,7631543
2026-01-08 03:00,7631543
2026-01-08 03:15,7631543
2026-01-08 03:30,7631543
2026-01-08 03:45,7631543
2026-01-08 04:00,0
2026-01-08 04:15,0
2026-01-08 04:30,0
2026-01-08 04:45,0
2026-01-08 05:00,0
2026-01-08 05:15,0
2026-01-08 05:30,0
2026-01-08 05:45,0
2026-01-08 06:00,0
2026-01-08 06:15,7631616
2026-01-08 06:30,7631616
2026-01-08 06:45,7631616
2026-01-08 07:00,7631616
2026-01-08 07:15,7631616
2026-01-08 07:30,7631723
2026-01-08 07:45,7631723
2026-01-08 08:00,7631723
2026-01-08 08:15,7631766
2026-01-08 08:30,7631766
2026-01-08 08:45,7631793
2026-01-08 09:00,7632286
2026-01-08 09:15,7632646
2026-01-08 09:30,7632863
2026-01-08 09:45,7632980
2026-01-08 10:00,7633030
2026-01-08 10:15,7633030
2026-01-08 10:30,7633200
2026-01-08 10:45,7633396
2026-01-08 11:00,7633490
2026-01-08 11:15,7633536
2026-01-08 11:30,7633600
2026-01-08 11:45,7634066
2026-01-08 12:00,7634316
2026-01-08 12:15,7634316
2026-01-08 12:30,7634320
2026-01-08 12:45,7634443
2026-01-08 13:00,7634696
2026-01-08 13:15,7634696
2026-01-08 13:30,7634846
2026-01-08 13:45,7634863
2026-01-08 14:00,7634943
2026-01-08 14:15,7634993
2026-01-08 14:30,7635013
2026-01-08 14:45,7635046
2026-01-08 15:00,7635260
2026-01-08 15:15,7635533
2026-01-08 15:30,7635533
2026-01-08 15:45,7635663
2026-01-08 16:00,7635753
2026-01-08 16:15,7635796
2026-01-08 16:30,7635796
2026-01-08 16:45,7635796
2026-01-08 17:00,7635856
2026-01-08 17:15,7635860
2026-01-08 17:30,7635863
2026-01-08 17:45,7635863
2026-01-08 18:00,7635943
2026-01-08 18:15,7635986
2026-01-08 18:30,7636130
2026-01-08 18:45,7636193
2026-01-08 19:00,7636346
2026-01-08 19:15,7636356
2026-01-08 19:30,7636363
2026-01-08 19:45,7636680
2026-01-08 20:00,7636733
2026-01-08 20:15,7636736
2026-01-08 20:30,7636736
2026-01-08 20:45,7636736
2026-01-08 21:00,7636736
2026-01-08 21:15,7636736
2026-01-08 21:30,7636776
2026-01-08 21:45,7637000
2026-01-08 22:00,7637153
2026-01-08 22:15,7637243
2026-01-08 22:30,7637276
2026-01-08 22:45,7637276
2026-01-08 23:00,7637340
2026-01-08 23:15,7637343
2026-01-08 23:30,7637450
2026-01-08 23:45,7637450
2026-01-09 00:00,7637513
2026-01-09 00:15,7637513
2026-01-09 00:30,7637513
2026-01-09 00:45,7637513
2026-01-09 01:00,7637513
2026-01-09 01:15,7637513
2026-01-09 01:30,7637513
2026-01-09 01:45,7637513
2026-01-09 02:00,7637513
2026-01-09 02:15,7637553
2026-01-09 02:30,7637553
2026-01-09 02:45,7637553
2026-01-09 03:00,7637553
2026-01-09 03:15,7637553
2026-01-09 03:30,7637553
2026-01-09 03:45,7637553
2026-01-09 04:00,7637553
2026-01-09 04:15,7637593
2026-01-09 04:30,7637593
2026-01-09 04:45,7637593
2026-01-09 05:00,7637593
2026-01-09 05:15,7637593
2026-01-09 05:30,7637593
2026-01-09 05:45,7637633
2026-01-09 06:00,7637633
2026-01-09 06:15,7637633
2026-01-09 06:30,7637633
2026-01-09 06:45,7637633
2026-01-09 07:00,7637633
2026-01-09 07:15,7637633
2026-01-09 07:30,7637633
2026-01-09 07:45,7637963
2026-01-09 08:00,7638306
2026-01-09 08:15,7638333
2026-01-09 08:30,7638333
2026-01-09 08:45,7638333
2026-01-09 09:00,7638333
2026-01-09 09:15,7638373
2026-01-09 09:30,7638373
2026-01-09 09:45,7638373
2026-01-09 10:00,7638420
2026-01-09 10:15,7638430
2026-01-09 10:30,7638430
2026-01-09 10:45,7638473
2026-01-09 11:00,7638473
2026-01-09 11:15,7638480
2026-01-09 11:30,7638570
2026-01-09 11:45,7638573
2026-01-09 12:00,7638573
2026-01-09 12:15,7638573
2026-01-09 12:30,7638573
2026-01-09 12:45,7638610
2026-01-09 13:00,7638616
2026-01-09 13:15,7638616
2026-01-09 13:30,7638616
2026-01-09 13:45,7638616
2026-01-09 14:00,7638620
2026-01-09 14:15,7638750
2026-01-09 14:30,7638896
2026-01-09 14:45,7638896
2026-01-09 15:00,7638896
2026-01-09 15:15,7638896
2026-01-09 15:30,7638896
2026-01-09 15:45,7638896
2026-01-09 16:00,7638896
2026-01-09 16:15,7639086
2026-01-09 16:30,7639280
2026-01-09 16:45,7639280
2026-01-09 17:00,7639280
2026-01-09 17:15,7639280
2026-01-09 17:30,7639280
2026-01-09 17:45,7639280
2026-01-09 18:00,7639280
2026-01-09 18:15,7639280
2026-01-09 18:30,7639280
2026-01-09 18:45,7639280
2026-01-09 19:00,7639416
2026-01-09 19:15,7639416
2026-01-09 19:30,7639416
2026-01-09 19:45,7639490
2026-01-09 20:00,7639493
2026-01-09 20:15,7639493
2026-01-09 20:30,7639596
2026-01-09 20:45,7641483
2026-01-09 21:00,7641690
2026-01-09 21:15,7641896
2026-01-09 21:30,7641900
2026-01-09 21:45,7641900
2026-01-09 22:00,7642023
2026-01-09 22:15,7642170
2026-01-09 22:30,7642293
2026-01-09 22:45,7642496
2026-01-09 23:00,7642570
2026-01-09 23:15,7642570
2026-01-09 23:30,7642570
2026-01-09 23:45,7642836
2026-01-10 00:00,7642836
2026-01-10 00:15,7642836
2026-01-10 00:30,7642836
2026-01-10 00:45,7642836
2026-01-10 01:00,7642836
2026-01-10 01:15,7642836
2026-01-10 01:30,7642836
2026-01-10 01:45,7642836
2026-01-10 02:00,7642836
2026-01-10 02:15,7642836
2026-01-10 02:30,7642836
2026-01-10 02:45,7642836
2026-01-10 03:00,7642836
2026-01-10 03:15,7642836
2026-01-10 03:30,7642836
2026-01-10 03:45,7642836
2026-01-10 04:00,7642836
2026-01-10 04:15,7642906
2026-01-10 04:30,7642906
2026-01-10 04:45,7642906
2026-01-10 05:00,7642906
2026-01-10 05:15,7642906
2026-01-10 05:30,7642906
2026-01-10 05:45,7642906
2026-01-10 06:00,7642993
2026-01-10 06:15,7643033
2026-01-10 06:30,7643033
2026-01-10 06:45,7643033
2026-01-10 07:00,7643036
2026-01-10 07:15,7643036
2026-01-10 07:30,7643036
2026-01-10 07:45,7643036
2026-01-10 08:00,7643073
2026-01-10 08:15,7643073
2026-01-10 08:30,7643073
2026-01-10 08:45,7643073
2026-01-10 09:00,7643130
2026-01-10 09:15,7643520
2026-01-10 09:30,7643650
2026-01-10 09:45,7643823
2026-01-10 10:00,7643823
2026-01-10 10:15,7643823
2026-01-10 10:30,7643823
2026-01-10 10:45,7643823
2026-01-10 11:00,7643906
2026-01-10 11:15,7643960
2026-01-10 11:30,7644030
2026-01-10 11:45,7644120
2026-01-10 12:00,7644146
2026-01-10 12:15,7644146
2026-01-10 12:30,7644146
2026-01-10 12:45,7644163
2026-01-10 13:00,7644240
2026-01-10 13:15,7644286
2026-01-10 13:30,7644373
2026-01-10 13:45,7644420
2026-01-10 14:00,7644463
2026-01-10 14:15,7644500
2026-01-10 14:30,7644500
2026-01-10 14:45,7644500
2026-01-10 15:00,7644500
2026-01-10 15:15,7644606
2026-01-10 15:30,7644606
2026-01-10 15:45,7644670
2026-01-10 16:00,7644763
2026-01-10 16:15,7644840
2026-01-10 16:30,7644840
2026-01-10 16:45,7644840
2026-01-10 17:00,7644886
2026-01-10 17:15,7644950
2026-01-10 17:30,7644950
2026-01-10 17:45,7644983
2026-01-10 18:00,7645070
2026-01-10 18:15,7645093
2026-01-10 18:30,7645196
2026-01-10 18:45,7645196
2026-01-10 19:00,7645196
2026-01-10 19:15,7645203
2026-01-10 19:30,7645310
2026-01-10 19:45,7645323
2026-01-10 20:00,7645383
2026-01-10 20:15,7645453
2026-01-10 20:30,7645453
2026-01-10 20:45,7645493
2026-01-10 21:00,7645493
2026-01-10 21:15,7645520
2026-01-10 21:30,7645553
2026-01-10 21:45,7645626
2026-01-10 22:00,7645626
2026-01-10 22:15,7645636
2026-01-10 22:30,7645663
2026-01-10 22:45,7645703
2026-01-10 23:00,7645703
2026-01-10 23:15,7645763
2026-01-10 23:30,7645763
2026-01-10 23:45,7645776
2026-01-11 00:00,7645876
2026-01-11 00:15,7645876
2026-01-11 00:30,7645876
2026-01-11 00:45,7645876
2026-01-11 01:00,7645876
2026-01-11 01:15,7645876
2026-01-11 01:30,7645876
2026-01-11 01:45,7645876
2026-01-11 02:00,7645876
2026-01-11 02:15,7645876
2026-01-11 02:30,7645876
2026-01-11 02:45,7645913
2026-01-11 03:00,7645913
2026-01-11 03:15,7645913
2026-01-11 03:30,7645913
2026-01-11 03:45,7645913
2026-01-11 04:00,7645913
2026-01-11 04:15,7645913
2026-01-11 04:30,7645913
2026-01-11 04:45,7645913
2026-01-11 05:00,7645913
2026-01-11 05:15,7645913
2026-01-11 05:30,7645913
2026-01-11 05:45,7645913
2026-01-11 06:00,7645986
2026-01-11 06:15,7645986
2026-01-11 06:30,7645986
2026-01-11 06:45,7645986
2026-01-11 07:00,7645986
2026-01-11 07:15,7645986
2026-01-11 07:30,7645986
2026-01-11 07:45,7645986
2026-01-11 08:00,7645986
2026-01-11 08:15,7646063
2026-01-11 08:30,7646063
2026-01-11 08:45,7646780
2026-01-11 09:00,7646823
2026-01-11 09:15,7646966
2026-01-11 09:30,7646993
2026-01-11 09:45,7647133
2026-01-11 10:00,7647290
2026-01-11 10:15,7647296
2026-01-11 10:30,7647453
2026-01-11 10:45,7647453
2026-01-11 11:00,7647676
2026-01-11 11:15,7647676
2026-01-11 11:30,7648183
2026-01-11 11:45,7648373
2026-01-11 12:00,7648493
2026-01-11 12:15,7648530
2026-01-11 12:30,7648530
2026-01-11 12:45,7648530
2026-01-11 13:00,7648543
2026-01-11 13:15,7648580
2026-01-11 13:30,7648600
2026-01-11 13:45,7648623
2026-01-11 14:00,7648623
2026-01-11 14:15,7648660
2026-01-11 14:30,7648663
2026-01-11 14:45,7648766
2026-01-11 15:00,7648790
2026-01-11 15:15,7648886
2026-01-11 15:30,7648946
2026-01-11 15:45,7648950
2026-01-11 16:00,7649010
2026-01-11 16:15,7649123
2026-01-11 16:30,7649160
2026-01-11 16:45,7649180
2026-01-11 17:00,7649180
2026-01-11 17:15,7649210
2026-01-11 17:30,7649383
2026-01-11 17:45,7649446
2026-01-11 18:00,7649510
2026-01-11 18:15,7649810
2026-01-11 18:30,7650066
2026-01-11 18:45,7650133
2026-01-11 19:00,7650446
2026-01-11 19:15,7650510
2026-01-11 19:30,7650600
2026-01-11 19:45,7650726
2026-01-11 20:00,7650846
2026-01-11 20:15,7650866
2026-01-11 20:30,7650870
2026-01-11 20:45,7650886
2026-01-11 21:00,7650886
2026-01-11 21:15,7650913
2026-01-11 21:30,7651003
2026-01-11 21:45,7651010
2026-01-11 22:00,7651073
2026-01-11 22:15,7651073
2026-01-11 22:30,7651073
2026-01-11 22:45,7651073
2026-01-11 23:00,7651123
2026-01-11 23:15,7651130
2026-01-11 23:30,7651240
2026-01-11 23:45,7651240
2026-01-12 00:00,7651240
2026-01-12 00:15,7651240
2026-01-12 00:30,7651240
2026-01-12 00:45,7651240
2026-01-12 01:00,7651240
2026-01-12 01:15,7651240
2026-01-12 01:30,7651240
2026-01-12 01:45,7651240
2026-01-12 02:00,7651240
2026-01-12 02:15,7651276
2026-01-12 02:30,7651276
2026-01-12 02:45,7651276
2026-01-12 03:00,7651276
2026-01-12 03:15,7651276
2026-01-12 03:30,7651276
2026-01-12 03:45,7651276
2026-01-12 04:00,7651276
2026-01-12 04:15,7651276
2026-01-12 04:30,7651276
2026-01-12 04:45,7651276
2026-01-12 05:00,7651313
2026-01-12 05:15,7651353
2026-01-12 05:30,7651353
2026-01-12 05:45,7651353
2026-01-12 06:00,7651353
2026-01-12 06:15,7651353
2026-01-12 06:30,7651430
2026-01-12 06:45,7651430
2026-01-12 07:00,7651430
2026-01-12 07:15,7651476
2026-01-12 07:30,7651476
2026-01-12 07:45,7652046
2026-01-12 08:00,7652090
2026-01-12 08:15,7652110
2026-01-12 08:30,7652140
2026-01-12 08:45,7652146
2026-01-12 09:00,7652150
2026-01-12 09:15,7652166
2026-01-12 09:30,7652166
2026-01-12 09:45,7652206
2026-01-12 10:00,7652206
2026-01-12 10:15,7652206
2026-01-12 10:30,7652206
2026-01-12 10:45,7652283
2026-01-12 11:00,7652283
2026-01-12 11:15,7652410
2026-01-12 11:30,7652470
2026-01-12 11:45,7652473
2026-01-12 12:00,7652503
2026-01-12 12:15,7652526
2026-01-12 12:30,7652526
2026-01-12 12:45,7652526
2026-01-12 13:00,7652526
2026-01-12 13:15,7652566
2026-01-12 13:30,7652566
2026-01-12 13:45,7652610
2026-01-12 14:00,7652646
2026-01-12 14:15,7652646
2026-01-12 14:30,7652646
2026-01-12 14:45,7652646
2026-01-12 15:00,7652646
2026-01-12 15:15,7652646
2026-01-12 15:30,7652646
2026-01-12 15:45,7652646
2026-01-12 16:00,7652680
2026-01-12 16:15,7652690
2026-01-12 16:30,7652690
2026-01-12 16:45,7652723
2026-01-12 17:00,7652726
2026-01-12 17:15,7652726
2026-01-12 17:30,7652726
2026-01-12 17:45,7652726
2026-01-12 18:00,7652820
2026-01-12 18:15,7652820
2026-01-12 18:30,7652900
2026-01-12 18:45,7652906
2026-01-12 19:00,7652906
2026-01-12 19:15,7652906
2026-01-12 19:30,7652936
2026-01-12 19:45,7652936
2026-01-12 20:00,7652986
2026-01-12 20:15,7653060
2026-01-12 20:30,7653060
2026-01-12 20:45,7653060
2026-01-12 21:00,7653060
2026-01-12 21:15,7653060
2026-01-12 21:30,7653060
2026-01-12 21:45,7653060
2026-01-12 22:00,7653060
2026-01-12 22:15,7653060
2026-01-12 22:30,7653060
2026-01-12 22:45,7653060
2026-01-12 23:00,7653123
2026-01-12 23:15,7653123
2026-01-12 23:30,7653123
2026-01-12 23:45,7653123
2026-01-13 00:00,7653123
2026-01-13 00:15,7653236
2026-01-13 00:30,7653243
2026-01-13 00:45,7653293
2026-01-13 01:00,7653393
2026-01-13 01:15,7653393
2026-01-13 01:30,7653393
2026-01-13 01:45,7653393
2026-01-13 02:00,7653393
2026-01-13 02:15,7653430
2026-01-13 02:30,7653430
2026-01-13 02:45,7653430
2026-01-13 03:00,7653430
2026-01-13 03:15,7653430
2026-01-13 03:30,7653430
2026-01-13 03:45,0
2026-01-13 04:00,7653430
2026-01-13 04:15,7653430
2026-01-13 04:30,7653430
2026-01-13 04:45,7653430
2026-01-13 05:00,7653430
2026-01-13 05:15,7653430
2026-01-13 05:30,7653473
2026-01-13 05:45,7653473
2026-01-13 06:00,7653473
2026-01-13 06:15,7653473
2026-01-13 06:30,7653473
2026-01-13 06:45,7653473
2026-01-13 07:00,7653473
2026-01-13 07:15,7653513
2026-01-13 07:30,7653513
2026-01-13 07:45,7653513
2026-01-13 08:00,7653553
2026-01-13 08:15,7653553
2026-01-13 08:30,7653633
2026-01-13 08:45,7653633
2026-01-13 09:00,7653633
2026-01-13 09:15,7653773
2026-01-13 09:30,7654550
2026-01-13 09:45,7654550
2026-01-13 10:00,7654550
2026-01-13 10:15,7654556
2026-01-13 10:30,7654556
2026-01-13 10:45,7654556
2026-01-13 11:00,7654556
2026-01-13 11:15,7654556
2026-01-13 11:30,7654556
2026-01-13 11:45,7654556
2026-01-13 12:00,7654556
2026-01-13 12:15,7654556
2026-01-13 12:30,7654616
2026-01-13 12:45,7654616
2026-01-13 13:00,7654620
2026-01-13 13:15,7654620
2026-01-13 13:30,7654620
2026-01-13 13:45,7654620
2026-01-13 14:00,7654620
2026-01-13 14:15,7654620
2026-01-13 14:30,7654626
2026-01-13 14:45,7654700
2026-01-13 15:00,7654733
2026-01-13 15:15,7654773
2026-01-13 15:30,7654773
2026-01-13 15:45,7654806
2026-01-13 16:00,7654806
2026-01-13 16:15,7654810
2026-01-13 16:30,7654823
2026-01-13 16:45,7654873
2026-01-13 17:00,7654873
2026-01-13 17:15,7654873
2026-01-13 17:30,7654873
2026-01-13 17:45,7654873
2026-01-13 18:00,7654900
2026-01-13 18:15,7654906
2026-01-13 18:30,7654960
2026-01-13 18:45,7654976
2026-01-13 19:00,7655083
2026-01-13 19:15,7655180
2026-01-13 19:30,7655260
2026-01-13 19:45,7655260
2026-01-13 20:00,7655290
2026-01-13 20:15,7655303
2026-01-13 20:30,7655303
2026-01-13 20:45,7655303
2026-01-13 21:00,7655303
2026-01-13 21:15,7655306
2026-01-13 21:30,7655306
2026-01-13 21:45,7655306
2026-01-13 22:00,7655306
2026-01-13 22:15,7655313
2026-01-13 22:30,7655313
2026-01-13 22:45,7655356
2026-01-13 23:00,7655366
2026-01-13 23:15,7655366
2026-01-13 23:30,7655366
2026-01-13 23:45,7655486
2026-01-14 00:00,7655486
2026-01-14 00:15,7655486
2026-01-14 00:30,7655486
2026-01-14 00:45,7655486
2026-01-14 01:00,7655486
2026-01-14 01:15,7655486
2026-01-14 01:30,7655486
2026-01-14 01:45,7655486
2026-01-14 02:00,7655486
2026-01-14 02:15,7655493
2026-01-14 02:30,7655493
2026-01-14 02:45,7655566
2026-01-14 03:00,7655566
2026-01-14 03:15,7655583
2026-01-14 03:30,7655623
2026-01-14 03:45,7655623
2026-01-14 04:00,7655623
2026-01-14 04:15,7655623
2026-01-14 04:30,7655623
2026-01-14 04:45,7655623
2026-01-14 05:00,7655623
2026-01-14 05:15,7655623
2026-01-14 05:30,7655623
2026-01-14 05:45,7655623
2026-01-14 06:00,7655623
2026-01-14 06:15,7655660
2026-01-14 06:30,7655660
2026-01-14 06:45,7655660
2026-01-14 07:00,7655660
2026-01-14 07:15,7655660
2026-01-14 07:30,7655696
2026-01-14 07:45,7655696
2026-01-14 08:00,7656333
2026-01-14 08:15,7656343
2026-01-14 08:30,7656343
2026-01-14 08:45,7656343
2026-01-14 09:00,7656343
2026-01-14 09:15,7656343
2026-01-14 09:30,7656343
2026-01-14 09:45,7656380
2026-01-14 10:00,7656826
2026-01-14 10:15,7656916
2026-01-14 10:30,7656916
2026-01-14 10:45,7657043
2026-01-14 11:00,7657043
2026-01-14 11:15,7657043
2026-01-14 11:30,7657136
2026-01-14 11:45,7657196
2026-01-14 12:00,7657220
2026-01-14 12:15,7657223
2026-01-14 12:30,7657270
2026-01-14 12:45,7657270
2026-01-14 13:00,7657330
2026-01-14 13:15,7657380
2026-01-14 13:30,7657596
2026-01-14 13:45,7657810
2026-01-14 14:00,7657820
2026-01-14 14:15,7657906
2026-01-14 14:30,7658056
2026-01-14 14:45,7658123
2026-01-14 15:00,7658200
2026-01-14 15:15,7658210
2026-01-14 15:30,7658210
2026-01-14 15:45,7658296
2026-01-14 16:00,7658300
2026-01-14 16:15,7658300
2026-01-14 16:30,7658310
2026-01-14 16:45,7658400
2026-01-14 17:00,7658413
2026-01-14 17:15,7658423
2026-01-14 17:30,7658503
2026-01-14 17:45,7658503
2026-01-14 18:00,7658573
2026-01-14 18:15,7658573
2026-01-14 18:30,7658573
2026-01-14 18:45,7658610
2026-01-14 19:00,7658673
2026-01-14 19:15,7658673
2026-01-14 19:30,7659620
2026-01-14 19:45,7660453
2026-01-14 20:00,7660693
2026-01-14 20:15,7660723
2026-01-14 20:30,7660723
2026-01-14 20:45,7660723
2026-01-14 21:00,7660760
2026-01-14 21:15,7660793
2026-01-14 21:30,7660793
2026-01-14 21:45,7660813
2026-01-14 22:00,7661020
2026-01-14 22:15,7661183
2026-01-14 22:30,7661183
2026-01-14 22:45,7662200
2026-01-14 23:00,7663493
2026-01-14 23:15,7663546
2026-01-14 23:30,7663546
2026-01-14 23:45,7663546
2026-01-15 00:00,7663546
2026-01-15 00:15,7663546
2026-01-15 00:30,7663550
2026-01-15 00:45,7663583
2026-01-15 01:00,7663583
2026-01-15 01:15,7663640
2026-01-15 01:30,7663680
2026-01-15 01:45,7663680
2026-01-15 02:00,7663680
2026-01-15 02:15,7663680
2026-01-15 02:30,7663680
2026-01-15 02:45,7663680
2026-01-15 03:00,7663716
2026-01-15 03:15,7663716
2026-01-15 03:30,7663716
2026-01-15 03:45,7663716
2026-01-15 04:00,7663716
2026-01-15 04:15,7663716
2026-01-15 04:30,7663750
2026-01-15 04:45,7663750
2026-01-15 05:00,7663790
2026-01-15 05:15,7663790
2026-01-15 05:30,7663790
2026-01-15 05:45,7663790
2026-01-15 06:00,7663790
2026-01-15 06:15,7663790
2026-01-15 06:30,7663790
2026-01-15 06:45,7663790
2026-01-15 07:00,7663790
2026-01-15 07:15,7663790
2026-01-15 07:30,7663830
2026-01-15 07:45,7663830
2026-01-15 08:00,7663830
2026-01-15 08:15,7663870
2026-01-15 08:30,7664476
2026-01-15 08:45,7664550
2026-01-15 09:00,7664550
2026-01-15 09:15,7664850
2026-01-15 09:30,7664870
2026-01-15 09:45,7664873
2026-01-15 10:00,7665223
2026-01-15 10:15,7665223
2026-01-15 10:30,7665223
2026-01-15 10:45,7665243
2026-01-15 11:00,7665243
2026-01-15 11:15,7665293
2026-01-15 11:30,7665443
2026-01-15 11:45,7665513
2026-01-15 12:00,7665536
2026-01-15 12:15,7665616
2026-01-15 12:30,7665623
2026-01-15 12:45,7665666
2026-01-15 13:00,7665666
2026-01-15 13:15,7665666
2026-01-15 13:30,7665666
2026-01-15 13:45,7665733
2026-01-15 14:00,7665786
2026-01-15 14:15,7665786
2026-01-15 14:30,7665803
2026-01-15 14:45,7665840
2026-01-15 15:00,7665850
2026-01-15 15:15,7665886
2026-01-15 15:30,7665886
2026-01-15 15:45,7665886
2026-01-15 16:00,7665886
2026-01-15 16:15,7665920
2026-01-15 16:30,7665986
2026-01-15 16:45,7666050
2026-01-15 17:00,7666050
2026-01-15 17:15,7666120
2026-01-15 17:30,7666120
2026-01-15 17:45,7666183
2026-01-15 18:00,7666280
2026-01-15 18:15,7666570
2026-01-15 18:30,7666570
2026-01-15 18:45,7666570
2026-01-15 19:00,7666640
2026-01-15 19:15,7666803
2026-01-15 19:30,7666836
2026-01-15 19:45,7666836
2026-01-15 20:00,7666896
2026-01-15 20:15,7667130
2026-01-15 20:30,7667353
2026-01-15 20:45,7667386
2026-01-15 21:00,7667393
2026-01-15 21:15,7667450
2026-01-15 21:30,7669096
2026-01-15 21:45,7669906
2026-01-15 22:00,7669906
2026-01-15 22:15,7669946
2026-01-15 22:30,7669946
2026-01-15 22:45,7670133
2026-01-15 23:00,7670136
2026-01-15 23:15,7670136
2026-01-15 23:30,7670190
2026-01-15 23:45,7670270
2026-01-16 00:00,7670303
2026-01-16 00:15,7670306
2026-01-16 00:30,7670306
2026-01-16 00:45,7670306
2026-01-16 01:00,7670423
2026-01-16 01:15,7670423
2026-01-16 01:30,7670446
2026-01-16 01:45,7670453
2026-01-16 02:00,7670453
2026-01-16 02:15,7670453
2026-01-16 02:30,7670526
2026-01-16 02:45,7670526
2026-01-16 03:00,7670526
2026-01-16 03:15,7670526
2026-01-16 03:30,7670570
2026-01-16 03:45,7670570
2026-01-16 04:00,7670570
2026-01-16 04:15,7670570
2026-01-16 04:30,7670570
2026-01-16 04:45,7670570
2026-01-16 05:00,7670570
2026-01-16 05:15,7670570
2026-01-16 05:30,7670570
2026-01-16 05:45,7670610
2026-01-16 06:00,7670610
2026-01-16 06:15,7670690
2026-01-16 06:30,7670690
2026-01-16 06:45,7670730
2026-01-16 07:00,7670730
2026-01-16 07:15,7670730
2026-01-16 07:30,7670746
2026-01-16 07:45,7670746
2026-01-16 08:00,7670746
2026-01-16 08:15,7670830
2026-01-16 08:30,7670840
2026-01-16 08:45,7670840
2026-01-16 09:00,7670843
2026-01-16 09:15,7671400
2026-01-16 09:30,7671436
2026-01-16 09:45,7671530
2026-01-16 10:00,7671536
2026-01-16 10:15,7671646
2026-01-16 10:30,7671696
2026-01-16 10:45,7671770
2026-01-16 11:00,7671770
2026-01-16 11:15,7671770
2026-01-16 11:30,7671786
2026-01-16 11:45,7671800
2026-01-16 12:00,7671830
2026-01-16 12:15,7671886
2026-01-16 12:30,7672076
2026-01-16 12:45,7672290
2026-01-16 13:00,7672303
2026-01-16 13:15,7672303
2026-01-16 13:30,7672303
2026-01-16 13:45,7672480
2026-01-16 14:00,7672480
2026-01-16 14:15,7672496
2026-01-16 14:30,7672500
2026-01-16 14:45,7672556
2026-01-16 15:00,7672600
2026-01-16 15:15,7672600
2026-01-16 15:30,7672823
2026-01-16 15:45,7672983
2026-01-16 16:00,7672983
2026-01-16 16:15,7673086
2026-01-16 16:30,7673086
2026-01-16 16:45,7673086
2026-01-16 17:00,7673086
2026-01-16 17:15,7673086
2026-01-16 17:30,7673136
2026-01-16 17:45,7673210
2026-01-16 18:00,7673210
2026-01-16 18:15,7673213
2026-01-16 18:30,7673220
2026-01-16 18:45,7673263
2026-01-16 19:00,7673306
2026-01-16 19:15,7673583
2026-01-16 19:30,7673796
2026-01-16 19:45,7673796
2026-01-16 20:00,7673796
2026-01-16 20:15,7673833
2026-01-16 20:30,7673916
2026-01-16 20:45,7673996
2026-01-16 21:00,7673996
2026-01-16 21:15,7674000
2026-01-16 21:30,7674000
2026-01-16 21:45,7674040
2026-01-16 22:00,7674040
2026-01-16 22:15,7674040
2026-01-16 22:30,7674040
2026-01-16 22:45,7674040
2026-01-16 23:00,7674056
2026-01-16 23:15,7674056
2026-01-16 23:30,7674056
2026-01-16 23:45,7674093
2026-01-17 00:00,7674103
2026-01-17 00:15,7674156
2026-01-17 00:30,7674156
2026-01-17 00:45,7674156
2026-01-17 01:00,7674156
2026-01-17 01:15,7674156
2026-01-17 01:30,7674156
2026-01-17 01:45,7674156
2026-01-17 02:00,7674156
2026-01-17 02:15,7674240
2026-01-17 02:30,7674240
2026-01-17 02:45,7674240
2026-01-17 03:00,7674240
2026-01-17 03:15,7674240
2026-01-17 03:30,7674240
2026-01-17 03:45,7674240
2026-01-17 04:00,7674240
2026-01-17 04:15,7674276
2026-01-17 04:30,7674276
2026-01-17 04:45,7674276
2026-01-17 05:00,7674276
2026-01-17 05:15,7674276
2026-01-17 05:30,7674276
2026-01-17 05:45,7674276
2026-01-17 06:00,7674276
2026-01-17 06:15,7674276
2026-01-17 06:30,7674276
2026-01-17 06:45,7674276
2026-01-17 07:00,7674276
2026-01-17 07:15,7674276
2026-01-17 07:30,7674660
2026-01-17 07:45,7674693
2026-01-17 08:00,7674693
2026-01-17 08:15,7674693
2026-01-17 08:30,7674693
2026-01-17 08:45,7674743
2026-01-17 09:00,7674743
2026-01-17 09:15,7674743
2026-01-17 09:30,7674743
2026-01-17 09:45,7674746
2026-01-17 10:00,7674830
2026-01-17 10:15,7674830
2026-01-17 10:30,7674830
2026-01-17 10:45,7674930
2026-01-17 11:00,7674946
2026-01-17 11:15,7674946
2026-01-17 11:30,7674980
2026-01-17 11:45,7675013
2026-01-17 12:00,7675073
2026-01-17 12:15,7675106
2026-01-17 12:30,7675106
2026-01-17 12:45,7675106
2026-01-17 13:00,7675106
2026-01-17 13:15,7675120
2026-01-17 13:30,7675120
2026-01-17 13:45,7675120
2026-01-17 14:00,7675210
2026-01-17 14:15,7675210
2026-01-17 14:30,7675210
2026-01-17 14:45,7675213
2026-01-17 15:00,7675263
2026-01-17 15:15,7675263
2026-01-17 15:30,7675263
2026-01-17 15:45,7675263
2026-01-17 16:00,7675263
2026-01-17 16:15,7675280
2026-01-17 16:30,7675356
2026-01-17 16:45,7675356
2026-01-17 17:00,7675356
2026-01-17 17:15,7675356
2026-01-17 17:30,7675436
2026-01-17 17:45,7675473
2026-01-17 18:00,7675496
2026-01-17 18:15,7675496
2026-01-17 18:30,7675500
2026-01-17 18:45,7675500
2026-01-17 19:00,7675500
2026-01-17 19:15,7675500
2026-01-17 19:30,7675500
2026-01-17 19:45,7675500
2026-01-17 20:00,7675586
2026-01-17 20:15,7675590
2026-01-17 20:30,7675626
2026-01-17 20:45,7675626
2026-01-17 21:00,7675626
2026-01-17 21:15,7675626
2026-01-17 21:30,7675626
2026-01-17 21:45,7675626
2026-01-17 22:00,7675630
2026-01-17 22:15,7675630
2026-01-17 22:30,7675633
2026-01-17 22:45,7675703
2026-01-17 23:00,7675720
2026-01-17 23:15,7675720
2026-01-17 23:30,7675776
2026-01-17 23:45,7675776
2026-01-18 00:00,7675776
2026-01-18 00:15,7675776
2026-01-18 00:30,7675776
2026-01-18 00:45,7675776
2026-01-18 01:00,7675776
2026-01-18 01:15,7675776
2026-01-18 01:30,7675776
2026-01-18 01:45,7675776
2026-01-18 02:00,7675813
2026-01-18 02:15,7675813
2026-01-18 02:30,7675813
2026-01-18 02:45,7675813
2026-01-18 03:00,7675813
2026-01-18 03:15,7675813
2026-01-18 03:30,7675813
2026-01-18 03:45,7675813
2026-01-18 04:00,7675813
2026-01-18 04:15,7675813
2026-01-18 04:30,7675813
2026-01-18 04:45,7675813
2026-01-18 05:00,7675813
2026-01-18 05:15,7675813
2026-01-18 05:30,7675813
2026-01-18 05:45,7675813
2026-01-18 06:00,7675846
2026-01-18 06:15,7675846
2026-01-18 06:30,7675846
2026-01-18 06:45,7675850
2026-01-18 07:00,7675886
2026-01-18 07:15,7675886
2026-01-18 07:30,7675886
2026-01-18 07:45,7675886
2026-01-18 08:00,7675886
2026-01-18 08:15,7675886
2026-01-18 08:30,7675886
2026-01-18 08:45,7675886
2026-01-18 09:00,7675886
2026-01-18 09:15,7676353
2026-01-18 09:30,7676390
2026-01-18 09:45,7676390
2026-01-18 10:00,7676390
2026-01-18 10:15,7676426
2026-01-18 10:30,7676426
2026-01-18 10:45,7676426
2026-01-18 11:00,7676426
2026-01-18 11:15,7676430
2026-01-18 11:30,7676430
2026-01-18 11:45,7676470
2026-01-18 12:00,7677126
2026-01-18 12:15,7677133
2026-01-18 12:30,7677193
2026-01-18 12:45,7677193
2026-01-18 13:00,7677230
2026-01-18 13:15,7677230
2026-01-18 13:30,7677230
2026-01-18 13:45,7677230
2026-01-18 14:00,7677230
2026-01-18 14:15,7677263
2026-01-18 14:30,7677263
2026-01-18 14:45,7677263
2026-01-18 15:00,7677300
2026-01-18 15:15,7677300
2026-01-18 15:30,7677333
2026-01-18 15:45,7677336
2026-01-18 16:00,7677430
2026-01-18 16:15,7677483
2026-01-18 16:30,7677483
2026-01-18 16:45,7677500
2026-01-18 17:00,7677533
2026-01-18 17:15,7677536
2026-01-18 17:30,7677536
2026-01-18 17:45,7677536
2026-01-18 18:00,7677650
2026-01-18 18:15,7677730
2026-01-18 18:30,7677730
2026-01-18 18:45,7677730
2026-01-18 19:00,7677730
2026-01-18 19:15,7677730
2026-01-18 19:30,7677763
2026-01-18 19:45,7677763
2026-01-18 20:00,7677763
2026-01-18 20:15,7677770
2026-01-18 20:30,7677770
2026-01-18 20:45,7677770
2026-01-18 21:00,7677770
2026-01-18 21:15,7677806
2026-01-18 21:30,7677806
2026-01-18 21:45,7677806
2026-01-18 22:00,7677806
2026-01-18 22:15,7677806
2026-01-18 22:30,7677806
2026-01-18 22:45,7677846
2026-01-18 23:00,7677893
2026-01-18 23:15,7677893
2026-01-18 23:30,7677936
2026-01-18 23:45,7678006
2026-01-19 00:00,7678006
2026-01-19 00:15,7678166
2026-01-19 00:30,7678166
2026-01-19 00:45,7678166
2026-01-19 01:00,7678196
2026-01-19 01:15,7678196
2026-01-19 01:30,7678196
2026-01-19 01:45,7678196
2026-01-19 02:00,7678196
2026-01-19 02:15,7678240
2026-01-19 02:30,7678240
2026-01-19 02:45,7678276
2026-01-19 03:00,7678276
2026-01-19 03:15,7678276
2026-01-19 03:30,7678276
2026-01-19 03:45,7678276
2026-01-19 04:00,7678276
2026-01-19 04:15,7678276
2026-01-19 04:30,7678276
2026-01-19 04:45,7678276
2026-01-19 05:00,7678276
2026-01-19 05:15,7678276
2026-01-19 05:30,7678276
2026-01-19 05:45,7678276
2026-01-19 06:00,7678276
2026-01-19 06:15,7678276
2026-01-19 06:30,7678276
2026-01-19 06:45,7678313
2026-01-19 07:00,7678313
2026-01-19 07:15,7678313
2026-01-19 07:30,7678350
2026-01-19 07:45,7678350
2026-01-19 08:00,7678350
2026-01-19 08:15,7678350
2026-01-19 08:30,7678350
2026-01-19 08:45,7678940
2026-01-19 09:00,7678966
2026-01-19 09:15,7678966
2026-01-19 09:30,7679006
2026-01-19 09:45,7679006
2026-01-19 10:00,7679010
2026-01-19 10:15,7679010
2026-01-19 10:30,7679010
2026-01-19 10:45,7679056
2026-01-19 11:00,7679180
2026-01-19 11:15,7679180
2026-01-19 11:30,7679180
2026-01-19 11:45,7679180
2026-01-19 12:00,7679180
2026-01-19 12:15,7679180
2026-01-19 12:30,7679180
2026-01-19 12:45,7679180
2026-01-19 13:00,7679180
2026-01-19 13:15,7679180
2026-01-19 13:30,7679180
2026-01-19 13:45,7679180
2026-01-19 14:00,7679180
2026-01-19 14:15,7679180
2026-01-19 14:30,7679180
2026-01-19 14:45,7679180
2026-01-19 15:00,7679180
2026-01-19 15:15,7679180
2026-01-19 15:30,7679180
2026-01-19 15:45,7679280
2026-01-19 16:00,7679280
2026-01-19 16:15,7679280
2026-01-19 16:30,7679280
2026-01-19 16:45,7679280
2026-01-19 17:00,7679280
2026-01-19 17:15,7679280
2026-01-19 17:30,7679313
2026-01-19 17:45,7679313
2026-01-19 18:00,7679356
2026-01-19 18:15,7679356
2026-01-19 18:30,7679363
2026-01-19 18:45,7679406
2026-01-19 19:00,7679440
2026-01-19 19:15,7679446
2026-01-19 19:30,7679446
2026-01-19 19:45,7679446
2026-01-19 20:00,7679446
2026-01-19 20:15,7679446
2026-01-19 20:30,7679446
2026-01-19 20:45,7679446
2026-01-19 21:00,7679486
2026-01-19 21:15,7679486
2026-01-19 21:30,7679486
2026-01-19 21:45,7679486
2026-01-19 22:00,7679486
2026-01-19 22:15,7679493
2026-01-19 22:30,7679493
2026-01-19 22:45,7679493
2026-01-19 23:00,7679580
2026-01-19 23:15,7679580
2026-01-19 23:30,7679580
2026-01-19 23:45,7679580
2026-01-20 00:00,7679593
2026-01-20 00:15,7679626
2026-01-20 00:30,7679726
2026-01-20 00:45,7679726
2026-01-20 01:00,7679726
2026-01-20 01:15,7679726
2026-01-20 01:30,7679726
2026-01-20 01:45,7679770
2026-01-20 02:00,7679770
2026-01-20 02:15,7679770
2026-01-20 02:30,7679770
2026-01-20 02:45,7679770
2026-01-20 03:00,7679770
2026-01-20 03:15,7679770
2026-01-20 03:30,7679770
2026-01-20 03:45,7679770
2026-01-20 04:00,7679770
2026-01-20 04:15,7679800
2026-01-20 04:30,7679840
2026-01-20 04:45,7679840
2026-01-20 05:00,7679840
2026-01-20 05:15,7679840
2026-01-20 05:30,7679840
2026-01-20 05:45,7679840
2026-01-20 06:00,7679840
2026-01-20 06:15,7679840
2026-01-20 06:30,7679840
2026-01-20 06:45,7679840
2026-01-20 07:00,7679840
2026-01-20 07:15,7679840
2026-01-20 07:30,7679840
2026-01-20 07:45,7679840
2026-01-20 08:00,7679876
2026-01-20 08:15,7679876
2026-01-20 08:30,7679876
2026-01-20 08:45,7679916
2026-01-20 09:00,7680766
2026-01-20 09:15,7680780
2026-01-20 09:30,7680780
2026-01-20 09:45,7680780
2026-01-20 10:00,7680820
2026-01-20 10:15,7680820
2026-01-20 10:30,7680820
2026-01-20 10:45,7680820
2026-01-20 11:00,7680820
2026-01-20 11:15,7680910
2026-01-20 11:30,7680910
2026-01-20 11:45,7680910
2026-01-20 12:00,7680956
2026-01-20 12:15,7681010
2026-01-20 12:30,7681016
2026-01-20 12:45,7681016
2026-01-20 13:00,7681016
2026-01-20 13:15,7681016
2026-01-20 13:30,7681050
2026-01-20 13:45,7681050
2026-01-20 14:00,7681050
2026-01-20 14:15,7681050
2026-01-20 14:30,7681103
2026-01-20 14:45,7681113
2026-01-20 15:00,7681113
2026-01-20 15:15,7681113
2026-01-20 15:30,7681180
2026-01-20 15:45,7681180
2026-01-20 16:00,7681180
2026-01-20 16:15,7681240
2026-01-20 16:30,7681323
2026-01-20 16:45,7681326
2026-01-20 17:00,7681326
2026-01-20 17:15,7681326
2026-01-20 17:30,7681326
2026-01-20 17:45,7681443
2026-01-20 18:00,7681513
2026-01-20 18:15,7681513
2026-01-20 18:30,7681543
2026-01-20 18:45,7681543
2026-01-20 19:00,7681546
2026-01-20 19:15,7681696
2026-01-20 19:30,7681730
2026-01-20 19:45,7681730
2026-01-20 20:00,7681733
2026-01-20 20:15,7681746
2026-01-20 20:30,7681746
2026-01-20 20:45,7681746
2026-01-20 21:00,7681793
2026-01-20 21:15,7681796
2026-01-20 21:30,7681796
2026-01-20 21:45,7681880
2026-01-20 22:00,7681886
2026-01-20 22:15,7681886
2026-01-20 22:30,7681886
2026-01-20 22:45,7681886
2026-01-20 23:00,7681926
2026-01-20 23:15,7681940
2026-01-20 23:30,7682023
2026-01-20 23:45,7682036
2026-01-21 00:00,7682036
2026-01-21 00:15,7682036
2026-01-21 00:30,7682036
2026-01-21 00:45,7682036
2026-01-21 01:00,7682036
2026-01-21 01:15,7682036
2026-01-21 01:30,7682036
2026-01-21 01:45,7682036
2026-01-21 02:00,7682036
2026-01-21 02:15,7682036
2026-01-21 02:30,7682076
2026-01-21 02:45,7682076
2026-01-21 03:00,7682076
2026-01-21 03:15,7682076
2026-01-21 03:30,7682076
2026-01-21 03:45,7682076
2026-01-21 04:00,7682076
2026-01-21 04:15,7682076
2026-01-21 04:30,7682110
2026-01-21 04:45,7682110
2026-01-21 05:00,7682110
2026-01-21 05:15,7682110
2026-01-21 05:30,7682110
2026-01-21 05:45,7682150
2026-01-21 06:00,7682220
2026-01-21 06:15,7682220
2026-01-21 06:30,7682220
2026-01-21 06:45,7682303
2026-01-21 07:00,7682303
2026-01-21 07:15,7682456
2026-01-21 07:30,7683056
2026-01-21 07:45,7683056
2026-01-21 08:00,7683063
2026-01-21 08:15,7683110
2026-01-21 08:30,7683113
2026-01-21 08:45,7683113
2026-01-21 09:00,7683113
2026-01-21 09:15,7683146
2026-01-21 09:30,7683146
2026-01-21 09:45,7683146
2026-01-21 10:00,7683146
2026-01-21 10:15,7683146
2026-01-21 10:30,7683146
2026-01-21 10:45,7683146
2026-01-21 11:00,7683146
2026-01-21 11:15,7683146
2026-01-21 11:30,7683180
2026-01-21 11:45,7683190
2026-01-21 12:00,7683190
2026-01-21 12:15,7683243
2026-01-21 12:30,7683300
2026-01-21 12:45,7683306
2026-01-21 13:00,7683306
2026-01-21 13:15,7683496
2026-01-21 13:30,7683753
2026-01-21 13:45,7683960
2026-01-21 14:00,7683993
2026-01-21 14:15,7683996
2026-01-21 14:30,7683996
2026-01-21 14:45,7683996
2026-01-21 15:00,7684106
2026-01-21 15:15,7684180
2026-01-21 15:30,7684180
2026-01-21 15:45,7684180
2026-01-21 16:00,7684180
2026-01-21 16:15,7684180
2026-01-21 16:30,7684266
2026-01-21 16:45,7684330
2026-01-21 17:00,7684333
2026-01-21 17:15,7684353
2026-01-21 17:30,7684466
2026-01-21 17:45,7684543
2026-01-21 18:00,7684543
2026-01-21 18:15,7684543
2026-01-21 18:30,7684543
2026-01-21 18:45,7684543
2026-01-21 19:00,7684673
2026-01-21 19:15,7684680
2026-01-21 19:30,7684950
2026-01-21 19:45,7686670
2026-01-21 20:00,7686880
2026-01-21 20:15,7687176
2026-01-21 20:30,7689000
2026-01-21 20:45,7689496
2026-01-21 21:00,7689496
2026-01-21 21:15,7689496
2026-01-21 21:30,7689496
2026-01-21 21:45,7689496
2026-01-21 22:00,7689496
2026-01-21 22:15,7689496
2026-01-21 22:30,7689496
2026-01-21 22:45,7689746
2026-01-21 23:00,7689823
2026-01-21 23:15,7689976
2026-01-21 23:30,7689976
2026-01-21 23:45,7689976
2026-01-22 00:00,7689986
2026-01-22 00:15,7689986
2026-01-22 00:30,7690043
2026-01-22 00:45,7690043
2026-01-22 01:00,7690043
2026-01-22 01:15,7690043
2026-01-22 01:30,7690043
2026-01-22 01:45,7690043
2026-01-22 02:00,7690043
2026-01-22 02:15,7690043
2026-01-22 02:30,7690043
2026-01-22 02:45,7690043
2026-01-22 03:00,7690043
2026-01-22 03:15,7690043
2026-01-22 03:30,7690043
2026-01-22 03:45,7690043
2026-01-22 04:00,7690043
2026-01-22 04:15,7690043
2026-01-22 04:30,7690043
2026-01-22 04:45,7690080
2026-01-22 05:00,7690150
2026-01-22 05:15,7690150
2026-01-22 05:30,7690150
2026-01-22 05:45,7690150
2026-01-22 06:00,7690150
2026-01-22 06:15,7690150
2026-01-22 06:30,7690150
2026-01-22 06:45,7690220
2026-01-22 07:00,7690220
2026-01-22 07:15,7690220
2026-01-22 07:30,7690220
2026-01-22 07:45,7690220
2026-01-22 08:00,7690220
2026-01-22 08:15,7690316
2026-01-22 08:30,7690316
2026-01-22 08:45,7690406
2026-01-22 09:00,7690923
2026-01-22 09:15,7690973
2026-01-22 09:30,7690973
2026-01-22 09:45,7691020
2026-01-22 10:00,7691093
2026-01-22 10:15,7691190
2026-01-22 10:30,7691236
2026-01-22 10:45,7691236
2026-01-22 11:00,7691266
2026-01-22 11:15,7691390
2026-01-22 11:30,7691596
2026-01-22 11:45,7691723
2026-01-22 12:00,7691756
2026-01-22 12:15,7691763
2026-01-22 12:30,7691783
2026-01-22 12:45,7691786
2026-01-22 13:00,7691876
2026-01-22 13:15,7691920
2026-01-22 13:30,7692043
2026-01-22 13:45,7692073
2026-01-22 14:00,7692103
2026-01-22 14:15,7692103
2026-01-22 14:30,7692176
2026-01-22 14:45,7692180
2026-01-22 15:00,7692310
2026-01-22 15:15,7692323
2026-01-22 15:30,7692373
2026-01-22 15:45,7692373
2026-01-22 16:00,7692373
2026-01-22 16:15,7692383
2026-01-22 16:30,7692433
2026-01-22 16:45,7692433
2026-01-22 17:00,7692433
2026-01-22 17:15,7692483
2026-01-22 17:30,7692526
2026-01-22 17:45,7692526
2026-01-22 18:00,7692653
2026-01-22 18:15,7692980
2026-01-22 18:30,7693036
2026-01-22 18:45,7693036
2026-01-22 19:00,7693096
2026-01-22 19:15,7693096
2026-01-22 19:30,7693136
2026-01-22 19:45,7693136
2026-01-22 20:00,7693136
2026-01-22 20:15,7693176
2026-01-22 20:30,7693176
2026-01-22 20:45,7693176
2026-01-22 21:00,7693176
2026-01-22 21:15,7693176
2026-01-22 21:30,7693176
2026-01-22 21:45,7693210
2026-01-22 22:00,7693253
2026-01-22 22:15,7693256
2026-01-22 22:30,7693256
2026-01-22 22:45,7693263
2026-01-22 23:00,7693280
2026-01-22 23:15,7693350
2026-01-22 23:30,7693350
2026-01-22 23:45,7693410
2026-01-23 00:00,7693410
2026-01-23 00:15,7693410
2026-01-23 00:30,7693410
2026-01-23 00:45,7693410
2026-01-23 01:00,7693410
2026-01-23 01:15,7693493
2026-01-23 01:30,7693493
2026-01-23 01:45,7693493
2026-01-23 02:00,7693493
2026-01-23 02:15,7693530
2026-01-23 02:30,7693530
2026-01-23 02:45,7693530
2026-01-23 03:00,7693530
2026-01-23 03:15,7693530
2026-01-23 03:30,7693530
2026-01-23 03:45,7693530
2026-01-23 04:00,7693530
2026-01-23 04:15,7693530
2026-01-23 04:30,7693530
2026-01-23 04:45,7693530
2026-01-23 05:00,7693530
2026-01-23 05:15,7693530
2026-01-23 05:30,7693530
2026-01-23 05:45,7693530
2026-01-23 06:00,7693530
2026-01-23 06:15,7693530
2026-01-23 06:30,7693530
2026-01-23 06:45,7693530
2026-01-23 07:00,7693570
2026-01-23 07:15,7693570
2026-01-23 07:30,7693943
2026-01-23 07:45,7694430
2026-01-23 08:00,7694433
2026-01-23 08:15,7694436
2026-01-23 08:30,7694446
2026-01-23 08:45,7694446
2026-01-23 09:00,7694446
2026-01-23 09:15,7694446
2026-01-23 09:30,7694446
2026-01-23 09:45,7694446
2026-01-23 10:00,7694446
2026-01-23 10:15,7694446
2026-01-23 10:30,7694463
2026-01-23 10:45,7694500
2026-01-23 11:00,7694500
2026-01-23 11:15,7694500
2026-01-23 11:30,7694500
2026-01-23 11:45,7694500
2026-01-23 12:00,7694506
2026-01-23 12:15,7694510
2026-01-23 12:30,7694510
2026-01-23 12:45,7694510
2026-01-23 13:00,7694963
2026-01-23 13:15,7694963
2026-01-23 13:30,7694996
2026-01-23 13:45,7695030
2026-01-23 14:00,7695030
2026-01-23 14:15,7695030
2026-01-23 14:30,7695030
2026-01-23 14:45,7695030
2026-01-23 15:00,7695030
2026-01-23 15:15,7695030
2026-01-23 15:30,7695030
2026-01-23 15:45,7695030
2026-01-23 16:00,7695030
2026-01-23 16:15,7695030
2026-01-23 16:30,7695030
2026-01-23 16:45,7695030
2026-01-23 17:00,7695030
2026-01-23 17:15,7695033
2026-01-23 17:30,7695070
2026-01-23 17:45,7695070
2026-01-23 18:00,7695070
2026-01-23 18:15,7695070
2026-01-23 18:30,7695070
2026-01-23 18:45,7695070
2026-01-23 19:00,7695110
2026-01-23 19:15,7695113
2026-01-23 19:30,7695176
2026-01-23 19:45,7695176
2026-01-23 20:00,7695180
2026-01-23 20:15,7695180
2026-01-23 20:30,7695180
2026-01-23 20:45,7695180
2026-01-23 21:00,7695180
2026-01-23 21:15,7695180
2026-01-23 21:30,7695223
2026-01-23 21:45,7695223
2026-01-23 22:00,7695230
2026-01-23 22:15,7695230
2026-01-23 22:30,7695230
2026-01-23 22:45,7695230
2026-01-23 23:00,7695276
2026-01-23 23:15,7695280
2026-01-23 23:30,7695346
2026-01-23 23:45,7695436
2026-01-24 00:00,7695600
2026-01-24 00:15,7695610
2026-01-24 00:30,7695610
2026-01-24 00:45,7695610
2026-01-24 01:00,7695610
2026-01-24 01:15,7695610
2026-01-24 01:30,7695610
2026-01-24 01:45,7695610
2026-01-24 02:00,7695610
2026-01-24 02:15,7695610
2026-01-24 02:30,7695610
2026-01-24 02:45,7695610
2026-01-24 03:00,7695610
2026-01-24 03:15,7695610
2026-01-24 03:30,7695610
2026-01-24 03:45,7695610
2026-01-24 04:00,7695610
2026-01-24 04:15,7695610
2026-01-24 04:30,7695680
2026-01-24 04:45,7695680
2026-01-24 05:00,7695680
2026-01-24 05:15,7695680
2026-01-24 05:30,7695680
2026-01-24 05:45,7695680
2026-01-24 06:00,7695750
2026-01-24 06:15,7695750
2026-01-24 06:30,7695750
2026-01-24 06:45,7695790
2026-01-24 07:00,7695790
2026-01-24 07:15,7696410
2026-01-24 07:30,7696450
2026-01-24 07:45,7696506
2026-01-24 08:00,7696586
2026-01-24 08:15,7696590
2026-01-24 08:30,7696596
2026-01-24 08:45,7696596
2026-01-24 09:00,7696596
2026-01-24 09:15,7696596
2026-01-24 09:30,7696596
2026-01-24 09:45,7696596
2026-01-24 10:00,7696596
2026-01-24 10:15,7697253
2026-01-24 10:30,7698333
2026-01-24 10:45,7698333
2026-01-24 11:00,7698333
2026-01-24 11:15,7698363
2026-01-24 11:30,7698363
2026-01-24 11:45,7698376
2026-01-24 12:00,7698536
2026-01-24 12:15,7698616
2026-01-24 12:30,7698676
2026-01-24 12:45,7698736
2026-01-24 13:00,7698773
2026-01-24 13:15,7698773
2026-01-24 13:30,7698773
2026-01-24 13:45,7698773
2026-01-24 14:00,7698773
2026-01-24 14:15,7698806
2026-01-24 14:30,7698813
2026-01-24 14:45,7698820
2026-01-24 15:00,7698870
2026-01-24 15:15,7698870
2026-01-24 15:30,7698933
2026-01-24 15:45,7698966
2026-01-24 16:00,7699036
2026-01-24 16:15,7699130
2026-01-24 16:30,7699156
2026-01-24 16:45,7699156
2026-01-24 17:00,7699176
2026-01-24 17:15,7699263
2026-01-24 17:30,7699263
2026-01-24 17:45,7699270
2026-01-24 18:00,7699273
2026-01-24 18:15,7699276
2026-01-24 18:30,7699316
2026-01-24 18:45,7699316
2026-01-24 19:00,7699363
2026-01-24 19:15,7699426
2026-01-24 19:30,7699426
2026-01-24 19:45,7699426
2026-01-24 20:00,7699513
2026-01-24 20:15,7699600
2026-01-24 20:30,7699636
2026-01-24 20:45,7699816
2026-01-24 21:00,7699856
2026-01-24 21:15,7699886
2026-01-24 21:30,7700203
2026-01-24 21:45,7700266
2026-01-24 22:00,7700303
2026-01-24 22:15,7700330
2026-01-24 22:30,7700330
2026-01-24 22:45,7700346
2026-01-24 23:00,7700386
2026-01-24 23:15,7700386
2026-01-24 23:30,7700386
2026-01-24 23:45,7700386
2026-01-25 00:00,7700483
2026-01-25 00:15,7700533
2026-01-25 00:30,7700533
2026-01-25 00:45,7700533
2026-01-25 01:00,7700533
2026-01-25 01:15,7700533
2026-01-25 01:30,7700533
2026-01-25 01:45,7700533
2026-01-25 02:00,7700533
2026-01-25 02:15,7700533
2026-01-25 02:30,7700533
2026-01-25 02:45,7700533
2026-01-25 03:00,7700533
2026-01-25 03:15,7700533
2026-01-25 03:30,7700533
2026-01-25 03:45,7700533
2026-01-25 04:00,7700533
2026-01-25 04:15,7700533
2026-01-25 04:30,7700533
2026-01-25 04:45,7700533
2026-01-25 05:00,7700533
2026-01-25 05:15,7700533
2026-01-25 05:30,7700533
2026-01-25 05:45,7700610
2026-01-25 06:00,7700610
2026-01-25 06:15,7700650
2026-01-25 06:30,7700650
2026-01-25 06:45,7700650
2026-01-25 07:00,7700650
2026-01-25 07:15,7700650
2026-01-25 07:30,7700650
2026-01-25 07:45,7700650
2026-01-25 08:00,7700686
2026-01-25 08:15,7700686
2026-01-25 08:30,7700686
2026-01-25 08:45,7700776
2026-01-25 09:00,7700776
2026-01-25 09:15,7701126
2026-01-25 09:30,7701216
2026-01-25 09:45,7701296
2026-01-25 10:00,7701296
2026-01-25 10:15,7701500
2026-01-25 10:30,7701503
2026-01-25 10:45,7701546
2026-01-25 11:00,7701643
2026-01-25 11:15,7701826
2026-01-25 11:30,7704376
2026-01-25 11:45,7704746
2026-01-25 12:00,7704803
2026-01-25 12:15,7704880
2026-01-25 12:30,7704880
2026-01-25 12:45,7705166
2026-01-25 13:00,7705166
2026-01-25 13:15,7705166
2026-01-25 13:30,7705200
2026-01-25 13:45,7705200
2026-01-25 14:00,7705200
2026-01-25 14:15,7705293
2026-01-25 14:30,7705376
2026-01-25 14:45,7705390
2026-01-25 15:00,7705390
2026-01-25 15:15,7705390
2026-01-25 15:30,7705406
2026-01-25 15:45,7705466
2026-01-25 16:00,7705546
2026-01-25 16:15,7705546
2026-01-25 16:30,7705580
2026-01-25 16:45,7705580
2026-01-25 17:00,7705580
2026-01-25 17:15,7705580
2026-01-25 17:30,7705586
2026-01-25 17:45,7705620
2026-01-25 18:00,7705620
2026-01-25 18:15,7705620
2026-01-25 18:30,7705736
2026-01-25 18:45,7707123
2026-01-25 19:00,7709203
2026-01-25 19:15,7709400
2026-01-25 19:30,7709400
2026-01-25 19:45,7709756
2026-01-25 20:00,7709760
2026-01-25 20:15,7709863
2026-01-25 20:30,7709930
2026-01-25 20:45,7709930
2026-01-25 21:00,7710000
2026-01-25 21:15,7710080
2026-01-25 21:30,7710080
2026-01-25 21:45,7710110
2026-01-25 22:00,7710110
2026-01-25 22:15,7710150
2026-01-25 22:30,7710156
2026-01-25 22:45,7710170
2026-01-25 23:00,7710206
2026-01-25 23:15,7710206
2026-01-25 23:30,7710240
2026-01-25 23:45,7710246
2026-01-26 00:00,7710336
2026-01-26 00:15,7710336
2026-01-26 00:30,7710336
2026-01-26 00:45,7710336
2026-01-26 01:00,7710336
2026-01-26 01:15,7710336
2026-01-26 01:30,7710406
2026-01-26 01:45,7710406
2026-01-26 02:00,7710406
2026-01-26 02:15,7710406
2026-01-26 02:30,7710406
2026-01-26 02:45,7710406
2026-01-26 03:00,7710406
2026-01-26 03:15,7710406
2026-01-26 03:30,7710406
2026-01-26 03:45,7710406
2026-01-26 04:00,7710406
2026-01-26 04:15,7710406
2026-01-26 04:30,7710406
2026-01-26 04:45,7710406
2026-01-26 05:00,7710406
2026-01-26 05:15,7710446
2026-01-26 05:30,7710483
2026-01-26 05:45,7710483
2026-01-26 06:00,7710483
2026-01-26 06:15,7710483
2026-01-26 06:30,7710526
2026-01-26 06:45,7710526
2026-01-26 07:00,7710526
2026-01-26 07:15,7710526
2026-01-26 07:30,7710526
2026-01-26 07:45,7710613
2026-01-26 08:00,7710673
2026-01-26 08:15,7710683
2026-01-26 08:30,7711370
2026-01-26 08:45,7711673
2026-01-26 09:00,7711676
2026-01-26 09:15,7711700
2026-01-26 09:30,7711700
2026-01-26 09:45,7711730
2026-01-26 10:00,7711730
2026-01-26 10:15,7711750
2026-01-26 10:30,7711753
2026-01-26 10:45,7711813
2026-01-26 11:00,7711843
2026-01-26 11:15,7711843
2026-01-26 11:30,7711843
2026-01-26 11:45,7711843
2026-01-26 12:00,7711843
2026-01-26 12:15,7711843
2026-01-26 12:30,7711843
2026-01-26 12:45,7711843
2026-01-26 13:00,7711843
2026-01-26 13:15,7711843
2026-01-26 13:30,7711843
2026-01-26 13:45,7711843
2026-01-26 14:00,7711843
2026-01-26 14:15,7711930
2026-01-26 14:30,7711956
2026-01-26 14:45,7711960
2026-01-26 15:00,7711960
2026-01-26 15:15,7711960
2026-01-26 15:30,7712016
2026-01-26 15:45,7712060
2026-01-26 16:00,7712060
2026-01-26 16:15,7712080
2026-01-26 16:30,7712080
2026-01-26 16:45,7712113
2026-01-26 17:00,7712126
2026-01-26 17:15,7712126
2026-01-26 17:30,7712166
2026-01-26 17:45,7712166
2026-01-26 18:00,7712213
2026-01-26 18:15,7712270
2026-01-26 18:30,7712336
2026-01-26 18:45,7712380
2026-01-26 19:00,7712380
2026-01-26 19:15,7712380
2026-01-26 19:30,7712443
2026-01-26 19:45,7712650
2026-01-26 20:00,7712836
2026-01-26 20:15,7712906
2026-01-26 20:30,7712906
2026-01-26 20:45,7712946
2026-01-26 21:00,7712946
2026-01-26 21:15,7712950
2026-01-26 21:30,7712983
2026-01-26 21:45,7712983
2026-01-26 22:00,7712983
2026-01-26 22:15,7712996
2026-01-26 22:30,7712996
2026-01-26 22:45,7712996
2026-01-26 23:00,7713090
2026-01-26 23:15,7713090
2026-01-26 23:30,7713090
2026-01-26 23:45,7713090
2026-01-27 00:00,7713090
2026-01-27 00:15,7713090
2026-01-27 00:30,7713123
2026-01-27 00:45,7713123
2026-01-27 01:00,7713136
2026-01-27 01:15,7713180
2026-01-27 01:30,7713190
2026-01-27 01:45,7713190
2026-01-27 02:00,7713190
2026-01-27 02:15,7713190
2026-01-27 02:30,7713190
2026-01-27 02:45,7713190
2026-01-27 03:00,7713190
2026-01-27 03:15,7713190
2026-01-27 03:30,7713190
2026-01-27 03:45,7713190
2026-01-27 04:00,7713190
2026-01-27 04:15,7713190
2026-01-27 04:30,7713190
2026-01-27 04:45,7713190
2026-01-27 05:00,7713190
2026-01-27 05:15,7713190
2026-01-27 05:30,7713263
2026-01-27 05:45,7713263
2026-01-27 06:00,7713263
2026-01-27 06:15,7713263
2026-01-27 06:30,7713263
2026-01-27 06:45,7713263
2026-01-27 07:00,7713263
2026-01-27 07:15,7713263
2026-01-27 07:30,7713263
2026-01-27 07:45,7713263
2026-01-27 08:00,7713263
2026-01-27 08:15,7713263
2026-01-27 08:30,7713310
2026-01-27 08:45,7713903
2026-01-27 09:00,7713930
2026-01-27 09:15,7713930
2026-01-27 09:30,7713943
2026-01-27 09:45,7713943
2026-01-27 10:00,7713943
2026-01-27 10:15,7713943
2026-01-27 10:30,7713943
2026-01-27 10:45,7713943
2026-01-27 11:00,7714043
2026-01-27 11:15,7714050
2026-01-27 11:30,7714050
2026-01-27 11:45,7714050
2026-01-27 12:00,7714050
2026-01-27 12:15,7714090
2026-01-27 12:30,7714090
2026-01-27 12:45,7714106
2026-01-27 13:00,7714106
2026-01-27 13:15,7714106
2026-01-27 13:30,7714106
2026-01-27 13:45,7714143
2026-01-27 14:00,7714143
2026-01-27 14:15,7714173
2026-01-27 14:30,7714200
2026-01-27 14:45,7714236
2026-01-27 15:00,7714236
2026-01-27 15:15,7714236
2026-01-27 15:30,7714236
2026-01-27 15:45,7714236
2026-01-27 16:00,7714236
2026-01-27 16:15,7714283
2026-01-27 16:30,7714323
2026-01-27 16:45,7714330
2026-01-27 17:00,7714330
2026-01-27 17:15,7714363
2026-01-27 17:30,7714363
2026-01-27 17:45,7714363
2026-01-27 18:00,7714363
2026-01-27 18:15,7714363
2026-01-27 18:30,7714363
2026-01-27 18:45,7714436
2026-01-27 19:00,7714473
2026-01-27 19:15,7714473
2026-01-27 19:30,7714473
2026-01-27 19:45,7714473
2026-01-27 20:00,7714530
2026-01-27 20:15,7714530
2026-01-27 20:30,7714530
2026-01-27 20:45,7715713
2026-01-27 21:00,7715826
2026-01-27 21:15,7715826
2026-01-27 21:30,7715826
2026-01-27 21:45,7715866
2026-01-27 22:00,7715866
2026-01-27 22:15,7715866
2026-01-27 22:30,7715866
2026-01-27 22:45,7715870
2026-01-27 23:00,7715870
2026-01-27 23:15,7715960
2026-01-27 23:30,7715966
2026-01-27 23:45,7716076
2026-01-28 00:00,7716076
2026-01-28 00:15,7716076
2026-01-28 00:30,7716116
2026-01-28 00:45,7716193
2026-01-28 01:00,7716193
2026-01-28 01:15,7716223
2026-01-28 01:30,7716223
2026-01-28 01:45,7716223
2026-01-28 02:00,7716223
2026-01-28 02:15,7716223
2026-01-28 02:30,7716223
2026-01-28 02:45,7716223
2026-01-28 03:00,7716223
2026-01-28 03:15,7716223
2026-01-28 03:30,7716223
2026-01-28 03:45,7716223
2026-01-28 04:00,7716303
2026-01-28 04:15,7716303
2026-01-28 04:30,7716303
2026-01-28 04:45,7716303
2026-01-28 05:00,7716303
2026-01-28 05:15,7716303
2026-01-28 05:30,7716303
2026-01-28 05:45,7716303
2026-01-28 06:00,7716303
2026-01-28 06:15,7716303
2026-01-28 06:30,7716303
2026-01-28 06:45,7716303
2026-01-28 07:00,7716303
2026-01-28 07:15,7716910
2026-01-28 07:30,7716923
2026-01-28 07:45,7716923
2026-01-28 08:00,7716936
2026-01-28 08:15,7716960
2026-01-28 08:30,7716960
2026-01-28 08:45,7716960
2026-01-28 09:00,7716960
2026-01-28 09:15,7716986
2026-01-28 09:30,7716996
2026-01-28 09:45,7716996
2026-01-28 10:00,7716996
2026-01-28 10:15,7716996
2026-01-28 10:30,7716996
2026-01-28 10:45,7716996
2026-01-28 11:00,7716996
2026-01-28 11:15,7717000
2026-01-28 11:30,7717000
2026-01-28 11:45,7717040
2026-01-28 12:00,7717043
2026-01-28 12:15,7717043
2026-01-28 12:30,7717076
2026-01-28 12:45,7717096
2026-01-28 13:00,7717120
2026-01-28 13:15,7717120
2026-01-28 13:30,7717133
2026-01-28 13:45,7717266
2026-01-28 14:00,7717266
2026-01-28 14:15,7717480
2026-01-28 14:30,7717550
2026-01-28 14:45,7717550
2026-01-28 15:00,7717550
2026-01-28 15:15,7717550
2026-01-28 15:30,7717573
2026-01-28 15:45,7717573
2026-01-28 16:00,7717573
2026-01-28 16:15,7717573
2026-01-28 16:30,7717573
2026-01-28 16:45,7717573
2026-01-28 17:00,7717573
2026-01-28 17:15,7717623
2026-01-28 17:30,7717656
2026-01-28 17:45,7717656
2026-01-28 18:00,7717663
2026-01-28 18:15,7717663
2026-01-28 18:30,7717836
2026-01-28 18:45,7717836
2026-01-28 19:00,7717836
2026-01-28 19:15,7718100
2026-01-28 19:30,7719633
2026-01-28 19:45,7719723
2026-01-28 20:00,7719723
2026-01-28 20:15,7719730
2026-01-28 20:30,7719730
2026-01-28 20:45,7719730
2026-01-28 21:00,7719730
2026-01-28 21:15,7719730
2026-01-28 21:30,7719813
2026-01-28 21:45,7719813
2026-01-28 22:00,7719813
2026-01-28 22:15,7719820
2026-01-28 22:30,7719820
2026-01-28 22:45,7719820
2026-01-28 23:00,7719923
2026-01-28 23:15,7719936
2026-01-28 23:30,7719936
2026-01-28 23:45,7719936
2026-01-29 00:00,7719940
2026-01-29 00:15,7719940
2026-01-29 00:30,7719953
2026-01-29 00:45,7720006
2026-01-29 01:00,7720006
2026-01-29 01:15,7720043
2026-01-29 01:30,7720043
2026-01-29 01:45,7720043
2026-01-29 02:00,7720043
2026-01-29 02:15,7720043
2026-01-29 02:30,7720043
2026-01-29 02:45,7720043
2026-01-29 03:00,7720043
2026-01-29 03:15,7720080
2026-01-29 03:30,7720080
2026-01-29 03:45,7720080
2026-01-29 04:00,7720080
2026-01-29 04:15,7720156
2026-01-29 04:30,7720156
2026-01-29 04:45,7720156
2026-01-29 05:00,7720156
2026-01-29 05:15,7720156
2026-01-29 05:30,7720156
2026-01-29 05:45,7720156
2026-01-29 06:00,7720156
2026-01-29 06:15,7720156
2026-01-29 06:30,7720243
2026-01-29 06:45,7720243
2026-01-29 07:00,7720243
2026-01-29 07:15,7720243
2026-01-29 07:30,7720326
2026-01-29 07:45,7720396
2026-01-29 08:00,7720476
2026-01-29 08:15,7720496
2026-01-29 08:30,7720520
2026-01-29 08:45,7720583
2026-01-29 09:00,7721123
2026-01-29 09:15,7721146
2026-01-29 09:30,7721173
2026-01-29 09:45,7721200
2026-01-29 10:00,7721273
2026-01-29 10:15,7721530
2026-01-29 10:30,7721566
2026-01-29 10:45,7721586
2026-01-29 11:00,7721586
2026-01-29 11:15,7721586
2026-01-29 11:30,7721773
2026-01-29 11:45,7721773
2026-01-29 12:00,7721776
2026-01-29 12:15,7721836
2026-01-29 12:30,7721900
2026-01-29 12:45,7721936
2026-01-29 13:00,7721943
2026-01-29 13:15,7721966
2026-01-29 13:30,7722026
2026-01-29 13:45,7722026
2026-01-29 14:00,7722026
2026-01-29 14:15,7722060
2026-01-29 14:30,7722060
2026-01-29 14:45,7722066
2026-01-29 15:00,7722106
2026-01-29 15:15,7722166
2026-01-29 15:30,7722220
2026-01-29 15:45,7722220
2026-01-29 16:00,7722233
2026-01-29 16:15,7722233
2026-01-29 16:30,7722233
2026-01-29 16:45,7722240
2026-01-29 17:00,7722293
2026-01-29 17:15,7722296
2026-01-29 17:30,7722300
2026-01-29 17:45,7722306
2026-01-29 18:00,7722436
2026-01-29 18:15,7722436
2026-01-29 18:30,7722436
2026-01-29 18:45,7722536
2026-01-29 19:00,7722563
2026-01-29 19:15,7722633
2026-01-29 19:30,7722660
2026-01-29 19:45,7722700
2026-01-29 20:00,7722700
2026-01-29 20:15,7722730
2026-01-29 20:30,7722763
2026-01-29 20:45,7722836
2026-01-29 21:00,7722836
2026-01-29 21:15,7722836
2026-01-29 21:30,7722836
2026-01-29 21:45,7722836
2026-01-29 22:00,7722856
2026-01-29 22:15,7722856
2026-01-29 22:30,7722856
2026-01-29 22:45,7722913
2026-01-29 23:00,7722913
2026-01-29 23:15,7722986
2026-01-29 23:30,7723066
2026-01-29 23:45,7723076
2026-01-30 00:00,7723130
2026-01-30 00:15,7723130
2026-01-30 00:30,7723130
2026-01-30 00:45,7723130
2026-01-30 01:00,7723130
2026-01-30 01:15,7723130
2026-01-30 01:30,7723130
2026-01-30 01:45,7723130
2026-01-30 02:00,7723130
2026-01-30 02:15,7723130
2026-01-30 02:30,7723130
2026-01-30 02:45,7723130
2026-01-30 03:00,7723130
2026-01-30 03:15,7723130
2026-01-30 03:30,7723130
2026-01-30 03:45,7723166
2026-01-30 04:00,7723166
2026-01-30 04:15,7723166
2026-01-30 04:30,7723166
2026-01-30 04:45,7723210
2026-01-30 05:00,7723210
2026-01-30 05:15,7723210
2026-01-30 05:30,7723210
2026-01-30 05:45,7723210
2026-01-30 06:00,7723210
2026-01-30 06:15,7723246
2026-01-30 06:30,7723286
2026-01-30 06:45,7723326
2026-01-30 07:00,7723326
2026-01-30 07:15,7723326
2026-01-30 07:30,7723406
2026-01-30 07:45,7723406
2026-01-30 08:00,7723500
2026-01-30 08:15,7723510
2026-01-30 08:30,7723510
2026-01-30 08:45,7724000
2026-01-30 09:00,7724020
2026-01-30 09:15,7724066
2026-01-30 09:30,7724066
2026-01-30 09:45,7724136
2026-01-30 10:00,7724136
2026-01-30 10:15,7724136
2026-01-30 10:30,7724136
2026-01-30 10:45,7724136
2026-01-30 11:00,7724136
2026-01-30 11:15,7724136
2026-01-30 11:30,7724136
2026-01-30 11:45,7724136
2026-01-30 12:00,7724136
2026-01-30 12:15,7724136
2026-01-30 12:30,7724136
2026-01-30 12:45,7724136
2026-01-30 13:00,7724136
2026-01-30 13:15,7724166
2026-01-30 13:30,7724170
2026-01-30 13:45,7724173
2026-01-30 14:00,7724173
2026-01-30 14:15,7724173
2026-01-30 14:30,7724423
2026-01-30 14:45,7724443
2026-01-30 15:00,7724500
2026-01-30 15:15,7724613
2026-01-30 15:30,7724613
2026-01-30 15:45,7724613
2026-01-30 16:00,7724613
2026-01-30 16:15,7724613
2026-01-30 16:30,7724613
2026-01-30 16:45,7724666
2026-01-30 17:00,7724666
2026-01-30 17:15,7724666
2026-01-30 17:30,7724726
2026-01-30 17:45,7724736
2026-01-30 18:00,7724736
2026-01-30 18:15,7724773
2026-01-30 18:30,7724776
2026-01-30 18:45,7724856
2026-01-30 19:00,7724856
2026-01-30 19:15,7724860
2026-01-30 19:30,7725026
2026-01-30 19:45,7725070
2026-01-30 20:00,7725080
2026-01-30 20:15,7725080
2026-01-30 20:30,7725086
2026-01-30 20:45,7725126
2026-01-30 21:00,7725126
2026-01-30 21:15,7725126
2026-01-30 21:30,7725163
2026-01-30 21:45,7725196
2026-01-30 22:00,7725230
2026-01-30 22:15,7725230
2026-01-30 22:30,7725233
2026-01-30 22:45,7725233
2026-01-30 23:00,7725293
2026-01-30 23:15,7725326
2026-01-30 23:30,7725326
2026-01-30 23:45,7725326
2026-01-31 00:00,7725330
2026-01-31 00:15,7725330
2026-01-31 00:30,7725440
2026-01-31 00:45,7725440
2026-01-31 01:00,7725440
2026-01-31 01:15,7725440
2026-01-31 01:30,7725440
2026-01-31 01:45,7725440
2026-01-31 02:00,7725440
2026-01-31 02:15,7725440
2026-01-31 02:30,7725476
2026-01-31 02:45,7725476
2026-01-31 03:00,7725476
2026-01-31 03:15,7725476
2026-01-31 03:30,7725476
2026-01-31 03:45,7725476
2026-01-31 04:00,7725476
2026-01-31 04:15,7725476
2026-01-31 04:30,7725476
2026-01-31 04:45,7725476
2026-01-31 05:00,7725476
2026-01-31 05:15,7725476
2026-01-31 05:30,7725516
2026-01-31 05:45,7725516
2026-01-31 06:00,7725516
2026-01-31 06:15,7725516
2026-01-31 06:30,7725516
2026-01-31 06:45,7725553
2026-01-31 07:00,7725553
2026-01-31 07:15,7725553
2026-01-31 07:30,7725553
2026-01-31 07:45,7725553
2026-01-31 08:00,7725553
2026-01-31 08:15,7725870
2026-01-31 08:30,7725933
2026-01-31 08:45,7725933
2026-01-31 09:00,7726000
2026-01-31 09:15,7726543
2026-01-31 09:30,7726576
2026-01-31 09:45,7726576
2026-01-31 10:00,7726610
2026-01-31 10:15,7726610
2026-01-31 10:30,7726646
2026-01-31 10:45,7726686
2026-01-31 11:00,7726720
2026-01-31 11:15,7726726
2026-01-31 11:30,7726726
2026-01-31 11:45,7726786
2026-01-31 12:00,7726786
2026-01-31 12:15,7726786
2026-01-31 12:30,7726850
2026-01-31 12:45,7726910
2026-01-31 13:00,7727023
2026-01-31 13:15,7727046
2026-01-31 13:30,7727053
2026-01-31 13:45,7727056
2026-01-31 14:00,7727056
2026-01-31 14:15,7727123
2026-01-31 14:30,7727156
2026-01-31 14:45,7727156
2026-01-31 15:00,7727156
2026-01-31 15:15,7727156
2026-01-31 15:30,7727200
2026-01-31 15:45,7727316
2026-01-31 16:00,7727466
2026-01-31 16:15,7727536
2026-01-31 16:30,7727646
2026-01-31 16:45,7727730
2026-01-31 17:00,7727733
2026-01-31 17:15,7727740
2026-01-31 17:30,7727743
2026-01-31 17:45,7727786
2026-01-31 18:00,7727983
2026-01-31 18:15,7728016
2026-01-31 18:30,7728020
2026-01-31 18:45,7728020
2026-01-31 19:00,7728073
2026-01-31 19:15,7728076
2026-01-31 19:30,7728216
2026-01-31 19:45,7728380
2026-01-31 20:00,7728583
2026-01-31 20:15,7728583
2026-01-31 20:30,7728583
2026-01-31 20:45,7728633
2026-01-31 21:00,7728633
2026-01-31 21:15,7728636
2026-01-31 21:30,7728636
2026-01-31 21:45,7728703
2026-01-31 22:00,7728703
2026-01-31 22:15,7728716
2026-01-31 22:30,7728753
2026-01-31 22:45,7728753
2026-01-31 23:00,7728790
2026-01-31 23:15,7728793
2026-01-31 23:30,7728793
2026-01-31 23:45,7728853
2026-02-01 00:00,7728926
2026-02-01 00:15,7728990
2026-02-01 00:30,7728990
2026-02-01 00:45,7728990
2026-02-01 01:00,7728990
2026-02-01 01:15,7729043
2026-02-01 01:30,7729043
2026-02-01 01:45,7729043
2026-02-01 02:00,7729043
2026-02-01 02:15,7729043
2026-02-01 02:30,7729043
2026-02-01 02:45,7729043
2026-02-01 03:00,7729043
2026-02-01 03:15,7729043
2026-02-01 03:30,7729043
2026-02-01 03:45,7729043
2026-02-01 04:00,7729043
2026-02-01 04:15,7729043
2026-02-01 04:30,7729043
2026-02-01 04:45,7729083
2026-02-01 05:00,7729083
2026-02-01 05:15,7729083
2026-02-01 05:30,7729120
2026-02-01 05:45,7729120
2026-02-01 06:00,7729200
2026-02-01 06:15,7729263
2026-02-01 06:30,7729263
2026-02-01 06:45,7729263
2026-02-01 07:00,7729263
2026-02-01 07:15,7729263
2026-02-01 07:30,7729263
2026-02-01 07:45,7729300
2026-02-01 08:00,7729300
2026-02-01 08:15,7729310
2026-02-01 08:30,7729310
2026-02-01 08:45,7729310
2026-02-01 09:00,7729383
2026-02-01 09:15,7729916
2026-02-01 09:30,7730153
2026-02-01 09:45,7730153
2026-02-01 10:00,7730173
2026-02-01 10:15,7730220
2026-02-01 10:30,7730316
2026-02-01 10:45,7730366
2026-02-01 11:00,7730470
2026-02-01 11:15,7730470
2026-02-01 11:30,7730470
2026-02-01 11:45,7730470
2026-02-01 12:00,7730470
2026-02-01 12:15,7730506
2026-02-01 12:30,7730506
2026-02-01 12:45,7730506
2026-02-01 13:00,7730513
2026-02-01 13:15,7730516
2026-02-01 13:30,7730550
2026-02-01 13:45,7730550
2026-02-01 14:00,7730566
2026-02-01 14:15,7730600
2026-02-01 14:30,7730600
2026-02-01 14:45,7730603
2026-02-01 15:00,7730616
2026-02-01 15:15,7730726
2026-02-01 15:30,7730946
2026-02-01 15:45,7730946
2026-02-01 16:00,7730956
2026-02-01 16:15,7731023
2026-02-01 16:30,7731140
2026-02-01 16:45,7731370
2026-02-01 17:00,7731370
2026-02-01 17:15,7731386
2026-02-01 17:30,7731420
2026-02-01 17:45,7731423
2026-02-01 18:00,7731423
2026-02-01 18:15,7731423
2026-02-01 18:30,7731493
2026-02-01 18:45,7731566
2026-02-01 19:00,7731566
2026-02-01 19:15,7731760
2026-02-01 19:30,7731770
2026-02-01 19:45,7731993
2026-02-01 20:00,7731993
2026-02-01 20:15,7731993
2026-02-01 20:30,7732053
2026-02-01 20:45,7732053
2026-02-01 21:00,7732053
2026-02-01 21:15,7732053
2026-02-01 21:30,7732090
2026-02-01 21:45,7732090
2026-02-01 22:00,7732096
2026-02-01 22:15,7732166
2026-02-01 22:30,7732230
2026-02-01 22:45,7732320
2026-02-01 23:00,7732373
2026-02-01 23:15,7732380
2026-02-01 23:30,7732380
2026-02-01 23:45,7732380
2026-02-02 00:00,7732380
2026-02-02 00:15,7732380
2026-02-02 00:30,7732380
2026-02-02 00:45,7732380
2026-02-02 01:00,7732420
2026-02-02 01:15,7732490
2026-02-02 01:30,7732490
2026-02-02 01:45,7732490
2026-02-02 02:00,7732490
2026-02-02 02:15,7732490
2026-02-02 02:30,7732490
2026-02-02 02:45,7732490
2026-02-02 03:00,7732490
2026-02-02 03:15,7732490
2026-02-02 03:30,7732490
2026-02-02 03:45,7732490
2026-02-02 04:00,7732490
2026-02-02 04:15,7732490
2026-02-02 04:30,7732490
2026-02-02 04:45,7732490
2026-02-02 05:00,7732490
2026-02-02 05:15,7732490
2026-02-02 05:30,7732490
2026-02-02 05:45,7732490
2026-02-02 06:00,7732490
2026-02-02 06:15,7732530
2026-02-02 06:30,7732530
2026-02-02 06:45,7732530
2026-02-02 07:00,7732570
2026-02-02 07:15,7732570
2026-02-02 07:30,7732570
2026-02-02 07:45,7732650
2026-02-02 08:00,7732650
2026-02-02 08:15,7732696
2026-02-02 08:30,7732696
2026-02-02 08:45,7733330
2026-02-02 09:00,7733600
2026-02-02 09:15,7733623
2026-02-02 09:30,7733623
2026-02-02 09:45,7733623
2026-02-02 10:00,7733660
2026-02-02 10:15,7734493
2026-02-02 10:30,7734496
2026-02-02 10:45,7734580
2026-02-02 11:00,7734583
2026-02-02 11:15,7734583
2026-02-02 11:30,7734586
2026-02-02 11:45,7734633
2026-02-02 12:00,7734633
2026-02-02 12:15,7734633
2026-02-02 12:30,7734690
2026-02-02 12:45,7734690
2026-02-02 13:00,7734690
2026-02-02 13:15,7734773
2026-02-02 13:30,7734773
2026-02-02 13:45,7734773
2026-02-02 14:00,7734773
2026-02-02 14:15,7734773
2026-02-02 14:30,7734773
2026-02-02 14:45,7734943
2026-02-02 15:00,7735610
2026-02-02 15:15,7736126
2026-02-02 15:30,7736210
2026-02-02 15:45,7736223
2026-02-02 16:00,7736223
2026-02-02 16:15,7736270
2026-02-02 16:30,7736270
2026-02-02 16:45,7736296
2026-02-02 17:00,7736296
2026-02-02 17:15,7736323
2026-02-02 17:30,7736396
2026-02-02 17:45,7736396
2026-02-02 18:00,7736423
2026-02-02 18:15,7736423
2026-02-02 18:30,7736423
2026-02-02 18:45,7736423
2026-02-02 19:00,7736423
2026-02-02 19:15,7736423
2026-02-02 19:30,7736423
2026-02-02 19:45,7736423
2026-02-02 20:00,7736423
2026-02-02 20:15,7736423
2026-02-02 20:30,7736423
2026-02-02 20:45,7736423
2026-02-02 21:00,7736436
2026-02-02 21:15,7736476
2026-02-02 21:30,7736476
2026-02-02 21:45,7736476
2026-02-02 22:00,7736476
2026-02-02 22:15,7736476
2026-02-02 22:30,7736476
2026-02-02 22:45,7736526
2026-02-02 23:00,7736566
2026-02-02 23:15,7736566
2026-02-02 23:30,7736566
2026-02-02 23:45,7736566
2026-02-03 00:00,7736566
2026-02-03 00:15,7736566
2026-02-03 00:30,7736653
2026-02-03 00:45,7736653
2026-02-03 01:00,7736653
2026-02-03 01:15,7736653
2026-02-03 01:30,7736653
2026-02-03 01:45,7736653
2026-02-03 02:00,7736653
2026-02-03 02:15,7736653
2026-02-03 02:30,7736693
2026-02-03 02:45,7736730
2026-02-03 03:00,7736730
2026-02-03 03:15,7736730
2026-02-03 03:30,7736730
2026-02-03 03:45,7736730
2026-02-03 04:00,7736730
2026-02-03 04:15,7736730
2026-02-03 04:30,7736803
2026-02-03 04:45,7736803
2026-02-03 05:00,7736803
2026-02-03 05:15,7736803
2026-02-03 05:30,7736803
2026-02-03 05:45,7736803
2026-02-03 06:00,7736803
2026-02-03 06:15,7736803
2026-02-03 06:30,7736803
2026-02-03 06:45,7736803
2026-02-03 07:00,7736803
2026-02-03 07:15,7736803
2026-02-03 07:30,7736803
2026-02-03 07:45,7736803
2026-02-03 08:00,7736876
2026-02-03 08:15,7736953
2026-02-03 08:30,7736953
2026-02-03 08:45,7736953
2026-02-03 09:00,7737583
2026-02-03 09:15,7737603
2026-02-03 09:30,7737663
2026-02-03 09:45,7737673
2026-02-03 10:00,7737673
2026-02-03 10:15,7737673
2026-02-03 10:30,7737776
2026-02-03 10:45,7737793
2026-02-03 11:00,7737793
2026-02-03 11:15,7737793
2026-02-03 11:30,7737793
2026-02-03 11:45,7737793
2026-02-03 12:00,7737793
2026-02-03 12:15,7737793
2026-02-03 12:30,7737793
2026-02-03 12:45,7737793
2026-02-03 13:00,7737793
2026-02-03 13:15,7737793
2026-02-03 13:30,7738333
2026-02-03 13:45,7738393
2026-02-03 14:00,7738393
2026-02-03 14:15,7738440
2026-02-03 14:30,7738440
2026-02-03 14:45,7738443
2026-02-03 15:00,7738443
2026-02-03 15:15,7738570
2026-02-03 15:30,7738570
2026-02-03 15:45,7738570
2026-02-03 16:00,7738890
2026-02-03 16:15,7738890
2026-02-03 16:30,7738923
2026-02-03 16:45,7738966
2026-02-03 17:00,7738966
2026-02-03 17:15,7738966
2026-02-03 17:30,7738966
2026-02-03 17:45,7738966
2026-02-03 18:00,7739093
2026-02-03 18:15,7739093
2026-02-03 18:30,7739093
2026-02-03 18:45,7739093
2026-02-03 19:00,7739093
2026-02-03 19:15,7739093
2026-02-03 19:30,7739176
2026-02-03 19:45,7739176
2026-02-03 20:00,7739176
2026-02-03 20:15,7739176
2026-02-03 20:30,7739176
2026-02-03 20:45,7739176
2026-02-03 21:00,7739213
2026-02-03 21:15,7739213
2026-02-03 21:30,7739213
2026-02-03 21:45,7739213
2026-02-03 22:00,7739263
2026-02-03 22:15,7739263
2026-02-03 22:30,7739263
2026-02-03 22:45,7739300
2026-02-03 23:00,7739300
2026-02-03 23:15,7739306
2026-02-03 23:30,7739450
2026-02-03 23:45,7739450
2026-02-04 00:00,7739453
2026-02-04 00:15,7739453
2026-02-04 00:30,7739453
2026-02-04 00:45,7739570
2026-02-04 01:00,7739603
2026-02-04 01:15,7739693
2026-02-04 01:30,7739706
2026-02-04 01:45,7739706
2026-02-04 02:00,7739706
2026-02-04 02:15,7739706
2026-02-04 02:30,7739706
2026-02-04 02:45,7739706
2026-02-04 03:00,7739706
2026-02-04 03:15,7739706
2026-02-04 03:30,7739706
2026-02-04 03:45,7739706
2026-02-04 04:00,7739706
2026-02-04 04:15,7739706
2026-02-04 04:30,7739706
2026-02-04 04:45,7739706
2026-02-04 05:00,7739706
2026-02-04 05:15,7739706
2026-02-04 05:30,7739740
2026-02-04 05:45,7739740
2026-02-04 06:00,7739740
2026-02-04 06:15,7739740
2026-02-04 06:30,7739740
2026-02-04 06:45,7739740
2026-02-04 07:00,7739780
2026-02-04 07:15,7739780
2026-02-04 07:30,7739780
2026-02-04 07:45,7739780
2026-02-04 08:00,7739780
2026-02-04 08:15,7739780
2026-02-04 08:30,7739780
2026-02-04 08:45,7739780
2026-02-04 09:00,7739780
2026-02-04 09:15,7740320
2026-02-04 09:30,7740336
2026-02-04 09:45,7740380
2026-02-04 10:00,7740380
2026-02-04 10:15,7740380
2026-02-04 10:30,7740380
2026-02-04 10:45,7740380
2026-02-04 11:00,7740450
2026-02-04 11:15,7740473
2026-02-04 11:30,7740543
2026-02-04 11:45,7740613
2026-02-04 12:00,7740613
2026-02-04 12:15,7740613
2026-02-04 12:30,7740690
2026-02-04 12:45,7740713
2026-02-04 13:00,7740713
2026-02-04 13:15,7740853
2026-02-04 13:30,7740863
2026-02-04 13:45,7741070
2026-02-04 14:00,7741070
2026-02-04 14:15,7741133
2026-02-04 14:30,7741133
2026-02-04 14:45,7741133
2026-02-04 15:00,7741136
2026-02-04 15:15,7741136
2026-02-04 15:30,7741136
2026-02-04 15:45,7741140
2026-02-04 16:00,7741256
2026-02-04 16:15,7741296
2026-02-04 16:30,7741453
2026-02-04 16:45,7741533
2026-02-04 17:00,7741533
2026-02-04 17:15,7741716
2026-02-04 17:30,7741836
2026-02-04 17:45,7741836
2026-02-04 18:00,7741836
2026-02-04 18:15,7741870
2026-02-04 18:30,7741870
2026-02-04 18:45,7741876
2026-02-04 19:00,7742020
2026-02-04 19:15,7742180
2026-02-04 19:30,7742193
2026-02-04 19:45,7743663
2026-02-04 20:00,7744156
2026-02-04 20:15,7744156
2026-02-04 20:30,7744193
2026-02-04 20:45,7744200
2026-02-04 21:00,7744200
2026-02-04 21:15,7744200
2026-02-04 21:30,7744240
2026-02-04 21:45,7744310
2026-02-04 22:00,7744316
2026-02-04 22:15,7744323
2026-02-04 22:30,7744323
2026-02-04 22:45,7744323
2026-02-04 23:00,7744373
2026-02-04 23:15,7744376
2026-02-04 23:30,7744376
2026-02-04 23:45,7744483
2026-02-05 00:00,7744483
2026-02-05 00:15,7744483
2026-02-05 00:30,7744483
2026-02-05 00:45,7744483
2026-02-05 01:00,7744483
2026-02-05 01:15,7744483
2026-02-05 01:30,7744483
2026-02-05 01:45,7744483
2026-02-05 02:00,7744483
2026-02-05 02:15,7744483
2026-02-05 02:30,7744483
2026-02-05 02:45,7744483
2026-02-05 03:00,7744483
2026-02-05 03:15,7744483
2026-02-05 03:30,7744483
2026-02-05 03:45,7744520
2026-02-05 04:00,7744520
2026-02-05 04:15,7744520
2026-02-05 04:30,7744520
2026-02-05 04:45,7744560
2026-02-05 05:00,7744560
2026-02-05 05:15,7744560
2026-02-05 05:30,7744560
2026-02-05 05:45,7744560
2026-02-05 06:00,7744560
2026-02-05 06:15,7744560
2026-02-05 06:30,7744560
2026-02-05 06:45,7744636
2026-02-05 07:00,7745430
2026-02-05 07:15,7745433
2026-02-05 07:30,7745466
2026-02-05 07:45,7745466
2026-02-05 08:00,7745583
2026-02-05 08:15,7745600
2026-02-05 08:30,7745616
2026-02-05 08:45,7745620
2026-02-05 09:00,7745620
2026-02-05 09:15,7745620
2026-02-05 09:30,7745626
2026-02-05 09:45,7745626
2026-02-05 10:00,7745716
2026-02-05 10:15,7745720
2026-02-05 10:30,7745793
2026-02-05 10:45,7745826
2026-02-05 11:00,7745826
2026-02-05 11:15,7745826
2026-02-05 11:30,7745976
2026-02-05 11:45,7745976
2026-02-05 12:00,7745990
2026-02-05 12:15,7745993
2026-02-05 12:30,7745993
2026-02-05 12:45,7745993
2026-02-05 13:00,7746016
2026-02-05 13:15,7746040
2026-02-05 13:30,7746040
2026-02-05 13:45,7746126
2026-02-05 14:00,7746163
2026-02-05 14:15,7746163
2026-02-05 14:30,7746196
2026-02-05 14:45,7746310
2026-02-05 15:00,7746320
2026-02-05 15:15,7746360
2026-02-05 15:30,7746360
2026-02-05 15:45,7746393
2026-02-05 16:00,7746393
2026-02-05 16:15,7746530
2026-02-05 16:30,7746530
2026-02-05 16:45,7746633
2026-02-05 17:00,7746700
2026-02-05 17:15,7746700
2026-02-05 17:30,7746763
2026-02-05 17:45,7746763
2026-02-05 18:00,7746893
2026-02-05 18:15,7746893
2026-02-05 18:30,7746893
2026-02-05 18:45,7746893
2026-02-05 19:00,7746926
2026-02-05 19:15,7747186
2026-02-05 19:30,7748903
2026-02-05 19:45,7749080
2026-02-05 20:00,7750026
2026-02-05 20:15,7750606
2026-02-05 20:30,7750606
2026-02-05 20:45,7750636
2026-02-05 21:00,7750643
2026-02-05 21:15,7750990
2026-02-05 21:30,7750990
2026-02-05 21:45,7751020
2026-02-05 22:00,7751020
2026-02-05 22:15,7751020
2026-02-05 22:30,7751170
2026-02-05 22:45,7751266
2026-02-05 23:00,7751276
2026-02-05 23:15,7751276
2026-02-05 23:30,7751326
2026-02-05 23:45,7751340
2026-02-06 00:00,7751343
2026-02-06 00:15,7751343
2026-02-06 00:30,7751343
2026-02-06 00:45,7751400
2026-02-06 01:00,7751400
2026-02-06 01:15,7751400
2026-02-06 01:30,7751400
2026-02-06 01:45,7751503
2026-02-06 02:00,7751503
2026-02-06 02:15,7751503
2026-02-06 02:30,7751533
2026-02-06 02:45,7751533
2026-02-06 03:00,7751533
2026-02-06 03:15,7751533
2026-02-06 03:30,7751533
2026-02-06 03:45,7751533
2026-02-06 04:00,7751533
2026-02-06 04:15,7751533
2026-02-06 04:30,7751533
2026-02-06 04:45,7751533
2026-02-06 05:00,7751533
2026-02-06 05:15,7751533
2026-02-06 05:30,7751570
2026-02-06 05:45,7751610
2026-02-06 06:00,7751610
2026-02-06 06:15,7751610
2026-02-06 06:30,7751650
2026-02-06 06:45,7751726
2026-02-06 07:00,7751733
2026-02-06 07:15,7751733
2026-02-06 07:30,7751790
2026-02-06 07:45,7751830
2026-02-06 08:00,7751913
2026-02-06 08:15,7752363
2026-02-06 08:30,7752473
2026-02-06 08:45,7752930
2026-02-06 09:00,7752946
2026-02-06 09:15,7753023
2026-02-06 09:30,7753023
2026-02-06 09:45,7753023
2026-02-06 10:00,7753023
2026-02-06 10:15,7753023
2026-02-06 10:30,7753023
2026-02-06 10:45,7753023
2026-02-06 11:00,7753023
2026-02-06 11:15,7753023
2026-02-06 11:30,7753023
2026-02-06 11:45,7753023
2026-02-06 12:00,7753023
2026-02-06 12:15,7753023
2026-02-06 12:30,7753023
2026-02-06 12:45,7753023
2026-02-06 13:00,7753023
2026-02-06 13:15,7753043
2026-02-06 13:30,7753043
2026-02-06 13:45,7753046
2026-02-06 14:00,7753046
2026-02-06 14:15,7753080
2026-02-06 14:30,7753080
2026-02-06 14:45,7753080
2026-02-06 15:00,7753080
2026-02-06 15:15,7753080
2026-02-06 15:30,7753080
2026-02-06 15:45,7753080
2026-02-06 16:00,7753113
2026-02-06 16:15,7753113
2026-02-06 16:30,7753113
2026-02-06 16:45,7753193
2026-02-06 17:00,7753200
2026-02-06 17:15,7753200
2026-02-06 17:30,7753200
2026-02-06 17:45,7753200
2026-02-06 18:00,7753200
2026-02-06 18:15,7753200
2026-02-06 18:30,7753200
2026-02-06 18:45,7753236
2026-02-06 19:00,7753236
2026-02-06 19:15,7753236
2026-02-06 19:30,7753236
2026-02-06 19:45,7753270
2026-02-06 20:00,7753270
2026-02-06 20:15,7753270
2026-02-06 20:30,7753270
2026-02-06 20:45,7753270
2026-02-06 21:00,7753373
2026-02-06 21:15,7753373
2026-02-06 21:30,7753373
2026-02-06 21:45,7753376
2026-02-06 22:00,7753376
2026-02-06 22:15,7753446
2026-02-06 22:30,7753446
2026-02-06 22:45,7753446
2026-02-06 23:00,7753446
2026-02-06 23:15,7753483
2026-02-06 23:30,7753483
2026-02-06 23:45,7753483
2026-02-07 00:00,7753483
2026-02-07 00:15,7753486
2026-02-07 00:30,7753573
2026-02-07 00:45,7753640
2026-02-07 01:00,7753640
2026-02-07 01:15,7753640
2026-02-07 01:30,7753640
2026-02-07 01:45,7753640
2026-02-07 02:00,7753640
2026-02-07 02:15,7753640
2026-02-07 02:30,7753640
2026-02-07 02:45,7753640
2026-02-07 03:00,7753640
2026-02-07 03:15,7753640
2026-02-07 03:30,7753640
2026-02-07 03:45,7753640
2026-02-07 04:00,7753640
2026-02-07 04:15,7753640
2026-02-07 04:30,7753640
2026-02-07 04:45,7753640
2026-02-07 05:00,7753640
2026-02-07 05:15,7753640
2026-02-07 05:30,7753640
2026-02-07 05:45,7753640
2026-02-07 06:00,7753640
2026-02-07 06:15,7753643
2026-02-07 06:30,7753680
2026-02-07 06:45,7753680
2026-02-07 07:00,7753680
2026-02-07 07:15,7753680
2026-02-07 07:30,7753756
2026-02-07 07:45,7753756
2026-02-07 08:00,7753756
2026-02-07 08:15,7753756
2026-02-07 08:30,7753756
2026-02-07 08:45,7753756
2026-02-07 09:00,7753756
2026-02-07 09:15,7753916
2026-02-07 09:30,7754196
2026-02-07 09:45,7754283
2026-02-07 10:00,7754353
2026-02-07 10:15,7754406
2026-02-07 10:30,7754406
2026-02-07 10:45,7754406
2026-02-07 11:00,7754423
2026-02-07 11:15,7754423
2026-02-07 11:30,7754423
2026-02-07 11:45,7754513
2026-02-07 12:00,7754513
2026-02-07 12:15,7754513
2026-02-07 12:30,7754513
2026-02-07 12:45,7754513
2026-02-07 13:00,7754553
2026-02-07 13:15,7754553
2026-02-07 13:30,7754553
2026-02-07 13:45,7754650
2026-02-07 14:00,7754650
2026-02-07 14:15,7754650
2026-02-07 14:30,7754650
2026-02-07 14:45,7754650
2026-02-07 15:00,7754686
2026-02-07 15:15,7754686
2026-02-07 15:30,7754686
2026-02-07 15:45,7754690
2026-02-07 16:00,7754726
2026-02-07 16:15,7754726
2026-02-07 16:30,7754726
2026-02-07 16:45,7754726
2026-02-07 17:00,7754736
2026-02-07 17:15,7754740
2026-02-07 17:30,7754776
2026-02-07 17:45,7754776
2026-02-07 18:00,7754840
2026-02-07 18:15,7754873
2026-02-07 18:30,7754873
2026-02-07 18:45,7754873
2026-02-07 19:00,7754873
2026-02-07 19:15,7754873
2026-02-07 19:30,7754873
2026-02-07 19:45,7754946
2026-02-07 20:00,7754946
2026-02-07 20:15,7754946
2026-02-07 20:30,7754983
2026-02-07 20:45,7754983
2026-02-07 21:00,7754983
2026-02-07 21:15,7754983
2026-02-07 21:30,7755016
2026-02-07 21:45,7755016
2026-02-07 22:00,7755016
2026-02-07 22:15,7755016
2026-02-07 22:30,7755016
2026-02-07 22:45,7755056
2026-02-07 23:00,7755056
2026-02-07 23:15,7755056
2026-02-07 23:30,7755056
2026-02-07 23:45,7755056
2026-02-08 00:00,7755056
2026-02-08 00:15,7755140
2026-02-08 00:30,7755140
2026-02-08 00:45,7755180
2026-02-08 01:00,7755180
2026-02-08 01:15,7755180
2026-02-08 01:30,7755180
2026-02-08 01:45,7755180
2026-02-08 02:00,7755216
2026-02-08 02:15,7755216
2026-02-08 02:30,7755216
2026-02-08 02:45,7755216
2026-02-08 03:00,7755216
2026-02-08 03:15,7755216
2026-02-08 03:30,7755216
2026-02-08 03:45,7755216
2026-02-08 04:00,7755216
2026-02-08 04:15,7755216
2026-02-08 04:30,7755216
2026-02-08 04:45,7755216
2026-02-08 05:00,7755216
2026-02-08 05:15,7755216
2026-02-08 05:30,7755216
2026-02-08 05:45,7755216
2026-02-08 06:00,7755216
2026-02-08 06:15,7755216
2026-02-08 06:30,7755216
2026-02-08 06:45,7755216
2026-02-08 07:00,7755216
2026-02-08 07:15,7755300
2026-02-08 07:30,7755336
2026-02-08 07:45,7755336
2026-02-08 08:00,7755340
2026-02-08 08:15,7755340
2026-02-08 08:30,7755340
2026-02-08 08:45,7755340
2026-02-08 09:00,7755340
2026-02-08 09:15,7755423
2026-02-08 09:30,7756210
2026-02-08 09:45,7756210
2026-02-08 10:00,7756216
2026-02-08 10:15,7756216
2026-02-08 10:30,7756216
2026-02-08 10:45,7756486
2026-02-08 11:00,7756536
2026-02-08 11:15,7756536
2026-02-08 11:30,7756660
2026-02-08 11:45,7757030
2026-02-08 12:00,7757040
2026-02-08 12:15,7757040
2026-02-08 12:30,7757040
2026-02-08 12:45,7757040
2026-02-08 13:00,7757060
2026-02-08 13:15,7757086
2026-02-08 13:30,7757126
2026-02-08 13:45,7757333
2026-02-08 14:00,7757333
2026-02-08 14:15,7757370
2026-02-08 14:30,7757733
2026-02-08 14:45,7757883
2026-02-08 15:00,7757906
2026-02-08 15:15,7757936
2026-02-08 15:30,7757936
2026-02-08 15:45,7757973
2026-02-08 16:00,7757973
2026-02-08 16:15,7758030
2026-02-08 16:30,7758030
2026-02-08 16:45,7758066
2026-02-08 17:00,7758066
2026-02-08 17:15,7758080
2026-02-08 17:30,7758133
2026-02-08 17:45,7758243
2026-02-08 18:00,7758440
2026-02-08 18:15,7758453
2026-02-08 18:30,7758453
2026-02-08 18:45,7758653
2026-02-08 19:00,7758776
2026-02-08 19:15,7758846
2026-02-08 19:30,7758846
2026-02-08 19:45,7758846
2026-02-08 20:00,7758846
2026-02-08 20:15,7758846
2026-02-08 20:30,7758880
2026-02-08 20:45,7758886
2026-02-08 21:00,7758946
2026-02-08 21:15,7759020
2026-02-08 21:30,7759036
2026-02-08 21:45,7759063
2026-02-08 22:00,7759063
2026-02-08 22:15,7759063
2026-02-08 22:30,7759063
2026-02-08 22:45,7759523
2026-02-08 23:00,7759633
2026-02-08 23:15,7759663
2026-02-08 23:30,7759766
2026-02-08 23:45,7759856
2026-02-09 00:00,7759870
2026-02-09 00:15,7759870
2026-02-09 00:30,7759870
2026-02-09 00:45,7759870
2026-02-09 01:00,7759910
2026-02-09 01:15,7759956
2026-02-09 01:30,7759996
2026-02-09 01:45,7759996
2026-02-09 02:00,7759996
2026-02-09 02:15,7759996
2026-02-09 02:30,7759996
2026-02-09 02:45,7759996
2026-02-09 03:00,7759996
2026-02-09 03:15,7759996
2026-02-09 03:30,7759996
2026-02-09 03:45,7759996
2026-02-09 04:00,7759996
2026-02-09 04:15,7759996
2026-02-09 04:30,7760030
2026-02-09 04:45,7760030
2026-02-09 05:00,7760030
2026-02-09 05:15,7760030
2026-02-09 05:30,7760030
2026-02-09 05:45,7760030
2026-02-09 06:00,7760030
2026-02-09 06:15,7760030
2026-02-09 06:30,7760030
2026-02-09 06:45,7760030
2026-02-09 07:00,7760030
2026-02-09 07:15,7760066
2026-02-09 07:30,7760066
2026-02-09 07:45,7760066
2026-02-09 08:00,7760066
2026-02-09 08:15,7760190
2026-02-09 08:30,7760220
2026-02-09 08:45,7760230
2026-02-09 09:00,7760230
2026-02-09 09:15,7761023
2026-02-09 09:30,7761103
2026-02-09 09:45,7761106
2026-02-09 10:00,7761110
2026-02-09 10:15,7761110
2026-02-09 10:30,7761110
2026-02-09 10:45,7761110
2026-02-09 11:00,7761110
2026-02-09 11:15,7761176
2026-02-09 11:30,7761176
2026-02-09 11:45,7761266
2026-02-09 12:00,7761266
2026-02-09 12:15,7761266
2026-02-09 12:30,7761266
2026-02-09 12:45,7761723
2026-02-09 13:00,7761740
2026-02-09 13:15,7761740
2026-02-09 13:30,7761786
2026-02-09 13:45,7761786
2026-02-09 14:00,7761786
2026-02-09 14:15,7761820
2026-02-09 14:30,7761820
2026-02-09 14:45,7761820
2026-02-09 15:00,7761820
2026-02-09 15:15,7761880
2026-02-09 15:30,7761880
2026-02-09 15:45,7761880
2026-02-09 16:00,7761880
2026-02-09 16:15,7761880
2026-02-09 16:30,7761880
2026-02-09 16:45,7761913
2026-02-09 17:00,7761913
2026-02-09 17:15,7761993
2026-02-09 17:30,7761993
2026-02-09 17:45,7761993
2026-02-09 18:00,7761993
2026-02-09 18:15,7761993
2026-02-09 18:30,7761993
2026-02-09 18:45,7761993
2026-02-09 19:00,7761993
2026-02-09 19:15,7761993
2026-02-09 19:30,7761993
2026-02-09 19:45,7761993
2026-02-09 20:00,7761993
2026-02-09 20:15,7761993
2026-02-09 20:30,7761993
2026-02-09 20:45,7762000
2026-02-09 21:00,7762000
2026-02-09 21:15,7762056
2026-02-09 21:30,7762056
2026-02-09 21:45,7762056
2026-02-09 22:00,7762056
2026-02-09 22:15,7762056
2026-02-09 22:30,7762756
2026-02-09 22:45,7762876
2026-02-09 23:00,7762943
2026-02-09 23:15,7762943
2026-02-09 23:30,7762943
2026-02-09 23:45,7762943
2026-02-10 00:00,7763020
2026-02-10 00:15,7763113
2026-02-10 00:30,7763113
2026-02-10 00:45,7763166
2026-02-10 01:00,7763166
2026-02-10 01:15,7763166
2026-02-10 01:30,7763166
2026-02-10 01:45,7763166
2026-02-10 02:00,7763166
2026-02-10 02:15,7763166
2026-02-10 02:30,7763166
2026-02-10 02:45,7763166
2026-02-10 03:00,7763166
2026-02-10 03:15,7763203
2026-02-10 03:30,7763203
2026-02-10 03:45,7763203
2026-02-10 04:00,7763206
2026-02-10 04:15,7763273
2026-02-10 04:30,7763273
2026-02-10 04:45,7763273
2026-02-10 05:00,7763273
2026-02-10 05:15,7763273
2026-02-10 05:30,7763273
2026-02-10 05:45,7763273
2026-02-10 06:00,7763273
2026-02-10 06:15,7763273
2026-02-10 06:30,7763273
2026-02-10 06:45,7763273
2026-02-10 07:00,7763273
2026-02-10 07:15,7763273
2026-02-10 07:30,7763370
2026-02-10 07:45,7763370
2026-02-10 08:00,7763370
2026-02-10 08:15,7763370
2026-02-10 08:30,7763743
2026-02-10 08:45,7763800
2026-02-10 09:00,7763800
2026-02-10 09:15,7765116
2026-02-10 09:30,7765526
2026-02-10 09:45,7765583
2026-02-10 10:00,7765596
2026-02-10 10:15,7765596
2026-02-10 10:30,7765596
2026-02-10 10:45,7765596
2026-02-10 11:00,7765790
2026-02-10 11:15,7765790
2026-02-10 11:30,7765790
2026-02-10 11:45,7765793
2026-02-10 12:00,7765880
2026-02-10 12:15,7765880
2026-02-10 12:30,7765950
2026-02-10 12:45,7765980
2026-02-10 13:00,7766056
2026-02-10 13:15,7766076
2026-02-10 13:30,7766116
2026-02-10 13:45,7766116
2026-02-10 14:00,7766116
2026-02-10 14:15,7766116
2026-02-10 14:30,7766173
2026-02-10 14:45,7766173
2026-02-10 15:00,7766196
2026-02-10 15:15,7766196
2026-02-10 15:30,7766256
2026-02-10 15:45,7766256
2026-02-10 16:00,7766260
2026-02-10 16:15,7766260
2026-02-10 16:30,7766260
2026-02-10 16:45,7766263
2026-02-10 17:00,7766266
2026-02-10 17:15,7766366
2026-02-10 17:30,7766410
2026-02-10 17:45,7766410
2026-02-10 18:00,7766410
2026-02-10 18:15,7766446
2026-02-10 18:30,7767253
2026-02-10 18:45,7767283
2026-02-10 19:00,7767283
2026-02-10 19:15,7767283
2026-02-10 19:30,7767306
2026-02-10 19:45,7767343
2026-02-10 20:00,7767343
2026-02-10 20:15,7767343
2026-02-10 20:30,7767343
2026-02-10 20:45,7767343
2026-02-10 21:00,7767343
2026-02-10 21:15,7767403
2026-02-10 21:30,7767403
2026-02-10 21:45,7767403
2026-02-10 22:00,7767403
2026-02-10 22:15,7767520
2026-02-10 22:30,7767520
2026-02-10 22:45,7767556
2026-02-10 23:00,7767736
2026-02-10 23:15,7768340
2026-02-10 23:30,7768346
2026-02-10 23:45,7768376
2026-02-11 00:00,7768380
2026-02-11 00:15,7768553
2026-02-11 00:30,7768553
2026-02-11 00:45,7768576
2026-02-11 01:00,7768576
2026-02-11 01:15,7768576
2026-02-11 01:30,7768606
2026-02-11 01:45,7768640
2026-02-11 02:00,7768640
2026-02-11 02:15,7768713
2026-02-11 02:30,7768713
2026-02-11 02:45,7768713
2026-02-11 03:00,7768713
2026-02-11 03:15,7768713
2026-02-11 03:30,7768713
2026-02-11 03:45,7768713
2026-02-11 04:00,7768713
2026-02-11 04:15,7768713
2026-02-11 04:30,7768713
2026-02-11 04:45,7768713
2026-02-11 05:00,7768713
2026-02-11 05:15,7768713
2026-02-11 05:30,7768713
2026-02-11 05:45,7768713
2026-02-11 06:00,7768713
2026-02-11 06:15,7768713
2026-02-11 06:30,7768713
2026-02-11 06:45,7768750
2026-02-11 07:00,7768793
2026-02-11 07:15,7768873
2026-02-11 07:30,7768873
2026-02-11 07:45,7768873
2026-02-11 08:00,7768873
2026-02-11 08:15,7768873
2026-02-11 08:30,7769470
2026-02-11 08:45,7769543
2026-02-11 09:00,7769543
2026-02-11 09:15,7770650
2026-02-11 09:30,7772020
2026-02-11 09:45,7772136
2026-02-11 10:00,7772136
2026-02-11 10:15,7772203
2026-02-11 10:30,7772210
2026-02-11 10:45,7772210
2026-02-11 11:00,7772373
2026-02-11 11:15,7772436
2026-02-11 11:30,7773700
2026-02-11 11:45,7774280
2026-02-11 12:00,7774343
2026-02-11 12:15,7774346
2026-02-11 12:30,7774440
2026-02-11 12:45,7774673
2026-02-11 13:00,7774866
2026-02-11 13:15,7774963
2026-02-11 13:30,7775076
2026-02-11 13:45,7775080
2026-02-11 14:00,7775163
2026-02-11 14:15,7775236
2026-02-11 14:30,7775236
2026-02-11 14:45,7775236
2026-02-11 15:00,7775243
2026-02-11 15:15,7775270
2026-02-11 15:30,7775356
2026-02-11 15:45,7775653
2026-02-11 16:00,7775833
2026-02-11 16:15,7775860
2026-02-11 16:30,7776056
2026-02-11 16:45,7776290
2026-02-11 17:00,7776320
2026-02-11 17:15,7776386
2026-02-11 17:30,7776386
2026-02-11 17:45,7776683
2026-02-11 18:00,7776836
2026-02-11 18:15,7778786
2026-02-11 18:30,7778966
2026-02-11 18:45,7778966
2026-02-11 19:00,7779003
2026-02-11 19:15,7779510
2026-02-11 19:30,7780113
2026-02-11 19:45,7780193
2026-02-11 20:00,7780226
2026-02-11 20:15,7780506
2026-02-11 20:30,7780510
2026-02-11 20:45,7780510
2026-02-11 21:00,7780583
2026-02-11 21:15,7780583
2026-02-11 21:30,7780583
2026-02-11 21:45,7780643
2026-02-11 22:00,7781003
2026-02-11 22:15,7781113
2026-02-11 22:30,7781113
2026-02-11 22:45,7781190
2026-02-11 23:00,7781190
2026-02-11 23:15,7781190
2026-02-11 23:30,7781246
2026-02-11 23:45,7781326
2026-02-12 00:00,7781393
2026-02-12 00:15,7781393
2026-02-12 00:30,7781393
2026-02-12 00:45,7781393
2026-02-12 01:00,7781393
2026-02-12 01:15,7781393
2026-02-12 01:30,7781393
2026-02-12 01:45,7781393
2026-02-12 02:00,7781393
2026-02-12 02:15,7781393
2026-02-12 02:30,7781393
2026-02-12 02:45,7781393
2026-02-12 03:00,7781393
2026-02-12 03:15,7781393
2026-02-12 03:30,7781393
2026-02-12 03:45,7781393
2026-02-12 04:00,7781393
2026-02-12 04:15,7781430
2026-02-12 04:30,7781430
2026-02-12 04:45,7781430
2026-02-12 05:00,7781430
2026-02-12 05:15,7781430
2026-02-12 05:30,7781466
2026-02-12 05:45,7781466
2026-02-12 06:00,7781466
2026-02-12 06:15,7781466
2026-02-12 06:30,7781466
2026-02-12 06:45,7781466
2026-02-12 07:00,7781466
2026-02-12 07:15,7781880
2026-02-12 07:30,7781983
2026-02-12 07:45,7782033
2026-02-12 08:00,7782033
2026-02-12 08:15,7782046
2026-02-12 08:30,7782976
2026-02-12 08:45,7783593
2026-02-12 09:00,7783613
2026-02-12 09:15,7783616
2026-02-12 09:30,7783763
2026-02-12 09:45,7783776
2026-02-12 10:00,7783810
2026-02-12 10:15,7783813
2026-02-12 10:30,7783896
2026-02-12 10:45,7783960
2026-02-12 11:00,7784036
2026-02-12 11:15,7784246
2026-02-12 11:30,7784310
2026-02-12 11:45,7784316
2026-02-12 12:00,7784316
2026-02-12 12:15,7784316
2026-02-12 12:30,7784316
2026-02-12 12:45,7784390
2026-02-12 13:00,7784390
2026-02-12 13:15,7784393
2026-02-12 13:30,7784393
2026-02-12 13:45,7784403
2026-02-12 14:00,7784413
2026-02-12 14:15,7784463
2026-02-12 14:30,7784563
2026-02-12 14:45,7784703
2026-02-12 15:00,7784703
2026-02-12 15:15,7784830
2026-02-12 15:30,7784866
2026-02-12 15:45,7784866
2026-02-12 16:00,7784866
2026-02-12 16:15,7784870
2026-02-12 16:30,7784970
2026-02-12 16:45,7785140
2026-02-12 17:00,7785146
2026-02-12 17:15,7785236
2026-02-12 17:30,7785300
2026-02-12 17:45,7785336
2026-02-12 18:00,7785396
2026-02-12 18:15,7785476
2026-02-12 18:30,7785580
2026-02-12 18:45,7785586
2026-02-12 19:00,7785586
2026-02-12 19:15,7785663
2026-02-12 19:30,7785763
2026-02-12 19:45,7785773
2026-02-12 20:00,7785793
2026-02-12 20:15,7785853
2026-02-12 20:30,7785853
2026-02-12 20:45,7785853
2026-02-12 21:00,7785883
2026-02-12 21:15,7785883
2026-02-12 21:30,7785950
2026-02-12 21:45,7785973
2026-02-12 22:00,7785973
2026-02-12 22:15,7786003
2026-02-12 22:30,7786003
2026-02-12 22:45,7786040
2026-02-12 23:00,7786270
2026-02-12 23:15,7786270
2026-02-12 23:30,7786273
2026-02-12 23:45,7786360
2026-02-13 00:00,7786406
2026-02-13 00:15,7786440
2026-02-13 00:30,7786446
2026-02-13 00:45,7786556
2026-02-13 01:00,7786556
2026-02-13 01:15,7786556
2026-02-13 01:30,7786556
2026-02-13 01:45,7786580
2026-02-13 02:00,7786590
2026-02-13 02:15,7786590
2026-02-13 02:30,7786590
2026-02-13 02:45,7786590
2026-02-13 03:00,7786590
2026-02-13 03:15,7786590
2026-02-13 03:30,7786590
2026-02-13 03:45,7786590
2026-02-13 04:00,7786590
2026-02-13 04:15,7786590
2026-02-13 04:30,7786630
2026-02-13 04:45,7786666
2026-02-13 05:00,7786666
2026-02-13 05:15,7786666
2026-02-13 05:30,7786666
2026-02-13 05:45,7786666
2026-02-13 06:00,7786666
2026-02-13 06:15,7786666
2026-02-13 06:30,7786666
2026-02-13 06:45,7786803
2026-02-13 07:00,7786963
2026-02-13 07:15,7786963
2026-02-13 07:30,7787036
2026-02-13 07:45,7787040
2026-02-13 08:00,7787260
2026-02-13 08:15,7787783
2026-02-13 08:30,7787936
2026-02-13 08:45,7788090
2026-02-13 09:00,7788260
2026-02-13 09:15,7788420
2026-02-13 09:30,7788506
2026-02-13 09:45,7788510
2026-02-13 10:00,7788510
2026-02-13 10:15,7788510
2026-02-13 10:30,7788510
2026-02-13 10:45,7788510
2026-02-13 11:00,7788510
2026-02-13 11:15,7788833
2026-02-13 11:30,7788833
2026-02-13 11:45,7788833
2026-02-13 12:00,7788833
2026-02-13 12:15,7788840
2026-02-13 12:30,7788840
2026-02-13 12:45,7788846
2026-02-13 13:00,7788846
2026-02-13 13:15,7788846
2026-02-13 13:30,7788853
2026-02-13 13:45,7788870
2026-02-13 14:00,7789050
2026-02-13 14:15,7789166
2026-02-13 14:30,7789370
2026-02-13 14:45,7789443
2026-02-13 15:00,7789443
2026-02-13 15:15,7789463
2026-02-13 15:30,7789513
2026-02-13 15:45,7789596
2026-02-13 16:00,7789600
2026-02-13 16:15,7789633
2026-02-13 16:30,7789703
2026-02-13 16:45,7789703
2026-02-13 17:00,7789833
2026-02-13 17:15,7789833
2026-02-13 17:30,7789833
2026-02-13 17:45,7789833
2026-02-13 18:00,7789836
2026-02-13 18:15,7789840
2026-02-13 18:30,7789873
2026-02-13 18:45,7789876
2026-02-13 19:00,7790000
2026-02-13 19:15,7790116
2026-02-13 19:30,7790116
2026-02-13 19:45,7790126
2026-02-13 20:00,7790170
2026-02-13 20:15,7790170
2026-02-13 20:30,7790173
2026-02-13 20:45,7790173
2026-02-13 21:00,7790173
2026-02-13 21:15,7790173
2026-02-13 21:30,7790173
2026-02-13 21:45,7790173
2026-02-13 22:00,7790243
2026-02-13 22:15,7790243
2026-02-13 22:30,7790243
2026-02-13 22:45,7790243
2026-02-13 23:00,7790246
2026-02-13 23:15,7790316
2026-02-13 23:30,7790316
2026-02-13 23:45,7790326
2026-02-14 00:00,7790363
2026-02-14 00:15,7790416
2026-02-14 00:30,7790553
2026-02-14 00:45,7790553
2026-02-14 01:00,7790553
2026-02-14 01:15,7790553
2026-02-14 01:30,7790553
2026-02-14 01:45,7790553
2026-02-14 02:00,7790553
2026-02-14 02:15,7790553
2026-02-14 02:30,7790590
2026-02-14 02:45,7790590
2026-02-14 03:00,7790590
2026-02-14 03:15,7790590
2026-02-14 03:30,7790590
2026-02-14 03:45,7790590
2026-02-14 04:00,7790590
2026-02-14 04:15,7790590
2026-02-14 04:30,7790590
2026-02-14 04:45,7790590
2026-02-14 05:00,7790590
2026-02-14 05:15,7790590
2026-02-14 05:30,7790590
2026-02-14 05:45,7790590
2026-02-14 06:00,7790590
2026-02-14 06:15,7790590
2026-02-14 06:30,7790666
2026-02-14 06:45,7790666
2026-02-14 07:00,7790666
2026-02-14 07:15,7790666
2026-02-14 07:30,7790703
2026-02-14 07:45,7790880
2026-02-14 08:00,7790883
2026-02-14 08:15,7790963
2026-02-14 08:30,7790966
2026-02-14 08:45,7791046
2026-02-14 09:00,7791046
2026-02-14 09:15,7791566
2026-02-14 09:30,7791686
2026-02-14 09:45,7791743
2026-02-14 10:00,7791743
2026-02-14 10:15,7791743
2026-02-14 10:30,7792420
2026-02-14 10:45,7793576
2026-02-14 11:00,7793600
2026-02-14 11:15,7793640
2026-02-14 11:30,7793656
2026-02-14 11:45,7793683
2026-02-14 12:00,7793716
2026-02-14 12:15,7793716
2026-02-14 12:30,7793750
2026-02-14 12:45,7793760
2026-02-14 13:00,7793760
2026-02-14 13:15,7793760
2026-02-14 13:30,7793793
2026-02-14 13:45,7793793
2026-02-14 14:00,7793796
2026-02-14 14:15,7793836
2026-02-14 14:30,7793893
2026-02-14 14:45,7793960
2026-02-14 15:00,7793963
2026-02-14 15:15,7794003
2026-02-14 15:30,7794056
2026-02-14 15:45,7794216
2026-02-14 16:00,7794276
2026-02-14 16:15,7794396
2026-02-14 16:30,7794396
2026-02-14 16:45,7794476
2026-02-14 17:00,7794506
2026-02-14 17:15,7794626
2026-02-14 17:30,7794690
2026-02-14 17:45,7794870
2026-02-14 18:00,7795030
2026-02-14 18:15,7795063
2026-02-14 18:30,7795063
2026-02-14 18:45,7795126
2026-02-14 19:00,7795126
2026-02-14 19:15,7795223
2026-02-14 19:30,7795236
2026-02-14 19:45,7795460
2026-02-14 20:00,7795460
2026-02-14 20:15,7795460
2026-02-14 20:30,7795493
2026-02-14 20:45,7795493
2026-02-14 21:00,7795496
2026-02-14 21:15,7795496
2026-02-14 21:30,7795496
2026-02-14 21:45,7795496
2026-02-14 22:00,7795583
2026-02-14 22:15,7795640
2026-02-14 22:30,7795640
2026-02-14 22:45,7795706
2026-02-14 23:00,7795746
2026-02-14 23:15,7795890
2026-02-14 23:30,7795890
2026-02-14 23:45,7795893
2026-02-15 00:00,7795920
2026-02-15 00:15,7795920
2026-02-15 00:30,7796070
2026-02-15 00:45,7796100
2026-02-15 01:00,7796100
2026-02-15 01:15,7796160
2026-02-15 01:30,7796160
2026-02-15 01:45,7796160
2026-02-15 02:00,7796160
2026-02-15 02:15,7796160
2026-02-15 02:30,7796160
2026-02-15 02:45,7796160
2026-02-15 03:00,7796160
2026-02-15 03:15,7796160
2026-02-15 03:30,7796196
2026-02-15 03:45,7796200
2026-02-15 04:00,7796266
2026-02-15 04:15,7796266
2026-02-15 04:30,7796266
2026-02-15 04:45,7796266
2026-02-15 05:00,7796266
2026-02-15 05:15,7796333
2026-02-15 05:30,7796336
2026-02-15 05:45,7796343
2026-02-15 06:00,7796433
2026-02-15 06:15,7796433
2026-02-15 06:30,7796433
2026-02-15 06:45,7796433
2026-02-15 07:00,7796433
2026-02-15 07:15,7796433
2026-02-15 07:30,7796433
2026-02-15 07:45,7796443
2026-02-15 08:00,7796443
2026-02-15 08:15,7796443
2026-02-15 08:30,7796443
2026-02-15 08:45,7796510
2026-02-15 09:00,7796510
2026-02-15 09:15,7796876
2026-02-15 09:30,7797060
2026-02-15 09:45,7797166
2026-02-15 10:00,7797166
2026-02-15 10:15,7797423
2026-02-15 10:30,7797463
2026-02-15 10:45,7797480
2026-02-15 11:00,7797563
2026-02-15 11:15,7797630
2026-02-15 11:30,7797630
2026-02-15 11:45,7797670
2026-02-15 12:00,7797876
2026-02-15 12:15,7798170
2026-02-15 12:30,7798233
2026-02-15 12:45,7798966
2026-02-15 13:00,7798983
2026-02-15 13:15,7798983
2026-02-15 13:30,7799003
2026-02-15 13:45,7799006
2026-02-15 14:00,7799126
2026-02-15 14:15,7799186
2026-02-15 14:30,7799256
2026-02-15 14:45,7799356
2026-02-15 15:00,7799356
2026-02-15 15:15,7799356
2026-02-15 15:30,7799426
2026-02-15 15:45,7799646
2026-02-15 16:00,7799703
2026-02-15 16:15,7799703
2026-02-15 16:30,7799716
2026-02-15 16:45,7799890
2026-02-15 17:00,7800010
2026-02-15 17:15,7800160
2026-02-15 17:30,7800190
2026-02-15 17:45,7800190
2026-02-15 18:00,7800226
2026-02-15 18:15,7800240
2026-02-15 18:30,7800346
2026-02-15 18:45,7800346
2026-02-15 19:00,7800346
2026-02-15 19:15,7800350
2026-02-15 19:30,7800473
2026-02-15 19:45,7800633
2026-02-15 20:00,7800633
2026-02-15 20:15,7800633
2026-02-15 20:30,7800670
2026-02-15 20:45,7800836
2026-02-15 21:00,7800836
2026-02-15 21:15,7800840
2026-02-15 21:30,7801130
2026-02-15 21:45,7801940
2026-02-15 22:00,7803460
2026-02-15 22:15,7803810
2026-02-15 22:30,7803810
2026-02-15 22:45,7803896
2026-02-15 23:00,7804000
2026-02-15 23:15,7804000
2026-02-15 23:30,7804000
2026-02-15 23:45,7804033
2026-02-16 00:00,7804033
2026-02-16 00:15,7804106
2026-02-16 00:30,7804106
2026-02-16 00:45,7804166
2026-02-16 01:00,7804166
2026-02-16 01:15,7804166
2026-02-16 01:30,7804166
2026-02-16 01:45,7804246
2026-02-16 02:00,7804246
2026-02-16 02:15,7804246
2026-02-16 02:30,7804246
2026-02-16 02:45,7804246
2026-02-16 03:00,7804246
2026-02-16 03:15,7804246
2026-02-16 03:30,7804286
2026-02-16 03:45,7804286
2026-02-16 04:00,7804323
2026-02-16 04:15,7804323
2026-02-16 04:30,7804323
2026-02-16 04:45,7804323
2026-02-16 05:00,7804323
2026-02-16 05:15,7804323
2026-02-16 05:30,7804323
2026-02-16 05:45,7804323
2026-02-16 06:00,7804323
2026-02-16 06:15,7804323
2026-02-16 06:30,7804363
2026-02-16 06:45,7804363
2026-02-16 07:00,7804400
2026-02-16 07:15,7804400
2026-02-16 07:30,7804400
2026-02-16 07:45,7804480
2026-02-16 08:00,7804876
2026-02-16 08:15,7805033
2026-02-16 08:30,7805040
2026-02-16 08:45,7805043
2026-02-16 09:00,7805120
2026-02-16 09:15,7805120
2026-02-16 09:30,7805120
2026-02-16 09:45,7805130
2026-02-16 10:00,7805166
2026-02-16 10:15,7805166
2026-02-16 10:30,7805266
2026-02-16 10:45,7805310
2026-02-16 11:00,7805406
2026-02-16 11:15,7805450
2026-02-16 11:30,7805450
2026-02-16 11:45,7805453
2026-02-16 12:00,7805470
2026-02-16 12:15,7805470
2026-02-16 12:30,7805470
2026-02-16 12:45,7805470
2026-02-16 13:00,7805470
2026-02-16 13:15,7805470
2026-02-16 13:30,7805520
2026-02-16 13:45,7805540
2026-02-16 14:00,7805540
2026-02-16 14:15,7805710
2026-02-16 14:30,7805840
2026-02-16 14:45,7805953
2026-02-16 15:00,7805953
2026-02-16 15:15,7805953
2026-02-16 15:30,7805960
2026-02-16 15:45,7806036
2026-02-16 16:00,7806070
2026-02-16 16:15,7806070
2026-02-16 16:30,7806070
2026-02-16 16:45,7806083
2026-02-16 17:00,7806096
2026-02-16 17:15,7806096
2026-02-16 17:30,7806130
2026-02-16 17:45,7806130
2026-02-16 18:00,7806130
2026-02-16 18:15,7806180
2026-02-16 18:30,7806180
2026-02-16 18:45,7806213
2026-02-16 19:00,7806213
2026-02-16 19:15,7806213
2026-02-16 19:30,7806213
2026-02-16 19:45,7806213
2026-02-16 20:00,7806270
2026-02-16 20:15,7806280
2026-02-16 20:30,7806286
2026-02-16 20:45,7806286
2026-02-16 21:00,7806373
2026-02-16 21:15,7806396
2026-02-16 21:30,7806400
2026-02-16 21:45,7806400
2026-02-16 22:00,7806400
2026-02-16 22:15,7806433
2026-02-16 22:30,7806526
2026-02-16 22:45,7806526
2026-02-16 23:00,7806603
2026-02-16 23:15,7806753
2026-02-16 23:30,7806753
2026-02-16 23:45,7806753
2026-02-17 00:00,7806786
2026-02-17 00:15,7806800
2026-02-17 00:30,7806800
2026-02-17 00:45,7806853
2026-02-17 01:00,7806853
2026-02-17 01:15,7806853
2026-02-17 01:30,7806853
2026-02-17 01:45,7806853
2026-02-17 02:00,7806853
2026-02-17 02:15,7806853
2026-02-17 02:30,7806853
2026-02-17 02:45,7806890
2026-02-17 03:00,7806890
2026-02-17 03:15,7806890
2026-02-17 03:30,7806890
2026-02-17 03:45,7806890
2026-02-17 04:00,7806890
2026-02-17 04:15,7806890
2026-02-17 04:30,7806890
2026-02-17 04:45,7806890
2026-02-17 05:00,7806890
2026-02-17 05:15,7806930
2026-02-17 05:30,7806930
2026-02-17 05:45,7806930
2026-02-17 06:00,7806930
2026-02-17 06:15,7806930
2026-02-17 06:30,7806966
2026-02-17 06:45,7807006
2026-02-17 07:00,7807006
2026-02-17 07:15,7807006
2026-02-17 07:30,7807006
2026-02-17 07:45,7807006
2026-02-17 08:00,7807586
2026-02-17 08:15,7807633
2026-02-17 08:30,7807633
2026-02-17 08:45,7807633
2026-02-17 09:00,7807670
2026-02-17 09:15,7807670
2026-02-17 09:30,7807670
2026-02-17 09:45,7808090
2026-02-17 10:00,7808090
2026-02-17 10:15,7808090
2026-02-17 10:30,7808106
2026-02-17 10:45,7808256
2026-02-17 11:00,7808430
2026-02-17 11:15,7808450
2026-02-17 11:30,7808450
2026-02-17 11:45,7808453
2026-02-17 12:00,7808486
2026-02-17 12:15,7808490
2026-02-17 12:30,7808490
2026-02-17 12:45,7808550
2026-02-17 13:00,7808613
2026-02-17 13:15,7808660
2026-02-17 13:30,7808660
2026-02-17 13:45,7808660
2026-02-17 14:00,7808660
2026-02-17 14:15,7808696
2026-02-17 14:30,7808696
2026-02-17 14:45,7808766
2026-02-17 15:00,7808783
2026-02-17 15:15,7808816
2026-02-17 15:30,7808816
2026-02-17 15:45,7808816
2026-02-17 16:00,7808816
2026-02-17 16:15,7808830
2026-02-17 16:30,7808830
2026-02-17 16:45,7808830
2026-02-17 17:00,7808830
2026-02-17 17:15,7808866
2026-02-17 17:30,7808866
2026-02-17 17:45,7808866
2026-02-17 18:00,7808866
2026-02-17 18:15,7808866
2026-02-17 18:30,7808866
2026-02-17 18:45,7808866
2026-02-17 19:00,7808866
2026-02-17 19:15,7808866
2026-02-17 19:30,7808866
2026-02-17 19:45,7808866
2026-02-17 20:00,7808866
2026-02-17 20:15,7808866
2026-02-17 20:30,7808866
2026-02-17 20:45,7808866
2026-02-17 21:00,7808866
2026-02-17 21:15,7808866
2026-02-17 21:30,7808866
2026-02-17 21:45,7808866
2026-02-17 22:00,7808866
2026-02-17 22:15,7808866
2026-02-17 22:30,7808866
2026-02-17 22:45,7808866
2026-02-17 23:00,7808883
2026-02-17 23:15,7808883
2026-02-17 23:30,7808913
2026-02-17 23:45,7808913
2026-02-18 00:00,7808913
2026-02-18 00:15,7808913
2026-02-18 00:30,7809006
2026-02-18 00:45,7809016
2026-02-18 01:00,7809016
2026-02-18 01:15,7809016
2026-02-18 01:30,7809120
2026-02-18 01:45,7809120
2026-02-18 02:00,7809120
2026-02-18 02:15,7809186
2026-02-18 02:30,7809186
2026-02-18 02:45,7809186
2026-02-18 03:00,7809186
2026-02-18 03:15,7809186
2026-02-18 03:30,7809186
2026-02-18 03:45,7809186
2026-02-18 04:00,7809186
2026-02-18 04:15,7809186
2026-02-18 04:30,7809186
2026-02-18 04:45,7809186
2026-02-18 05:00,7809186
2026-02-18 05:15,7809186
2026-02-18 05:30,7809186
2026-02-18 05:45,7809223
2026-02-18 06:00,7809223
2026-02-18 06:15,7809263
2026-02-18 06:30,7809263
2026-02-18 06:45,7809263
2026-02-18 07:00,7809263
2026-02-18 07:15,7809263
2026-02-18 07:30,7809263
2026-02-18 07:45,7809263
2026-02-18 08:00,7809693
2026-02-18 08:15,7809693
2026-02-18 08:30,7809693
2026-02-18 08:45,7809726
2026-02-18 09:00,7809726
2026-02-18 09:15,7809726
2026-02-18 09:30,7809763
2026-02-18 09:45,7809763
2026-02-18 10:00,7809816
2026-02-18 10:15,7809816
2026-02-18 10:30,7809816
2026-02-18 10:45,7809816
2026-02-18 11:00,7809850
2026-02-18 11:15,7809853
2026-02-18 11:30,7809853
2026-02-18 11:45,7809853
2026-02-18 12:00,7809853
2026-02-18 12:15,7809980
2026-02-18 12:30,7810043
2026-02-18 12:45,7810050
2026-02-18 13:00,7810086
2026-02-18 13:15,7810090
2026-02-18 13:30,7810100
2026-02-18 13:45,7810176
2026-02-18 14:00,7810176
2026-02-18 14:15,7810176
2026-02-18 14:30,7810176
2026-02-18 14:45,7810213
2026-02-18 15:00,7810213
2026-02-18 15:15,7810213
2026-02-18 15:30,7810253
2026-02-18 15:45,7810283
2026-02-18 16:00,7810290
2026-02-18 16:15,7810453
2026-02-18 16:30,7810470
2026-02-18 16:45,7810486
2026-02-18 17:00,7810510
2026-02-18 17:15,7810573
2026-02-18 17:30,7810606
2026-02-18 17:45,7810696
2026-02-18 18:00,7810696
2026-02-18 18:15,7810696
2026-02-18 18:30,7810696
2026-02-18 18:45,7810873
2026-02-18 19:00,7810910
2026-02-18 19:15,7811013
2026-02-18 19:30,7811826
2026-02-18 19:45,7811826
2026-02-18 20:00,7811833
2026-02-18 20:15,7811833
2026-02-18 20:30,7811833
2026-02-18 20:45,7811870
2026-02-18 21:00,7811870
2026-02-18 21:15,7811880
2026-02-18 21:30,7811880
2026-02-18 21:45,7811893
2026-02-18 22:00,7811893
2026-02-18 22:15,7811930
2026-02-18 22:30,7811946
2026-02-18 22:45,7811946
2026-02-18 23:00,7811946
2026-02-18 23:15,7811983
2026-02-18 23:30,7812066
2026-02-18 23:45,7812123
2026-02-19 00:00,7812123
2026-02-19 00:15,7812123
2026-02-19 00:30,7812123
2026-02-19 00:45,7812176
2026-02-19 01:00,7812176
2026-02-19 01:15,7812176
2026-02-19 01:30,7812176
2026-02-19 01:45,7812176
2026-02-19 02:00,7812176
2026-02-19 02:15,7812176
2026-02-19 02:30,7812176
2026-02-19 02:45,7812176
2026-02-19 03:00,7812176
2026-02-19 03:15,7812176
2026-02-19 03:30,7812176
2026-02-19 03:45,7812176
2026-02-19 04:00,7812176
2026-02-19 04:15,7812176
2026-02-19 04:30,7812213
2026-02-19 04:45,7812213
2026-02-19 05:00,7812213
2026-02-19 05:15,7812213
2026-02-19 05:30,7812213
2026-02-19 05:45,7812213
2026-02-19 06:00,7812213
2026-02-19 06:15,7812250
2026-02-19 06:30,7812250
2026-02-19 06:45,7812293
2026-02-19 07:00,7812293
2026-02-19 07:15,7812293
2026-02-19 07:30,7812293
2026-02-19 07:45,7812293
2026-02-19 08:00,7812370
2026-02-19 08:15,7812433
2026-02-19 08:30,7812463
2026-02-19 08:45,7812633
2026-02-19 09:00,7813043
2026-02-19 09:15,7813053
2026-02-19 09:30,7813076
2026-02-19 09:45,7813123
2026-02-19 10:00,7813150
2026-02-19 10:15,7813166
2026-02-19 10:30,7813416
2026-02-19 10:45,7813583
2026-02-19 11:00,7813730
2026-02-19 11:15,7813730
2026-02-19 11:30,7813950
2026-02-19 11:45,7814220
2026-02-19 12:00,7814270
2026-02-19 12:15,7814410
2026-02-19 12:30,7814503
2026-02-19 12:45,7814576
2026-02-19 13:00,7814766
2026-02-19 13:15,7814766
2026-02-19 13:30,7814766
2026-02-19 13:45,7814806
2026-02-19 14:00,7815020
2026-02-19 14:15,7815286
2026-02-19 14:30,7815303
2026-02-19 14:45,7815303
2026-02-19 15:00,7815303
2026-02-19 15:15,7815303
2026-02-19 15:30,7815336
2026-02-19 15:45,7815336
2026-02-19 16:00,7815346
2026-02-19 16:15,7815383
2026-02-19 16:30,7815386
2026-02-19 16:45,7815493
2026-02-19 17:00,7815500
2026-02-19 17:15,7815506
2026-02-19 17:30,7815536
2026-02-19 17:45,7815730
2026-02-19 18:00,7815746
2026-02-19 18:15,7816056
2026-02-19 18:30,7816176
2026-02-19 18:45,7816190
2026-02-19 19:00,7816226
2026-02-19 19:15,7816226
2026-02-19 19:30,7816290
2026-02-19 19:45,7816363
2026-02-19 20:00,7816403
2026-02-19 20:15,7816403
2026-02-19 20:30,7816403
2026-02-19 20:45,7816403
2026-02-19 21:00,7816490
2026-02-19 21:15,7816603
2026-02-19 21:30,7816613
2026-02-19 21:45,7816613
2026-02-19 22:00,7816613
2026-02-19 22:15,7816613
2026-02-19 22:30,7816686
2026-02-19 22:45,7816763
2026-02-19 23:00,7816763
2026-02-19 23:15,7816820
2026-02-19 23:30,7816963
2026-02-19 23:45,7816963
2026-02-20 00:00,7816990
2026-02-20 00:15,7817046
2026-02-20 00:30,7817073
2026-02-20 00:45,7817073
2026-02-20 01:00,7817073
2026-02-20 01:15,7817103
2026-02-20 01:30,7817103
2026-02-20 01:45,7817103
2026-02-20 02:00,7817103
2026-02-20 02:15,7817153
2026-02-20 02:30,7817153
2026-02-20 02:45,7817153
2026-02-20 03:00,7817153
2026-02-20 03:15,7817153
2026-02-20 03:30,7817153
2026-02-20 03:45,7817153
2026-02-20 04:00,7817153
2026-02-20 04:15,7817153
2026-02-20 04:30,7817153
2026-02-20 04:45,7817260
2026-02-20 05:00,7817260
2026-02-20 05:15,7817333
2026-02-20 05:30,7817336
2026-02-20 05:45,7817336
2026-02-20 06:00,7817336
2026-02-20 06:15,7817386
2026-02-20 06:30,7817820
2026-02-20 06:45,7817860
2026-02-20 07:00,7817860
2026-02-20 07:15,7817860
2026-02-20 07:30,7817860
2026-02-20 07:45,7817860
2026-02-20 08:00,7817940
2026-02-20 08:15,7817946
2026-02-20 08:30,7818496
2026-02-20 08:45,7818913
2026-02-20 09:00,7819150
2026-02-20 09:15,7819210
2026-02-20 09:30,7819210
2026-02-20 09:45,7819280
2026-02-20 10:00,7819500
2026-02-20 10:15,7820323
2026-02-20 10:30,7820323
2026-02-20 10:45,7820323
2026-02-20 11:00,7820323
2026-02-20 11:15,7820323
2026-02-20 11:30,7820323
2026-02-20 11:45,7820323
2026-02-20 12:00,7820323
2026-02-20 12:15,7820323
2026-02-20 12:30,7820406
2026-02-20 12:45,7820406
2026-02-20 13:00,7820406
2026-02-20 13:15,7820406
2026-02-20 13:30,7820406
2026-02-20 13:45,7820406
2026-02-20 14:00,7820406
2026-02-20 14:15,7820406
2026-02-20 14:30,7820406
2026-02-20 14:45,7820406
2026-02-20 15:00,7820406
2026-02-20 15:15,7820406
2026-02-20 15:30,7820406
2026-02-20 15:45,7820406
2026-02-20 16:00,7820406
2026-02-20 16:15,7820453
2026-02-20 16:30,7820496
2026-02-20 16:45,7820603
2026-02-20 17:00,7820650
2026-02-20 17:15,7820846
2026-02-20 17:30,7820850
2026-02-20 17:45,7820850
2026-02-20 18:00,7820850
2026-02-20 18:15,7820850
2026-02-20 18:30,7820886
2026-02-20 18:45,7820886
2026-02-20 19:00,7820886
2026-02-20 19:15,7820886
2026-02-20 19:30,7820976
2026-02-20 19:45,7820976
2026-02-20 20:00,7821046
2026-02-20 20:15,7821046
2026-02-20 20:30,7821046
2026-02-20 20:45,7821046
2026-02-20 21:00,7821083
2026-02-20 21:15,7821083
2026-02-20 21:30,7821120
2026-02-20 21:45,7821120
2026-02-20 22:00,7821120
2026-02-20 22:15,7821126
2026-02-20 22:30,7821126
2026-02-20 22:45,7821140
2026-02-20 23:00,7821210
2026-02-20 23:15,7821210
2026-02-20 23:30,7821213
2026-02-20 23:45,7821263
2026-02-21 00:00,7821263
2026-02-21 00:15,7821380
2026-02-21 00:30,7821380
2026-02-21 00:45,7821380
2026-02-21 01:00,7821410
2026-02-21 01:15,7821410
2026-02-21 01:30,7821410
2026-02-21 01:45,7821410
2026-02-21 02:00,7821410
2026-02-21 02:15,7821410
2026-02-21 02:30,7821410
2026-02-21 02:45,7821410
2026-02-21 03:00,7821410
2026-02-21 03:15,7821410
2026-02-21 03:30,7821410
2026-02-21 03:45,7821410
2026-02-21 04:00,7821446
2026-02-21 04:15,7821446
2026-02-21 04:30,7821446
2026-02-21 04:45,7821483
2026-02-21 05:00,7821483
2026-02-21 05:15,7821483
2026-02-21 05:30,7821483
2026-02-21 05:45,7821483
2026-02-21 06:00,7821483
2026-02-21 06:15,7821483
2026-02-21 06:30,7821483
2026-02-21 06:45,7821483
2026-02-21 07:00,7821483
2026-02-21 07:15,7821483
2026-02-21 07:30,7822043
2026-02-21 07:45,7822046
2026-02-21 08:00,7822046
2026-02-21 08:15,7822046
2026-02-21 08:30,7822046
2026-02-21 08:45,7822046
2026-02-21 09:00,7822046
2026-02-21 09:15,7822046
2026-02-21 09:30,7822046
2026-02-21 09:45,7822046
2026-02-21 10:00,7822046
2026-02-21 10:15,7822046
2026-02-21 10:30,7822046
2026-02-21 10:45,7822046
2026-02-21 11:00,7822123
2026-02-21 11:15,7822123
2026-02-21 11:30,7822123
2026-02-21 11:45,7822123
2026-02-21 12:00,7822176
2026-02-21 12:15,7822176
2026-02-21 12:30,7822176
2026-02-21 12:45,7822176
2026-02-21 13:00,7822210
2026-02-21 13:15,7822210
2026-02-21 13:30,7822220
2026-02-21 13:45,7822220
2026-02-21 14:00,7822226
2026-02-21 14:15,7822333
2026-02-21 14:30,7822343
2026-02-21 14:45,7822343
2026-02-21 15:00,7822343
2026-02-21 15:15,7822423
2026-02-21 15:30,7822423
2026-02-21 15:45,7822423
2026-02-21 16:00,7822423
2026-02-21 16:15,7822423
2026-02-21 16:30,7822463
2026-02-21 16:45,7822510
2026-02-21 17:00,7822510
2026-02-21 17:15,7822510
2026-02-21 17:30,7822510
2026-02-21 17:45,7822510
2026-02-21 18:00,7822556
2026-02-21 18:15,7822556
2026-02-21 18:30,7822570
2026-02-21 18:45,7822570
2026-02-21 19:00,7822580
2026-02-21 19:15,7822580
2026-02-21 19:30,7822616
2026-02-21 19:45,7822696
2026-02-21 20:00,7822696
2026-02-21 20:15,7822696
2026-02-21 20:30,7822696
2026-02-21 20:45,7822696
2026-02-21 21:00,7822696
2026-02-21 21:15,7822696
2026-02-21 21:30,7822733
2026-02-21 21:45,7822740
2026-02-21 22:00,7822740
2026-02-21 22:15,7822740
2026-02-21 22:30,7822740
2026-02-21 22:45,7822790
2026-02-21 23:00,7822790
2026-02-21 23:15,7822790
2026-02-21 23:30,7822790
2026-02-21 23:45,7822790
2026-02-22 00:00,7822790
2026-02-22 00:15,7822826
2026-02-22 00:30,7822826
2026-02-22 00:45,7822826
2026-02-22 01:00,7822860
2026-02-22 01:15,7822860
2026-02-22 01:30,7822920
2026-02-22 01:45,7822920
2026-02-22 02:00,7822920
2026-02-22 02:15,7822920
2026-02-22 02:30,7822920
2026-02-22 02:45,7822920
2026-02-22 03:00,7822920
2026-02-22 03:15,7822920
2026-02-22 03:30,7822920
2026-02-22 03:45,7822920
2026-02-22 04:00,7822920
2026-02-22 04:15,7822920
2026-02-22 04:30,7822920
2026-02-22 04:45,7822920
2026-02-22 05:00,7822920
2026-02-22 05:15,7822920
2026-02-22 05:30,7822920
2026-02-22 05:45,7822920
2026-02-22 06:00,7822920
2026-02-22 06:15,7822956
2026-02-22 06:30,7822956
2026-02-22 06:45,7822956
2026-02-22 07:00,7822996
2026-02-22 07:15,7822996
2026-02-22 07:30,7822996
2026-02-22 07:45,7822996
2026-02-22 08:00,7822996
2026-02-22 08:15,7822996
2026-02-22 08:30,7823066
2026-02-22 08:45,7823066
2026-02-22 09:00,7823066
2026-02-22 09:15,7823666
2026-02-22 09:30,7823673
2026-02-22 09:45,7823673
2026-02-22 10:00,7823673
2026-02-22 10:15,7823790
2026-02-22 10:30,7823793
2026-02-22 10:45,7823826
2026-02-22 11:00,7823870
2026-02-22 11:15,7824013
2026-02-22 11:30,7824013
2026-02-22 11:45,7824013
2026-02-22 12:00,7824013
2026-02-22 12:15,7824016
2026-02-22 12:30,7824150
2026-02-22 12:45,7824180
2026-02-22 13:00,7824243
2026-02-22 13:15,7824246
2026-02-22 13:30,7824246
2026-02-22 13:45,7824323
2026-02-22 14:00,7824420
2026-02-22 14:15,7824446
2026-02-22 14:30,7824446
2026-02-22 14:45,7824480
2026-02-22 15:00,7824480
2026-02-22 15:15,7824480
2026-02-22 15:30,7824480
2026-02-22 15:45,7824480
2026-02-22 16:00,7824480
2026-02-22 16:15,7824480
2026-02-22 16:30,7824480
2026-02-22 16:45,7824480
2026-02-22 17:00,7824480
2026-02-22 17:15,7824480
2026-02-22 17:30,7824480
2026-02-22 17:45,7824480
2026-02-22 18:00,7824480
2026-02-22 18:15,7824480
2026-02-22 18:30,7824480
2026-02-22 18:45,7824480
2026-02-22 19:00,7824480
2026-02-22 19:15,7824563
2026-02-22 19:30,7824563
2026-02-22 19:45,7824563
2026-02-22 20:00,7824563
2026-02-22 20:15,7824563
2026-02-22 20:30,7824596
2026-02-22 20:45,7824596
2026-02-22 21:00,7824596
2026-02-22 21:15,7824633
2026-02-22 21:30,7824633
2026-02-22 21:45,7824640
2026-02-22 22:00,7824640
2026-02-22 22:15,7824640
2026-02-22 22:30,7824640
2026-02-22 22:45,7824640
2026-02-22 23:00,7824723
2026-02-22 23:15,7824730
2026-02-22 23:30,7824730
2026-02-22 23:45,7824730
2026-02-23 00:00,7824730
2026-02-23 00:15,7824783
2026-02-23 00:30,7824783
2026-02-23 00:45,7824783
2026-02-23 01:00,7824783
2026-02-23 01:15,7824783
2026-02-23 01:30,7824783
2026-02-23 01:45,7824783
2026-02-23 02:00,7824820
2026-02-23 02:15,7824830
2026-02-23 02:30,7824830
2026-02-23 02:45,7824863
2026-02-23 03:00,7824876
2026-02-23 03:15,7824896
2026-02-23 03:30,7824896
2026-02-23 03:45,7824896
2026-02-23 04:00,7824896
2026-02-23 04:15,7824896
2026-02-23 04:30,7824936
2026-02-23 04:45,7824936
2026-02-23 05:00,7824936
2026-02-23 05:15,7824936
2026-02-23 05:30,7824936
2026-02-23 05:45,7824936
2026-02-23 06:00,7824936
2026-02-23 06:15,7824936
2026-02-23 06:30,7824973
2026-02-23 06:45,7824973
2026-02-23 07:00,7824973
2026-02-23 07:15,7824973
2026-02-23 07:30,7824973
2026-02-23 07:45,7824973
2026-02-23 08:00,7824973
2026-02-23 08:15,7824973
2026-02-23 08:30,7824990
2026-02-23 08:45,7825726
2026-02-23 09:00,7825730
2026-02-23 09:15,7825730
2026-02-23 09:30,7825776
2026-02-23 09:45,7825776
2026-02-23 10:00,7825796
2026-02-23 10:15,7825843
2026-02-23 10:30,7825843
2026-02-23 10:45,7825876
2026-02-23 11:00,7825876
2026-02-23 11:15,7825876
2026-02-23 11:30,7825913
2026-02-23 11:45,7825946
2026-02-23 12:00,7825946
2026-02-23 12:15,7825953
2026-02-23 12:30,7825953
2026-02-23 12:45,7826066
2026-02-23 13:00,7826066
2026-02-23 13:15,7826066
2026-02-23 13:30,7826100
2026-02-23 13:45,7826100
2026-02-23 14:00,7826100
2026-02-23 14:15,7826100
2026-02-23 14:30,7826100
2026-02-23 14:45,7826163
2026-02-23 15:00,7826236
2026-02-23 15:15,7826270
2026-02-23 15:30,7826333
2026-02-23 15:45,7826343
2026-02-23 16:00,7826343
2026-02-23 16:15,7826403
2026-02-23 16:30,7826446
2026-02-23 16:45,7826460
2026-02-23 17:00,7826470
2026-02-23 17:15,7826470
2026-02-23 17:30,7826476
2026-02-23 17:45,7826533
2026-02-23 18:00,7826556
2026-02-23 18:15,7826560
2026-02-23 18:30,7826576
2026-02-23 18:45,7826653
2026-02-23 19:00,7826653
2026-02-23 19:15,7826693
2026-02-23 19:30,7826696
2026-02-23 19:45,7826850
2026-02-23 20:00,7826913
2026-02-23 20:15,7826936
2026-02-23 20:30,7826936
2026-02-23 20:45,7826940
2026-02-23 21:00,7826940
2026-02-23 21:15,7826940
2026-02-23 21:30,7826940
2026-02-23 21:45,7826973
2026-02-23 22:00,7826973
2026-02-23 22:15,7826976
2026-02-23 22:30,7827046
2026-02-23 22:45,7827120
2026-02-23 23:00,7827153
2026-02-23 23:15,7827153
2026-02-23 23:30,7827153
2026-02-23 23:45,7827153
2026-02-24 00:00,7827153
2026-02-24 00:15,7827153
2026-02-24 00:30,7827153
2026-02-24 00:45,7827216
2026-02-24 01:00,7827216
2026-02-24 01:15,7827216
2026-02-24 01:30,7827216
2026-02-24 01:45,7827216
2026-02-24 02:00,7827216
2026-02-24 02:15,7827216
2026-02-24 02:30,7827216
2026-02-24 02:45,7827216
2026-02-24 03:00,7827216
2026-02-24 03:15,7827216
2026-02-24 03:30,7827216
2026-02-24 03:45,7827216
2026-02-24 04:00,7827216
2026-02-24 04:15,7827216
2026-02-24 04:30,7827216
2026-02-24 04:45,7827216
2026-02-24 05:00,7827216
2026-02-24 05:15,7827216
2026-02-24 05:30,7827216
2026-02-24 05:45,7827256
2026-02-24 06:00,7827293
2026-02-24 06:15,7827293
2026-02-24 06:30,7827293
2026-02-24 06:45,7827293
2026-02-24 07:00,7827373
2026-02-24 07:15,7827373
2026-02-24 07:30,7827456
2026-02-24 07:45,7827456
2026-02-24 08:00,7827920
2026-02-24 08:15,7827923
2026-02-24 08:30,7827933
2026-02-24 08:45,7827936
2026-02-24 09:00,7828460
2026-02-24 09:15,7828463
2026-02-24 09:30,7828473
2026-02-24 09:45,7828473
2026-02-24 10:00,7828510
2026-02-24 10:15,7828520
2026-02-24 10:30,7828520
2026-02-24 10:45,7828580
2026-02-24 11:00,7828583
2026-02-24 11:15,7828586
2026-02-24 11:30,7828673
2026-02-24 11:45,7828726
2026-02-24 12:00,7828726
2026-02-24 12:15,7828793
2026-02-24 12:30,7828833
2026-02-24 12:45,7828836
2026-02-24 13:00,7828853
2026-02-24 13:15,7828860
2026-02-24 13:30,7828860
2026-02-24 13:45,7828860
2026-02-24 14:00,7828860
2026-02-24 14:15,7828886
2026-02-24 14:30,7828890
2026-02-24 14:45,7828910
2026-02-24 15:00,7828913
2026-02-24 15:15,7828913
2026-02-24 15:30,7829083
2026-02-24 15:45,7829220
2026-02-24 16:00,7829233
2026-02-24 16:15,7829233
2026-02-24 16:30,7829266
2026-02-24 16:45,7829266
2026-02-24 17:00,7829266
2026-02-24 17:15,7829266
2026-02-24 17:30,7829266
2026-02-24 17:45,7829276
2026-02-24 18:00,7829316
2026-02-24 18:15,7829370
2026-02-24 18:30,7829370
2026-02-24 18:45,7829370
2026-02-24 19:00,7829370
2026-02-24 19:15,7829370
2026-02-24 19:30,7829446
2026-02-24 19:45,7829446
2026-02-24 20:00,7829490
2026-02-24 20:15,7829490
2026-02-24 20:30,7829490
2026-02-24 20:45,7829490
2026-02-24 21:00,7829523
2026-02-24 21:15,7829536
2026-02-24 21:30,7829543
2026-02-24 21:45,7829543
2026-02-24 22:00,7829546
2026-02-24 22:15,7829546
2026-02-24 22:30,7829546
2026-02-24 22:45,7829546
2026-02-24 23:00,7829593
2026-02-24 23:15,7829630
2026-02-24 23:30,7829636
2026-02-24 23:45,7829733
2026-02-25 00:00,7829743
2026-02-25 00:15,7829743
2026-02-25 00:30,7829743
2026-02-25 00:45,7829743
2026-02-25 01:00,7829743
2026-02-25 01:15,7829743
2026-02-25 01:30,7829743
2026-02-25 01:45,7829743
2026-02-25 02:00,7829780
2026-02-25 02:15,7829786
2026-02-25 02:30,7829820
2026-02-25 02:45,7829820
2026-02-25 03:00,7829820
2026-02-25 03:15,7829820
2026-02-25 03:30,7829820
2026-02-25 03:45,7829820
2026-02-25 04:00,7829820
2026-02-25 04:15,7829820
2026-02-25 04:30,7829820
2026-02-25 04:45,7829820
2026-02-25 05:00,7829820
2026-02-25 05:15,7829820
2026-02-25 05:30,7829820
2026-02-25 05:45,7829856
2026-02-25 06:00,7829856
2026-02-25 06:15,7829856
2026-02-25 06:30,7829856
2026-02-25 06:45,7829856
2026-02-25 07:00,7829856
2026-02-25 07:15,7829856
2026-02-25 07:30,7829893
2026-02-25 07:45,7829893
2026-02-25 08:00,7829893
2026-02-25 08:15,7829893
2026-02-25 08:30,7829893
2026-02-25 08:45,7829963
2026-02-25 09:00,7830613
2026-02-25 09:15,7830650
2026-02-25 09:30,7830666
2026-02-25 09:45,7830666
2026-02-25 10:00,7830666
2026-02-25 10:15,7830666
2026-02-25 10:30,7830666
2026-02-25 10:45,7830756
2026-02-25 11:00,7830790
2026-02-25 11:15,7830883
2026-02-25 11:30,7830930
2026-02-25 11:45,7830930
2026-02-25 12:00,7830960
2026-02-25 12:15,7830996
2026-02-25 12:30,7830996
2026-02-25 12:45,7830996
2026-02-25 13:00,7831110
2026-02-25 13:15,7831146
2026-02-25 13:30,7831153
2026-02-25 13:45,7831153
2026-02-25 14:00,7831246
2026-02-25 14:15,7831256
2026-02-25 14:30,7831256
2026-02-25 14:45,7831256
2026-02-25 15:00,7831256
2026-02-25 15:15,7831293
2026-02-25 15:30,7831370
2026-02-25 15:45,7831370
2026-02-25 16:00,7831370
2026-02-25 16:15,7831370
2026-02-25 16:30,7831456
2026-02-25 16:45,7831470
2026-02-25 17:00,7831470
2026-02-25 17:15,7831526
2026-02-25 17:30,7831526
2026-02-25 17:45,7831526
2026-02-25 18:00,7831526
2026-02-25 18:15,7831573
2026-02-25 18:30,7831616
2026-02-25 18:45,7831616
2026-02-25 19:00,7831616
2026-02-25 19:15,7831616
2026-02-25 19:30,7831616
2026-02-25 19:45,7831616
2026-02-25 20:00,7831616
2026-02-25 20:15,7831623
2026-02-25 20:30,7831623
2026-02-25 20:45,7831656
2026-02-25 21:00,7831656
2026-02-25 21:15,7831656
2026-02-25 21:30,7831656
2026-02-25 21:45,7831656
2026-02-25 22:00,7831716
2026-02-25 22:15,7831790
2026-02-25 22:30,7831790
2026-02-25 22:45,7831790
2026-02-25 23:00,7831863
2026-02-25 23:15,7831863
2026-02-25 23:30,7831980
2026-02-25 23:45,7831980
2026-02-26 00:00,7832003
2026-02-26 00:15,7832010
2026-02-26 00:30,7832010
2026-02-26 00:45,7832010
2026-02-26 01:00,7832010
2026-02-26 01:15,7832046
2026-02-26 01:30,7832056
2026-02-26 01:45,7832093
2026-02-26 02:00,7832146
2026-02-26 02:15,7832146
2026-02-26 02:30,7832146
2026-02-26 02:45,7832146
2026-02-26 03:00,7832146
2026-02-26 03:15,7832146
2026-02-26 03:30,7832146
2026-02-26 03:45,7832146
2026-02-26 04:00,7832146
2026-02-26 04:15,7832146
2026-02-26 04:30,7832146
2026-02-26 04:45,7832146
2026-02-26 05:00,7832146
2026-02-26 05:15,7832146
2026-02-26 05:30,7832146
2026-02-26 05:45,7832146
2026-02-26 06:00,7832146
2026-02-26 06:15,7832146
2026-02-26 06:30,7832146
2026-02-26 06:45,7832146
2026-02-26 07:00,7832183
2026-02-26 07:15,7832183
2026-02-26 07:30,7832183
2026-02-26 07:45,7832183
2026-02-26 08:00,7832220
2026-02-26 08:15,7832220
2026-02-26 08:30,7832220
2026-02-26 08:45,7832220
2026-02-26 09:00,7832220
2026-02-26 09:15,7832276
2026-02-26 09:30,7832833
2026-02-26 09:45,7832856
2026-02-26 10:00,7832870
2026-02-26 10:15,7832870
2026-02-26 10:30,7832870
2026-02-26 10:45,7832870
2026-02-26 11:00,7832870
2026-02-26 11:15,7832906
2026-02-26 11:30,7832906
2026-02-26 11:45,7832906
2026-02-26 12:00,7832906
2026-02-26 12:15,7832946
2026-02-26 12:30,7832946
2026-02-26 12:45,7832946
2026-02-26 13:00,7832946
2026-02-26 13:15,7832986
2026-02-26 13:30,7832986
2026-02-26 13:45,7833246
2026-02-26 14:00,7833250
2026-02-26 14:15,7833250
2026-02-26 14:30,7833250
2026-02-26 14:45,7833263
2026-02-26 15:00,7833263
2026-02-26 15:15,7833320
2026-02-26 15:30,7833350
2026-02-26 15:45,7833430
2026-02-26 16:00,7833430
2026-02-26 16:15,7833430
2026-02-26 16:30,7833430
2026-02-26 16:45,7833430
2026-02-26 17:00,7833503
2026-02-26 17:15,7833503
2026-02-26 17:30,7833503
2026-02-26 17:45,7833540
2026-02-26 18:00,7833546
2026-02-26 18:15,7833546
2026-02-26 18:30,7833546
2026-02-26 18:45,7833546
2026-02-26 19:00,7833546
2026-02-26 19:15,7833546
2026-02-26 19:30,7833586
2026-02-26 19:45,7833596
2026-02-26 20:00,7833596
2026-02-26 20:15,7833596
2026-02-26 20:30,7833596
2026-02-26 20:45,7833630
2026-02-26 21:00,7833630
2026-02-26 21:15,7833700
2026-02-26 21:30,7833700
2026-02-26 21:45,7833700
2026-02-26 22:00,7833740
2026-02-26 22:15,7833740
2026-02-26 22:30,7833740
2026-02-26 22:45,7833783
2026-02-26 23:00,7833850
2026-02-26 23:15,7833850
2026-02-26 23:30,7833850
2026-02-26 23:45,7833903
2026-02-27 00:00,7833946
2026-02-27 00:15,7833946
2026-02-27 00:30,7833946
2026-02-27 00:45,7833946
2026-02-27 01:00,7833946
2026-02-27 01:15,7834020
2026-02-27 01:30,7834020
2026-02-27 01:45,7834020
2026-02-27 02:00,7834020
2026-02-27 02:15,7834020
2026-02-27 02:30,7834020
2026-02-27 02:45,7834020
2026-02-27 03:00,7834020
2026-02-27 03:15,7834020
2026-02-27 03:30,7834020
2026-02-27 03:45,7834020
2026-02-27 04:00,7834020
2026-02-27 04:15,7834020
2026-02-27 04:30,7834020
2026-02-27 04:45,7834020
2026-02-27 05:00,7834020
2026-02-27 05:15,7834020
2026-02-27 05:30,7834020
2026-02-27 05:45,7834060
2026-02-27 06:00,7834060
2026-02-27 06:15,7834096
2026-02-27 06:30,7834096
2026-02-27 06:45,7834096
2026-02-27 07:00,7834096
2026-02-27 07:15,7834096
2026-02-27 07:30,7834096
2026-02-27 07:45,7834096
2026-02-27 08:00,7834096
2026-02-27 08:15,7834096
2026-02-27 08:30,7834096
2026-02-27 08:45,7834666
2026-02-27 09:00,7834666
2026-02-27 09:15,7834666
2026-02-27 09:30,7834666
2026-02-27 09:45,7834666
2026-02-27 10:00,7834666
2026-02-27 10:15,7834666
2026-02-27 10:30,7834666
2026-02-27 10:45,7834703
2026-02-27 11:00,7834710
2026-02-27 11:15,7834710
2026-02-27 11:30,7834776
2026-02-27 11:45,7834776
2026-02-27 12:00,7834776
2026-02-27 12:15,7834786
2026-02-27 12:30,7834786
2026-02-27 12:45,7834786
2026-02-27 13:00,7834786
2026-02-27 13:15,7834786
2026-02-27 13:30,7834836
2026-02-27 13:45,7834870
2026-02-27 14:00,7834870
2026-02-27 14:15,7834876
2026-02-27 14:30,7834876
2026-02-27 14:45,7834890
2026-02-27 15:00,7834896
2026-02-27 15:15,7834896
2026-02-27 15:30,7834906
2026-02-27 15:45,7834943
2026-02-27 16:00,7834943
2026-02-27 16:15,7834943
2026-02-27 16:30,7834943
2026-02-27 16:45,7834946
2026-02-27 17:00,7834990
2026-02-27 17:15,7835036
2026-02-27 17:30,7835036
2026-02-27 17:45,7835040
2026-02-27 18:00,7835103
2026-02-27 18:15,7835186
2026-02-27 18:30,7835193
2026-02-27 18:45,7835193
2026-02-27 19:00,7835193
2026-02-27 19:15,7835270
2026-02-27 19:30,7835393
2026-02-27 19:45,7835440
2026-02-27 20:00,7835440
2026-02-27 20:15,7835446
2026-02-27 20:30,7835446
2026-02-27 20:45,7835500
2026-02-27 21:00,7835570
2026-02-27 21:15,7835570
2026-02-27 21:30,7835570
2026-02-27 21:45,7835650
2026-02-27 22:00,7835650
2026-02-27 22:15,7835663
2026-02-27 22:30,7835663
2026-02-27 22:45,7835840
2026-02-27 23:00,7835846
2026-02-27 23:15,7835890
2026-02-27 23:30,7835933
2026-02-27 23:45,7835933
2026-02-28 00:00,7835933
2026-02-28 00:15,7835933
2026-02-28 00:30,7835933
2026-02-28 00:45,7835933
2026-02-28 01:00,7836023
2026-02-28 01:15,7836023
2026-02-28 01:30,7836023
2026-02-28 01:45,7836023
2026-02-28 02:00,7836023
2026-02-28 02:15,7836023
2026-02-28 02:30,7836096
2026-02-28 02:45,7836096
2026-02-28 03:00,7836136
2026-02-28 03:15,7836173
2026-02-28 03:30,7836173
2026-02-28 03:45,7836173
2026-02-28 04:00,7836173
2026-02-28 04:15,7836173
2026-02-28 04:30,7836173
2026-02-28 04:45,7836173
2026-02-28 05:00,7836173
2026-02-28 05:15,7836173
2026-02-28 05:30,7836173
2026-02-28 05:45,7836173
2026-02-28 06:00,7836173
2026-02-28 06:15,7836173
2026-02-28 06:30,7836213
2026-02-28 06:45,7836246
2026-02-28 07:00,7836246
2026-02-28 07:15,7836326
2026-02-28 07:30,7836326
2026-02-28 07:45,7836326
2026-02-28 08:00,7836326
2026-02-28 08:15,7836463
2026-02-28 08:30,7836463
2026-02-28 08:45,7836466
2026-02-28 09:00,7836573
2026-02-28 09:15,7836773
2026-02-28 09:30,7837306
2026-02-28 09:45,7837330
2026-02-28 10:00,7837366
2026-02-28 10:15,7837366
2026-02-28 10:30,7837373
2026-02-28 10:45,7837416
2026-02-28 11:00,7837416
2026-02-28 11:15,7837416
2026-02-28 11:30,7837416
2026-02-28 11:45,7837423
2026-02-28 12:00,7837893
2026-02-28 12:15,7837950
2026-02-28 12:30,7837950
2026-02-28 12:45,7837950
2026-02-28 13:00,7837993
2026-02-28 13:15,7838030
2026-02-28 13:30,7838070
2026-02-28 13:45,7838140
2026-02-28 14:00,7838140
2026-02-28 14:15,7838140
2026-02-28 14:30,7838140
2026-02-28 14:45,7838140
2026-02-28 15:00,7838180
2026-02-28 15:15,7838180
2026-02-28 15:30,7838270
2026-02-28 15:45,7838270
2026-02-28 16:00,7838273
2026-02-28 16:15,7838276
2026-02-28 16:30,7838446
2026-02-28 16:45,7838446
2026-02-28 17:00,7838463
2026-02-28 17:15,7838490
2026-02-28 17:30,7838500
2026-02-28 17:45,7838510
2026-02-28 18:00,7838653
2026-02-28 18:15,7838676
2026-02-28 18:30,7839020
2026-02-28 18:45,7839113
2026-02-28 19:00,7839116
2026-02-28 19:15,7839116
2026-02-28 19:30,7839130
2026-02-28 19:45,7839190
2026-02-28 20:00,7839250
2026-02-28 20:15,7839373
2026-02-28 20:30,7839466
2026-02-28 20:45,7839466
2026-02-28 21:00,7839466
2026-02-28 21:15,7839466
2026-02-28 21:30,7839500
2026-02-28 21:45,7839510
2026-02-28 22:00,7839626
2026-02-28 22:15,7839663
2026-02-28 22:30,7839663
2026-02-28 22:45,7839663
2026-02-28 23:00,7839746
2026-02-28 23:15,7839776
2026-02-28 23:30,7839776
2026-02-28 23:45,7839860
2026-03-01 00:00,7839860
2026-03-01 00:15,7839923
2026-03-01 00:30,7839953
2026-03-01 00:45,7839953
2026-03-01 01:00,7839953
2026-03-01 01:15,7839953
2026-03-01 01:30,7839953
2026-03-01 01:45,7839953
2026-03-01 02:00,7839953
2026-03-01 02:15,7839953
2026-03-01 02:30,7839953
2026-03-01 02:45,7839953
2026-03-01 03:00,7839953
2026-03-01 03:15,7839953
2026-03-01 03:30,7839953
2026-03-01 03:45,7839990
2026-03-01 04:00,7839990
2026-03-01 04:15,7839990
2026-03-01 04:30,7839990
2026-03-01 04:45,7839990
2026-03-01 05:00,7840026
2026-03-01 05:15,7840026
2026-03-01 05:30,7840026
2026-03-01 05:45,7840026
2026-03-01 06:00,7840026
2026-03-01 06:15,7840026
2026-03-01 06:30,7840066
2026-03-01 06:45,7840066
2026-03-01 07:00,7840066
2026-03-01 07:15,7840066
2026-03-01 07:30,7840066
2026-03-01 07:45,7840066
2026-03-01 08:00,7840066
2026-03-01 08:15,7840066
2026-03-01 08:30,7840146
2026-03-01 08:45,7840146
2026-03-01 09:00,7841213
2026-03-01 09:15,7841216
2026-03-01 09:30,7841253
2026-03-01 09:45,7841253
2026-03-01 10:00,7841253
2026-03-01 10:15,7841253
2026-03-01 10:30,7841263
2026-03-01 10:45,7841286
2026-03-01 11:00,7841363
2026-03-01 11:15,7841480
2026-03-01 11:30,7841480
2026-03-01 11:45,7841480
2026-03-01 12:00,7841480
2026-03-01 12:15,7841546
2026-03-01 12:30,7841610
2026-03-01 12:45,7841660
2026-03-01 13:00,7841666
2026-03-01 13:15,7841716
2026-03-01 13:30,7841733
2026-03-01 13:45,7841740
2026-03-01 14:00,7841773
2026-03-01 14:15,7841866
2026-03-01 14:30,7841933
2026-03-01 14:45,7842056
2026-03-01 15:00,7842056
2026-03-01 15:15,7842060
2026-03-01 15:30,7842060
2026-03-01 15:45,7842080
2026-03-01 16:00,7842083
2026-03-01 16:15,7842150
2026-03-01 16:30,7842150
2026-03-01 16:45,7842150
2026-03-01 17:00,7842150
2026-03-01 17:15,7842150
2026-03-01 17:30,7842150
2026-03-01 17:45,7842150
2026-03-01 18:00,7842150
2026-03-01 18:15,7842150
2026-03-01 18:30,7842150
2026-03-01 18:45,7843140
2026-03-01 19:00,7843816
2026-03-01 19:15,7843876
2026-03-01 19:30,7843946
2026-03-01 19:45,7843946
2026-03-01 20:00,7844070
2026-03-01 20:15,7844070
2026-03-01 20:30,7844070
2026-03-01 20:45,7844103
2026-03-01 21:00,7844103
2026-03-01 21:15,7844103
2026-03-01 21:30,7844103
2026-03-01 21:45,7844103
2026-03-01 22:00,7844136
2026-03-01 22:15,7844136
2026-03-01 22:30,7844780
2026-03-01 22:45,7846360
2026-03-01 23:00,7846426
2026-03-01 23:15,7846426
2026-03-01 23:30,7846540
2026-03-01 23:45,7846540
2026-03-02 00:00,7846540
2026-03-02 00:15,7846540
2026-03-02 00:30,7846540
2026-03-02 00:45,7846580
2026-03-02 01:00,7846580
2026-03-02 01:15,7846580
2026-03-02 01:30,7846580
2026-03-02 01:45,7846620
2026-03-02 02:00,7846656
2026-03-02 02:15,7846690
2026-03-02 02:30,7846696
2026-03-02 02:45,7846753
2026-03-02 03:00,7846753
2026-03-02 03:15,7846753
2026-03-02 03:30,7846753
2026-03-02 03:45,7846753
2026-03-02 04:00,7846753
2026-03-02 04:15,7846753
2026-03-02 04:30,7846753
2026-03-02 04:45,7846753
2026-03-02 05:00,7846753
2026-03-02 05:15,7846796
2026-03-02 05:30,7846796
2026-03-02 05:45,7846796
2026-03-02 06:00,7846796
2026-03-02 06:15,7846796
2026-03-02 06:30,7846836
2026-03-02 06:45,7846876
2026-03-02 07:00,7846876
2026-03-02 07:15,7846876
2026-03-02 07:30,7846876
2026-03-02 07:45,7846876
2026-03-02 08:00,7846956
2026-03-02 08:15,7847040
2026-03-02 08:30,7847040
2026-03-02 08:45,7847080
2026-03-02 09:00,7847680
2026-03-02 09:15,7847700
2026-03-02 09:30,7847700
2026-03-02 09:45,7847790
2026-03-02 10:00,7847803
2026-03-02 10:15,7847813
2026-03-02 10:30,7847813
2026-03-02 10:45,7847850
2026-03-02 11:00,7847886
2026-03-02 11:15,7847886
2026-03-02 11:30,7847920
2026-03-02 11:45,7848010
2026-03-02 12:00,7848106
2026-03-02 12:15,7848196
2026-03-02 12:30,7848230
2026-03-02 12:45,7848230
2026-03-02 13:00,7848280
2026-03-02 13:15,7848293
2026-03-02 13:30,7848293
2026-03-02 13:45,7848293
2026-03-02 14:00,7848430
2026-03-02 14:15,7848493
2026-03-02 14:30,7848576
2026-03-02 14:45,7848586
2026-03-02 15:00,7848640
2026-03-02 15:15,7850896
2026-03-02 15:30,7851373
2026-03-02 15:45,7851373
2026-03-02 16:00,7851390
2026-03-02 16:15,7851426
2026-03-02 16:30,7851456
2026-03-02 16:45,7851503
2026-03-02 17:00,7851510
2026-03-02 17:15,7851530
2026-03-02 17:30,7851530
2026-03-02 17:45,7851603
2026-03-02 18:00,7851603
2026-03-02 18:15,7851603
2026-03-02 18:30,7851603
2026-03-02 18:45,7851603
2026-03-02 19:00,7851660
2026-03-02 19:15,7851660
2026-03-02 19:30,7851660
2026-03-02 19:45,7851700
2026-03-02 20:00,7851703
2026-03-02 20:15,7851703
2026-03-02 20:30,7851703
2026-03-02 20:45,7851706
2026-03-02 21:00,7851740
2026-03-02 21:15,7851776
2026-03-02 21:30,7851776
2026-03-02 21:45,7851776
2026-03-02 22:00,7851776
2026-03-02 22:15,7851776
2026-03-02 22:30,7851776
2026-03-02 22:45,7851776
2026-03-02 23:00,7851866
2026-03-02 23:15,7851866
2026-03-02 23:30,7851866
2026-03-02 23:45,7851866
2026-03-03 00:00,7851866
2026-03-03 00:15,7851866
2026-03-03 00:30,7851866
2026-03-03 00:45,7851866
2026-03-03 01:00,7851866
2026-03-03 01:15,7851870
2026-03-03 01:30,7851973
2026-03-03 01:45,7851973
2026-03-03 02:00,7851973
2026-03-03 02:15,7851973
2026-03-03 02:30,7851973
2026-03-03 02:45,7851973
2026-03-03 03:00,7851973
2026-03-03 03:15,7851973
2026-03-03 03:30,7851973
2026-03-03 03:45,7852050
2026-03-03 04:00,7852050
2026-03-03 04:15,7852050
2026-03-03 04:30,7852050
2026-03-03 04:45,7852050
2026-03-03 05:00,7852050
2026-03-03 05:15,7852050
2026-03-03 05:30,7852050
2026-03-03 05:45,7852050
2026-03-03 06:00,7852050
2026-03-03 06:15,7852050
2026-03-03 06:30,7852050
2026-03-03 06:45,7852050
2026-03-03 07:00,7852050
2026-03-03 07:15,7852050
2026-03-03 07:30,7852086
2026-03-03 07:45,7852086
2026-03-03 08:00,7852086
2026-03-03 08:15,7852086
2026-03-03 08:30,7852270
2026-03-03 08:45,7852686
2026-03-03 09:00,7852686
2026-03-03 09:15,7852686
2026-03-03 09:30,7852693
2026-03-03 09:45,7852693
2026-03-03 10:00,7852710
2026-03-03 10:15,7852710
2026-03-03 10:30,7852710
2026-03-03 10:45,7852710
2026-03-03 11:00,7852743
2026-03-03 11:15,7852743
2026-03-03 11:30,7852743
2026-03-03 11:45,7852743
2026-03-03 12:00,7852780
2026-03-03 12:15,7852876
2026-03-03 12:30,7852876
2026-03-03 12:45,7852876
2026-03-03 13:00,7852876
2026-03-03 13:15,7852876
2026-03-03 13:30,7852916
2026-03-03 13:45,7852916
2026-03-03 14:00,7852916
2026-03-03 14:15,7852986
2026-03-03 14:30,7852986
2026-03-03 14:45,7852986
2026-03-03 15:00,7852986
2026-03-03 15:15,7853023
2026-03-03 15:30,7853023
2026-03-03 15:45,7853023
2026-03-03 16:00,7853023
2026-03-03 16:15,7853023
2026-03-03 16:30,7853023
2026-03-03 16:45,7853080
2026-03-03 17:00,7853090
2026-03-03 17:15,7853090
2026-03-03 17:30,7853090
2026-03-03 17:45,7853090
2026-03-03 18:00,7853136
2026-03-03 18:15,7853136
2026-03-03 18:30,7853136
2026-03-03 18:45,7853136
2026-03-03 19:00,7853176
2026-03-03 19:15,7853213
2026-03-03 19:30,7853213
2026-03-03 19:45,7853213
2026-03-03 20:00,7853246
2026-03-03 20:15,7853246
2026-03-03 20:30,7853256
2026-03-03 20:45,7853256
2026-03-03 21:00,7853256
2026-03-03 21:15,7853256
2026-03-03 21:30,7853256
2026-03-03 21:45,7853256
2026-03-03 22:00,7853300
2026-03-03 22:15,7853333
2026-03-03 22:30,7853333
2026-03-03 22:45,7853333
2026-03-03 23:00,7853340
2026-03-03 23:15,7853390
2026-03-03 23:30,7853390
2026-03-03 23:45,7853393
2026-03-04 00:00,7853453
2026-03-04 00:15,7853453
2026-03-04 00:30,7853540
2026-03-04 00:45,7853566
2026-03-04 01:00,7853566
2026-03-04 01:15,7853600
2026-03-04 01:30,7853600
2026-03-04 01:45,7853600
2026-03-04 02:00,7853613
2026-03-04 02:15,7853636
2026-03-04 02:30,7853636
2026-03-04 02:45,7853636
2026-03-04 03:00,7853636
2026-03-04 03:15,7853636
2026-03-04 03:30,7853636
2026-03-04 03:45,7853636
2026-03-04 04:00,7853636
2026-03-04 04:15,7853636
2026-03-04 04:30,7853636
2026-03-04 04:45,7853636
2026-03-04 05:00,7853636
2026-03-04 05:15,7853673
2026-03-04 05:30,7853673
2026-03-04 05:45,7853673
2026-03-04 06:00,7853673
2026-03-04 06:15,7853673
2026-03-04 06:30,7853673
2026-03-04 06:45,7853673
2026-03-04 07:00,7853673
2026-03-04 07:15,7853673
2026-03-04 07:30,7853673
2026-03-04 07:45,7853673
2026-03-04 08:00,7853673
2026-03-04 08:15,7853673
2026-03-04 08:30,7853710
2026-03-04 08:45,7853710
2026-03-04 09:00,7853746
2026-03-04 09:15,7854166
2026-03-04 09:30,7854166
2026-03-04 09:45,7854193
2026-03-04 10:00,7854193
2026-03-04 10:15,7854196
2026-03-04 10:30,7854203
2026-03-04 10:45,7854203
2026-03-04 11:00,7854203
2026-03-04 11:15,7854203
2026-03-04 11:30,7854203
2026-03-04 11:45,7854236
2026-03-04 12:00,7854253
2026-03-04 12:15,7854253
2026-03-04 12:30,7854253
2026-03-04 12:45,7854263
2026-03-04 13:00,7854263
2026-03-04 13:15,7854263
2026-03-04 13:30,7854326
2026-03-04 13:45,7854326
2026-03-04 14:00,7854326
2026-03-04 14:15,7854426
2026-03-04 14:30,7854426
2026-03-04 14:45,7854426
2026-03-04 15:00,7854450
2026-03-04 15:15,7854486
2026-03-04 15:30,7854490
2026-03-04 15:45,7854490
2026-03-04 16:00,7854490
2026-03-04 16:15,7854490
2026-03-04 16:30,7854536
2026-03-04 16:45,7854553
2026-03-04 17:00,7854556
2026-03-04 17:15,7854680
2026-03-04 17:30,7854686
2026-03-04 17:45,7854873
2026-03-04 18:00,7856653
2026-03-04 18:15,7856833
2026-03-04 18:30,7856946
2026-03-04 18:45,7857066
2026-03-04 19:00,7857066
2026-03-04 19:15,7857180
2026-03-04 19:30,7857693
2026-03-04 19:45,7857706
2026-03-04 20:00,7857713
2026-03-04 20:15,7857713
2026-03-04 20:30,7857713
2026-03-04 20:45,7857746
2026-03-04 21:00,7857803
2026-03-04 21:15,7857810
2026-03-04 21:30,7857873
2026-03-04 21:45,7857956
2026-03-04 22:00,7857963
2026-03-04 22:15,7857963
2026-03-04 22:30,7857963
2026-03-04 22:45,7857976
2026-03-04 23:00,7858020
2026-03-04 23:15,7858056
2026-03-04 23:30,7858056
2026-03-04 23:45,7858056
2026-03-05 00:00,7858056
2026-03-05 00:15,7858056
2026-03-05 00:30,7858056
2026-03-05 00:45,7858056
2026-03-05 01:00,7858056
2026-03-05 01:15,7858176
2026-03-05 01:30,7858246
2026-03-05 01:45,7858280
2026-03-05 02:00,7858280
2026-03-05 02:15,7858280
2026-03-05 02:30,7858280
2026-03-05 02:45,7858280
2026-03-05 03:00,7858316
2026-03-05 03:15,7858316
2026-03-05 03:30,7858316
2026-03-05 03:45,7858316
2026-03-05 04:00,7858316
2026-03-05 04:15,7858316
2026-03-05 04:30,7858316
2026-03-05 04:45,7858316
2026-03-05 05:00,7858316
2026-03-05 05:15,7858316
2026-03-05 05:30,7858316
2026-03-05 05:45,7858316
2026-03-05 06:00,7858316
2026-03-05 06:15,7858370
2026-03-05 06:30,7858423
2026-03-05 06:45,7858423
2026-03-05 07:00,7858423
2026-03-05 07:15,7858423
2026-03-05 07:30,7858423
2026-03-05 07:45,7858423
2026-03-05 08:00,7858706
2026-03-05 08:15,7858710
2026-03-05 08:30,7858713
2026-03-05 08:45,7858713
2026-03-05 09:00,7858840
2026-03-05 09:15,7860036
2026-03-05 09:30,7860206
2026-03-05 09:45,7860330
2026-03-05 10:00,7860390
2026-03-05 10:15,7860550
2026-03-05 10:30,7860910
2026-03-05 10:45,7860910
2026-03-05 11:00,7860993
2026-03-05 11:15,7860993
2026-03-05 11:30,7861056
2026-03-05 11:45,7861080
2026-03-05 12:00,7861116
2026-03-05 12:15,7861240
2026-03-05 12:30,7861240
2026-03-05 12:45,7861310
2026-03-05 13:00,7861310
2026-03-05 13:15,7861420
2026-03-05 13:30,7861420
2026-03-05 13:45,7861420
2026-03-05 14:00,7861460
2026-03-05 14:15,7861463
2026-03-05 14:30,7861476
2026-03-05 14:45,7861526
2026-03-05 15:00,7861633
2026-03-05 15:15,7861653
2026-03-05 15:30,7861653
2026-03-05 15:45,7861653
2026-03-05 16:00,7861660
2026-03-05 16:15,7861726
2026-03-05 16:30,7861726
2026-03-05 16:45,7861736
2026-03-05 17:00,7861796
2026-03-05 17:15,7861913
2026-03-05 17:30,7861913
2026-03-05 17:45,7861940
2026-03-05 18:00,7862030
2026-03-05 18:15,7862030
2026-03-05 18:30,7862063
2026-03-05 18:45,7862083
2026-03-05 19:00,7862110
2026-03-05 19:15,7862113
2026-03-05 19:30,7862120
2026-03-05 19:45,7862123
2026-03-05 20:00,7862123
2026-03-05 20:15,7862123
2026-03-05 20:30,7862156
2026-03-05 20:45,7862156
2026-03-05 21:00,7862156
2026-03-05 21:15,7862156
2026-03-05 21:30,7862196
2026-03-05 21:45,7862196
2026-03-05 22:00,7862200
2026-03-05 22:15,7862200
2026-03-05 22:30,7862200
2026-03-05 22:45,7862200
2026-03-05 23:00,7862266
2026-03-05 23:15,7862303
2026-03-05 23:30,7862323
2026-03-05 23:45,7862386
2026-03-06 00:00,7862386
2026-03-06 00:15,7862386
2026-03-06 00:30,7862423
2026-03-06 00:45,7862430
2026-03-06 01:00,7862540
2026-03-06 01:15,7862540
2026-03-06 01:30,7862540
2026-03-06 01:45,7862540
2026-03-06 02:00,7862540
2026-03-06 02:15,7862540
2026-03-06 02:30,7862540
2026-03-06 02:45,7862540
2026-03-06 03:00,7862576
2026-03-06 03:15,7862576
2026-03-06 03:30,7862576
2026-03-06 03:45,7862576
2026-03-06 04:00,7862613
2026-03-06 04:15,7862613
2026-03-06 04:30,7862613
2026-03-06 04:45,7862613
2026-03-06 05:00,7862613
2026-03-06 05:15,7862613
2026-03-06 05:30,7862613
2026-03-06 05:45,7862613
2026-03-06 06:00,7862613
2026-03-06 06:15,7862613
2026-03-06 06:30,7862613
2026-03-06 06:45,7862613
2026-03-06 07:00,7862613
2026-03-06 07:15,7862613
2026-03-06 07:30,7862650
2026-03-06 07:45,7862650
2026-03-06 08:00,7862736
2026-03-06 08:15,7862813
2026-03-06 08:30,7862860
2026-03-06 08:45,7862860
2026-03-06 09:00,7862860
2026-03-06 09:15,7862930
2026-03-06 09:30,7863276
2026-03-06 09:45,7863310
2026-03-06 10:00,7863426
2026-03-06 10:15,7863496
2026-03-06 10:30,7863506
2026-03-06 10:45,7863506
2026-03-06 11:00,7863506
2026-03-06 11:15,7863570
2026-03-06 11:30,7863623
2026-03-06 11:45,7863666
2026-03-06 12:00,7863696
2026-03-06 12:15,7863696
2026-03-06 12:30,7863736
2026-03-06 12:45,7863750
2026-03-06 13:00,7863750
2026-03-06 13:15,7863790
2026-03-06 13:30,7863790
2026-03-06 13:45,7863790
2026-03-06 14:00,7863796
2026-03-06 14:15,7863833
2026-03-06 14:30,7863923
2026-03-06 14:45,7863923
2026-03-06 15:00,7863923
2026-03-06 15:15,7863923
2026-03-06 15:30,7863923
2026-03-06 15:45,7863960
2026-03-06 16:00,7863960
2026-03-06 16:15,7863973
2026-03-06 16:30,7864076
2026-03-06 16:45,7864416
2026-03-06 17:00,7864516
2026-03-06 17:15,7864516
2026-03-06 17:30,7864523
2026-03-06 17:45,7864730
2026-03-06 18:00,7864880
2026-03-06 18:15,7864886
2026-03-06 18:30,7864943
2026-03-06 18:45,7864946
2026-03-06 19:00,7865013
2026-03-06 19:15,7865013
2026-03-06 19:30,7865013
2026-03-06 19:45,7865020
2026-03-06 20:00,7865060
2026-03-06 20:15,7865146
2026-03-06 20:30,7865146
2026-03-06 20:45,7865146
2026-03-06 21:00,7865150
2026-03-06 21:15,7865150
2026-03-06 21:30,7865150
2026-03-06 21:45,7865166
2026-03-06 22:00,7865373
2026-03-06 22:15,7865376
2026-03-06 22:30,7865433
2026-03-06 22:45,7865626
2026-03-06 23:00,7865746
2026-03-06 23:15,7865833
2026-03-06 23:30,7865850
2026-03-06 23:45,7865950
2026-03-07 00:00,7865950
2026-03-07 00:15,7865950
2026-03-07 00:30,7865953
2026-03-07 00:45,7865953
2026-03-07 01:00,7865953
2026-03-07 01:15,7865953
2026-03-07 01:30,7865953
2026-03-07 01:45,7865953
2026-03-07 02:00,7865953
2026-03-07 02:15,7865953
2026-03-07 02:30,7865953
2026-03-07 02:45,7865953
2026-03-07 03:00,7865953
2026-03-07 03:15,7865953
2026-03-07 03:30,7865953
2026-03-07 03:45,7865990
2026-03-07 04:00,7866026
2026-03-07 04:15,7866026
2026-03-07 04:30,7866026
2026-03-07 04:45,7866026
2026-03-07 05:00,7866026
2026-03-07 05:15,7866026
2026-03-07 05:30,7866026
2026-03-07 05:45,7866026
2026-03-07 06:00,7866026
2026-03-07 06:15,7866026
2026-03-07 06:30,7866026
2026-03-07 06:45,7866106
2026-03-07 07:00,7866150
2026-03-07 07:15,7866156
2026-03-07 07:30,7866853
2026-03-07 07:45,7866873
2026-03-07 08:00,7866880
2026-03-07 08:15,7866880
2026-03-07 08:30,7867020
2026-03-07 08:45,7867056
2026-03-07 09:00,7867056
2026-03-07 09:15,7867056
2026-03-07 09:30,7867056
2026-03-07 09:45,7867056
2026-03-07 10:00,7867056
2026-03-07 10:15,7867930
2026-03-07 10:30,7868796
2026-03-07 10:45,7868796
2026-03-07 11:00,7868796
2026-03-07 11:15,7868826
2026-03-07 11:30,7868826
2026-03-07 11:45,7868836
2026-03-07 12:00,7868890
2026-03-07 12:15,7868946
2026-03-07 12:30,7868973
2026-03-07 12:45,7869026
2026-03-07 13:00,7869026
2026-03-07 13:15,7869026
2026-03-07 13:30,7869026
2026-03-07 13:45,7869026
2026-03-07 14:00,7869056
2026-03-07 14:15,7869116
2026-03-07 14:30,7869116
2026-03-07 14:45,7869116
2026-03-07 15:00,7869286
2026-03-07 15:15,7869286
2026-03-07 15:30,7869286
2026-03-07 15:45,7869436
2026-03-07 16:00,7869440
2026-03-07 16:15,7869510
2026-03-07 16:30,7869590
2026-03-07 16:45,7869600
2026-03-07 17:00,7869606
2026-03-07 17:15,7869613
2026-03-07 17:30,7869646
2026-03-07 17:45,7869653
2026-03-07 18:00,7869656
2026-03-07 18:15,7869766
2026-03-07 18:30,7869770
2026-03-07 18:45,7869776
2026-03-07 19:00,7869776
2026-03-07 19:15,7869853
2026-03-07 19:30,7870076
2026-03-07 19:45,7870216
2026-03-07 20:00,7870216
2026-03-07 20:15,7870250
2026-03-07 20:30,7870250
2026-03-07 20:45,7870250
2026-03-07 21:00,7870250
2026-03-07 21:15,7870250
2026-03-07 21:30,7870326
2026-03-07 21:45,7870453
2026-03-07 22:00,7870510
2026-03-07 22:15,7870513
2026-03-07 22:30,7870856
2026-03-07 22:45,7870903
2026-03-07 23:00,7870923
2026-03-07 23:15,7870933
2026-03-07 23:30,7870933
2026-03-07 23:45,7871046
2026-03-08 00:00,7871046
2026-03-08 00:15,7871046
2026-03-08 00:30,7871046
2026-03-08 00:45,7871130
2026-03-08 01:00,7871130
2026-03-08 01:15,7871130
2026-03-08 01:30,7871130
2026-03-08 01:45,7871130
2026-03-08 02:00,7871170
2026-03-08 02:15,7871170
2026-03-08 02:30,7871170
2026-03-08 02:45,7871170
2026-03-08 03:00,7871170
2026-03-08 03:15,7871170
2026-03-08 03:30,7871170
2026-03-08 03:45,7871170
2026-03-08 04:00,7871170
2026-03-08 04:15,7871206
2026-03-08 04:30,7871206
2026-03-08 04:45,7871206
2026-03-08 05:00,7871206
2026-03-08 05:15,7871246
2026-03-08 05:30,7871246
2026-03-08 05:45,7871246
2026-03-08 06:00,7871283
2026-03-08 06:15,7871283
2026-03-08 06:30,7871283
2026-03-08 06:45,7871283
2026-03-08 07:00,7871283
2026-03-08 07:15,7871283
2026-03-08 07:30,7871283
2026-03-08 07:45,7871283
2026-03-08 08:00,7871283
2026-03-08 08:15,7871363
2026-03-08 08:30,7871403
2026-03-08 08:45,7871443
2026-03-08 09:00,7871480
2026-03-08 09:15,7871833
2026-03-08 09:30,7871833
2026-03-08 09:45,7871996
2026-03-08 10:00,7871996
2026-03-08 10:15,7872080
2026-03-08 10:30,7872080
2026-03-08 10:45,7872196
2026-03-08 11:00,7872213
2026-03-08 11:15,7872266
2026-03-08 11:30,7872346
2026-03-08 11:45,7872383
2026-03-08 12:00,7873043
2026-03-08 12:15,7873073
2026-03-08 12:30,7873106
2026-03-08 12:45,7873123
2026-03-08 13:00,7873173
2026-03-08 13:15,7873173
2026-03-08 13:30,7873173
2026-03-08 13:45,7873176
2026-03-08 14:00,7873176
2026-03-08 14:15,7873196
2026-03-08 14:30,7873306
2026-03-08 14:45,7873320
2026-03-08 15:00,7873456
2026-03-08 15:15,7874383
2026-03-08 15:30,7874386
2026-03-08 15:45,7874390
2026-03-08 16:00,7874390
2026-03-08 16:15,7874390
2026-03-08 16:30,7874430
2026-03-08 16:45,7874623
2026-03-08 17:00,7874820
2026-03-08 17:15,7874856
2026-03-08 17:30,7874933
2026-03-08 17:45,7874946
2026-03-08 18:00,7874950
2026-03-08 18:15,7874983
2026-03-08 18:30,7874990
2026-03-08 18:45,7875983
2026-03-08 19:00,7877300
2026-03-08 19:15,7877300
2026-03-08 19:30,7877300
2026-03-08 19:45,7877300
2026-03-08 20:00,7877340
2026-03-08 20:15,7877390
2026-03-08 20:30,7877390
2026-03-08 20:45,7877390
2026-03-08 21:00,7877480
2026-03-08 21:15,7877480
2026-03-08 21:30,7877480
2026-03-08 21:45,7877480
2026-03-08 22:00,7877516
2026-03-08 22:15,7877520
2026-03-08 22:30,7877523
2026-03-08 22:45,7877523
2026-03-08 23:00,7877523
2026-03-08 23:15,7877523
2026-03-08 23:30,7877523
2026-03-08 23:45,7877610
2026-03-09 00:00,7877620
2026-03-09 00:15,7877713
2026-03-09 00:30,7877713
2026-03-09 00:45,7877770
2026-03-09 01:00,7877770
2026-03-09 01:15,7877770
2026-03-09 01:30,7877810
2026-03-09 01:45,7877810
2026-03-09 02:00,7877810
2026-03-09 02:15,7877810
2026-03-09 02:30,7877860
2026-03-09 02:45,7877860
2026-03-09 03:00,7877860
2026-03-09 03:15,7877896
2026-03-09 03:30,7877896
2026-03-09 03:45,7877896
2026-03-09 04:00,7877896
2026-03-09 04:15,7877896
2026-03-09 04:30,7877896
2026-03-09 04:45,7877896
2026-03-09 05:00,7877896
2026-03-09 05:15,7877896
2026-03-09 05:30,7877933
2026-03-09 05:45,7877933
2026-03-09 06:00,7877933
2026-03-09 06:15,7877933
2026-03-09 06:30,7877973
2026-03-09 06:45,7877973
2026-03-09 07:00,7877980
2026-03-09 07:15,7877980
2026-03-09 07:30,7878016
2026-03-09 07:45,7878016
2026-03-09 08:00,7878096
2026-03-09 08:15,7878110
2026-03-09 08:30,7878120
2026-03-09 08:45,7878120
2026-03-09 09:00,7878120
2026-03-09 09:15,7878536
2026-03-09 09:30,7878626
2026-03-09 09:45,7878626
2026-03-09 10:00,7878653
2026-03-09 10:15,7878736
2026-03-09 10:30,7878776
2026-03-09 10:45,7878866
2026-03-09 11:00,7878876
2026-03-09 11:15,7878876
2026-03-09 11:30,7878876
2026-03-09 11:45,7878876
2026-03-09 12:00,7878876
2026-03-09 12:15,7878876
2026-03-09 12:30,7878913
2026-03-09 12:45,7878913
2026-03-09 13:00,7878913
2026-03-09 13:15,7878940
2026-03-09 13:30,7878940
2026-03-09 13:45,7878940
2026-03-09 14:00,7878976
2026-03-09 14:15,7878976
2026-03-09 14:30,7879020
2026-03-09 14:45,7879076
2026-03-09 15:00,7879076
2026-03-09 15:15,7879076
2026-03-09 15:30,7879113
2026-03-09 15:45,7879113
2026-03-09 16:00,7879113
2026-03-09 16:15,7879123
2026-03-09 16:30,7879156
2026-03-09 16:45,7879156
2026-03-09 17:00,7879156
2026-03-09 17:15,7879156
2026-03-09 17:30,7879166
2026-03-09 17:45,7879166
2026-03-09 18:00,7879206
2026-03-09 18:15,7879206
2026-03-09 18:30,7879243
2026-03-09 18:45,7879260
2026-03-09 19:00,7879260
2026-03-09 19:15,7879343
2026-03-09 19:30,7879376
2026-03-09 19:45,7879376
2026-03-09 20:00,7879410
2026-03-09 20:15,7879410
2026-03-09 20:30,7879443
2026-03-09 20:45,7879600
2026-03-09 21:00,7879730
2026-03-09 21:15,7879760
2026-03-09 21:30,7879760
2026-03-09 21:45,7879766
2026-03-09 22:00,7879806
2026-03-09 22:15,7879806
2026-03-09 22:30,7879806
2026-03-09 22:45,7880043
2026-03-09 23:00,7880333
2026-03-09 23:15,7880333
2026-03-09 23:30,7880333
2026-03-09 23:45,7880440
2026-03-10 00:00,7880440
2026-03-10 00:15,7880440
2026-03-10 00:30,7880440
2026-03-10 00:45,7880440
2026-03-10 01:00,7880440
2026-03-10 01:15,7880440
2026-03-10 01:30,7880473
2026-03-10 01:45,7880513
2026-03-10 02:00,7880513
2026-03-10 02:15,7880556
2026-03-10 02:30,7880556
2026-03-10 02:45,7880556
2026-03-10 03:00,7880556
2026-03-10 03:15,7880556
2026-03-10 03:30,7880556
2026-03-10 03:45,7880556
2026-03-10 04:00,7880556
2026-03-10 04:15,7880556
2026-03-10 04:30,7880556
2026-03-10 04:45,7880556
2026-03-10 05:00,7880596
2026-03-10 05:15,7880596
2026-03-10 05:30,7880596
2026-03-10 05:45,7880596
2026-03-10 06:00,7880596
2026-03-10 06:15,7880596
2026-03-10 06:30,7880596
2026-03-10 06:45,7880596
2026-03-10 07:00,7880596
2026-03-10 07:15,7880596
2026-03-10 07:30,7880633
2026-03-10 07:45,7880703
2026-03-10 08:00,7880703
2026-03-10 08:15,7880703
2026-03-10 08:30,7880703
2026-03-10 08:45,7880703
2026-03-10 09:00,7880793
2026-03-10 09:15,7881363
2026-03-10 09:30,7881363
2026-03-10 09:45,7881400
2026-03-10 10:00,7881400
2026-03-10 10:15,7881400
2026-03-10 10:30,7881400
2026-03-10 10:45,7881400
2026-03-10 11:00,7881400
2026-03-10 11:15,7881473
2026-03-10 11:30,7881473
2026-03-10 11:45,7881870
2026-03-10 12:00,7881886
2026-03-10 12:15,7881900
2026-03-10 12:30,7881900
2026-03-10 12:45,7881900
2026-03-10 13:00,7881916
2026-03-10 13:15,7881926
2026-03-10 13:30,7882030
2026-03-10 13:45,7882036
2026-03-10 14:00,7882036
2026-03-10 14:15,7882036
2026-03-10 14:30,7882040
2026-03-10 14:45,7882043
2026-03-10 15:00,7882123
2026-03-10 15:15,7882123
2026-03-10 15:30,7882123
2026-03-10 15:45,7882123
2026-03-10 16:00,7882123
2026-03-10 16:15,7882156
2026-03-10 16:30,7882163
2026-03-10 16:45,7882163
2026-03-10 17:00,7882163
2026-03-10 17:15,7882163
2026-03-10 17:30,7882233
2026-03-10 17:45,7882233
2026-03-10 18:00,7882233
2026-03-10 18:15,7882233
2026-03-10 18:30,7882233
2026-03-10 18:45,7882296
2026-03-10 19:00,7882296
2026-03-10 19:15,7882296
2026-03-10 19:30,7882296
2026-03-10 19:45,7882333
2026-03-10 20:00,7882333
2026-03-10 20:15,7882333
2026-03-10 20:30,7882350
2026-03-10 20:45,7882373
2026-03-10 21:00,7882373
2026-03-10 21:15,7882373
2026-03-10 21:30,7882373
2026-03-10 21:45,7882513
2026-03-10 22:00,7882616
2026-03-10 22:15,7882760
2026-03-10 22:30,7882763
2026-03-10 22:45,7882763
2026-03-10 23:00,7882766
2026-03-10 23:15,7882766
2026-03-10 23:30,7882823
2026-03-10 23:45,7882823
2026-03-11 00:00,7882823
2026-03-11 00:15,7882823
2026-03-11 00:30,7882823
2026-03-11 00:45,7882860
2026-03-11 01:00,7882860
2026-03-11 01:15,7882860
2026-03-11 01:30,7882860
2026-03-11 01:45,7882860
2026-03-11 02:00,7882860
2026-03-11 02:15,7882863
2026-03-11 02:30,7882870
2026-03-11 02:45,7882973
2026-03-11 03:00,7882973
2026-03-11 03:15,7882973
2026-03-11 03:30,7882973
2026-03-11 03:45,7882973
2026-03-11 04:00,7882973
2026-03-11 04:15,7883013
2026-03-11 04:30,7883013
2026-03-11 04:45,7883103
2026-03-11 05:00,7883103
2026-03-11 05:15,7883103
2026-03-11 05:30,7883103
2026-03-11 05:45,7883103
2026-03-11 06:00,7883103
2026-03-11 06:15,7883103
2026-03-11 06:30,7883103
2026-03-11 06:45,7883103
2026-03-11 07:00,7883103
2026-03-11 07:15,7883103
2026-03-11 07:30,7883103
2026-03-11 07:45,7883103
2026-03-11 08:00,7883103
2026-03-11 08:15,7883136
2026-03-11 08:30,7883136
2026-03-11 08:45,7883136
2026-03-11 09:00,7883136
2026-03-11 09:15,7883563
2026-03-11 09:30,7883843
2026-03-11 09:45,7883930
2026-03-11 10:00,7883930
2026-03-11 10:15,7883930
2026-03-11 10:30,7883936
2026-03-11 10:45,7883936
2026-03-11 11:00,7883936
2026-03-11 11:15,7883936
2026-03-11 11:30,7883976
2026-03-11 11:45,7883976
2026-03-11 12:00,7884176
2026-03-11 12:15,7884176
2026-03-11 12:30,7884220
2026-03-11 12:45,7884220
2026-03-11 13:00,7884223
2026-03-11 13:15,7884223
2026-03-11 13:30,7884243
2026-03-11 13:45,7884250
2026-03-11 14:00,7884360
2026-03-11 14:15,7884383
2026-03-11 14:30,7884463
2026-03-11 14:45,7884476
2026-03-11 15:00,7884556
2026-03-11 15:15,7884556
2026-03-11 15:30,7884616
2026-03-11 15:45,7884660
2026-03-11 16:00,7884703
2026-03-11 16:15,7884740
2026-03-11 16:30,7884990
2026-03-11 16:45,7885090
2026-03-11 17:00,7885090
2026-03-11 17:15,7885146
2026-03-11 17:30,7885166
2026-03-11 17:45,7885166
2026-03-11 18:00,7885203
2026-03-11 18:15,7885203
2026-03-11 18:30,7885203
2026-03-11 18:45,7885330
2026-03-11 19:00,7885360
2026-03-11 19:15,7885423
2026-03-11 19:30,7885860
2026-03-11 19:45,7885906
2026-03-11 20:00,7885993
2026-03-11 20:15,7886076
2026-03-11 20:30,7886110
2026-03-11 20:45,7886113
2026-03-11 21:00,7886113
2026-03-11 21:15,7886113
2026-03-11 21:30,7886143
2026-03-11 21:45,7886230
2026-03-11 22:00,7886286
2026-03-11 22:15,7886320
2026-03-11 22:30,7886320
2026-03-11 22:45,7886360
2026-03-11 23:00,7886380
2026-03-11 23:15,7886380
2026-03-11 23:30,7886380
2026-03-11 23:45,7886380
2026-03-12 00:00,7886380
2026-03-12 00:15,7886460
2026-03-12 00:30,7886460
2026-03-12 00:45,7886460
2026-03-12 01:00,7886460
2026-03-12 01:15,7886460
2026-03-12 01:30,7886460
2026-03-12 01:45,7886496
2026-03-12 02:00,7886503
2026-03-12 02:15,7886503
2026-03-12 02:30,7886610
2026-03-12 02:45,7886610
2026-03-12 03:00,7886610
2026-03-12 03:15,7886610
2026-03-12 03:30,7886610
2026-03-12 03:45,7886610
2026-03-12 04:00,7886610
2026-03-12 04:15,7886610
2026-03-12 04:30,7886610
2026-03-12 04:45,7886646
2026-03-12 05:00,7886646
2026-03-12 05:15,7886680
2026-03-12 05:30,7886680
2026-03-12 05:45,7886680
2026-03-12 06:00,7886726
2026-03-12 06:15,7886726
2026-03-12 06:30,7886726
2026-03-12 06:45,7886766
2026-03-12 07:00,7886766
2026-03-12 07:15,7886766
2026-03-12 07:30,7886766
2026-03-12 07:45,7886766
2026-03-12 08:00,7886843
2026-03-12 08:15,7886946
2026-03-12 08:30,7886950
2026-03-12 08:45,7886963
2026-03-12 09:00,7886963
2026-03-12 09:15,7886963
2026-03-12 09:30,7887356
2026-03-12 09:45,7887613
2026-03-12 10:00,7887706
2026-03-12 10:15,7887760
2026-03-12 10:30,7887886
2026-03-12 10:45,7887886
2026-03-12 11:00,7887923
2026-03-12 11:15,7888010
2026-03-12 11:30,7888050
2026-03-12 11:45,7888120
2026-03-12 12:00,7888120
2026-03-12 12:15,7888156
2026-03-12 12:30,7888170
2026-03-12 12:45,7888326
2026-03-12 13:00,7888326
2026-03-12 13:15,7888326
2026-03-12 13:30,7888326
2026-03-12 13:45,7888326
2026-03-12 14:00,7888363
2026-03-12 14:15,7888363
2026-03-12 14:30,7888393
2026-03-12 14:45,7888396
2026-03-12 15:00,7888403
2026-03-12 15:15,7888403
2026-03-12 15:30,7888450
2026-03-12 15:45,7888450
2026-03-12 16:00,7888493
2026-03-12 16:15,7888576
2026-03-12 16:30,7888636
2026-03-12 16:45,7888636
2026-03-12 17:00,7888636
2026-03-12 17:15,7888796
2026-03-12 17:30,7888796
2026-03-12 17:45,7889000
2026-03-12 18:00,7889000
2026-03-12 18:15,7889083
2026-03-12 18:30,7889146
2026-03-12 18:45,7889643
2026-03-12 19:00,7889703
2026-03-12 19:15,7889790
2026-03-12 19:30,7889820
2026-03-12 19:45,7889820
2026-03-12 20:00,7889846
2026-03-12 20:15,7889846
2026-03-12 20:30,7889846
2026-03-12 20:45,7889876
2026-03-12 21:00,7889876
2026-03-12 21:15,7889876
2026-03-12 21:30,7889876
2026-03-12 21:45,7889876
2026-03-12 22:00,7889876
2026-03-12 22:15,7889876
2026-03-12 22:30,7889876
2026-03-12 22:45,7889876
2026-03-12 23:00,7889876
2026-03-12 23:15,7889940
2026-03-12 23:30,7889980
2026-03-12 23:45,7889980
2026-03-13 00:00,7889980
2026-03-13 00:15,7889980
2026-03-13 00:30,7889980
2026-03-13 00:45,7889980
2026-03-13 01:00,7890066
2026-03-13 01:15,7890066
2026-03-13 01:30,7890146
2026-03-13 01:45,7890146
2026-03-13 02:00,7890203
2026-03-13 02:15,7890203
2026-03-13 02:30,7890203
2026-03-13 02:45,7890203
2026-03-13 03:00,7890203
2026-03-13 03:15,7890203
2026-03-13 03:30,7890203
2026-03-13 03:45,7890240
2026-03-13 04:00,7890243
2026-03-13 04:15,7890280
2026-03-13 04:30,7890280
2026-03-13 04:45,7890280
2026-03-13 05:00,7890280
2026-03-13 05:15,7890280
2026-03-13 05:30,7890280
2026-03-13 05:45,7890280
2026-03-13 06:00,7890280
2026-03-13 06:15,7890280
2026-03-13 06:30,7890280
2026-03-13 06:45,7890280
2026-03-13 07:00,7890340
2026-03-13 07:15,7890340
2026-03-13 07:30,7890340
2026-03-13 07:45,7890380
2026-03-13 08:00,7890380
2026-03-13 08:15,7890540
2026-03-13 08:30,7890686
2026-03-13 08:45,7891370
2026-03-13 09:00,7891370
2026-03-13 09:15,7891370
2026-03-13 09:30,7891373
2026-03-13 09:45,7891373
2026-03-13 10:00,7891373
2026-03-13 10:15,7891406
2026-03-13 10:30,7891406
2026-03-13 10:45,7891406
2026-03-13 11:00,7891406
2026-03-13 11:15,7891560
2026-03-13 11:30,7891976
2026-03-13 11:45,7892013
2026-03-13 12:00,7892013
2026-03-13 12:15,7892013
2026-03-13 12:30,7892013
2026-03-13 12:45,7892013
2026-03-13 13:00,7892013
2026-03-13 13:15,7892013
2026-03-13 13:30,7892013
2026-03-13 13:45,7892013
2026-03-13 14:00,7892013
2026-03-13 14:15,7892013
2026-03-13 14:30,7892013
2026-03-13 14:45,7892026
2026-03-13 15:00,7892026
2026-03-13 15:15,7892026
2026-03-13 15:30,7892026
2026-03-13 15:45,7892026
2026-03-13 16:00,7892076
2026-03-13 16:15,7892076
2026-03-13 16:30,7892076
2026-03-13 16:45,7892076
2026-03-13 17:00,7892173
2026-03-13 17:15,7892173
2026-03-13 17:30,7892173
2026-03-13 17:45,7892190
2026-03-13 18:00,7892190
2026-03-13 18:15,7892190
2026-03-13 18:30,7892243
2026-03-13 18:45,7892243
2026-03-13 19:00,7893216
2026-03-13 19:15,7893666
2026-03-13 19:30,7893683
2026-03-13 19:45,7893733
2026-03-13 20:00,7893733
2026-03-13 20:15,7893886
2026-03-13 20:30,7894670
2026-03-13 20:45,7895166
2026-03-13 21:00,7895166
2026-03-13 21:15,7895166
2026-03-13 21:30,7895166
2026-03-13 21:45,7895166
2026-03-13 22:00,7895166
2026-03-13 22:15,7895206
2026-03-13 22:30,7895206
2026-03-13 22:45,7895206
2026-03-13 23:00,7895260
2026-03-13 23:15,7895260
2026-03-13 23:30,7895296
2026-03-13 23:45,7895296
2026-03-14 00:00,7895296
2026-03-14 00:15,7895296
2026-03-14 00:30,7895296
2026-03-14 00:45,7895296
2026-03-14 01:00,7895296
2026-03-14 01:15,7895330
2026-03-14 01:30,7895340
2026-03-14 01:45,7895393
2026-03-14 02:00,7895393
2026-03-14 02:15,7895433
2026-03-14 02:30,7895433
2026-03-14 02:45,7895433
2026-03-14 03:00,7895470
2026-03-14 03:15,7895470
2026-03-14 03:30,7895470
2026-03-14 03:45,7895470
2026-03-14 04:00,7895470
2026-03-14 04:15,7895470
2026-03-14 04:30,7895470
2026-03-14 04:45,7895473
2026-03-14 05:00,7895506
2026-03-14 05:15,7895506
2026-03-14 05:30,7895586
2026-03-14 05:45,7895586
2026-03-14 06:00,7895586
2026-03-14 06:15,7895586
2026-03-14 06:30,7895586
2026-03-14 06:45,7895586
2026-03-14 07:00,7895586
2026-03-14 07:15,7895586
2026-03-14 07:30,7895586
2026-03-14 07:45,7895586
2026-03-14 08:00,7895626
2026-03-14 08:15,7895626
2026-03-14 08:30,7895626
2026-03-14 08:45,7895626
2026-03-14 09:00,7895626
2026-03-14 09:15,7895696
2026-03-14 09:30,7896293
2026-03-14 09:45,7896333
2026-03-14 10:00,7896353
2026-03-14 10:15,7896366
2026-03-14 10:30,7896366
2026-03-14 10:45,7896366
2026-03-14 11:00,7896423
2026-03-14 11:15,7896443
2026-03-14 11:30,7896443
2026-03-14 11:45,7896443
2026-03-14 12:00,7896443
2026-03-14 12:15,7896610
2026-03-14 12:30,7896733
2026-03-14 12:45,7897050
2026-03-14 13:00,7897066
2026-03-14 13:15,7897136
2026-03-14 13:30,7897170
2026-03-14 13:45,7897236
2026-03-14 14:00,7897236
2026-03-14 14:15,7897240
2026-03-14 14:30,7897446
2026-03-14 14:45,7897576
2026-03-14 15:00,7897693
2026-03-14 15:15,7897713
2026-03-14 15:30,7897770
2026-03-14 15:45,7897863
2026-03-14 16:00,7897916
2026-03-14 16:15,7897990
2026-03-14 16:30,7898020
2026-03-14 16:45,7898020
2026-03-14 17:00,7898020
2026-03-14 17:15,7898020
2026-03-14 17:30,7898020
2026-03-14 17:45,7898020
2026-03-14 18:00,7898020
2026-03-14 18:15,7898100
2026-03-14 18:30,7898143
2026-03-14 18:45,7898143
2026-03-14 19:00,7898286
2026-03-14 19:15,7898286
2026-03-14 19:30,7898286
2026-03-14 19:45,7898316
2026-03-14 20:00,7898520
2026-03-14 20:15,7898723
2026-03-14 20:30,7898723
2026-03-14 20:45,7898763
2026-03-14 21:00,7898763
2026-03-14 21:15,7898763
2026-03-14 21:30,7898763
2026-03-14 21:45,7898763
2026-03-14 22:00,7898763
2026-03-14 22:15,7898763
2026-03-14 22:30,7898833
2026-03-14 22:45,7898833
2026-03-14 23:00,7898846
2026-03-14 23:15,7898860
2026-03-14 23:30,7898863
2026-03-14 23:45,7898906
2026-03-15 00:00,7898906
2026-03-15 00:15,7899016
2026-03-15 00:30,7899016
2026-03-15 00:45,7899016
2026-03-15 01:00,7899016
2026-03-15 01:15,7899016
2026-03-15 01:30,7899016
2026-03-15 01:45,7899016
2026-03-15 02:00,7899016
2026-03-15 02:15,7899016
2026-03-15 02:30,7899050
2026-03-15 02:45,7899050
2026-03-15 03:00,7899050
2026-03-15 03:15,7899050
2026-03-15 03:30,7899090
2026-03-15 03:45,7899090
2026-03-15 04:00,7899090
2026-03-15 04:15,7899090
2026-03-15 04:30,7899090
2026-03-15 04:45,7899090
2026-03-15 05:00,7899090
2026-03-15 05:15,7899090
2026-03-15 05:30,7899090
2026-03-15 05:45,7899090
2026-03-15 06:00,7899130
2026-03-15 06:15,7899130
2026-03-15 06:30,7899166
2026-03-15 06:45,7899166
2026-03-15 07:00,7899166
2026-03-15 07:15,7899166
2026-03-15 07:30,7899166
2026-03-15 07:45,7899166
2026-03-15 08:00,7899166
2026-03-15 08:15,7899166
2026-03-15 08:30,7899166
2026-03-15 08:45,7899166
2026-03-15 09:00,7899166
2026-03-15 09:15,7899240
2026-03-15 09:30,7899646
2026-03-15 09:45,7899650
2026-03-15 10:00,7899650
2026-03-15 10:15,7899650
2026-03-15 10:30,7899660
2026-03-15 10:45,7899686
2026-03-15 11:00,7899686
2026-03-15 11:15,7899686
2026-03-15 11:30,7899690
2026-03-15 11:45,7899690
2026-03-15 12:00,7899726
2026-03-15 12:15,7899726
2026-03-15 12:30,7899726
2026-03-15 12:45,7899726
2026-03-15 13:00,7899750
2026-03-15 13:15,7899750
2026-03-15 13:30,7899796
2026-03-15 13:45,7899796
2026-03-15 14:00,7899796
2026-03-15 14:15,7899796
2026-03-15 14:30,7899796
2026-03-15 14:45,7900253
2026-03-15 15:00,7900530
2026-03-15 15:15,7900530
2026-03-15 15:30,7900530
2026-03-15 15:45,7900530
2026-03-15 16:00,7900530
2026-03-15 16:15,7900530
2026-03-15 16:30,7900530
2026-03-15 16:45,7900530
2026-03-15 17:00,7900530
2026-03-15 17:15,7900563
2026-03-15 17:30,7900596
2026-03-15 17:45,7900596
2026-03-15 18:00,7900633
2026-03-15 18:15,7900633
2026-03-15 18:30,7900633
2026-03-15 18:45,7900633
2026-03-15 19:00,7900670
2026-03-15 19:15,7900670
2026-03-15 19:30,7900670
2026-03-15 19:45,7900766
2026-03-15 20:00,7900800
2026-03-15 20:15,7900800
2026-03-15 20:30,7900846
2026-03-15 20:45,7901136
2026-03-15 21:00,7901136
2026-03-15 21:15,7901140
2026-03-15 21:30,7901140
2026-03-15 21:45,7901140
2026-03-15 22:00,7901140
2026-03-15 22:15,7901180
2026-03-15 22:30,7901180
2026-03-15 22:45,7901230
2026-03-15 23:00,7901270
2026-03-15 23:15,7901270
2026-03-15 23:30,7901330
2026-03-15 23:45,7901330
2026-03-16 00:00,7901370
2026-03-16 00:15,7901370
2026-03-16 00:30,7901370
2026-03-16 00:45,7901370
2026-03-16 01:00,7901370
2026-03-16 01:15,7901410
2026-03-16 01:30,7901410
2026-03-16 01:45,7901446
2026-03-16 02:00,7901446
2026-03-16 02:15,7901446
2026-03-16 02:30,7901486
2026-03-16 02:45,7901486
2026-03-16 03:00,7901486
2026-03-16 03:15,7901486
2026-03-16 03:30,7901486
2026-03-16 03:45,7901486
2026-03-16 04:00,7901486
2026-03-16 04:15,7901486
2026-03-16 04:30,7901486
2026-03-16 04:45,7901486
2026-03-16 05:00,7901523
2026-03-16 05:15,7901523
2026-03-16 05:30,7901523
2026-03-16 05:45,7901523
2026-03-16 06:00,7901523
2026-03-16 06:15,7901523
2026-03-16 06:30,7901523
2026-03-16 06:45,7901523
2026-03-16 07:00,7901523
2026-03-16 07:15,7901523
2026-03-16 07:30,7901523
2026-03-16 07:45,7901523
2026-03-16 08:00,7901523
2026-03-16 08:15,7901966
2026-03-16 08:30,7902013
2026-03-16 08:45,7902013
2026-03-16 09:00,7902013
2026-03-16 09:15,7902013
2026-03-16 09:30,7902013
2026-03-16 09:45,7902023
2026-03-16 10:00,7902023
2026-03-16 10:15,7902023
2026-03-16 10:30,7902116
2026-03-16 10:45,7902160
2026-03-16 11:00,7902163
2026-03-16 11:15,7902196
2026-03-16 11:30,7902196
2026-03-16 11:45,7902196
2026-03-16 12:00,7902196
2026-03-16 12:15,7902233
2026-03-16 12:30,7902233
2026-03-16 12:45,7902233
2026-03-16 13:00,7902233
2026-03-16 13:15,7902233
2026-03-16 13:30,7902266
2026-03-16 13:45,7902266
2026-03-16 14:00,7902276
2026-03-16 14:15,7902276
2026-03-16 14:30,7902330
2026-03-16 14:45,7902330
2026-03-16 15:00,7902330
2026-03-16 15:15,7902336
2026-03-16 15:30,7902336
2026-03-16 15:45,7902336
2026-03-16 16:00,7902336
2026-03-16 16:15,7902370
2026-03-16 16:30,7903760
2026-03-16 16:45,7905353
2026-03-16 17:00,7905353
2026-03-16 17:15,7905390
2026-03-16 17:30,7905390
2026-03-16 17:45,7905413
2026-03-16 18:00,7905416
2026-03-16 18:15,7905416
2026-03-16 18:30,7905456
2026-03-16 18:45,7905456
2026-03-16 19:00,7905456
2026-03-16 19:15,7905456
2026-03-16 19:30,7905456
2026-03-16 19:45,7905456
2026-03-16 20:00,7905490
2026-03-16 20:15,7905490
2026-03-16 20:30,7905533
2026-03-16 20:45,7905566
2026-03-16 21:00,7905566
2026-03-16 21:15,7905570
2026-03-16 21:30,7905603
2026-03-16 21:45,7905603
2026-03-16 22:00,7905683
2026-03-16 22:15,7905730
2026-03-16 22:30,7905730
2026-03-16 22:45,7905760
2026-03-16 23:00,7905796
2026-03-16 23:15,7905796
2026-03-16 23:30,7905796
2026-03-16 23:45,7905796
2026-03-17 00:00,7905796
2026-03-17 00:15,7905833
2026-03-17 00:30,7905833
2026-03-17 00:45,7905833
2026-03-17 01:00,7905833
2026-03-17 01:15,7905833
2026-03-17 01:30,7905833
2026-03-17 01:45,7905840
2026-03-17 02:00,7905893
2026-03-17 02:15,7905893
2026-03-17 02:30,7905893
2026-03-17 02:45,7905893
2026-03-17 03:00,7905893
2026-03-17 03:15,7905893
2026-03-17 03:30,7905930
2026-03-17 03:45,7905966
2026-03-17 04:00,7905966
2026-03-17 04:15,7906010
2026-03-17 04:30,7906010
2026-03-17 04:45,7906010
2026-03-17 05:00,7906010
2026-03-17 05:15,7906010
2026-03-17 05:30,7906010
2026-03-17 05:45,7906010
2026-03-17 06:00,7906010
2026-03-17 06:15,7906010
2026-03-17 06:30,7906010
2026-03-17 06:45,7906010
2026-03-17 07:00,7906010
2026-03-17 07:15,7906010
2026-03-17 07:30,7906010
2026-03-17 07:45,7906010
2026-03-17 08:00,7906010
2026-03-17 08:15,7906010
2026-03-17 08:30,7906010
2026-03-17 08:45,7906853
2026-03-17 09:00,7906853
2026-03-17 09:15,7906856
2026-03-17 09:30,7906856
2026-03-17 09:45,7906856
2026-03-17 10:00,7906906
2026-03-17 10:15,7906906
2026-03-17 10:30,7906990
2026-03-17 10:45,7906990
2026-03-17 11:00,7906990
2026-03-17 11:15,7906990
2026-03-17 11:30,7907060
2026-03-17 11:45,7907060
2026-03-17 12:00,7907060
2026-03-17 12:15,7907060
2026-03-17 12:30,7907060
2026-03-17 12:45,7907060
2026-03-17 13:00,7907063
2026-03-17 13:15,7907196
2026-03-17 13:30,7907196
2026-03-17 13:45,7907196
2026-03-17 14:00,7907216
2026-03-17 14:15,7907216
2026-03-17 14:30,7907216
2026-03-17 14:45,7907273
2026-03-17 15:00,7907273
2026-03-17 15:15,7907280
2026-03-17 15:30,7907280
2026-03-17 15:45,7907350
2026-03-17 16:00,7907350
2026-03-17 16:15,7907350
2026-03-17 16:30,7907350
2026-03-17 16:45,7907350
2026-03-17 17:00,7907370
2026-03-17 17:15,7907370
2026-03-17 17:30,7907380
2026-03-17 17:45,7907380
2026-03-17 18:00,7907380
2026-03-17 18:15,7907390
2026-03-17 18:30,7907423
2026-03-17 18:45,7907520
2026-03-17 19:00,7907523
2026-03-17 19:15,7907593
2026-03-17 19:30,7907736
2026-03-17 19:45,7907740
2026-03-17 20:00,7907780
2026-03-17 20:15,7907780
2026-03-17 20:30,7907783
2026-03-17 20:45,7908110
2026-03-17 21:00,7909473
2026-03-17 21:15,7910243
2026-03-17 21:30,7910243
2026-03-17 21:45,7910320
2026-03-17 22:00,7910416
2026-03-17 22:15,7910416
2026-03-17 22:30,7910836
2026-03-17 22:45,7911013
2026-03-17 23:00,7911260
2026-03-17 23:15,7911303
2026-03-17 23:30,7911536
2026-03-17 23:45,7911536
2026-03-18 00:00,7911550
2026-03-18 00:15,7911603
2026-03-18 00:30,7911603
2026-03-18 00:45,7911603
2026-03-18 01:00,7911686
2026-03-18 01:15,7911686
2026-03-18 01:30,7911686
2026-03-18 01:45,7911686
2026-03-18 02:00,7911686
2026-03-18 02:15,7911686
2026-03-18 02:30,7911686
2026-03-18 02:45,7911686
2026-03-18 03:00,7911796
2026-03-18 03:15,7911796
2026-03-18 03:30,7911836
2026-03-18 03:45,7911836
2026-03-18 04:00,7911836
2026-03-18 04:15,7911836
2026-03-18 04:30,7911836
2026-03-18 04:45,7911836
2026-03-18 05:00,7911836
2026-03-18 05:15,7911836
2026-03-18 05:30,7911836
2026-03-18 05:45,7911836
2026-03-18 06:00,7911836
2026-03-18 06:15,7911836
2026-03-18 06:30,7911836
2026-03-18 06:45,7911896
2026-03-18 07:00,7911896
2026-03-18 07:15,7911896
2026-03-18 07:30,7911896
2026-03-18 07:45,7911933
2026-03-18 08:00,7911933
2026-03-18 08:15,7912023
2026-03-18 08:30,7912060
2026-03-18 08:45,7912060
2026-03-18 09:00,7912060
2026-03-18 09:15,7912540
2026-03-18 09:30,7912563
2026-03-18 09:45,7912563
2026-03-18 10:00,7912596
2026-03-18 10:15,7912596
2026-03-18 10:30,7912596
2026-03-18 10:45,7912656
2026-03-18 11:00,7912656
2026-03-18 11:15,7912656
2026-03-18 11:30,7912696
2026-03-18 11:45,7912820
2026-03-18 12:00,7912830
2026-03-18 12:15,7912840
2026-03-18 12:30,7912960
2026-03-18 12:45,7912970
2026-03-18 13:00,7913060
2026-03-18 13:15,7913060
2026-03-18 13:30,7913156
2026-03-18 13:45,7913156
2026-03-18 14:00,7913326
2026-03-18 14:15,7913390
2026-03-18 14:30,7913393
2026-03-18 14:45,7913393
2026-03-18 15:00,7913396
2026-03-18 15:15,7913623
2026-03-18 15:30,7913623
2026-03-18 15:45,7913626
2026-03-18 16:00,7913640
2026-03-18 16:15,7913640
2026-03-18 16:30,7913790
2026-03-18 16:45,7913823
2026-03-18 17:00,7913893
2026-03-18 17:15,7913893
2026-03-18 17:30,7913956
2026-03-18 17:45,7913956
2026-03-18 18:00,7914063
2026-03-18 18:15,7914063
2026-03-18 18:30,7914143
2026-03-18 18:45,7914173
2026-03-18 19:00,7914176
2026-03-18 19:15,7914180
2026-03-18 19:30,7914600
2026-03-18 19:45,7915526
2026-03-18 20:00,7915820
2026-03-18 20:15,7915856
2026-03-18 20:30,7916066
2026-03-18 20:45,7916120
2026-03-18 21:00,7916120
2026-03-18 21:15,7916120
2026-03-18 21:30,7916126
2026-03-18 21:45,7916163
2026-03-18 22:00,7916163
2026-03-18 22:15,7916406
2026-03-18 22:30,7916743
2026-03-18 22:45,7916743
2026-03-18 23:00,7916880
2026-03-18 23:15,7916880
2026-03-18 23:30,7916880
2026-03-18 23:45,7916900
2026-03-19 00:00,7916956
2026-03-19 00:15,7916956
2026-03-19 00:30,7916956
2026-03-19 00:45,7916956
2026-03-19 01:00,7916993
2026-03-19 01:15,7917033
2026-03-19 01:30,7917033
2026-03-19 01:45,7917033
2026-03-19 02:00,7917033
2026-03-19 02:15,7917106
2026-03-19 02:30,7917106
2026-03-19 02:45,7917110
2026-03-19 03:00,7917146
2026-03-19 03:15,7917146
2026-03-19 03:30,7917146
2026-03-19 03:45,7917146
2026-03-19 04:00,7917146
2026-03-19 04:15,7917146
2026-03-19 04:30,7917146
2026-03-19 04:45,7917146
2026-03-19 05:00,7917146
2026-03-19 05:15,7917146
2026-03-19 05:30,7917146
2026-03-19 05:45,7917146
2026-03-19 06:00,7917146
2026-03-19 06:15,7917226
2026-03-19 06:30,7917306
2026-03-19 06:45,7917306
2026-03-19 07:00,7917306
2026-03-19 07:15,7917306
2026-03-19 07:30,7917306
2026-03-19 07:45,7917306
2026-03-19 08:00,7917306
2026-03-19 08:15,7917793
2026-03-19 08:30,7917793
2026-03-19 08:45,7918266
2026-03-19 09:00,7918566
2026-03-19 09:15,7918586
2026-03-19 09:30,7918586
2026-03-19 09:45,7918586
2026-03-19 10:00,7918586
2026-03-19 10:15,7918586
2026-03-19 10:30,7918586
2026-03-19 10:45,7918593
2026-03-19 11:00,7918593
2026-03-19 11:15,7918600
2026-03-19 11:30,7918676
2026-03-19 11:45,7918683
2026-03-19 12:00,7918683
2026-03-19 12:15,7918756
2026-03-19 12:30,7918756
2026-03-19 12:45,7918846
2026-03-19 13:00,7918873
2026-03-19 13:15,7918873
2026-03-19 13:30,7918873
2026-03-19 13:45,7918873
2026-03-19 14:00,7918910
2026-03-19 14:15,7918910
2026-03-19 14:30,7918943
2026-03-19 14:45,7918973
2026-03-19 15:00,7918976
2026-03-19 15:15,7918976
2026-03-19 15:30,7919000
2026-03-19 15:45,7919013
2026-03-19 16:00,7919013
2026-03-19 16:15,7919016
2026-03-19 16:30,7919030
2026-03-19 16:45,7919046
2026-03-19 17:00,7919150
2026-03-19 17:15,7919256
2026-03-19 17:30,7919273
2026-03-19 17:45,7919273
2026-03-19 18:00,7919346
2026-03-19 18:15,7919870
2026-03-19 18:30,7920776
2026-03-19 18:45,7920796
2026-03-19 19:00,7920860
2026-03-19 19:15,7920980
2026-03-19 19:30,7922810
2026-03-19 19:45,7923850
2026-03-19 20:00,7923903
2026-03-19 20:15,7923983
2026-03-19 20:30,7923983
2026-03-19 20:45,7923983
2026-03-19 21:00,7923983
2026-03-19 21:15,7923983
2026-03-19 21:30,7923983
2026-03-19 21:45,7923983
2026-03-19 22:00,7924020
2026-03-19 22:15,7924020
2026-03-19 22:30,7924023
2026-03-19 22:45,7924023
2026-03-19 23:00,7924070
2026-03-19 23:15,7924070
2026-03-19 23:30,7924070
2026-03-19 23:45,7924106
2026-03-20 00:00,7924163
2026-03-20 00:15,7924163
2026-03-20 00:30,7924200
2026-03-20 00:45,7924200
2026-03-20 01:00,7924200
2026-03-20 01:15,7924200
2026-03-20 01:30,7924240
2026-03-20 01:45,7924240
2026-03-20 02:00,7924240
2026-03-20 02:15,7924240
2026-03-20 02:30,7924240
2026-03-20 02:45,7924240
2026-03-20 03:00,7924240
2026-03-20 03:15,7924240
2026-03-20 03:30,7924240
2026-03-20 03:45,7924240
2026-03-20 04:00,7924240
2026-03-20 04:15,7924240
2026-03-20 04:30,7924240
2026-03-20 04:45,7924240
2026-03-20 05:00,7924240
2026-03-20 05:15,7924240
2026-03-20 05:30,7924240
2026-03-20 05:45,7924273
2026-03-20 06:00,7924273
2026-03-20 06:15,7924273
2026-03-20 06:30,7924313
2026-03-20 06:45,7924313
2026-03-20 07:00,7924416
2026-03-20 07:15,7924416
2026-03-20 07:30,7924416
2026-03-20 07:45,7924416
2026-03-20 08:00,7924416
2026-03-20 08:15,7924506
2026-03-20 08:30,7924526
2026-03-20 08:45,7925130
2026-03-20 09:00,7925186
2026-03-20 09:15,7925190
2026-03-20 09:30,7925190
2026-03-20 09:45,7925260
2026-03-20 10:00,7925390
2026-03-20 10:15,7925456
2026-03-20 10:30,7925456
2026-03-20 10:45,7925456
2026-03-20 11:00,7925526
2026-03-20 11:15,7925560
2026-03-20 11:30,7925560
2026-03-20 11:45,7925560
2026-03-20 12:00,7925796
2026-03-20 12:15,7926033
2026-03-20 12:30,7926083
2026-03-20 12:45,7926086
2026-03-20 13:00,7926086
2026-03-20 13:15,7926120
2026-03-20 13:30,7926120
2026-03-20 13:45,7926123
2026-03-20 14:00,7926126
2026-03-20 14:15,7926196
2026-03-20 14:30,7926206
2026-03-20 14:45,7926280
2026-03-20 15:00,7926293
2026-03-20 15:15,7926336
2026-03-20 15:30,7926430
2026-03-20 15:45,7926430
2026-03-20 16:00,7926480
2026-03-20 16:15,7926686
2026-03-20 16:30,7926736
2026-03-20 16:45,7926796
2026-03-20 17:00,7926796
2026-03-20 17:15,7926866
2026-03-20 17:30,7926930
2026-03-20 17:45,7926993
2026-03-20 18:00,7926993
2026-03-20 18:15,7926993
2026-03-20 18:30,7927043
2026-03-20 18:45,7927043
2026-03-20 19:00,7927056
2026-03-20 19:15,7927250
2026-03-20 19:30,7927320
2026-03-20 19:45,7927320
2026-03-20 20:00,7927320
2026-03-20 20:15,7927320
2026-03-20 20:30,7927420
2026-03-20 20:45,7927420
2026-03-20 21:00,7927456
2026-03-20 21:15,7927463
2026-03-20 21:30,7927496
2026-03-20 21:45,7927496
2026-03-20 22:00,7927500
2026-03-20 22:15,7927533
2026-03-20 22:30,7927533
2026-03-20 22:45,7927650
2026-03-20 23:00,7927720
2026-03-20 23:15,7927720
2026-03-20 23:30,7927753
2026-03-20 23:45,7927753
2026-03-21 00:00,7927816
2026-03-21 00:15,7927893
2026-03-21 00:30,7927910
2026-03-21 00:45,7928036
2026-03-21 01:00,7928040
2026-03-21 01:15,7928116
2026-03-21 01:30,7928116
2026-03-21 01:45,7928116
2026-03-21 02:00,7928116
2026-03-21 02:15,7928116
2026-03-21 02:30,7928116
2026-03-21 02:45,7928116
2026-03-21 03:00,7928116
2026-03-21 03:15,7928116
2026-03-21 03:30,7928116
2026-03-21 03:45,7928116
2026-03-21 04:00,7928116
2026-03-21 04:15,7928116
2026-03-21 04:30,7928116
2026-03-21 04:45,7928116
2026-03-21 05:00,7928116
2026-03-21 05:15,7928116
2026-03-21 05:30,7928116
2026-03-21 05:45,7928116
2026-03-21 06:00,7928116
2026-03-21 06:15,7928116
2026-03-21 06:30,7928156
2026-03-21 06:45,7928193
2026-03-21 07:00,7928290
2026-03-21 07:15,7928290
2026-03-21 07:30,7928330
2026-03-21 07:45,7928790
2026-03-21 08:00,7928790
2026-03-21 08:15,7928853
2026-03-21 08:30,7928890
2026-03-21 08:45,7929023
2026-03-21 09:00,7929026
2026-03-21 09:15,7929270
2026-03-21 09:30,7929270
2026-03-21 09:45,7929320
2026-03-21 10:00,7929346
2026-03-21 10:15,7929430
2026-03-21 10:30,7929616
2026-03-21 10:45,7929726
2026-03-21 11:00,7929790
2026-03-21 11:15,7929790
2026-03-21 11:30,7929930
2026-03-21 11:45,7929940
2026-03-21 12:00,7929973
2026-03-21 12:15,7929973
2026-03-21 12:30,7930163
2026-03-21 12:45,7930353
2026-03-21 13:00,7930353
2026-03-21 13:15,7930353
2026-03-21 13:30,7930390
2026-03-21 13:45,7930390
2026-03-21 14:00,7930390
2026-03-21 14:15,7930390
2026-03-21 14:30,7930390
2026-03-21 14:45,7930433
2026-03-21 15:00,7930493
2026-03-21 15:15,7930493
2026-03-21 15:30,7930493
2026-03-21 15:45,7930493
2026-03-21 16:00,7930493
2026-03-21 16:15,7930493
2026-03-21 16:30,7930493
2026-03-21 16:45,7930493
2026-03-21 17:00,7930493
2026-03-21 17:15,7930493
2026-03-21 17:30,7930493
2026-03-21 17:45,7930493
2026-03-21 18:00,7930493
2026-03-21 18:15,7930626
2026-03-21 18:30,7930626
2026-03-21 18:45,7930626
2026-03-21 19:00,7930686
2026-03-21 19:15,7930696
2026-03-21 19:30,7930706
2026-03-21 19:45,7930740
2026-03-21 20:00,7930740
2026-03-21 20:15,7930810
2026-03-21 20:30,7930810
2026-03-21 20:45,7930873
2026-03-21 21:00,7930873
2026-03-21 21:15,7930873
2026-03-21 21:30,7930873
2026-03-21 21:45,7930873
2026-03-21 22:00,7930873
2026-03-21 22:15,7930906
2026-03-21 22:30,7930976
2026-03-21 22:45,7931060
2026-03-21 23:00,7931086
2026-03-21 23:15,7931086
2026-03-21 23:30,7931086
2026-03-21 23:45,7931086
2026-03-22 00:00,7931193
2026-03-22 00:15,7931193
2026-03-22 00:30,7931193
2026-03-22 00:45,7931193
2026-03-22 01:00,7931193
2026-03-22 01:15,7931193
2026-03-22 01:30,7931193
2026-03-22 01:45,7931193
2026-03-22 02:00,7931193
2026-03-22 02:15,7931193
2026-03-22 02:30,7931193
2026-03-22 02:45,7931193
2026-03-22 03:00,7931193
2026-03-22 03:15,7931193
2026-03-22 03:30,7931193
2026-03-22 03:45,7931193
2026-03-22 04:00,7931193
2026-03-22 04:15,7931193
2026-03-22 04:30,7931193
2026-03-22 04:45,7931193
2026-03-22 05:00,7931193
2026-03-22 05:15,7931226
2026-03-22 05:30,7931226
2026-03-22 05:45,7931226
2026-03-22 06:00,7931226
2026-03-22 06:15,7931266
2026-03-22 06:30,7931266
2026-03-22 06:45,7931270
2026-03-22 07:00,7931306
2026-03-22 07:15,7931306
2026-03-22 07:30,7931430
2026-03-22 07:45,7931430
2026-03-22 08:00,7931456
2026-03-22 08:15,7931536
2026-03-22 08:30,7931536
2026-03-22 08:45,7932026
2026-03-22 09:00,7932186
2026-03-22 09:15,7932186
2026-03-22 09:30,7932250
2026-03-22 09:45,7932260
2026-03-22 10:00,7932266
2026-03-22 10:15,7932350
2026-03-22 10:30,7932673
2026-03-22 10:45,7932753
2026-03-22 11:00,7933270
2026-03-22 11:15,7934010
2026-03-22 11:30,7934176
2026-03-22 11:45,7934176
2026-03-22 12:00,7934176
2026-03-22 12:15,7934266
2026-03-22 12:30,7934360
2026-03-22 12:45,7934363
2026-03-22 13:00,7934396
2026-03-22 13:15,7934403
2026-03-22 13:30,7934406
2026-03-22 13:45,7934433
2026-03-22 14:00,7934526
2026-03-22 14:15,7934606
2026-03-22 14:30,7934746
2026-03-22 14:45,7934820
2026-03-22 15:00,7934820
2026-03-22 15:15,7934886
2026-03-22 15:30,7934926
2026-03-22 15:45,7935180
2026-03-22 16:00,7935183
2026-03-22 16:15,7935210
2026-03-22 16:30,7935216
2026-03-22 16:45,7935220
2026-03-22 17:00,7935230
2026-03-22 17:15,7935230
2026-03-22 17:30,7935270
2026-03-22 17:45,7935410
2026-03-22 18:00,7935490
2026-03-22 18:15,7937030
2026-03-22 18:30,7938390
2026-03-22 18:45,7938390
2026-03-22 19:00,7938390
2026-03-22 19:15,7938406
2026-03-22 19:30,7938433
2026-03-22 19:45,7938690
2026-03-22 20:00,7938716
2026-03-22 20:15,7938716
2026-03-22 20:30,7939073
2026-03-22 20:45,7939073
2026-03-22 21:00,7939073
2026-03-22 21:15,7939156
2026-03-22 21:30,7939156
2026-03-22 21:45,7939196
2026-03-22 22:00,7939230
2026-03-22 22:15,7939230
2026-03-22 22:30,7939230
2026-03-22 22:45,7939230
2026-03-22 23:00,7939280
2026-03-22 23:15,7939280
2026-03-22 23:30,7939280
2026-03-22 23:45,7939280
2026-03-23 00:00,7939280
2026-03-23 00:15,7939280
2026-03-23 00:30,7939386
2026-03-23 00:45,7939386
2026-03-23 01:00,7939386
2026-03-23 01:15,7939386
2026-03-23 01:30,7939386
2026-03-23 01:45,7939463
2026-03-23 02:00,7939463
2026-03-23 02:15,7939463
2026-03-23 02:30,7939463
2026-03-23 02:45,7939463
2026-03-23 03:00,7939463
2026-03-23 03:15,7939463
2026-03-23 03:30,7939493
2026-03-23 03:45,7939500
2026-03-23 04:00,7939500
2026-03-23 04:15,7939500
2026-03-23 04:30,7939500
2026-03-23 04:45,7939500
2026-03-23 05:00,7939500
2026-03-23 05:15,7939500
2026-03-23 05:30,7939500
2026-03-23 05:45,7939533
2026-03-23 06:00,7939533
2026-03-23 06:15,7939550
2026-03-23 06:30,7939616
2026-03-23 06:45,7939616
2026-03-23 07:00,7939616
2026-03-23 07:15,7939616
2026-03-23 07:30,7939616
2026-03-23 07:45,7939683
2026-03-23 08:00,7939763
2026-03-23 08:15,7939783
2026-03-23 08:30,7939800
2026-03-23 08:45,7939883
2026-03-23 09:00,7940580
2026-03-23 09:15,7940740
2026-03-23 09:30,7940746
2026-03-23 09:45,7940746
2026-03-23 10:00,7940846
2026-03-23 10:15,7940906
2026-03-23 10:30,7940906
2026-03-23 10:45,7940910
2026-03-23 11:00,7940923
2026-03-23 11:15,7940963
2026-03-23 11:30,7940983
2026-03-23 11:45,7941046
2026-03-23 12:00,7941050
2026-03-23 12:15,7941160
2026-03-23 12:30,7941160
2026-03-23 12:45,7941160
2026-03-23 13:00,7941166
2026-03-23 13:15,7941216
2026-03-23 13:30,7941216
2026-03-23 13:45,7941216
2026-03-23 14:00,7941216
2026-03-23 14:15,7941216
2026-03-23 14:30,7941216
2026-03-23 14:45,7941230
2026-03-23 15:00,7941230
2026-03-23 15:15,7941230
2026-03-23 15:30,7941230
2026-03-23 15:45,7941230
2026-03-23 16:00,7941230
2026-03-23 16:15,7941230
2026-03-23 16:30,7941296
2026-03-23 16:45,7941296
2026-03-23 17:00,7941300
2026-03-23 17:15,7941386
2026-03-23 17:30,7941393
2026-03-23 17:45,7941393
2026-03-23 18:00,7941396
2026-03-23 18:15,7941396
2026-03-23 18:30,7941396
2026-03-23 18:45,7941396
2026-03-23 19:00,7941396
2026-03-23 19:15,7941396
2026-03-23 19:30,7941436
2026-03-23 19:45,7941436
2026-03-23 20:00,7941436
2026-03-23 20:15,7941470
2026-03-23 20:30,7941470
2026-03-23 20:45,7941543
2026-03-23 21:00,7941543
2026-03-23 21:15,7941543
2026-03-23 21:30,7941543
2026-03-23 21:45,7941543
2026-03-23 22:00,7941550
2026-03-23 22:15,7941550
2026-03-23 22:30,7941586
2026-03-23 22:45,7941600
2026-03-23 23:00,7941636
2026-03-23 23:15,7941640
2026-03-23 23:30,7941676
2026-03-23 23:45,7941676
2026-03-24 00:00,7941676
2026-03-24 00:15,7941676
2026-03-24 00:30,7941716
2026-03-24 00:45,7941720
2026-03-24 01:00,7941780
2026-03-24 01:15,7941780
2026-03-24 01:30,7941780
2026-03-24 01:45,7941780
2026-03-24 02:00,7941850
2026-03-24 02:15,7941850
2026-03-24 02:30,7941850
2026-03-24 02:45,7941850
2026-03-24 03:00,7941850
2026-03-24 03:15,7941850
2026-03-24 03:30,7941850
2026-03-24 03:45,7941850
2026-03-24 04:00,7941850
2026-03-24 04:15,7941850
2026-03-24 04:30,7941850
2026-03-24 04:45,7941850
2026-03-24 05:00,7941883
2026-03-24 05:15,7941883
2026-03-24 05:30,7941883
2026-03-24 05:45,7941923
2026-03-24 06:00,7941923
2026-03-24 06:15,7941923
2026-03-24 06:30,7941923
2026-03-24 06:45,7941923
2026-03-24 07:00,7941923
2026-03-24 07:15,7941923
2026-03-24 07:30,7941980
2026-03-24 07:45,7941980
2026-03-24 08:00,7941980
2026-03-24 08:15,7941980
2026-03-24 08:30,7942583
2026-03-24 08:45,7942630
2026-03-24 09:00,7942630
2026-03-24 09:15,7942633
2026-03-24 09:30,7942633
2026-03-24 09:45,7942633
2026-03-24 10:00,7942633
2026-03-24 10:15,7942706
2026-03-24 10:30,7942706
2026-03-24 10:45,7942706
2026-03-24 11:00,7942780
2026-03-24 11:15,7942780
2026-03-24 11:30,7942780
2026-03-24 11:45,7942780
2026-03-24 12:00,7942780
2026-03-24 12:15,7942780
2026-03-24 12:30,7942783
2026-03-24 12:45,7942816
2026-03-24 13:00,7942816
2026-03-24 13:15,7942816
2026-03-24 13:30,7942820
2026-03-24 13:45,7942820
2026-03-24 14:00,7942856
2026-03-24 14:15,7942890
2026-03-24 14:30,7942890
2026-03-24 14:45,7942890
2026-03-24 15:00,7942890
2026-03-24 15:15,7942930
2026-03-24 15:30,7942933
2026-03-24 15:45,7943150
2026-03-24 16:00,7943150
2026-03-24 16:15,7943150
2026-03-24 16:30,7943153
2026-03-24 16:45,7943190
2026-03-24 17:00,7943190
2026-03-24 17:15,7943190
2026-03-24 17:30,7943190
2026-03-24 17:45,7943246
2026-03-24 18:00,7943276
2026-03-24 18:15,7943280
2026-03-24 18:30,7943280
2026-03-24 18:45,7943280
2026-03-24 19:00,7943280
2026-03-24 19:15,7943370
2026-03-24 19:30,7943396
2026-03-24 19:45,7943396
2026-03-24 20:00,7943463
2026-03-24 20:15,7943503
2026-03-24 20:30,7943503
2026-03-24 20:45,7943503
2026-03-24 21:00,7943503
2026-03-24 21:15,7943510
2026-03-24 21:30,7943510
2026-03-24 21:45,7943510
2026-03-24 22:00,7943510
2026-03-24 22:15,7943596
2026-03-24 22:30,7943596
2026-03-24 22:45,7943613
2026-03-24 23:00,7943686
2026-03-24 23:15,7943686
2026-03-24 23:30,7943696
2026-03-24 23:45,7943696
2026-03-25 00:00,7943696
2026-03-25 00:15,7943700
2026-03-25 00:30,7943700
2026-03-25 00:45,7943700
2026-03-25 01:00,7943706
2026-03-25 01:15,7943813
2026-03-25 01:30,7943813
2026-03-25 01:45,7943813
2026-03-25 02:00,7943813
2026-03-25 02:15,7943813
2026-03-25 02:30,7943813
2026-03-25 02:45,7943813
2026-03-25 03:00,7943813
2026-03-25 03:15,7943813
2026-03-25 03:30,7943813
2026-03-25 03:45,7943813
2026-03-25 04:00,7943813
2026-03-25 04:15,7943813
2026-03-25 04:30,7943846
2026-03-25 04:45,7943846
2026-03-25 05:00,7943846
2026-03-25 05:15,7943846
2026-03-25 05:30,7943890
2026-03-25 05:45,7943890
2026-03-25 06:00,7943890
2026-03-25 06:15,7943890
2026-03-25 06:30,7943890
2026-03-25 06:45,7943890
2026-03-25 07:00,7943890
2026-03-25 07:15,7943890
2026-03-25 07:30,7943890
2026-03-25 07:45,7943890
2026-03-25 08:00,7943926
2026-03-25 08:15,7943926
2026-03-25 08:30,7943926
2026-03-25 08:45,7943926
2026-03-25 09:00,7944006
2026-03-25 09:15,7944446
2026-03-25 09:30,7944486
2026-03-25 09:45,7944530
2026-03-25 10:00,7944546
2026-03-25 10:15,7944546
2026-03-25 10:30,7944546
2026-03-25 10:45,7944546
2026-03-25 11:00,7944546
2026-03-25 11:15,7944546
2026-03-25 11:30,7944546
2026-03-25 11:45,7944953
2026-03-25 12:00,7945006
2026-03-25 12:15,7945006
2026-03-25 12:30,7945006
2026-03-25 12:45,7945006
2026-03-25 13:00,7945130
2026-03-25 13:15,7945296
2026-03-25 13:30,7945310
2026-03-25 13:45,7945470
2026-03-25 14:00,7945516
2026-03-25 14:15,7945526
2026-03-25 14:30,7945530
2026-03-25 14:45,7945860
2026-03-25 15:00,7945860
2026-03-25 15:15,7945860
2026-03-25 15:30,7945940
2026-03-25 15:45,7946133
2026-03-25 16:00,7946136
2026-03-25 16:15,7946273
2026-03-25 16:30,7946316
2026-03-25 16:45,7946563
2026-03-25 17:00,7946660
2026-03-25 17:15,7946880
2026-03-25 17:30,7947093
2026-03-25 17:45,7947170
2026-03-25 18:00,7947170
2026-03-25 18:15,7948456
2026-03-25 18:30,7948713
2026-03-25 18:45,7948833
2026-03-25 19:00,7948880
2026-03-25 19:15,7948943
2026-03-25 19:30,7949133
2026-03-25 19:45,7950913
2026-03-25 20:00,7951120
2026-03-25 20:15,7951120
2026-03-25 20:30,7951156
2026-03-25 20:45,7951263
2026-03-25 21:00,7951263
2026-03-25 21:15,7951296
2026-03-25 21:30,7951493
2026-03-25 21:45,7951630
2026-03-25 22:00,7951630
2026-03-25 22:15,7951630
2026-03-25 22:30,7951663
2026-03-25 22:45,7951666
2026-03-25 23:00,7951720
2026-03-25 23:15,7951720
2026-03-25 23:30,7951720
2026-03-25 23:45,7951756
2026-03-26 00:00,7951763
2026-03-26 00:15,7951763
2026-03-26 00:30,7951763
2026-03-26 00:45,7951776
2026-03-26 01:00,7951930
2026-03-26 01:15,7951930
2026-03-26 01:30,7951930
2026-03-26 01:45,7951930
2026-03-26 02:00,7951936
2026-03-26 02:15,7952016
2026-03-26 02:30,7952016
2026-03-26 02:45,7952050
2026-03-26 03:00,7952050
2026-03-26 03:15,7952133
2026-03-26 03:30,7952133
2026-03-26 03:45,7952133
2026-03-26 04:00,7952133
2026-03-26 04:15,7952133
2026-03-26 04:30,7952133
2026-03-26 04:45,7952133
2026-03-26 05:00,7952133
2026-03-26 05:15,7952133
2026-03-26 05:30,7952133
2026-03-26 05:45,7952133
2026-03-26 06:00,7952133
2026-03-26 06:15,7952173
2026-03-26 06:30,7952230
2026-03-26 06:45,7952230
2026-03-26 07:00,7952263
2026-03-26 07:15,7952266
2026-03-26 07:30,7952270
2026-03-26 07:45,7952306
2026-03-26 08:00,7952386
2026-03-26 08:15,7952470
2026-03-26 08:30,7952530
2026-03-26 08:45,7952533
2026-03-26 09:00,7952536
2026-03-26 09:15,7953380
2026-03-26 09:30,7953443
2026-03-26 09:45,7953626
2026-03-26 10:00,7953816
2026-03-26 10:15,7954026
2026-03-26 10:30,7954130
2026-03-26 10:45,7954143
2026-03-26 11:00,7954213
2026-03-26 11:15,7954213
2026-03-26 11:30,7954246
2026-03-26 11:45,7954300
2026-03-26 12:00,7954443
2026-03-26 12:15,7954443
2026-03-26 12:30,7954520
2026-03-26 12:45,7954556
2026-03-26 13:00,7954556
2026-03-26 13:15,7954556
2026-03-26 13:30,7954556
2026-03-26 13:45,7954556
2026-03-26 14:00,7954660
2026-03-26 14:15,7954696
2026-03-26 14:30,7954800
2026-03-26 14:45,7954810
2026-03-26 15:00,7954813
2026-03-26 15:15,7954833
2026-03-26 15:30,7954900
2026-03-26 15:45,7954900
2026-03-26 16:00,7954933
2026-03-26 16:15,7955050
2026-03-26 16:30,7955050
2026-03-26 16:45,7955050
2026-03-26 17:00,7955166
2026-03-26 17:15,7955170
2026-03-26 17:30,7955176
2026-03-26 17:45,7955250
2026-03-26 18:00,7955250
2026-03-26 18:15,7955316
2026-03-26 18:30,7955416
2026-03-26 18:45,7955416
2026-03-26 19:00,7955416
2026-03-26 19:15,7955493
2026-03-26 19:30,7955553
2026-03-26 19:45,7955636
2026-03-26 20:00,7955706
2026-03-26 20:15,7955736
2026-03-26 20:30,7955833
2026-03-26 20:45,7955836
2026-03-26 21:00,7955836
2026-03-26 21:15,7955943
2026-03-26 21:30,7956016
2026-03-26 21:45,7956026
2026-03-26 22:00,7956026
2026-03-26 22:15,7956026
2026-03-26 22:30,7956036
2026-03-26 22:45,7956166
2026-03-26 23:00,7956253
2026-03-26 23:15,7956296
2026-03-26 23:30,7956353
2026-03-26 23:45,7956353
2026-03-27 00:00,7956353
2026-03-27 00:15,7956466
2026-03-27 00:30,7956470
2026-03-27 00:45,7956470
2026-03-27 01:00,7956503
2026-03-27 01:15,7956580
2026-03-27 01:30,7956580
2026-03-27 01:45,7956580
2026-03-27 02:00,7956616
2026-03-27 02:15,7956616
2026-03-27 02:30,7956616
2026-03-27 02:45,7956616
2026-03-27 03:00,7956616
2026-03-27 03:15,7956616
2026-03-27 03:30,7956616
2026-03-27 03:45,7956696
2026-03-27 04:00,7956696
2026-03-27 04:15,7956696
2026-03-27 04:30,7956723
2026-03-27 04:45,7956780
2026-03-27 05:00,7956780
2026-03-27 05:15,7957103
2026-03-27 05:30,7957160
2026-03-27 05:45,7957240
2026-03-27 06:00,7957280
2026-03-27 06:15,7957280
2026-03-27 06:30,7957280
2026-03-27 06:45,7957280
2026-03-27 07:00,7957280
2026-03-27 07:15,7957280
2026-03-27 07:30,7957336
2026-03-27 07:45,7957400
2026-03-27 08:00,7957423
2026-03-27 08:15,7957423
2026-03-27 08:30,7957756
2026-03-27 08:45,7957763
2026-03-27 09:00,7957763
2026-03-27 09:15,7957850
2026-03-27 09:30,7957870
2026-03-27 09:45,7957936
2026-03-27 10:00,7957940
2026-03-27 10:15,7957940
2026-03-27 10:30,7957940
2026-03-27 10:45,7957973
2026-03-27 11:00,7958010
2026-03-27 11:15,7958076
2026-03-27 11:30,7958086
2026-03-27 11:45,7958086
2026-03-27 12:00,7958086
2026-03-27 12:15,7958086
2026-03-27 12:30,7958086
2026-03-27 12:45,7958086
2026-03-27 13:00,7958280
2026-03-27 13:15,7958280
2026-03-27 13:30,7958280
2026-03-27 13:45,7958360
2026-03-27 14:00,7958443
2026-03-27 14:15,7958443
2026-03-27 14:30,7958443
2026-03-27 14:45,7958530
2026-03-27 15:00,7958530
2026-03-27 15:15,7958533
2026-03-27 15:30,7958656
2026-03-27 15:45,7958656
2026-03-27 16:00,7958656
2026-03-27 16:15,7958656
2026-03-27 16:30,7958656
2026-03-27 16:45,7958706
2026-03-27 17:00,7958730
2026-03-27 17:15,7958770
2026-03-27 17:30,7958770
2026-03-27 17:45,7958770
2026-03-27 18:00,7958770
2026-03-27 18:15,7958770
2026-03-27 18:30,7958770
2026-03-27 18:45,7958770
2026-03-27 19:00,7958770
2026-03-27 19:15,7958836
2026-03-27 19:30,7958840
2026-03-27 19:45,7958840
2026-03-27 20:00,7958840
2026-03-27 20:15,7958840
2026-03-27 20:30,7958840
2026-03-27 20:45,7958840
2026-03-27 21:00,7958840
2026-03-27 21:15,7958840
2026-03-27 21:30,7958880
2026-03-27 21:45,7958910
2026-03-27 22:00,7958910
2026-03-27 22:15,7958910
2026-03-27 22:30,7958910
2026-03-27 22:45,7958963
2026-03-27 23:00,7958963
2026-03-27 23:15,7958973
2026-03-27 23:30,7959026
2026-03-27 23:45,7959026
2026-03-28 00:00,7959026
2026-03-28 00:15,7959026
2026-03-28 00:30,7959066
2026-03-28 00:45,7959066
2026-03-28 01:00,7959066
2026-03-28 01:15,7959066
2026-03-28 01:30,7959066
2026-03-28 01:45,7959066
2026-03-28 02:00,7959066
2026-03-28 02:15,7959143
2026-03-28 02:30,7959143
2026-03-28 02:45,7959143
2026-03-28 03:00,7959143
2026-03-28 03:15,7959143
2026-03-28 03:30,7959143
2026-03-28 03:45,7959180
2026-03-28 04:00,7959180
2026-03-28 04:15,7959180
2026-03-28 04:30,7959180
2026-03-28 04:45,7959180
2026-03-28 05:00,7959180
2026-03-28 05:15,7959180
2026-03-28 05:30,7959180
2026-03-28 05:45,7959220
2026-03-28 06:00,7959220
2026-03-28 06:15,7959220
2026-03-28 06:30,7959220
2026-03-28 06:45,7959220
2026-03-28 07:00,7959220
2026-03-28 07:15,7959220
2026-03-28 07:30,7959220
2026-03-28 07:45,7959220
2026-03-28 08:00,7959220
2026-03-28 08:15,7959220
2026-03-28 08:30,7959220
2026-03-28 08:45,7959220
2026-03-28 09:00,7959220
2026-03-28 09:15,7959220
2026-03-28 09:30,7959750
2026-03-28 09:45,7959870
2026-03-28 10:00,7959870
2026-03-28 10:15,7959870
2026-03-28 10:30,7959930
2026-03-28 10:45,7960800
2026-03-28 11:00,7963240
2026-03-28 11:15,7963366
2026-03-28 11:30,7963366
2026-03-28 11:45,7963380
2026-03-28 12:00,7963380
2026-03-28 12:15,7963416
2026-03-28 12:30,7963416
2026-03-28 12:45,7963473
2026-03-28 13:00,7963473
2026-03-28 13:15,7963473
2026-03-28 13:30,7963473
2026-03-28 13:45,7963473
2026-03-28 14:00,7963506
2026-03-28 14:15,7963510
2026-03-28 14:30,7963510
2026-03-28 14:45,7963546
2026-03-28 15:00,7963546
2026-03-28 15:15,7963556
2026-03-28 15:30,7963626
2026-03-28 15:45,7963756
2026-03-28 16:00,7963790
2026-03-28 16:15,7963793
2026-03-28 16:30,7963793
2026-03-28 16:45,7963793
2026-03-28 17:00,7963936
2026-03-28 17:15,7964023
2026-03-28 17:30,7964023
2026-03-28 17:45,7964053
2026-03-28 18:00,7964053
2026-03-28 18:15,7964053
2026-03-28 18:30,7964053
2026-03-28 18:45,7964053
2026-03-28 19:00,7964086
2026-03-28 19:15,7964086
2026-03-28 19:30,7964086
2026-03-28 19:45,7964086
2026-03-28 20:00,7964086
2026-03-28 20:15,7964086
2026-03-28 20:30,7964086
2026-03-28 20:45,7964086
2026-03-28 21:00,7964093
2026-03-28 21:15,7964093
2026-03-28 21:30,7964163
2026-03-28 21:45,7964163
2026-03-28 22:00,7964163
2026-03-28 22:15,7964163
2026-03-28 22:30,7964163
2026-03-28 22:45,7964253
2026-03-28 23:00,7964253
2026-03-28 23:15,7964303
2026-03-28 23:30,7964306
2026-03-28 23:45,7964366
2026-03-29 00:00,7964366
2026-03-29 00:15,7964366
2026-03-29 00:30,7964536
2026-03-29 00:45,7964683
2026-03-29 01:00,7964683
2026-03-29 01:15,7964683
2026-03-29 01:30,7964683
2026-03-29 01:45,7964686
2026-03-29 03:00,7964686
2026-03-29 03:15,7964760
2026-03-29 03:30,7964760
2026-03-29 03:45,7964760
2026-03-29 04:00,7964760
2026-03-29 04:15,7964896
2026-03-29 04:30,7964896
2026-03-29 04:45,7964896
2026-03-29 05:00,7964896
2026-03-29 05:15,7964896
2026-03-29 05:30,7964970
2026-03-29 05:45,7964970
2026-03-29 06:00,7964970
2026-03-29 06:15,7964970
2026-03-29 06:30,7964970
2026-03-29 06:45,7964970
2026-03-29 07:00,7964970
2026-03-29 07:15,7965006
2026-03-29 07:30,7965006
2026-03-29 07:45,7965006
2026-03-29 08:00,7965006
2026-03-29 08:15,7965006
2026-03-29 08:30,7965006
2026-03-29 08:45,7965006
2026-03-29 09:00,7965006
2026-03-29 09:15,7965050
2026-03-29 09:30,7965080
2026-03-29 09:45,7965086
2026-03-29 10:00,7965086
2026-03-29 10:15,7965086
2026-03-29 10:30,7965086
2026-03-29 10:45,7965086
2026-03-29 11:00,7965086
2026-03-29 11:15,7965086
2026-03-29 11:30,7965086
2026-03-29 11:45,7965086
2026-03-29 12:00,7965086
2026-03-29 12:15,7965140
2026-03-29 12:30,7965140
2026-03-29 12:45,7965176
2026-03-29 13:00,7965176
2026-03-29 13:15,7965176
2026-03-29 13:30,7965176
2026-03-29 13:45,7965176
2026-03-29 14:00,7965176
2026-03-29 14:15,7965176
2026-03-29 14:30,7965176
2026-03-29 14:45,7965176
2026-03-29 15:00,7965180
2026-03-29 15:15,7965180
2026-03-29 15:30,7965180
2026-03-29 15:45,7965216
2026-03-29 16:00,7965216
2026-03-29 16:15,7965286
2026-03-29 16:30,7965306
2026-03-29 16:45,7965306
2026-03-29 17:00,7965306
2026-03-29 17:15,7965306
2026-03-29 17:30,7965306
2026-03-29 17:45,7965510
2026-03-29 18:00,7966036
2026-03-29 18:15,7966036
2026-03-29 18:30,7966050
2026-03-29 18:45,7966050
2026-03-29 19:00,7966063
2026-03-29 19:15,7966063
2026-03-29 19:30,7966096
2026-03-29 19:45,7966096
2026-03-29 20:00,7966103
2026-03-29 20:15,7966103
2026-03-29 20:30,7966146
2026-03-29 20:45,7966146
2026-03-29 21:00,7966146
2026-03-29 21:15,7966146
2026-03-29 21:30,7966180
2026-03-29 21:45,7966180
2026-03-29 22:00,7966180
2026-03-29 22:15,7966180
2026-03-29 22:30,7966180
2026-03-29 22:45,7966180
2026-03-29 23:00,7966180
2026-03-29 23:15,7966180
2026-03-29 23:30,7966226
2026-03-29 23:45,7966346
2026-03-30 00:00,7966380
2026-03-30 00:15,7966390
2026-03-30 00:30,7966390
2026-03-30 00:45,7966390
2026-03-30 01:00,7966390
2026-03-30 01:15,7966390
2026-03-30 01:30,7966390
2026-03-30 01:45,7966390
2026-03-30 02:00,7966390
2026-03-30 02:15,7966390
2026-03-30 02:30,7966390
2026-03-30 02:45,7966390
2026-03-30 03:00,7966390
2026-03-30 03:15,7966430
2026-03-30 03:30,7966430
2026-03-30 03:45,7966430
2026-03-30 04:00,7966430
2026-03-30 04:15,7966430
2026-03-30 04:30,7966430
2026-03-30 04:45,7966430
2026-03-30 05:00,7966430
2026-03-30 05:15,7966430
2026-03-30 05:30,7966430
2026-03-30 05:45,7966466
2026-03-30 06:00,7966556
2026-03-30 06:15,7966556
2026-03-30 06:30,7966556
2026-03-30 06:45,7966556
2026-03-30 07:00,7966556
2026-03-30 07:15,7966556
2026-03-30 07:30,7966556
2026-03-30 07:45,7966556
2026-03-30 08:00,7966556
2026-03-30 08:15,7966556
2026-03-30 08:30,7966556
2026-03-30 08:45,7966556
2026-03-30 09:00,7966556
2026-03-30 09:15,7967016
2026-03-30 09:30,7967053
2026-03-30 09:45,7967066
2026-03-30 10:00,7967146
2026-03-30 10:15,7967193
2026-03-30 10:30,7967193
2026-03-30 10:45,7967200
2026-03-30 11:00,7967200
2026-03-30 11:15,7967213
2026-03-30 11:30,7967213
2026-03-30 11:45,7967213
2026-03-30 12:00,7967273
2026-03-30 12:15,7967273
2026-03-30 12:30,7967273
2026-03-30 12:45,7967273
2026-03-30 13:00,7967273
2026-03-30 13:15,7967273
2026-03-30 13:30,7967306
2026-03-30 13:45,7967383
2026-03-30 14:00,7967413
2026-03-30 14:15,7967530
2026-03-30 14:30,7967566
2026-03-30 14:45,7967566
2026-03-30 15:00,7967576
2026-03-30 15:15,7967610
2026-03-30 15:30,7967610
2026-03-30 15:45,7967610
2026-03-30 16:00,7967610
2026-03-30 16:15,7967666
2026-03-30 16:30,7967666
2026-03-30 16:45,7967666
2026-03-30 17:00,7967666
2026-03-30 17:15,7967666
2026-03-30 17:30,7967666
2026-03-30 17:45,7967666
2026-03-30 18:00,7967683
2026-03-30 18:15,7967716
2026-03-30 18:30,7967716
2026-03-30 18:45,7967756
2026-03-30 19:00,7967756
2026-03-30 19:15,7967756
2026-03-30 19:30,7967806
2026-03-30 19:45,7967873
2026-03-30 20:00,7967876
2026-03-30 20:15,7967876
2026-03-30 20:30,7967876
2026-03-30 20:45,7967876
2026-03-30 21:00,7968000
2026-03-30 21:15,7968876
2026-03-30 21:30,7968876
2026-03-30 21:45,7968930
2026-03-30 22:00,7968933
2026-03-30 22:15,7969013
2026-03-30 22:30,7969013
2026-03-30 22:45,7969013
2026-03-30 23:00,7969083
2026-03-30 23:15,7969090
2026-03-30 23:30,7969180
2026-03-30 23:45,7969180
2026-03-31 00:00,7969180
2026-03-31 00:15,7969180
2026-03-31 00:30,7969180
2026-03-31 00:45,7969180
2026-03-31 01:00,7969216
2026-03-31 01:15,7969216
2026-03-31 01:30,7969216
2026-03-31 01:45,7969216
2026-03-31 02:00,7969216
2026-03-31 02:15,7969216
2026-03-31 02:30,7969216
2026-03-31 02:45,7969253
2026-03-31 03:00,7969253
2026-03-31 03:15,7969253
2026-03-31 03:30,7969336
2026-03-31 03:45,7969336
2026-03-31 04:00,7969336
2026-03-31 04:15,7969336
2026-03-31 04:30,7969336
2026-03-31 04:45,7969336
2026-03-31 05:00,7969336
2026-03-31 05:15,7969336
2026-03-31 05:30,7969336
2026-03-31 05:45,7969336
2026-03-31 06:00,7969336
2026-03-31 06:15,7969336
2026-03-31 06:30,7969336
2026-03-31 06:45,7969336
2026-03-31 07:00,7969336
2026-03-31 07:15,7969336
2026-03-31 07:30,7969336
2026-03-31 07:45,7969336
2026-03-31 08:00,7969336
2026-03-31 08:15,7969336
2026-03-31 08:30,7969336
2026-03-31 08:45,7969336
2026-03-31 09:00,7969706
2026-03-31 09:15,7969776
2026-03-31 09:30,7969776
2026-03-31 09:45,7969776
2026-03-31 10:00,7969776
2026-03-31 10:15,7969776
2026-03-31 10:30,7969776
2026-03-31 10:45,7969783
2026-03-31 11:00,7969783
2026-03-31 11:15,7969860
2026-03-31 11:30,7969860
2026-03-31 11:45,7969860
2026-03-31 12:00,7969903
2026-03-31 12:15,7969903
2026-03-31 12:30,7969903
2026-03-31 12:45,7969903
2026-03-31 13:00,7969973
2026-03-31 13:15,7970010
2026-03-31 13:30,7970010
2026-03-31 13:45,7970010
2026-03-31 14:00,7970010
2026-03-31 14:15,7970010
2026-03-31 14:30,7970010
2026-03-31 14:45,7970066
2026-03-31 15:00,7970090
2026-03-31 15:15,7970090
2026-03-31 15:30,7970090
2026-03-31 15:45,7970090
2026-03-31 16:00,7970090
2026-03-31 16:15,7970090
2026-03-31 16:30,7970090
2026-03-31 16:45,7970090
2026-03-31 17:00,7970090
2026-03-31 17:15,7970090
2026-03-31 17:30,7970090
2026-03-31 17:45,7970106
2026-03-31 18:00,7970106
2026-03-31 18:15,7970153
2026-03-31 18:30,7970153
2026-03-31 18:45,7970153
2026-03-31 19:00,7970216
2026-03-31 19:15,7970256
2026-03-31 19:30,7970256
2026-03-31 19:45,7970256
2026-03-31 20:00,7970256
2026-03-31 20:15,7970256
2026-03-31 20:30,7970256
2026-03-31 20:45,7970256
2026-03-31 21:00,7970273
2026-03-31 21:15,7970290
2026-03-31 21:30,7970290
2026-03-31 21:45,7970290
2026-03-31 22:00,7970323
2026-03-31 22:15,7970323
2026-03-31 22:30,7970323
2026-03-31 22:45,7970323
2026-03-31 23:00,7970323
2026-03-31 23:15,7970373
2026-03-31 23:30,7970436
2026-03-31 23:45,7970443
2026-04-01 00:00,7970443
2026-04-01 00:15,7970443
2026-04-01 00:30,7970443
2026-04-01 00:45,7970443
2026-04-01 01:00,7970443
2026-04-01 01:15,7970443
2026-04-01 01:30,7970480
2026-04-01 01:45,7970480
2026-04-01 02:00,7970480
2026-04-01 02:15,7970480
2026-04-01 02:30,7970480
2026-04-01 02:45,7970480
2026-04-01 03:00,7970480
2026-04-01 03:15,7970480
2026-04-01 03:30,7970480
2026-04-01 03:45,7970480
2026-04-01 04:00,7970480
2026-04-01 04:15,7970480
2026-04-01 04:30,7970480
2026-04-01 04:45,7970480
2026-04-01 05:00,7970513
2026-04-01 05:15,7970556
2026-04-01 05:30,7970556
2026-04-01 05:45,7970556
2026-04-01 06:00,7970556
2026-04-01 06:15,7970556
2026-04-01 06:30,7970556
2026-04-01 06:45,7970596
2026-04-01 07:00,7970596
2026-04-01 07:15,7970596
2026-04-01 07:30,7970596
2026-04-01 07:45,7971210
2026-04-01 08:00,7971230
2026-04-01 08:15,7971276
2026-04-01 08:30,7971276
2026-04-01 08:45,7971276
2026-04-01 09:00,7971276
2026-04-01 09:15,7971276
2026-04-01 09:30,7971276
2026-04-01 09:45,7971276
2026-04-01 10:00,7971276
2026-04-01 10:15,7971276
2026-04-01 10:30,7971276
2026-04-01 10:45,7971276
2026-04-01 11:00,7971276
2026-04-01 11:15,7971276
2026-04-01 11:30,7971310
2026-04-01 11:45,7971310
2026-04-01 12:00,7971310
2026-04-01 12:15,7971310
2026-04-01 12:30,7971320
2026-04-01 12:45,7971320
2026-04-01 13:00,7971320
2026-04-01 13:15,7971320
2026-04-01 13:30,7971320
2026-04-01 13:45,7971320
2026-04-01 14:00,7971320
2026-04-01 14:15,7971320
2026-04-01 14:30,7971376
2026-04-01 14:45,7971376
2026-04-01 15:00,7971396
2026-04-01 15:15,7971396
2026-04-01 15:30,7971396
2026-04-01 15:45,7971396
2026-04-01 16:00,7971396
2026-04-01 16:15,7971403
2026-04-01 16:30,7971403
2026-04-01 16:45,7971403
2026-04-01 17:00,7971436
2026-04-01 17:15,7971753
2026-04-01 17:30,7971753
2026-04-01 17:45,7971753
2026-04-01 18:00,7971753
2026-04-01 18:15,7971773
2026-04-01 18:30,7971773
2026-04-01 18:45,7971866
2026-04-01 19:00,7971866
2026-04-01 19:15,7971866
2026-04-01 19:30,7971900
2026-04-01 19:45,7971900
2026-04-01 20:00,7971900
2026-04-01 20:15,7971900
2026-04-01 20:30,7971903
2026-04-01 20:45,7971903
2026-04-01 21:00,7971936
2026-04-01 21:15,7971936
2026-04-01 21:30,7971936
2026-04-01 21:45,7971936
2026-04-01 22:00,7971940
2026-04-01 22:15,7971940
2026-04-01 22:30,7971940
2026-04-01 22:45,7971940
2026-04-01 23:00,7971986
2026-04-01 23:15,7972096
2026-04-01 23:30,7972096
2026-04-01 23:45,7972150
2026-04-02 00:00,7972150
2026-04-02 00:15,7972150
2026-04-02 00:30,7972150
2026-04-02 00:45,7972150
2026-04-02 01:00,7972150
2026-04-02 01:15,7972150
2026-04-02 01:30,7972150
2026-04-02 01:45,7972150
2026-04-02 02:00,7972183
2026-04-02 02:15,7972186
2026-04-02 02:30,7972270
2026-04-02 02:45,7972270
2026-04-02 03:00,7972270
2026-04-02 03:15,7972270
2026-04-02 03:30,7972270
2026-04-02 03:45,7972270
2026-04-02 04:00,7972270
2026-04-02 04:15,7972270
2026-04-02 04:30,7972270
2026-04-02 04:45,7972270
2026-04-02 05:00,7972270
2026-04-02 05:15,7972270
2026-04-02 05:30,7972270
2026-04-02 05:45,7972270
2026-04-02 06:00,7972270
2026-04-02 06:15,7972270
2026-04-02 06:30,7972270
2026-04-02 06:45,7972270
2026-04-02 07:00,7972270
2026-04-02 07:15,7972270
2026-04-02 07:30,7972270
2026-04-02 07:45,7972346
2026-04-02 08:00,7972346
2026-04-02 08:15,7972346
2026-04-02 08:30,7972346
2026-04-02 08:45,7972346
2026-04-02 09:00,7972346
2026-04-02 09:15,7972346
2026-04-02 09:30,7972933
2026-04-02 09:45,7972936
2026-04-02 10:00,7972936
2026-04-02 10:15,7972970
2026-04-02 10:30,7972993
2026-04-02 10:45,7972993
2026-04-02 11:00,7973033
2026-04-02 11:15,7973060
2026-04-02 11:30,7973060
2026-04-02 11:45,7973060
2026-04-02 12:00,7973130
2026-04-02 12:15,7973130
2026-04-02 12:30,7973186
2026-04-02 12:45,7973190
2026-04-02 13:00,7973190
2026-04-02 13:15,7973190
2026-04-02 13:30,7973190
2026-04-02 13:45,7973190
2026-04-02 14:00,7973226
2026-04-02 14:15,7973226
2026-04-02 14:30,7973226
2026-04-02 14:45,7973226
2026-04-02 15:00,7973260
2026-04-02 15:15,7973260
2026-04-02 15:30,7973266
2026-04-02 15:45,7973266
2026-04-02 16:00,7973266
2026-04-02 16:15,7973300
2026-04-02 16:30,7973313
2026-04-02 16:45,7973313
2026-04-02 17:00,7973313
2026-04-02 17:15,7973313
2026-04-02 17:30,7973346
2026-04-02 17:45,7973346
2026-04-02 18:00,7973346
2026-04-02 18:15,7973346
2026-04-02 18:30,7973346
2026-04-02 18:45,7973346
2026-04-02 19:00,7973346
2026-04-02 19:15,7973356
2026-04-02 19:30,7973356
2026-04-02 19:45,7973356
2026-04-02 20:00,7973356
2026-04-02 20:15,7973356
2026-04-02 20:30,7973356
2026-04-02 20:45,7973390
2026-04-02 21:00,7973396
2026-04-02 21:15,7973430
2026-04-02 21:30,7973430
2026-04-02 21:45,7973493
2026-04-02 22:00,7973493
2026-04-02 22:15,7973526
2026-04-02 22:30,7973716
2026-04-02 22:45,7973746
2026-04-02 23:00,7973746
2026-04-02 23:15,7973846
2026-04-02 23:30,7973846
2026-04-02 23:45,7973846
2026-04-03 00:00,7973846
2026-04-03 00:15,7973846
2026-04-03 00:30,7973846
2026-04-03 00:45,7973886
2026-04-03 01:00,7973886
2026-04-03 01:15,7973886
2026-04-03 01:30,7973886
2026-04-03 01:45,7973886
2026-04-03 02:00,7973886
2026-04-03 02:15,7973923
2026-04-03 02:30,7973923
2026-04-03 02:45,7973923
2026-04-03 03:00,7973923
2026-04-03 03:15,7973923
2026-04-03 03:30,7973923
2026-04-03 03:45,7973960
2026-04-03 04:00,7973960
2026-04-03 04:15,7973960
2026-04-03 04:30,7973960
2026-04-03 04:45,7973960
2026-04-03 05:00,7973960
2026-04-03 05:15,7973960
2026-04-03 05:30,7973960
2026-04-03 05:45,7973960
2026-04-03 06:00,7973960
2026-04-03 06:15,7973960
2026-04-03 06:30,7973996
2026-04-03 06:45,7973996
2026-04-03 07:00,7973996
2026-04-03 07:15,7974036
2026-04-03 07:30,7974036
2026-04-03 07:45,7974036
2026-04-03 08:00,7974036
2026-04-03 08:15,7974036
2026-04-03 08:30,7974036
2026-04-03 08:45,7974426
2026-04-03 09:00,7974453
2026-04-03 09:15,7974460
2026-04-03 09:30,7974460
2026-04-03 09:45,7974460
2026-04-03 10:00,7974460
2026-04-03 10:15,7974460
2026-04-03 10:30,7974460
2026-04-03 10:45,7974500
2026-04-03 11:00,7974500
2026-04-03 11:15,7974500
2026-04-03 11:30,7974500
2026-04-03 11:45,7974503
2026-04-03 12:00,7974503
2026-04-03 12:15,7974503
2026-04-03 12:30,7974503
2026-04-03 12:45,7974503
2026-04-03 13:00,7974503
2026-04-03 13:15,7974503
2026-04-03 13:30,7975123
2026-04-03 13:45,7975216
2026-04-03 14:00,7975223
2026-04-03 14:15,7975280
2026-04-03 14:30,7975286
2026-04-03 14:45,7975300
2026-04-03 15:00,7975300
2026-04-03 15:15,7975426
2026-04-03 15:30,7975463
2026-04-03 15:45,7975650
2026-04-03 16:00,7975656
2026-04-03 16:15,7975680
2026-04-03 16:30,7975720
2026-04-03 16:45,7975740
2026-04-03 17:00,7975740
2026-04-03 17:15,7975773
2026-04-03 17:30,7975776
2026-04-03 17:45,7975833
2026-04-03 18:00,7975860
2026-04-03 18:15,7975930
2026-04-03 18:30,7976043
2026-04-03 18:45,7976126
2026-04-03 19:00,7976223
2026-04-03 19:15,7976263
2026-04-03 19:30,7976406
2026-04-03 19:45,7976416
2026-04-03 20:00,7976416
2026-04-03 20:15,7976416
2026-04-03 20:30,7976456
2026-04-03 20:45,7976663
2026-04-03 21:00,7976916
2026-04-03 21:15,7976960
2026-04-03 21:30,7976960
2026-04-03 21:45,7976960
2026-04-03 22:00,7976976
2026-04-03 22:15,7976976
2026-04-03 22:30,7976983
2026-04-03 22:45,7976993
2026-04-03 23:00,7977093
2026-04-03 23:15,7977140
2026-04-03 23:30,7977140
2026-04-03 23:45,7977140
2026-04-04 00:00,7977140
2026-04-04 00:15,7977173
2026-04-04 00:30,7977243
2026-04-04 00:45,7977243
2026-04-04 01:00,7977273
2026-04-04 01:15,7977273
2026-04-04 01:30,7977273
2026-04-04 01:45,7977273
2026-04-04 02:00,7977273
2026-04-04 02:15,7977350
2026-04-04 02:30,7977350
2026-04-04 02:45,7977350
2026-04-04 03:00,7977350
2026-04-04 03:15,7977350
2026-04-04 03:30,7977350
2026-04-04 03:45,7977350
2026-04-04 04:00,7977350
2026-04-04 04:15,7977350
2026-04-04 04:30,7977350
2026-04-04 04:45,7977390
2026-04-04 05:00,7977390
2026-04-04 05:15,7977390
2026-04-04 05:30,7977426
2026-04-04 05:45,7977426
2026-04-04 06:00,7977426
2026-04-04 06:15,7977426
2026-04-04 06:30,7977426
2026-04-04 06:45,7977430
2026-04-04 07:00,7977430
2026-04-04 07:15,7977430
2026-04-04 07:30,7977430
2026-04-04 07:45,7977430
2026-04-04 08:00,7977430
2026-04-04 08:15,7977433
2026-04-04 08:30,7977556
2026-04-04 08:45,7977556
2026-04-04 09:00,7977933
2026-04-04 09:15,7978010
2026-04-04 09:30,7978013
2026-04-04 09:45,7978020
2026-04-04 10:00,7978023
2026-04-04 10:15,7978086
2026-04-04 10:30,7978190
2026-04-04 10:45,7978196
2026-04-04 11:00,7978300
2026-04-04 11:15,7978376
2026-04-04 11:30,7978416
2026-04-04 11:45,7978416
2026-04-04 12:00,7978416
2026-04-04 12:15,7978416
2026-04-04 12:30,7978416
2026-04-04 12:45,7978416
2026-04-04 13:00,7978516
2026-04-04 13:15,7978583
2026-04-04 13:30,7978586
2026-04-04 13:45,7978586
2026-04-04 14:00,7978586
2026-04-04 14:15,7978626
2026-04-04 14:30,7978626
2026-04-04 14:45,7978626
2026-04-04 15:00,7978626
2026-04-04 15:15,7978626
2026-04-04 15:30,7978640
2026-04-04 15:45,7978643
2026-04-04 16:00,7979066
2026-04-04 16:15,7979066
2026-04-04 16:30,7979066
2026-04-04 16:45,7979066
2026-04-04 17:00,7979223
2026-04-04 17:15,7979246
2026-04-04 17:30,7979306
2026-04-04 17:45,7979333
2026-04-04 18:00,7979366
2026-04-04 18:15,7979396
2026-04-04 18:30,7979396
2026-04-04 18:45,7979520
2026-04-04 19:00,7979610
2026-04-04 19:15,7979813
2026-04-04 19:30,7979833
2026-04-04 19:45,7979880
2026-04-04 20:00,7979910
2026-04-04 20:15,7979913
2026-04-04 20:30,7979973
2026-04-04 20:45,7980003
2026-04-04 21:00,7980036
2026-04-04 21:15,7980223
2026-04-04 21:30,7980223
2026-04-04 21:45,7980233
2026-04-04 22:00,7980253
2026-04-04 22:15,7980270
2026-04-04 22:30,7980270
2026-04-04 22:45,7980270
2026-04-04 23:00,7980270
2026-04-04 23:15,7980376
2026-04-04 23:30,7980440
2026-04-04 23:45,7980496
2026-04-05 00:00,7980496
2026-04-05 00:15,7980496
2026-04-05 00:30,7980496
2026-04-05 00:45,7980496
2026-04-05 01:00,7980496
2026-04-05 01:15,7980496
2026-04-05 01:30,7980496
2026-04-05 01:45,7980496
2026-04-05 02:00,7980530
2026-04-05 02:15,7980530
2026-04-05 02:30,7980530
2026-04-05 02:45,7980530
2026-04-05 03:00,7980593
2026-04-05 03:15,7980593
2026-04-05 03:30,7980670
2026-04-05 03:45,7980670
2026-04-05 04:00,7980670
2026-04-05 04:15,7980670
2026-04-05 04:30,7980670
2026-04-05 04:45,7980670
2026-04-05 05:00,7980670
2026-04-05 05:15,7980670
2026-04-05 05:30,7980670
2026-04-05 05:45,7980670
2026-04-05 06:00,7980670
2026-04-05 06:15,7980670
2026-04-05 06:30,7980746
2026-04-05 06:45,7980746
2026-04-05 07:00,7980746
2026-04-05 07:15,7980893
2026-04-05 07:30,7980893
2026-04-05 07:45,7980893
2026-04-05 08:00,7980893
2026-04-05 08:15,7980893
2026-04-05 08:30,7980893
2026-04-05 08:45,7981006
2026-04-05 09:00,7981013
2026-04-05 09:15,7981050
2026-04-05 09:30,7981626
2026-04-05 09:45,7981630
2026-04-05 10:00,7981630
2026-04-05 10:15,7981636
2026-04-05 10:30,7981640
2026-04-05 10:45,7981756
2026-04-05 11:00,7981860
2026-04-05 11:15,7981860
2026-04-05 11:30,7981893
2026-04-05 11:45,7981893
2026-04-05 12:00,7982160
2026-04-05 12:15,7982256
2026-04-05 12:30,7982340
2026-04-05 12:45,7982340
2026-04-05 13:00,7982343
2026-04-05 13:15,7982343
2026-04-05 13:30,7982343
2026-04-05 13:45,7982470
2026-04-05 14:00,7982516
2026-04-05 14:15,7982583
2026-04-05 14:30,7982730
2026-04-05 14:45,7982740
2026-04-05 15:00,7982746
2026-04-05 15:15,7982766
2026-04-05 15:30,7982866
2026-04-05 15:45,7982866
2026-04-05 16:00,7982866
2026-04-05 16:15,7982866
2026-04-05 16:30,7982903
2026-04-05 16:45,7982903
2026-04-05 17:00,7982903
2026-04-05 17:15,7982903
2026-04-05 17:30,7982926
2026-04-05 17:45,7983043
2026-04-05 18:00,7983060
2026-04-05 18:15,7983063
2026-04-05 18:30,7983063
2026-04-05 18:45,7983166
2026-04-05 19:00,7983166
2026-04-05 19:15,7983183
2026-04-05 19:30,7983426
2026-04-05 19:45,7983456
2026-04-05 20:00,7983460
2026-04-05 20:15,7983463
2026-04-05 20:30,7983463
2026-04-05 20:45,7983576
2026-04-05 21:00,7983763
2026-04-05 21:15,7984430
2026-04-05 21:30,7985366
2026-04-05 21:45,7985366
2026-04-05 22:00,7985366
2026-04-05 22:15,7985366
2026-04-05 22:30,7985410
2026-04-05 22:45,7985410
2026-04-05 23:00,7985466
2026-04-05 23:15,7985520
2026-04-05 23:30,7985520
2026-04-05 23:45,7985583
2026-04-06 00:00,7985583
2026-04-06 00:15,7985583
2026-04-06 00:30,7985583
2026-04-06 00:45,7985583
2026-04-06 01:00,7985583
2026-04-06 01:15,7985590
2026-04-06 01:30,7985590
2026-04-06 01:45,7985636
2026-04-06 02:00,7985636
2026-04-06 02:15,7985676
2026-04-06 02:30,7985676
2026-04-06 02:45,7985676
2026-04-06 03:00,7985676
2026-04-06 03:15,7985676
2026-04-06 03:30,7985676
2026-04-06 03:45,7985676
2026-04-06 04:00,7985676
2026-04-06 04:15,7985676
2026-04-06 04:30,7985676
2026-04-06 04:45,7985676
2026-04-06 05:00,7985713
2026-04-06 05:15,7985713
2026-04-06 05:30,7985713
2026-04-06 05:45,7985713
2026-04-06 06:00,7985713
2026-04-06 06:15,7985713
2026-04-06 06:30,7985713
2026-04-06 06:45,7985713
2026-04-06 07:00,7985713
2026-04-06 07:15,7985713
2026-04-06 07:30,7985713
2026-04-06 07:45,7985713
2026-04-06 08:00,7985750
2026-04-06 08:15,7985826
2026-04-06 08:30,7985826
2026-04-06 08:45,7985826
2026-04-06 09:00,7985826
2026-04-06 09:15,7985826
2026-04-06 09:30,7986303
2026-04-06 09:45,7986393
2026-04-06 10:00,7986433
2026-04-06 10:15,7986670
2026-04-06 10:30,7986693
2026-04-06 10:45,7986696
2026-04-06 11:00,7986696
2026-04-06 11:15,7986696
2026-04-06 11:30,7986696
2026-04-06 11:45,7986740
2026-04-06 12:00,7986760
2026-04-06 12:15,7986830
2026-04-06 12:30,7986830
2026-04-06 12:45,7986856
2026-04-06 13:00,7986946
2026-04-06 13:15,7987003
2026-04-06 13:30,7987040
2026-04-06 13:45,7987040
2026-04-06 14:00,7987263
2026-04-06 14:15,7987263
2026-04-06 14:30,7987263
2026-04-06 14:45,7987263
2026-04-06 15:00,7987590
2026-04-06 15:15,7987590
2026-04-06 15:30,7987590
2026-04-06 15:45,7987590
2026-04-06 16:00,7987590
2026-04-06 16:15,7987626
2026-04-06 16:30,7987663
2026-04-06 16:45,7987663
2026-04-06 17:00,7987663
2026-04-06 17:15,7987696
2026-04-06 17:30,7987696
2026-04-06 17:45,7987696
2026-04-06 18:00,7987773
2026-04-06 18:15,7987773
2026-04-06 18:30,7987773
2026-04-06 18:45,7987866
2026-04-06 19:00,7987866
2026-04-06 19:15,7987866
2026-04-06 19:30,7987906
2026-04-06 19:45,7987906
2026-04-06 20:00,7987906
2026-04-06 20:15,7987906
2026-04-06 20:30,7988000
2026-04-06 20:45,7988000
2026-04-06 21:00,7988000
2026-04-06 21:15,7988033
2026-04-06 21:30,7988033
2026-04-06 21:45,7988033
2026-04-06 22:00,7988086
2026-04-06 22:15,7988086
2026-04-06 22:30,7988086
2026-04-06 22:45,7988103
2026-04-06 23:00,7988136
2026-04-06 23:15,7988136
2026-04-06 23:30,7988243
2026-04-06 23:45,7988243
2026-04-07 00:00,7988243
2026-04-07 00:15,7988243
2026-04-07 00:30,7988243
2026-04-07 00:45,7988243
2026-04-07 01:00,7988243
2026-04-07 01:15,7988243
2026-04-07 01:30,7988243
2026-04-07 01:45,7988280
2026-04-07 02:00,7988280
2026-04-07 02:15,7988280
2026-04-07 02:30,7988280
2026-04-07 02:45,7988280
2026-04-07 03:00,7988280
2026-04-07 03:15,7988280
2026-04-07 03:30,7988280
2026-04-07 03:45,7988280
2026-04-07 04:00,7988316
2026-04-07 04:15,7988316
2026-04-07 04:30,7988316
2026-04-07 04:45,7988316
2026-04-07 05:00,7988316
2026-04-07 05:15,7988316
2026-04-07 05:30,7988316
2026-04-07 05:45,7988316
2026-04-07 06:00,7988316
2026-04-07 06:15,7988316
2026-04-07 06:30,7988316
2026-04-07 06:45,7988316
2026-04-07 07:00,7988316
2026-04-07 07:15,7988316
2026-04-07 07:30,7988316
2026-04-07 07:45,7988316
2026-04-07 08:00,7988316
2026-04-07 08:15,7988393
2026-04-07 08:30,7988393
2026-04-07 08:45,7988393
2026-04-07 09:00,7988393
2026-04-07 09:15,7989133
2026-04-07 09:30,7989173
2026-04-07 09:45,7989186
2026-04-07 10:00,7989186
2026-04-07 10:15,7989186
2026-04-07 10:30,7989186
2026-04-07 10:45,7989186
2026-04-07 11:00,7989186
2026-04-07 11:15,7989186
2026-04-07 11:30,7989186
2026-04-07 11:45,7989190
2026-04-07 12:00,7989226
2026-04-07 12:15,7989226
2026-04-07 12:30,7989226
2026-04-07 12:45,7989226
2026-04-07 13:00,7989226
2026-04-07 13:15,7989226
2026-04-07 13:30,7989270
2026-04-07 13:45,7989420
2026-04-07 14:00,7989430
2026-04-07 14:15,7989436
2026-04-07 14:30,7989436
2026-04-07 14:45,7989470
2026-04-07 15:00,7989543
2026-04-07 15:15,7989586
2026-04-07 15:30,7989586
2026-04-07 15:45,7989616
2026-04-07 16:00,7989616
2026-04-07 16:15,7989670
2026-04-07 16:30,7989670
2026-04-07 16:45,7989670
2026-04-07 17:00,7989670
2026-04-07 17:15,7989670
2026-04-07 17:30,7989753
2026-04-07 17:45,7989790
2026-04-07 18:00,7989790
2026-04-07 18:15,7989790
2026-04-07 18:30,7989790
2026-04-07 18:45,7989790
2026-04-07 19:00,7989790
2026-04-07 19:15,7989843
2026-04-07 19:30,7989973
2026-04-07 19:45,7989973
2026-04-07 20:00,7989973
2026-04-07 20:15,7989973
2026-04-07 20:30,7989973
2026-04-07 20:45,7989973
2026-04-07 21:00,7990006
2026-04-07 21:15,7990006
2026-04-07 21:30,7990006
2026-04-07 21:45,7990013
2026-04-07 22:00,7990013
2026-04-07 22:15,7990013
2026-04-07 22:30,7990013
2026-04-07 22:45,7990066
2026-04-07 23:00,7990120
2026-04-07 23:15,7990180
2026-04-07 23:30,7990180
2026-04-07 23:45,7990226
2026-04-08 00:00,7990226
2026-04-08 00:15,7990226
2026-04-08 00:30,7990226
2026-04-08 00:45,7990226
2026-04-08 01:00,7990226
2026-04-08 01:15,7990263
2026-04-08 01:30,7990266
2026-04-08 01:45,7990303
2026-04-08 02:00,7990343
2026-04-08 02:15,7990343
2026-04-08 02:30,7990343
2026-04-08 02:45,7990343
2026-04-08 03:00,7990343
2026-04-08 03:15,7990343
2026-04-08 03:30,7990343
2026-04-08 03:45,7990343
2026-04-08 04:00,7990343
2026-04-08 04:15,7990343
2026-04-08 04:30,7990380
2026-04-08 04:45,7990380
2026-04-08 05:00,7990420
2026-04-08 05:15,7990420
2026-04-08 05:30,7990420
2026-04-08 05:45,7990420
2026-04-08 06:00,7990420
2026-04-08 06:15,7990420
2026-04-08 06:30,7990420
2026-04-08 06:45,7990420
2026-04-08 07:00,7990420
2026-04-08 07:15,7990420
2026-04-08 07:30,7990420
2026-04-08 07:45,7990420
2026-04-08 08:00,7990420
2026-04-08 08:15,7990420
2026-04-08 08:30,7990456
2026-04-08 08:45,7990456
2026-04-08 09:00,7990493
2026-04-08 09:15,7990906
2026-04-08 09:30,7991030
2026-04-08 09:45,7991033
2026-04-08 10:00,7991033
2026-04-08 10:15,7991033
2026-04-08 10:30,7991110
2026-04-08 10:45,7991110
2026-04-08 11:00,7991110
2026-04-08 11:15,7991113
2026-04-08 11:30,7991123
2026-04-08 11:45,7991270
2026-04-08 12:00,7991313
2026-04-08 12:15,7991313
2026-04-08 12:30,7991313
2026-04-08 12:45,7991313
2026-04-08 13:00,7991320
2026-04-08 13:15,7991353
2026-04-08 13:30,7991570
2026-04-08 13:45,7991666
2026-04-08 14:00,7991876
2026-04-08 14:15,7991876
2026-04-08 14:30,7991893
2026-04-08 14:45,7991893
2026-04-08 15:00,7992050
2026-04-08 15:15,7992110
2026-04-08 15:30,7992113
2026-04-08 15:45,7992113
2026-04-08 16:00,7992203
2026-04-08 16:15,7992206
2026-04-08 16:30,7992280
2026-04-08 16:45,7992340
2026-04-08 17:00,7992340
2026-04-08 17:15,7992353
2026-04-08 17:30,7992456
2026-04-08 17:45,7992480
2026-04-08 18:00,7992480
2026-04-08 18:15,7992480
2026-04-08 18:30,7992480
2026-04-08 18:45,7992633
2026-04-08 19:00,7992666
2026-04-08 19:15,7992726
2026-04-08 19:30,7992730
2026-04-08 19:45,7992790
2026-04-08 20:00,7993520
2026-04-08 20:15,7993616
2026-04-08 20:30,7993676
2026-04-08 20:45,7993840
2026-04-08 21:00,7993840
2026-04-08 21:15,7993840
2026-04-08 21:30,7993840
2026-04-08 21:45,7993876
2026-04-08 22:00,7993876
2026-04-08 22:15,7993886
2026-04-08 22:30,7993886
2026-04-08 22:45,7993893
2026-04-08 23:00,7993893
2026-04-08 23:15,7993943
2026-04-08 23:30,7993943
2026-04-08 23:45,7993966
2026-04-09 00:00,7993976
2026-04-09 00:15,7993976
2026-04-09 00:30,7994050
2026-04-09 00:45,7994050
2026-04-09 01:00,7994050
2026-04-09 01:15,7994050
2026-04-09 01:30,7994200
2026-04-09 01:45,7994200
2026-04-09 02:00,7994213
2026-04-09 02:15,7994233
2026-04-09 02:30,7994233
2026-04-09 02:45,7994233
2026-04-09 03:00,7994393
2026-04-09 03:15,7994393
2026-04-09 03:30,7994393
2026-04-09 03:45,7994393
2026-04-09 04:00,7994393
2026-04-09 04:15,7994393
2026-04-09 04:30,7994393
2026-04-09 04:45,7994393
2026-04-09 05:00,7994393
2026-04-09 05:15,7994393
2026-04-09 05:30,7994433
2026-04-09 05:45,7994433
2026-04-09 06:00,7994433
2026-04-09 06:15,7994433
2026-04-09 06:30,7994433
2026-04-09 06:45,7994473
2026-04-09 07:00,7994473
2026-04-09 07:15,7994473
2026-04-09 07:30,7994473
2026-04-09 07:45,7994473
2026-04-09 08:00,7994473
2026-04-09 08:15,7994486
2026-04-09 08:30,7994590
2026-04-09 08:45,7994590
2026-04-09 09:00,7994590
2026-04-09 09:15,7994943
2026-04-09 09:30,7995156
2026-04-09 09:45,7995190
2026-04-09 10:00,7995216
2026-04-09 10:15,7995296
2026-04-09 10:30,7995576
2026-04-09 10:45,7996150
2026-04-09 11:00,7997763
2026-04-09 11:15,7999150
2026-04-09 11:30,7999310
2026-04-09 11:45,7999360
2026-04-09 12:00,7999363
2026-04-09 12:15,7999363
2026-04-09 12:30,7999363
2026-04-09 12:45,7999670
2026-04-09 13:00,7999706
2026-04-09 13:15,7999933
2026-04-09 13:30,8000136
2026-04-09 13:45,8000140
2026-04-09 14:00,8000140
2026-04-09 14:15,8000173
2026-04-09 14:30,8000173
2026-04-09 14:45,8000173
2026-04-09 15:00,8000176
2026-04-09 15:15,8000176
2026-04-09 15:30,8000180
2026-04-09 15:45,8000270
2026-04-09 16:00,8000370
2026-04-09 16:15,8000370
2026-04-09 16:30,8000430
2026-04-09 16:45,8000430
2026-04-09 17:00,8000430
2026-04-09 17:15,8000446
2026-04-09 17:30,8000630
2026-04-09 17:45,8000663
2026-04-09 18:00,8000693
2026-04-09 18:15,8000716
2026-04-09 18:30,8000733
2026-04-09 18:45,8000803
2026-04-09 19:00,8000803
2026-04-09 19:15,8000920
2026-04-09 19:30,8000926
2026-04-09 19:45,8000926
2026-04-09 20:00,8000973
2026-04-09 20:15,8000976
2026-04-09 20:30,8001056
2026-04-09 20:45,8001056
2026-04-09 21:00,8001060
2026-04-09 21:15,8001060
2026-04-09 21:30,8001060
2026-04-09 21:45,8001060
2026-04-09 22:00,8001060
2026-04-09 22:15,8001060
2026-04-09 22:30,8001060
2026-04-09 22:45,8001110
2026-04-09 23:00,8001110
2026-04-09 23:15,8001110
2026-04-09 23:30,8001110
2026-04-09 23:45,8001110
2026-04-10 00:00,8001113
2026-04-10 00:15,8001153
2026-04-10 00:30,8001163
2026-04-10 00:45,8001163
2026-04-10 01:00,8001163
2026-04-10 01:15,8001163
2026-04-10 01:30,8001163
2026-04-10 01:45,8001163
2026-04-10 02:00,8001163
2026-04-10 02:15,8001163
2026-04-10 02:30,8001163
2026-04-10 02:45,8001166
2026-04-10 03:00,8001216
2026-04-10 03:15,8001346
2026-04-10 03:30,8001346
2026-04-10 03:45,8001346
2026-04-10 04:00,8001346
2026-04-10 04:15,8001346
2026-04-10 04:30,8001346
2026-04-10 04:45,8001346
2026-04-10 05:00,8001346
2026-04-10 05:15,8001346
2026-04-10 05:30,8001346
2026-04-10 05:45,8001346
2026-04-10 06:00,8001346
2026-04-10 06:15,8001346
2026-04-10 06:30,8001390
2026-04-10 06:45,8001390
2026-04-10 07:00,8001390
2026-04-10 07:15,8001390
2026-04-10 07:30,8001463
2026-04-10 07:45,8001463
2026-04-10 08:00,8001463
2026-04-10 08:15,8001543
2026-04-10 08:30,8002093
2026-04-10 08:45,8002116
2026-04-10 09:00,8002116
2026-04-10 09:15,8002116
2026-04-10 09:30,8002116
2026-04-10 09:45,8002116
2026-04-10 10:00,8002116
2026-04-10 10:15,8002116
2026-04-10 10:30,8002116
2026-04-10 10:45,8002116
2026-04-10 11:00,8002153
2026-04-10 11:15,8002176
2026-04-10 11:30,8002176
2026-04-10 11:45,8002176
2026-04-10 12:00,8002176
2026-04-10 12:15,8002176
2026-04-10 12:30,8002176
2026-04-10 12:45,8002360
2026-04-10 13:00,8002360
2026-04-10 13:15,8002360
2026-04-10 13:30,8002360
2026-04-10 13:45,8002360
2026-04-10 14:00,8002363
2026-04-10 14:15,8002403
2026-04-10 14:30,8002403
2026-04-10 14:45,8002403
2026-04-10 15:00,8002403
2026-04-10 15:15,8002413
2026-04-10 15:30,8002446
2026-04-10 15:45,8002446
2026-04-10 16:00,8002446
2026-04-10 16:15,8002446
2026-04-10 16:30,8002463
2026-04-10 16:45,8002486
2026-04-10 17:00,8002546
2026-04-10 17:15,8002586
2026-04-10 17:30,8002603
2026-04-10 17:45,8002663
2026-04-10 18:00,8002663
2026-04-10 18:15,8002783
2026-04-10 18:30,8002783
2026-04-10 18:45,8002783
2026-04-10 19:00,8002893
2026-04-10 19:15,8002946
2026-04-10 19:30,8002953
2026-04-10 19:45,8002953
2026-04-10 20:00,8002953
2026-04-10 20:15,8002953
2026-04-10 20:30,8002953
2026-04-10 20:45,8002953
2026-04-10 21:00,8002953
2026-04-10 21:15,8002953
2026-04-10 21:30,8002953
2026-04-10 21:45,8002953
2026-04-10 22:00,8002953
2026-04-10 22:15,8003316
2026-04-10 22:30,8005120
2026-04-10 22:45,8005216
2026-04-10 23:00,8005216
2026-04-10 23:15,8005220
2026-04-10 23:30,8005240
2026-04-10 23:45,8005346
2026-04-11 00:00,8005346
2026-04-11 00:15,8005346
2026-04-11 00:30,8005346
2026-04-11 00:45,8005346
2026-04-11 01:00,8005346
2026-04-11 01:15,8005346
2026-04-11 01:30,8005376
2026-04-11 01:45,8005383
2026-04-11 02:00,8005383
2026-04-11 02:15,8005383
2026-04-11 02:30,8005383
2026-04-11 02:45,8005383
2026-04-11 03:00,8005383
2026-04-11 03:15,8005383
2026-04-11 03:30,8005383
2026-04-11 03:45,8005383
2026-04-11 04:00,8005383
2026-04-11 04:15,8005383
2026-04-11 04:30,8005420
2026-04-11 04:45,8005456
2026-04-11 05:00,8005456
2026-04-11 05:15,8005456
2026-04-11 05:30,8005456
2026-04-11 05:45,8005456
2026-04-11 06:00,8005456
2026-04-11 06:15,8005456
2026-04-11 06:30,8005456
2026-04-11 06:45,8005496
2026-04-11 07:00,8005496
2026-04-11 07:15,8005496
2026-04-11 07:30,8005840
2026-04-11 07:45,8005920
2026-04-11 08:00,8005960
2026-04-11 08:15,8006046
2026-04-11 08:30,8006083
2026-04-11 08:45,8006083
2026-04-11 09:00,8006083
2026-04-11 09:15,8006083
2026-04-11 09:30,8006083
2026-04-11 09:45,8006083
2026-04-11 10:00,8006083
2026-04-11 10:15,8006083
2026-04-11 10:30,8006090
2026-04-11 10:45,8006090
2026-04-11 11:00,8006090
2026-04-11 11:15,8006090
2026-04-11 11:30,8006316
2026-04-11 11:45,8006330
2026-04-11 12:00,8006396
2026-04-11 12:15,8006396
2026-04-11 12:30,8006406
2026-04-11 12:45,8006410
2026-04-11 13:00,8006416
2026-04-11 13:15,8006463
2026-04-11 13:30,8006490
2026-04-11 13:45,8006583
2026-04-11 14:00,8006586
2026-04-11 14:15,8006603
2026-04-11 14:30,8006603
2026-04-11 14:45,8006603
2026-04-11 15:00,8006773
2026-04-11 15:15,8006773
2026-04-11 15:30,8006773
2026-04-11 15:45,8006803
2026-04-11 16:00,8006853
2026-04-11 16:15,8006853
2026-04-11 16:30,8006856
2026-04-11 16:45,8006926
2026-04-11 17:00,8006926
2026-04-11 17:15,8006973
2026-04-11 17:30,8006973
2026-04-11 17:45,8006973
2026-04-11 18:00,8006973
2026-04-11 18:15,8006973
2026-04-11 18:30,8006980
2026-04-11 18:45,8007030
2026-04-11 19:00,8007030
2026-04-11 19:15,8007030
2026-04-11 19:30,8007030
2026-04-11 19:45,8007030
2026-04-11 20:00,8007083
2026-04-11 20:15,8007126
2026-04-11 20:30,8007126
2026-04-11 20:45,8007126
2026-04-11 21:00,8007126
2026-04-11 21:15,8007180
2026-04-11 21:30,8007213
2026-04-11 21:45,8007213
2026-04-11 22:00,8007223
2026-04-11 22:15,8007226
2026-04-11 22:30,8007226
2026-04-11 22:45,8007226
2026-04-11 23:00,8007233
2026-04-11 23:15,8007233
2026-04-11 23:30,8007340
2026-04-11 23:45,8007340
2026-04-12 00:00,8007340
2026-04-12 00:15,8007340
2026-04-12 00:30,8007340
2026-04-12 00:45,8007340
2026-04-12 01:00,8007340
2026-04-12 01:15,8007380
2026-04-12 01:30,8007380
2026-04-12 01:45,8007380
2026-04-12 02:00,8007453
2026-04-12 02:15,8007453
2026-04-12 02:30,8007453
2026-04-12 02:45,8007453
2026-04-12 03:00,8007490
2026-04-12 03:15,8007490
2026-04-12 03:30,8007490
2026-04-12 03:45,8007490
2026-04-12 04:00,8007490
2026-04-12 04:15,8007490
2026-04-12 04:30,8007490
2026-04-12 04:45,8007490
2026-04-12 05:00,8007526
2026-04-12 05:15,8007526
2026-04-12 05:30,8007526
2026-04-12 05:45,8007526
2026-04-12 06:00,8007526
2026-04-12 06:15,8007526
2026-04-12 06:30,8007566
2026-04-12 06:45,8007566
2026-04-12 07:00,8007566
2026-04-12 07:15,8007603
2026-04-12 07:30,8007603
2026-04-12 07:45,8007603
2026-04-12 08:00,8007603
2026-04-12 08:15,8007603
2026-04-12 08:30,8007603
2026-04-12 08:45,8007603
2026-04-12 09:00,8007603
2026-04-12 09:15,8008093
2026-04-12 09:30,8008103
2026-04-12 09:45,8008146
2026-04-12 10:00,8008146
2026-04-12 10:15,8008146
2026-04-12 10:30,8008150
2026-04-12 10:45,8008266
2026-04-12 11:00,8008266
2026-04-12 11:15,8008266
2026-04-12 11:30,8008266
2026-04-12 11:45,8008306
2026-04-12 12:00,8008340
2026-04-12 12:15,8008340
2026-04-12 12:30,8008340
2026-04-12 12:45,8008343
2026-04-12 13:00,8008380
2026-04-12 13:15,8008386
2026-04-12 13:30,8008386
2026-04-12 13:45,8008386
2026-04-12 14:00,8008386
2026-04-12 14:15,8008386
2026-04-12 14:30,8008420
2026-04-12 14:45,8008420
2026-04-12 15:00,8008420
2026-04-12 15:15,8008420
2026-04-12 15:30,8008470
2026-04-12 15:45,8008476
2026-04-12 16:00,8008476
2026-04-12 16:15,8008476
2026-04-12 16:30,8008510
2026-04-12 16:45,8008510
2026-04-12 17:00,8008510
2026-04-12 17:15,8008510
2026-04-12 17:30,8008510
2026-04-12 17:45,8008560
2026-04-12 18:00,8008593
2026-04-12 18:15,8008663
2026-04-12 18:30,8008663
2026-04-12 18:45,8008663
2026-04-12 19:00,8008663
2026-04-12 19:15,8008663
2026-04-12 19:30,8008663
2026-04-12 19:45,8008696
2026-04-12 20:00,8008696
2026-04-12 20:15,8008696
2026-04-12 20:30,8008813
2026-04-12 20:45,8008813
2026-04-12 21:00,8008870
2026-04-12 21:15,8008870
2026-04-12 21:30,8008870
2026-04-12 21:45,8008953
2026-04-12 22:00,8009026
2026-04-12 22:15,8009026
2026-04-12 22:30,8009026
2026-04-12 22:45,8009080
2026-04-12 23:00,8009080
2026-04-12 23:15,8009080
2026-04-12 23:30,8009136
2026-04-12 23:45,8009210
2026-04-13 00:00,8009213
2026-04-13 00:15,8009266
2026-04-13 00:30,8009266
2026-04-13 00:45,8009266
2026-04-13 01:00,8009266
2026-04-13 01:15,8009266
2026-04-13 01:30,8009266
2026-04-13 01:45,8009266
2026-04-13 02:00,8009306
2026-04-13 02:15,8009340
2026-04-13 02:30,8009340
2026-04-13 02:45,8009340
2026-04-13 03:00,8009340
2026-04-13 03:15,8009340
2026-04-13 03:30,8009340
2026-04-13 03:45,8009340
2026-04-13 04:00,8009340
2026-04-13 04:15,8009340
2026-04-13 04:30,8009340
2026-04-13 04:45,8009340
2026-04-13 05:00,8009340
2026-04-13 05:15,8009340
2026-04-13 05:30,8009340
2026-04-13 05:45,8009340
2026-04-13 06:00,8009340
2026-04-13 06:15,8009340
2026-04-13 06:30,8009340
2026-04-13 06:45,8009340
2026-04-13 07:00,8009406
2026-04-13 07:15,8009443
2026-04-13 07:30,8009443
2026-04-13 07:45,8009570
2026-04-13 08:00,8009570
2026-04-13 08:15,8009586
2026-04-13 08:30,8009586
2026-04-13 08:45,8009586
2026-04-13 09:00,8010086
2026-04-13 09:15,8010166
2026-04-13 09:30,8010166
2026-04-13 09:45,8010166
2026-04-13 10:00,8010166
2026-04-13 10:15,8010166
2026-04-13 10:30,8010166
2026-04-13 10:45,8010203
2026-04-13 11:00,8010206
2026-04-13 11:15,8010210
2026-04-13 11:30,8010230
2026-04-13 11:45,8010350
2026-04-13 12:00,8010353
2026-04-13 12:15,8010353
2026-04-13 12:30,8010353
2026-04-13 12:45,8010436
2026-04-13 13:00,8010503
2026-04-13 13:15,8010503
2026-04-13 13:30,8010613
2026-04-13 13:45,8010670
2026-04-13 14:00,8010670
2026-04-13 14:15,8010670
2026-04-13 14:30,8010670
2026-04-13 14:45,8010670
2026-04-13 15:00,8010670
2026-04-13 15:15,8010800
2026-04-13 15:30,8010803
2026-04-13 15:45,8010803
2026-04-13 16:00,8010803
2026-04-13 16:15,8010803
2026-04-13 16:30,8010803
2026-04-13 16:45,8010836
2026-04-13 17:00,8010836
2026-04-13 17:15,8010850
2026-04-13 17:30,8010850
2026-04-13 17:45,8010850
2026-04-13 18:00,8010940
2026-04-13 18:15,8010950
2026-04-13 18:30,8010950
2026-04-13 18:45,8010950
2026-04-13 19:00,8010950
2026-04-13 19:15,8011016
2026-04-13 19:30,8011016
2026-04-13 19:45,8011043
2026-04-13 20:00,8011043
2026-04-13 20:15,8011043
2026-04-13 20:30,8011043
2026-04-13 20:45,8011076
2026-04-13 21:00,8011220
2026-04-13 21:15,8011220
2026-04-13 21:30,8011220
2026-04-13 21:45,8011266
2026-04-13 22:00,8011276
2026-04-13 22:15,8011276
2026-04-13 22:30,8011276
2026-04-13 22:45,8011333
2026-04-13 23:00,8011333
2026-04-13 23:15,8011333
2026-04-13 23:30,8011333
2026-04-13 23:45,8011333
2026-04-14 00:00,8011333
2026-04-14 00:15,8011333
2026-04-14 00:30,8011366
2026-04-14 00:45,8011370
2026-04-14 01:00,8011373
2026-04-14 01:15,8011373
2026-04-14 01:30,8011426
2026-04-14 01:45,8011426
2026-04-14 02:00,8011426
2026-04-14 02:15,8011426
2026-04-14 02:30,8011430
2026-04-14 02:45,8011503
2026-04-14 03:00,8011503
2026-04-14 03:15,8011503
2026-04-14 03:30,8011503
2026-04-14 03:45,8011503
2026-04-14 04:00,8011503
2026-04-14 04:15,8011503
2026-04-14 04:30,8011503
2026-04-14 04:45,8011503
2026-04-14 05:00,8011503
2026-04-14 05:15,8011503
2026-04-14 05:30,8011503
2026-04-14 05:45,8011503
2026-04-14 06:00,8011503
2026-04-14 06:15,8011503
2026-04-14 06:30,8011503
2026-04-14 06:45,8011503
2026-04-14 07:00,8011503
2026-04-14 07:15,8011503
2026-04-14 07:30,8011576
2026-04-14 07:45,8011576
2026-04-14 08:00,8011576
2026-04-14 08:15,8011576
2026-04-14 08:30,8011576
2026-04-14 08:45,8011576
2026-04-14 09:00,8011576
2026-04-14 09:15,8012100
2026-04-14 09:30,8012100
2026-04-14 09:45,8012110
2026-04-14 10:00,8012110
2026-04-14 10:15,8012110
2026-04-14 10:30,8012110
2026-04-14 10:45,8012153
2026-04-14 11:00,8012153
2026-04-14 11:15,8012153
2026-04-14 11:30,8012516
2026-04-14 11:45,8014090
2026-04-14 12:00,8014090
2026-04-14 12:15,8014166
2026-04-14 12:30,8014166
2026-04-14 12:45,8014166
2026-04-14 13:00,8014220
2026-04-14 13:15,8014220
2026-04-14 13:30,8014220
2026-04-14 13:45,8014220
2026-04-14 14:00,8014220
2026-04-14 14:15,8014220
2026-04-14 14:30,8014226
2026-04-14 14:45,8014226
2026-04-14 15:00,8014226
2026-04-14 15:15,8014260
2026-04-14 15:30,8014260
2026-04-14 15:45,8014260
2026-04-14 16:00,8014266
2026-04-14 16:15,8014266
2026-04-14 16:30,8014266
2026-04-14 16:45,8014266
2026-04-14 17:00,8014266
2026-04-14 17:15,8014303
2026-04-14 17:30,8014366
2026-04-14 17:45,8014366
2026-04-14 18:00,8014406
2026-04-14 18:15,8014406
2026-04-14 18:30,8014413
2026-04-14 18:45,8014460
2026-04-14 19:00,8014460
2026-04-14 19:15,8014460
2026-04-14 19:30,8014460
2026-04-14 19:45,8014466
2026-04-14 20:00,8014466
2026-04-14 20:15,8014466
2026-04-14 20:30,8014510
2026-04-14 20:45,8014603
2026-04-14 21:00,8014633
2026-04-14 21:15,8014636
2026-04-14 21:30,8014636
2026-04-14 21:45,8014726
2026-04-14 22:00,8014766
2026-04-14 22:15,8014850
2026-04-14 22:30,8014850
2026-04-14 22:45,8014926
2026-04-14 23:00,8014936
2026-04-14 23:15,8014990
2026-04-14 23:30,8014990
2026-04-14 23:45,8014990
2026-04-15 00:00,8014990
2026-04-15 00:15,8014990
2026-04-15 00:30,8014990
2026-04-15 00:45,8014990
2026-04-15 01:00,8014990
2026-04-15 01:15,8014990
2026-04-15 01:30,8015026
2026-04-15 01:45,8015026
2026-04-15 02:00,8015026
2026-04-15 02:15,8015026
2026-04-15 02:30,8015070
2026-04-15 02:45,8015070
2026-04-15 03:00,8015070
2026-04-15 03:15,8015070
2026-04-15 03:30,8015070
2026-04-15 03:45,8015070
2026-04-15 04:00,8015070
2026-04-15 04:15,8015070
2026-04-15 04:30,8015106
2026-04-15 04:45,8015106
2026-04-15 05:00,8015106
2026-04-15 05:15,8015106
2026-04-15 05:30,8015106
2026-04-15 05:45,8015106
2026-04-15 06:00,8015106
2026-04-15 06:15,8015106
2026-04-15 06:30,8015106
2026-04-15 06:45,8015630
2026-04-15 07:00,8015630
2026-04-15 07:15,8015670
2026-04-15 07:30,8015670
2026-04-15 07:45,8015670
2026-04-15 08:00,8015670
2026-04-15 08:15,8015670
2026-04-15 08:30,8015670
2026-04-15 08:45,8015670
2026-04-15 09:00,8015670
2026-04-15 09:15,8015670
2026-04-15 09:30,8015670
2026-04-15 09:45,8015670
2026-04-15 10:00,8015670
2026-04-15 10:15,8015670
2026-04-15 10:30,8015670
2026-04-15 10:45,8015703
2026-04-15 11:00,8015703
2026-04-15 11:15,8015703
2026-04-15 11:30,8015703
2026-04-15 11:45,8015703
2026-04-15 12:00,8015703
2026-04-15 12:15,8015703
2026-04-15 12:30,8015703
2026-04-15 12:45,8015716
2026-04-15 13:00,8015716
2026-04-15 13:15,8015716
2026-04-15 13:30,8015716
2026-04-15 13:45,8015716
2026-04-15 14:00,8015716
2026-04-15 14:15,8015716
2026-04-15 14:30,8015716
2026-04-15 14:45,8015716
2026-04-15 15:00,8015716
2026-04-15 15:15,8015730
2026-04-15 15:30,8015730
2026-04-15 15:45,8015730
2026-04-15 16:00,8015730
2026-04-15 16:15,8015790
2026-04-15 16:30,8015790
2026-04-15 16:45,8015790
2026-04-15 17:00,8015790
2026-04-15 17:15,8015790
2026-04-15 17:30,8015790
2026-04-15 17:45,8015793
2026-04-15 18:00,8015813
2026-04-15 18:15,8015813
2026-04-15 18:30,8015850
2026-04-15 18:45,8015853
2026-04-15 19:00,8015916
2026-04-15 19:15,8015916
2026-04-15 19:30,8015980
2026-04-15 19:45,8016006
2026-04-15 20:00,8016133
2026-04-15 20:15,8016133
2026-04-15 20:30,8016133
2026-04-15 20:45,8016136
2026-04-15 21:00,8016136
2026-04-15 21:15,8016206
2026-04-15 21:30,8016206
2026-04-15 21:45,8016350
2026-04-15 22:00,8016396
2026-04-15 22:15,8016396
2026-04-15 22:30,8016430
2026-04-15 22:45,8016440
2026-04-15 23:00,8016503
2026-04-15 23:15,8016503
2026-04-15 23:30,8016563
2026-04-15 23:45,8016563
2026-04-16 00:00,8016563
2026-04-16 00:15,8016563
2026-04-16 00:30,8016623
2026-04-16 00:45,8016623
2026-04-16 01:00,8016623
2026-04-16 01:15,8016623
2026-04-16 01:30,8016623
2026-04-16 01:45,8016623
2026-04-16 02:00,8016623
2026-04-16 02:15,8016623
2026-04-16 02:30,8016623
2026-04-16 02:45,8016666
2026-04-16 03:00,8016666
2026-04-16 03:15,8016666
2026-04-16 03:30,8016666
2026-04-16 03:45,8016666
2026-04-16 04:00,8016666
2026-04-16 04:15,8016666
2026-04-16 04:30,8016666
2026-04-16 04:45,8016666
2026-04-16 05:00,8016666
2026-04-16 05:15,8016703
2026-04-16 05:30,8016703
2026-04-16 05:45,8016706
2026-04-16 06:00,8016746
2026-04-16 06:15,8016746
2026-04-16 06:30,8016803
2026-04-16 06:45,8016860
2026-04-16 07:00,8016860
2026-04-16 07:15,8016860
2026-04-16 07:30,8016860
2026-04-16 07:45,8016860
2026-04-16 08:00,8016860
2026-04-16 08:15,8016943
2026-04-16 08:30,8016950
2026-04-16 08:45,8017233
2026-04-16 09:00,8017693
2026-04-16 09:15,8017700
2026-04-16 09:30,8017700
2026-04-16 09:45,8017813
2026-04-16 10:00,8017896
2026-04-16 10:15,8017983
2026-04-16 10:30,8017983
2026-04-16 10:45,8017986
2026-04-16 11:00,8018006
2026-04-16 11:15,8018100
2026-04-16 11:30,8018100
2026-04-16 11:45,8018200
2026-04-16 12:00,8018226
2026-04-16 12:15,8018253
2026-04-16 12:30,8018390
2026-04-16 12:45,8018446
2026-04-16 13:00,8018460
2026-04-16 13:15,8018493
2026-04-16 13:30,8018493
2026-04-16 13:45,8018493
2026-04-16 14:00,8018493
2026-04-16 14:15,8018493
2026-04-16 14:30,8018526
2026-04-16 14:45,8018526
2026-04-16 15:00,8018536
2026-04-16 15:15,8018536
2026-04-16 15:30,8018543
2026-04-16 15:45,8018633
2026-04-16 16:00,8018700
2026-04-16 16:15,8018700
2026-04-16 16:30,8018700
2026-04-16 16:45,8018700
2026-04-16 17:00,8018700
2026-04-16 17:15,8018773
2026-04-16 17:30,8018780
2026-04-16 17:45,8018780
2026-04-16 18:00,8018816
2026-04-16 18:15,8018970
2026-04-16 18:30,8019013
2026-04-16 18:45,8019013
2026-04-16 19:00,8019013
2026-04-16 19:15,8019013
2026-04-16 19:30,8019083
2026-04-16 19:45,8019136
2026-04-16 20:00,8019143
2026-04-16 20:15,8019186
2026-04-16 20:30,8019186
2026-04-16 20:45,8019193
2026-04-16 21:00,8019306
2026-04-16 21:15,8019310
2026-04-16 21:30,8019310
2026-04-16 21:45,8019390
2026-04-16 22:00,8019390
2026-04-16 22:15,8019390
2026-04-16 22:30,8019390
2026-04-16 22:45,8019423
2026-04-16 23:00,8019460
2026-04-16 23:15,8019460
2026-04-16 23:30,8019460
2026-04-16 23:45,8019460
2026-04-17 00:00,8019460
2026-04-17 00:15,8019500
2026-04-17 00:30,8019500
2026-04-17 00:45,8019580
2026-04-17 01:00,8019586
2026-04-17 01:15,8019636
2026-04-17 01:30,8019636
2026-04-17 01:45,8019636
2026-04-17 02:00,8019636
2026-04-17 02:15,8019636
2026-04-17 02:30,8019636
2026-04-17 02:45,8019636
2026-04-17 03:00,8019676
2026-04-17 03:15,8019676
2026-04-17 03:30,8019676
2026-04-17 03:45,8019676
2026-04-17 04:00,8019676
2026-04-17 04:15,8019676
2026-04-17 04:30,8019676
2026-04-17 04:45,8019676
2026-04-17 05:00,8019710
2026-04-17 05:15,8019750
2026-04-17 05:30,8019750
2026-04-17 05:45,8019750
2026-04-17 06:00,8019750
2026-04-17 06:15,8019790
2026-04-17 06:30,8019790
2026-04-17 06:45,8019790
2026-04-17 07:00,8019790
2026-04-17 07:15,8019790
2026-04-17 07:30,8019793
2026-04-17 07:45,8019920
2026-04-17 08:00,8020003
2026-04-17 08:15,8020003
2026-04-17 08:30,8020003
2026-04-17 08:45,8020480
2026-04-17 09:00,8020613
2026-04-17 09:15,8020623
2026-04-17 09:30,8020676
2026-04-17 09:45,8020713
2026-04-17 10:00,8020783
2026-04-17 10:15,8020783
2026-04-17 10:30,8020783
2026-04-17 10:45,8020783
2026-04-17 11:00,8020783
2026-04-17 11:15,8020783
2026-04-17 11:30,8020783
2026-04-17 11:45,8020783
2026-04-17 12:00,8020863
2026-04-17 12:15,8020863
2026-04-17 12:30,8020863
2026-04-17 12:45,8020863
2026-04-17 13:00,8020863
2026-04-17 13:15,8020863
2026-04-17 13:30,8020863
2026-04-17 13:45,8020950
2026-04-17 14:00,8021073
2026-04-17 14:15,8021073
2026-04-17 14:30,8021073
2026-04-17 14:45,8021073
2026-04-17 15:00,8021106
2026-04-17 15:15,8021106
2026-04-17 15:30,8021330
2026-04-17 15:45,8021523
2026-04-17 16:00,8021593
2026-04-17 16:15,8021593
2026-04-17 16:30,8021593
2026-04-17 16:45,8021616
2026-04-17 17:00,8021666
2026-04-17 17:15,8021670
2026-04-17 17:30,8021710
2026-04-17 17:45,8022010
2026-04-17 18:00,8022013
2026-04-17 18:15,8022013
2026-04-17 18:30,8022020
2026-04-17 18:45,8022083
2026-04-17 19:00,8022083
2026-04-17 19:15,8022133
2026-04-17 19:30,8022133
2026-04-17 19:45,8022133
2026-04-17 20:00,8022133
2026-04-17 20:15,8022140
2026-04-17 20:30,8022140
2026-04-17 20:45,8022140
2026-04-17 21:00,8022140
2026-04-17 21:15,8022143
2026-04-17 21:30,8022143
2026-04-17 21:45,8022180
2026-04-17 22:00,8022180
2026-04-17 22:15,8022180
2026-04-17 22:30,8022180
2026-04-17 22:45,8022180
2026-04-17 23:00,8022243
2026-04-17 23:15,8022246
2026-04-17 23:30,8022246
2026-04-17 23:45,8022303
2026-04-18 00:00,8022303
2026-04-18 00:15,8022303
2026-04-18 00:30,8022303
2026-04-18 00:45,8022303
2026-04-18 01:00,8022303
2026-04-18 01:15,8022303
2026-04-18 01:30,8022303
2026-04-18 01:45,8022303
2026-04-18 02:00,8022303
2026-04-18 02:15,8022303
2026-04-18 02:30,8022303
2026-04-18 02:45,8022303
2026-04-18 03:00,8022303
2026-04-18 03:15,8022303
2026-04-18 03:30,8022303
2026-04-18 03:45,8022303
2026-04-18 04:00,8022303
2026-04-18 04:15,8022303
2026-04-18 04:30,8022303
2026-04-18 04:45,8022303
2026-04-18 05:00,8022303
2026-04-18 05:15,8022303
2026-04-18 05:30,8022343
2026-04-18 05:45,8022380
2026-04-18 06:00,8022380
2026-04-18 06:15,8022380
2026-04-18 06:30,8022380
2026-04-18 06:45,8022380
2026-04-18 07:00,8022380
2026-04-18 07:15,8022380
2026-04-18 07:30,8022380
2026-04-18 07:45,8022380
2026-04-18 08:00,8022426
2026-04-18 08:15,8022463
2026-04-18 08:30,8022526
2026-04-18 08:45,8022526
2026-04-18 09:00,8022526
2026-04-18 09:15,8023073
2026-04-18 09:30,8023133
2026-04-18 09:45,8023133
2026-04-18 10:00,8023153
2026-04-18 10:15,8023156
2026-04-18 10:30,8023160
2026-04-18 10:45,8023170
2026-04-18 11:00,8023170
2026-04-18 11:15,8023206
2026-04-18 11:30,8023353
2026-04-18 11:45,8023353
2026-04-18 12:00,8023353
2026-04-18 12:15,8023353
2026-04-18 12:30,8023353
2026-04-18 12:45,8023353
2026-04-18 13:00,8023353
2026-04-18 13:15,8023353
2026-04-18 13:30,8023353
2026-04-18 13:45,8023353
2026-04-18 14:00,8023353
2026-04-18 14:15,8023353
2026-04-18 14:30,8023353
2026-04-18 14:45,8023353
2026-04-18 15:00,8023353
2026-04-18 15:15,8023353
2026-04-18 15:30,8023353
2026-04-18 15:45,8023466
2026-04-18 16:00,8023466
2026-04-18 16:15,8023466
2026-04-18 16:30,8023466
2026-04-18 16:45,8023466
2026-04-18 17:00,8023900
2026-04-18 17:15,8023916
2026-04-18 17:30,8023916
2026-04-18 17:45,8023916
2026-04-18 18:00,8023916
2026-04-18 18:15,8024000
2026-04-18 18:30,8024050
2026-04-18 18:45,8024050
2026-04-18 19:00,8024050
2026-04-18 19:15,8024050
2026-04-18 19:30,8024050
2026-04-18 19:45,8024050
2026-04-18 20:00,8024050
2026-04-18 20:15,8024050
2026-04-18 20:30,8024133
2026-04-18 20:45,8024163
2026-04-18 21:00,8024163
2026-04-18 21:15,8024163
2026-04-18 21:30,8024163
2026-04-18 21:45,8024163
2026-04-18 22:00,8024163
2026-04-18 22:15,8024163
2026-04-18 22:30,8024163
2026-04-18 22:45,8024163
2026-04-18 23:00,8024256
2026-04-18 23:15,8024373
2026-04-18 23:30,8024376
2026-04-18 23:45,8024423
2026-04-19 00:00,8024423
2026-04-19 00:15,8024490
2026-04-19 00:30,8024540
2026-04-19 00:45,8024540
2026-04-19 01:00,8024570
2026-04-19 01:15,8024570
2026-04-19 01:30,8024570
2026-04-19 01:45,8024606
2026-04-19 02:00,8024606
2026-04-19 02:15,8024606
2026-04-19 02:30,8024643
2026-04-19 02:45,8024643
2026-04-19 03:00,8024643
2026-04-19 03:15,8024643
2026-04-19 03:30,8024643
2026-04-19 03:45,8024643
2026-04-19 04:00,8024643
2026-04-19 04:15,8024643
2026-04-19 04:30,8024643
2026-04-19 04:45,8024643
2026-04-19 05:00,8024643
2026-04-19 05:15,8024643
2026-04-19 05:30,8024643
2026-04-19 05:45,8024643
2026-04-19 06:00,8024683
2026-04-19 06:15,8024683
2026-04-19 06:30,8024683
2026-04-19 06:45,8024683
2026-04-19 07:00,8024683
2026-04-19 07:15,8024683
2026-04-19 07:30,8024683
2026-04-19 07:45,8024683
2026-04-19 08:00,8024683
2026-04-19 08:15,8024683
2026-04-19 08:30,8024716
2026-04-19 08:45,8024716
2026-04-19 09:00,8024716
2026-04-19 09:15,8024773
2026-04-19 09:30,8024773
2026-04-19 09:45,8024773
2026-04-19 10:00,8024806
2026-04-19 10:15,8024853
2026-04-19 10:30,8024860
2026-04-19 10:45,8024866
2026-04-19 11:00,8024893
2026-04-19 11:15,8025256
2026-04-19 11:30,8025263
2026-04-19 11:45,8025266
2026-04-19 12:00,8025316
2026-04-19 12:15,8025883
2026-04-19 12:30,8025883
2026-04-19 12:45,8025883
2026-04-19 13:00,8025883
2026-04-19 13:15,8025906
2026-04-19 13:30,8026040
2026-04-19 13:45,8026096
2026-04-19 14:00,8026113
2026-04-19 14:15,8026113
2026-04-19 14:30,8026136
2026-04-19 14:45,8026136
2026-04-19 15:00,8026136
2026-04-19 15:15,8026136
2026-04-19 15:30,8026170
2026-04-19 15:45,8026200
2026-04-19 16:00,8026216
2026-04-19 16:15,8026216
2026-04-19 16:30,8026216
2026-04-19 16:45,8026266
2026-04-19 17:00,8026266
2026-04-19 17:15,8026266
2026-04-19 17:30,8026266
2026-04-19 17:45,8026340
2026-04-19 18:00,8026350
2026-04-19 18:15,8026440
2026-04-19 18:30,8026440
2026-04-19 18:45,8026440
2026-04-19 19:00,8026440
2026-04-19 19:15,8026440
2026-04-19 19:30,8026480
2026-04-19 19:45,8026480
2026-04-19 20:00,8026480
2026-04-19 20:15,8026500
2026-04-19 20:30,8027306
2026-04-19 20:45,8027470
2026-04-19 21:00,8027493
2026-04-19 21:15,8027493
2026-04-19 21:30,8027493
2026-04-19 21:45,8027500
2026-04-19 22:00,8027740
2026-04-19 22:15,8027856
2026-04-19 22:30,8027870
2026-04-19 22:45,8027880
2026-04-19 23:00,8027963
2026-04-19 23:15,8027963
2026-04-19 23:30,8028016
2026-04-19 23:45,8028016
2026-04-20 00:00,8028016
2026-04-20 00:15,8028016
2026-04-20 00:30,8028016
2026-04-20 00:45,8028016
2026-04-20 01:00,8028016
2026-04-20 01:15,8028016
2026-04-20 01:30,8028016
2026-04-20 01:45,8028016
2026-04-20 02:00,8028053
2026-04-20 02:15,8028053
2026-04-20 02:30,8028053
2026-04-20 02:45,8028053
2026-04-20 03:00,8028053
2026-04-20 03:15,8028053
2026-04-20 03:30,8028053
2026-04-20 03:45,8028053
2026-04-20 04:00,8028053
2026-04-20 04:15,8028053
2026-04-20 04:30,8028053
2026-04-20 04:45,8028053
2026-04-20 05:00,8028090
2026-04-20 05:15,8028090
2026-04-20 05:30,8028090
2026-04-20 05:45,8028090
2026-04-20 06:00,8028090
2026-04-20 06:15,8028090
2026-04-20 06:30,8028126
2026-04-20 06:45,8028126
2026-04-20 07:00,8028126
2026-04-20 07:15,8028126
2026-04-20 07:30,8028126
2026-04-20 07:45,8028126
2026-04-20 08:00,8028126
2026-04-20 08:15,8028126
2026-04-20 08:30,8028126
2026-04-20 08:45,8028126
2026-04-20 09:00,8028126
2026-04-20 09:15,8028170
2026-04-20 09:30,8028713
2026-04-20 09:45,8028723
2026-04-20 10:00,8028760
2026-04-20 10:15,8028760
2026-04-20 10:30,8028760
2026-04-20 10:45,8028760
2026-04-20 11:00,8028760
2026-04-20 11:15,8028760
2026-04-20 11:30,8028760
2026-04-20 11:45,8028760
2026-04-20 12:00,8028760
2026-04-20 12:15,8028803
2026-04-20 12:30,8028823
2026-04-20 12:45,8028823
2026-04-20 13:00,8028823
2026-04-20 13:15,8028863
2026-04-20 13:30,8028863
2026-04-20 13:45,8028863
2026-04-20 14:00,8028863
2026-04-20 14:15,8028900
2026-04-20 14:30,8028900
2026-04-20 14:45,8028933
2026-04-20 15:00,8028933
2026-04-20 15:15,8028956
2026-04-20 15:30,8029000
2026-04-20 15:45,8029090
2026-04-20 16:00,8029090
2026-04-20 16:15,8029090
2026-04-20 16:30,8029090
2026-04-20 16:45,8029090
2026-04-20 17:00,8029090
2026-04-20 17:15,8029103
2026-04-20 17:30,8029113
2026-04-20 17:45,8029140
2026-04-20 18:00,8029176
2026-04-20 18:15,8029176
2026-04-20 18:30,8029193
2026-04-20 18:45,8029193
2026-04-20 19:00,8029193
2026-04-20 19:15,8029193
2026-04-20 19:30,8029226
2026-04-20 19:45,8029226
2026-04-20 20:00,8029263
2026-04-20 20:15,8029263
2026-04-20 20:30,8029263
2026-04-20 20:45,8029336
2026-04-20 21:00,8029336
2026-04-20 21:15,8029336
2026-04-20 21:30,8029336
2026-04-20 21:45,8029336
2026-04-20 22:00,8029340
2026-04-20 22:15,8029470
2026-04-20 22:30,8029583
2026-04-20 22:45,8029696
2026-04-20 23:00,8029696
2026-04-20 23:15,8029816
2026-04-20 23:30,8029816
2026-04-20 23:45,8029820
2026-04-21 00:00,8029826
2026-04-21 00:15,8029910
2026-04-21 00:30,8030000
2026-04-21 00:45,8030026
2026-04-21 01:00,8030026
2026-04-21 01:15,8030056
2026-04-21 01:30,8030056
2026-04-21 01:45,8030056
2026-04-21 02:00,8030056
2026-04-21 02:15,8030096
2026-04-21 02:30,8030096
2026-04-21 02:45,8030096
2026-04-21 03:00,8030133
2026-04-21 03:15,8030133
2026-04-21 03:30,8030133
2026-04-21 03:45,8030133
2026-04-21 04:00,8030133
2026-04-21 04:15,8030133
2026-04-21 04:30,8030133
2026-04-21 04:45,8030133
2026-04-21 05:00,8030133
2026-04-21 05:15,8030133
2026-04-21 05:30,8030170
2026-04-21 05:45,8030170
2026-04-21 06:00,8030170
2026-04-21 06:15,8030210
2026-04-21 06:30,8030210
2026-04-21 06:45,8030210
2026-04-21 07:00,8030210
2026-04-21 07:15,8030210
2026-04-21 07:30,8030210
2026-04-21 07:45,8030210
2026-04-21 08:00,8030210
2026-04-21 08:15,8030210
2026-04-21 08:30,8030210
2026-04-21 08:45,8030210
2026-04-21 09:00,8030210
2026-04-21 09:15,8030336
2026-04-21 09:30,8031200
2026-04-21 09:45,8031350
2026-04-21 10:00,8031350
2026-04-21 10:15,8031376
2026-04-21 10:30,8031383
2026-04-21 10:45,8031383
2026-04-21 11:00,8031460
2026-04-21 11:15,8031460
2026-04-21 11:30,8031460
2026-04-21 11:45,8031460
2026-04-21 12:00,8031500
2026-04-21 12:15,8031500
2026-04-21 12:30,8031536
2026-04-21 12:45,8031556
2026-04-21 13:00,8031556
2026-04-21 13:15,8031556
2026-04-21 13:30,8031570
2026-04-21 13:45,8031570
2026-04-21 14:00,8031583
2026-04-21 14:15,8031583
2026-04-21 14:30,8031583
2026-04-21 14:45,8031583
2026-04-21 15:00,8031590
2026-04-21 15:15,8031593
2026-04-21 15:30,8031593
2026-04-21 15:45,8031593
2026-04-21 16:00,8031593
2026-04-21 16:15,8031663
2026-04-21 16:30,8031970
2026-04-21 16:45,8032030
2026-04-21 17:00,8032030
2026-04-21 17:15,8032030
2026-04-21 17:30,8032030
2026-04-21 17:45,8032030
2026-04-21 18:00,8032030
2026-04-21 18:15,8032243
2026-04-21 18:30,8032460
2026-04-21 18:45,8032460
2026-04-21 19:00,8032590
2026-04-21 19:15,8032593
2026-04-21 19:30,8032666
2026-04-21 19:45,8032676
2026-04-21 20:00,8032683
2026-04-21 20:15,8032703
2026-04-21 20:30,8032706
2026-04-21 20:45,8032706
2026-04-21 21:00,8032706
2026-04-21 21:15,8032706
2026-04-21 21:30,8032740
2026-04-21 21:45,8032900
2026-04-21 22:00,8033036
2026-04-21 22:15,8033036
2026-04-21 22:30,8033103
2026-04-21 22:45,8033356
2026-04-21 23:00,8033356
2026-04-21 23:15,8033356
2026-04-21 23:30,8033390
2026-04-21 23:45,8033390
2026-04-22 00:00,8033403
2026-04-22 00:15,8033403
2026-04-22 00:30,8033436
2026-04-22 00:45,8033500
2026-04-22 01:00,8033500
2026-04-22 01:15,8033516
2026-04-22 01:30,8033543
2026-04-22 01:45,8033543
2026-04-22 02:00,8033543
2026-04-22 02:15,8033543
2026-04-22 02:30,8033543
2026-04-22 02:45,8033580
2026-04-22 03:00,8033580
2026-04-22 03:15,8033580
2026-04-22 03:30,8033626
2026-04-22 03:45,8033626
2026-04-22 04:00,8033626
2026-04-22 04:15,8033626
2026-04-22 04:30,8033626
2026-04-22 04:45,8033626
2026-04-22 05:00,8033626
2026-04-22 05:15,8033626
2026-04-22 05:30,8033626
2026-04-22 05:45,8033626
2026-04-22 06:00,8033626
2026-04-22 06:15,8033626
2026-04-22 06:30,8033693
2026-04-22 06:45,8033693
2026-04-22 07:00,8033693
2026-04-22 07:15,8033693
2026-04-22 07:30,8033693
2026-04-22 07:45,8033693
2026-04-22 08:00,8033693
2026-04-22 08:15,8033730
2026-04-22 08:30,8033730
2026-04-22 08:45,8033730
2026-04-22 09:00,8033736
2026-04-22 09:15,8034590
2026-04-22 09:30,8034590
2026-04-22 09:45,8034590
2026-04-22 10:00,8034620
2026-04-22 10:15,8034633
2026-04-22 10:30,8034763
2026-04-22 10:45,8034786
2026-04-22 11:00,8034830
2026-04-22 11:15,8034830
2026-04-22 11:30,8034830
2026-04-22 11:45,8034830
2026-04-22 12:00,8034923
2026-04-22 12:15,8034923
2026-04-22 12:30,8034983
2026-04-22 12:45,8035043
2026-04-22 13:00,8035046
2026-04-22 13:15,8035050
2026-04-22 13:30,8035140
2026-04-22 13:45,8035280
2026-04-22 14:00,8035280
2026-04-22 14:15,8035280
2026-04-22 14:30,8035320
2026-04-22 14:45,8035320
2026-04-22 15:00,8035320
2026-04-22 15:15,8035320
2026-04-22 15:30,8035320
2026-04-22 15:45,8035386
2026-04-22 16:00,8035386
2026-04-22 16:15,8035386
2026-04-22 16:30,8035386
2026-04-22 16:45,8035386
2026-04-22 17:00,8035426
2026-04-22 17:15,8035546
2026-04-22 17:30,8035710
2026-04-22 17:45,8035710
2026-04-22 18:00,8035713
2026-04-22 18:15,8035713
2026-04-22 18:30,8035713
2026-04-22 18:45,8035780
2026-04-22 19:00,8035780
2026-04-22 19:15,8035780
2026-04-22 19:30,8036260
2026-04-22 19:45,8037250
2026-04-22 20:00,8037250
2026-04-22 20:15,8037250
2026-04-22 20:30,8037250
2026-04-22 20:45,8037286
2026-04-22 21:00,8037290
2026-04-22 21:15,8037296
2026-04-22 21:30,8037296
2026-04-22 21:45,8037310
2026-04-22 22:00,8037310
2026-04-22 22:15,8037310
2026-04-22 22:30,8037313
2026-04-22 22:45,8037350
2026-04-22 23:00,8037363
2026-04-22 23:15,8037366
2026-04-22 23:30,8037470
2026-04-22 23:45,8037470
2026-04-23 00:00,8037470
2026-04-23 00:15,8037470
2026-04-23 00:30,8037470
2026-04-23 00:45,8037470
2026-04-23 01:00,8037470
2026-04-23 01:15,8037470
2026-04-23 01:30,8037470
2026-04-23 01:45,8037470
2026-04-23 02:00,8037510
2026-04-23 02:15,8037510
2026-04-23 02:30,8037510
2026-04-23 02:45,8037510
2026-04-23 03:00,8037510
2026-04-23 03:15,8037510
2026-04-23 03:30,8037546
2026-04-23 03:45,8037546
2026-04-23 04:00,8037546
2026-04-23 04:15,8037546
2026-04-23 04:30,8037546
2026-04-23 04:45,8037546
2026-04-23 05:00,8037546
2026-04-23 05:15,8037546
2026-04-23 05:30,8037546
2026-04-23 05:45,8037546
2026-04-23 06:00,8037580
2026-04-23 06:15,8037580
2026-04-23 06:30,8037580
2026-04-23 06:45,8037580
2026-04-23 07:00,8037580
2026-04-23 07:15,8037650
2026-04-23 07:30,8037650
2026-04-23 07:45,8037650
2026-04-23 08:00,8037650
2026-04-23 08:15,8037650
2026-04-23 08:30,8037650
2026-04-23 08:45,8038150
2026-04-23 09:00,8038226
2026-04-23 09:15,8038670
2026-04-23 09:30,8038743
2026-04-23 09:45,8038743
2026-04-23 10:00,8038743
2026-04-23 10:15,8038743
2026-04-23 10:30,8038746
2026-04-23 10:45,8038746
2026-04-23 11:00,8038746
2026-04-23 11:15,8038780
2026-04-23 11:30,8038820
2026-04-23 11:45,8038863
2026-04-23 12:00,8038863
2026-04-23 12:15,8038866
2026-04-23 12:30,8038946
2026-04-23 12:45,8038946
2026-04-23 13:00,8038960
2026-04-23 13:15,8039053
2026-04-23 13:30,8039116
2026-04-23 13:45,8039200
2026-04-23 14:00,8039220
2026-04-23 14:15,8039270
2026-04-23 14:30,8039336
2026-04-23 14:45,8039363
2026-04-23 15:00,8039386
2026-04-23 15:15,8039426
2026-04-23 15:30,8039446
2026-04-23 15:45,8039660
2026-04-23 16:00,8039760
2026-04-23 16:15,8039956
2026-04-23 16:30,8040116
2026-04-23 16:45,8040116
2026-04-23 17:00,8040116
2026-04-23 17:15,8040170
2026-04-23 17:30,8040176
2026-04-23 17:45,8040176
2026-04-23 18:00,8040176
2026-04-23 18:15,8040206
2026-04-23 18:30,8040266
2026-04-23 18:45,8040413
2026-04-23 19:00,8040426
2026-04-23 19:15,8040440
2026-04-23 19:30,8040440
2026-04-23 19:45,8040476
2026-04-23 20:00,8040476
2026-04-23 20:15,8040476
2026-04-23 20:30,8040480
2026-04-23 20:45,8040480
2026-04-23 21:00,8040480
2026-04-23 21:15,8040490
2026-04-23 21:30,8040520
2026-04-23 21:45,8040523
2026-04-23 22:00,8040526
2026-04-23 22:15,8040560
2026-04-23 22:30,8040600
2026-04-23 22:45,8040696
2026-04-23 23:00,8040743
2026-04-23 23:15,8040773
2026-04-23 23:30,8040773
2026-04-23 23:45,8040806
2026-04-24 00:00,8040806
2026-04-24 00:15,8040863
2026-04-24 00:30,8040863
2026-04-24 00:45,8040863
2026-04-24 01:00,8040863
2026-04-24 01:15,8040863
2026-04-24 01:30,8040863
2026-04-24 01:45,8040863
2026-04-24 02:00,8040900
2026-04-24 02:15,8040940
2026-04-24 02:30,8040940
2026-04-24 02:45,8040940
2026-04-24 03:00,8040940
2026-04-24 03:15,8040940
2026-04-24 03:30,8040940
2026-04-24 03:45,8040940
2026-04-24 04:00,8040940
2026-04-24 04:15,8040940
2026-04-24 04:30,8040940
2026-04-24 04:45,8040940
2026-04-24 05:00,8040940
2026-04-24 05:15,8040940
2026-04-24 05:30,8040940
2026-04-24 05:45,8040940
2026-04-24 06:00,8040940
2026-04-24 06:15,8040940
2026-04-24 06:30,8040940
2026-04-24 06:45,8040940
2026-04-24 07:00,8041016
2026-04-24 07:15,8041016
2026-04-24 07:30,8041016
2026-04-24 07:45,8041016
2026-04-24 08:00,8041016
2026-04-24 08:15,8041016
2026-04-24 08:30,8041643
2026-04-24 08:45,8041666
2026-04-24 09:00,8041670
2026-04-24 09:15,8041676
2026-04-24 09:30,8041676
2026-04-24 09:45,8041686
2026-04-24 10:00,8041716
2026-04-24 10:15,8041716
2026-04-24 10:30,8041723
2026-04-24 10:45,8041980
2026-04-24 11:00,8041980
2026-04-24 11:15,8041980
2026-04-24 11:30,8042060
2026-04-24 11:45,8042060
2026-04-24 12:00,8042193
2026-04-24 12:15,8042193
2026-04-24 12:30,8042406
2026-04-24 12:45,8042416
2026-04-24 13:00,8042490
2026-04-24 13:15,8042636
2026-04-24 13:30,8042896
2026-04-24 13:45,8043173
2026-04-24 14:00,8043173
2026-04-24 14:15,8043173
2026-04-24 14:30,8043173
2026-04-24 14:45,8043220
2026-04-24 15:00,8043220
2026-04-24 15:15,8043220
2026-04-24 15:30,8043220
2026-04-24 15:45,8043220
2026-04-24 16:00,8043220
2026-04-24 16:15,8043220
2026-04-24 16:30,8043220
2026-04-24 16:45,8043253
2026-04-24 17:00,8043280
2026-04-24 17:15,8043293
2026-04-24 17:30,8043453
2026-04-24 17:45,8043533
2026-04-24 18:00,8043533
2026-04-24 18:15,8043546
2026-04-24 18:30,8043546
2026-04-24 18:45,8043546
2026-04-24 19:00,8043546
2026-04-24 19:15,8043626
2026-04-24 19:30,8043960
2026-04-24 19:45,8045933
2026-04-24 20:00,8047093
2026-04-24 20:15,8047296
2026-04-24 20:30,8047296
2026-04-24 20:45,8047476
2026-04-24 21:00,8047526
2026-04-24 21:15,8047526
2026-04-24 21:30,8047526
2026-04-24 21:45,8047526
2026-04-24 22:00,8047563
2026-04-24 22:15,8048216
2026-04-24 22:30,8048633
2026-04-24 22:45,8048720
2026-04-24 23:00,8048730
2026-04-24 23:15,8048730
2026-04-24 23:30,8048730
2026-04-24 23:45,8048830
2026-04-25 00:00,8048843
2026-04-25 00:15,8048843
2026-04-25 00:30,8048843
2026-04-25 00:45,8048843
2026-04-25 01:00,8048843
2026-04-25 01:15,8048843
2026-04-25 01:30,8048843
2026-04-25 01:45,8048843
2026-04-25 02:00,8048880
2026-04-25 02:15,8048880
2026-04-25 02:30,8048880
2026-04-25 02:45,8048916
2026-04-25 03:00,8048916
2026-04-25 03:15,8048916
2026-04-25 03:30,8048916
2026-04-25 03:45,8048916
2026-04-25 04:00,8048916
2026-04-25 04:15,8048916
2026-04-25 04:30,8048916
2026-04-25 04:45,8048953
2026-04-25 05:00,8048953
2026-04-25 05:15,8048953
2026-04-25 05:30,8048953
2026-04-25 05:45,8049020
2026-04-25 06:00,8049020
2026-04-25 06:15,8049020
2026-04-25 06:30,8049020
2026-04-25 06:45,8049020
2026-04-25 07:00,8049020
2026-04-25 07:15,8049076
2026-04-25 07:30,8049076
2026-04-25 07:45,8049076
2026-04-25 08:00,8049176
2026-04-25 08:15,8049290
2026-04-25 08:30,8049350
2026-04-25 08:45,8049353
2026-04-25 09:00,8049446
2026-04-25 09:15,8050003
2026-04-25 09:30,8050016
2026-04-25 09:45,8050040
2026-04-25 10:00,8050063
2026-04-25 10:15,8050063
2026-04-25 10:30,8050086
2026-04-25 10:45,8050090
2026-04-25 11:00,8050150
2026-04-25 11:15,8050200
2026-04-25 11:30,8050200
2026-04-25 11:45,8050273
2026-04-25 12:00,8050293
2026-04-25 12:15,8050490
2026-04-25 12:30,8050490
2026-04-25 12:45,8050490
2026-04-25 13:00,8050490
2026-04-25 13:15,8050490
2026-04-25 13:30,8050490
2026-04-25 13:45,8050606
2026-04-25 14:00,8050646
2026-04-25 14:15,8050646
2026-04-25 14:30,8050716
2026-04-25 14:45,8050746
2026-04-25 15:00,8050746
2026-04-25 15:15,8050746
2026-04-25 15:30,8050746
2026-04-25 15:45,8050746
2026-04-25 16:00,8050746
2026-04-25 16:15,8050746
2026-04-25 16:30,8050746
2026-04-25 16:45,8050746
2026-04-25 17:00,8050746
2026-04-25 17:15,8050746
2026-04-25 17:30,8050746
2026-04-25 17:45,8050843
2026-04-25 18:00,8050916
2026-04-25 18:15,8050916
2026-04-25 18:30,8050920
2026-04-25 18:45,8050993
2026-04-25 19:00,8051053
2026-04-25 19:15,8051056
2026-04-25 19:30,8051126
2026-04-25 19:45,8051130
2026-04-25 20:00,8051233
2026-04-25 20:15,8051270
2026-04-25 20:30,8051360
2026-04-25 20:45,8051543
2026-04-25 21:00,8051543
2026-04-25 21:15,8051583
2026-04-25 21:30,8051583
2026-04-25 21:45,8051583
2026-04-25 22:00,8051583
2026-04-25 22:15,8051606
2026-04-25 22:30,8051633
2026-04-25 22:45,8051730
2026-04-25 23:00,8051730
2026-04-25 23:15,8051730
2026-04-25 23:30,8051786
2026-04-25 23:45,8051786
2026-04-26 00:00,8051786
2026-04-26 00:15,8051786
2026-04-26 00:30,8051786
2026-04-26 00:45,8051786
2026-04-26 01:00,8051786
2026-04-26 01:15,8051786
2026-04-26 01:30,8051866
2026-04-26 01:45,8051866
2026-04-26 02:00,8051866
2026-04-26 02:15,8051866
2026-04-26 02:30,8051866
2026-04-26 02:45,8051866
2026-04-26 03:00,8051866
2026-04-26 03:15,8051903
2026-04-26 03:30,8051903
2026-04-26 03:45,8051903
2026-04-26 04:00,8051903
2026-04-26 04:15,8051903
2026-04-26 04:30,8051903
2026-04-26 04:45,8051943
2026-04-26 05:00,8051943
2026-04-26 05:15,8051943
2026-04-26 05:30,8051943
2026-04-26 05:45,8051943
2026-04-26 06:00,8051943
2026-04-26 06:15,8051943
2026-04-26 06:30,8051986
2026-04-26 06:45,8052023
2026-04-26 07:00,8052163
2026-04-26 07:15,8052210
2026-04-26 07:30,8052223
2026-04-26 07:45,8052223
2026-04-26 08:00,8052223
2026-04-26 08:15,8052230
2026-04-26 08:30,8052230
2026-04-26 08:45,8052230
2026-04-26 09:00,8052230
2026-04-26 09:15,8052563
2026-04-26 09:30,8052590
2026-04-26 09:45,8052650
2026-04-26 10:00,8052666
2026-04-26 10:15,8052666
2026-04-26 10:30,8052756
2026-04-26 10:45,8052756
2026-04-26 11:00,8052756
2026-04-26 11:15,8052793
2026-04-26 11:30,8052806
2026-04-26 11:45,8052843
2026-04-26 12:00,8052856
2026-04-26 12:15,8052913
2026-04-26 12:30,8052913
2026-04-26 12:45,8052913
2026-04-26 13:00,8052930
2026-04-26 13:15,8052930
2026-04-26 13:30,8052946
2026-04-26 13:45,8052946
2026-04-26 14:00,8052946
2026-04-26 14:15,8052963
2026-04-26 14:30,8053003
2026-04-26 14:45,8053006
2026-04-26 15:00,8053093
2026-04-26 15:15,8053093
2026-04-26 15:30,8053133
2026-04-26 15:45,8053133
2026-04-26 16:00,8053133
2026-04-26 16:15,8053133
2026-04-26 16:30,8053133
2026-04-26 16:45,8053133
2026-04-26 17:00,8053133
2026-04-26 17:15,8053133
2026-04-26 17:30,8053133
2026-04-26 17:45,8053133
2026-04-26 18:00,8053133
2026-04-26 18:15,8053133
2026-04-26 18:30,8053133
2026-04-26 18:45,8053253
2026-04-26 19:00,8053323
2026-04-26 19:15,8053333
2026-04-26 19:30,8053333
2026-04-26 19:45,8053346
2026-04-26 20:00,8053430
2026-04-26 20:15,8053450
2026-04-26 20:30,8053450
2026-04-26 20:45,8053486
2026-04-26 21:00,8053503
2026-04-26 21:15,8053506
2026-04-26 21:30,8053506
2026-04-26 21:45,8053506
2026-04-26 22:00,8053623
2026-04-26 22:15,8053626
2026-04-26 22:30,8053633
2026-04-26 22:45,8053633
2026-04-26 23:00,8053633
2026-04-26 23:15,8053676
2026-04-26 23:30,8053753
2026-04-26 23:45,8053753
2026-04-27 00:00,8053763
2026-04-27 00:15,8053763
2026-04-27 00:30,8053833
2026-04-27 00:45,8053833
2026-04-27 01:00,8053833
2026-04-27 01:15,8053833
2026-04-27 01:30,8053833
2026-04-27 01:45,8053870
2026-04-27 02:00,8053870
2026-04-27 02:15,8053873
2026-04-27 02:30,8053876
2026-04-27 02:45,8053960
2026-04-27 03:00,8053960
2026-04-27 03:15,8053960
2026-04-27 03:30,8053960
2026-04-27 03:45,8053960
2026-04-27 04:00,8053960
2026-04-27 04:15,8053960
2026-04-27 04:30,8053960
2026-04-27 04:45,8053960
2026-04-27 05:00,8053960
2026-04-27 05:15,8053996
2026-04-27 05:30,8053996
2026-04-27 05:45,8053996
2026-04-27 06:00,8053996
2026-04-27 06:15,8053996
2026-04-27 06:30,8054036
2026-04-27 06:45,8054036
2026-04-27 07:00,8054036
2026-04-27 07:15,8054036
2026-04-27 07:30,8054036
2026-04-27 07:45,8054150
2026-04-27 08:00,8054153
2026-04-27 08:15,8054153
2026-04-27 08:30,8054153
2026-04-27 08:45,8054213
2026-04-27 09:00,8054276
2026-04-27 09:15,8054280
2026-04-27 09:30,8054286
2026-04-27 09:45,8054780
2026-04-27 10:00,8054790
2026-04-27 10:15,8054790
2026-04-27 10:30,8055306
2026-04-27 10:45,8055400
2026-04-27 11:00,8056536
2026-04-27 11:15,8056800
2026-04-27 11:30,8056800
2026-04-27 11:45,8056836
2026-04-27 12:00,8056880
2026-04-27 12:15,8056880
2026-04-27 12:30,8056880
2026-04-27 12:45,8057036
2026-04-27 13:00,8057073
2026-04-27 13:15,8057116
2026-04-27 13:30,8057116
2026-04-27 13:45,8057116
2026-04-27 14:00,8057243
2026-04-27 14:15,8057243
2026-04-27 14:30,8057243
2026-04-27 14:45,8057243
2026-04-27 15:00,8057280
2026-04-27 15:15,8057286
2026-04-27 15:30,8057286
2026-04-27 15:45,8057386
2026-04-27 16:00,8057426
2026-04-27 16:15,8057426
2026-04-27 16:30,8057426
2026-04-27 16:45,8057426
2026-04-27 17:00,8057460
2026-04-27 17:15,8057460
2026-04-27 17:30,8057470
2026-04-27 17:45,8057513
2026-04-27 18:00,8057566
2026-04-27 18:15,8057603
2026-04-27 18:30,8057603
2026-04-27 18:45,8057603
2026-04-27 19:00,8057603
2026-04-27 19:15,8057603
2026-04-27 19:30,8057603
2026-04-27 19:45,8057660
2026-04-27 20:00,8057730
2026-04-27 20:15,8057730
2026-04-27 20:30,8057733
2026-04-27 20:45,8057766
2026-04-27 21:00,8057766
2026-04-27 21:15,8057816
2026-04-27 21:30,8057950
2026-04-27 21:45,8057986
2026-04-27 22:00,8058016
2026-04-27 22:15,8058016
2026-04-27 22:30,8058080
2026-04-27 22:45,8058266
2026-04-27 23:00,8058266
2026-04-27 23:15,8058270
2026-04-27 23:30,8058270
2026-04-27 23:45,8058376
2026-04-28 00:00,8058376
2026-04-28 00:15,8058376
2026-04-28 00:30,8058376
2026-04-28 00:45,8058376
2026-04-28 01:00,8058413
2026-04-28 01:15,8058413
2026-04-28 01:30,8058413
2026-04-28 01:45,8058413
2026-04-28 02:00,8058413
2026-04-28 02:15,8058413
2026-04-28 02:30,8058413
2026-04-28 02:45,8058413
2026-04-28 03:00,8058413
2026-04-28 03:15,8058453
2026-04-28 03:30,8058453
2026-04-28 03:45,8058523
2026-04-28 04:00,8058523
2026-04-28 04:15,8058523
2026-04-28 04:30,8058523
2026-04-28 04:45,8058523
2026-04-28 05:00,8058523
2026-04-28 05:15,8058523
2026-04-28 05:30,8058523
2026-04-28 05:45,8058523
2026-04-28 06:00,8058523
2026-04-28 06:15,8058523
2026-04-28 06:30,8058523
2026-04-28 06:45,8058583
2026-04-28 07:00,8058583
2026-04-28 07:15,8058583
2026-04-28 07:30,8058623
2026-04-28 07:45,8058623
2026-04-28 08:00,8058623
2026-04-28 08:15,8059503
2026-04-28 08:30,8059596
2026-04-28 08:45,8059656
2026-04-28 09:00,8059656
2026-04-28 09:15,8059656
2026-04-28 09:30,8059656
2026-04-28 09:45,8059656
2026-04-28 10:00,8059716
2026-04-28 10:15,8059780
2026-04-28 10:30,8059790
2026-04-28 10:45,8059796
2026-04-28 11:00,8059803
2026-04-28 11:15,8059866
2026-04-28 11:30,8059960
2026-04-28 11:45,8060050
2026-04-28 12:00,8060143
2026-04-28 12:15,8060170
2026-04-28 12:30,8060206
2026-04-28 12:45,8060260
2026-04-28 13:00,8060316
2026-04-28 13:15,8060353
2026-04-28 13:30,8060353
2026-04-28 13:45,8060353
2026-04-28 14:00,8060353
2026-04-28 14:15,8060353
2026-04-28 14:30,8060353
2026-04-28 14:45,8060360
2026-04-28 15:00,8060360
2026-04-28 15:15,8060516
2026-04-28 15:30,8060556
2026-04-28 15:45,8060556
2026-04-28 16:00,8060556
2026-04-28 16:15,8060560
2026-04-28 16:30,8060600
2026-04-28 16:45,8060643
2026-04-28 17:00,8060643
2026-04-28 17:15,8060643
2026-04-28 17:30,8060643
2026-04-28 17:45,8060713
2026-04-28 18:00,8060713
2026-04-28 18:15,8060800
2026-04-28 18:30,8060860
2026-04-28 18:45,8061753
2026-04-28 19:00,8062010
2026-04-28 19:15,8062053
2026-04-28 19:30,8062053
2026-04-28 19:45,8062066
2026-04-28 20:00,8062143
2026-04-28 20:15,8062143
2026-04-28 20:30,8062143
2026-04-28 20:45,8062156
2026-04-28 21:00,8062220
2026-04-28 21:15,8062220
2026-04-28 21:30,8062220
2026-04-28 21:45,8062220
2026-04-28 22:00,8062220
2026-04-28 22:15,8062220
2026-04-28 22:30,8062220
2026-04-28 22:45,8062220
2026-04-28 23:00,8062220
2026-04-28 23:15,8062220
2026-04-28 23:30,8062270
2026-04-28 23:45,8062270
2026-04-29 00:00,8062366
2026-04-29 00:15,8062403
2026-04-29 00:30,8062466
2026-04-29 00:45,8062466
2026-04-29 01:00,8062466
2026-04-29 01:15,8062466
2026-04-29 01:30,8062466
2026-04-29 01:45,8062466
2026-04-29 02:00,8062466
2026-04-29 02:15,8062466
2026-04-29 02:30,8062466
2026-04-29 02:45,8062466
2026-04-29 03:00,8062466
2026-04-29 03:15,8062466
2026-04-29 03:30,8062466
2026-04-29 03:45,8062543
2026-04-29 04:00,8062543
2026-04-29 04:15,8062543
2026-04-29 04:30,8062543
2026-04-29 04:45,8062543
2026-04-29 05:00,8062543
2026-04-29 05:15,8062580
2026-04-29 05:30,8062580
2026-04-29 05:45,8062580
2026-04-29 06:00,8062580
2026-04-29 06:15,8062580
2026-04-29 06:30,8062580
2026-04-29 06:45,8062580
2026-04-29 07:00,8062580
2026-04-29 07:15,8062580
2026-04-29 07:30,8062580
2026-04-29 07:45,8062580
2026-04-29 08:00,8062620
2026-04-29 08:15,8062680
2026-04-29 08:30,8063193
2026-04-29 08:45,8063250
2026-04-29 09:00,8063250
2026-04-29 09:15,8063286
2026-04-29 09:30,8063296
2026-04-29 09:45,8063300
2026-04-29 10:00,8063360
2026-04-29 10:15,8063360
2026-04-29 10:30,8063360
2026-04-29 10:45,8063446
2026-04-29 11:00,8063446
2026-04-29 11:15,8063460
2026-04-29 11:30,8063483
2026-04-29 11:45,8063496
2026-04-29 12:00,8063496
2026-04-29 12:15,8063593
2026-04-29 12:30,8063676
2026-04-29 12:45,8063813
2026-04-29 13:00,8063846
2026-04-29 13:15,8063850
2026-04-29 13:30,8063850
2026-04-29 13:45,8063850
2026-04-29 14:00,8063856
2026-04-29 14:15,8064123
2026-04-29 14:30,8064333
2026-04-29 14:45,8064356
2026-04-29 15:00,8064393
2026-04-29 15:15,8064540
2026-04-29 15:30,8064540
2026-04-29 15:45,8064643
2026-04-29 16:00,8064646
2026-04-29 16:15,8064646
2026-04-29 16:30,8064646
2026-04-29 16:45,8064646
2026-04-29 17:00,8064646
2026-04-29 17:15,8064686
2026-04-29 17:30,8064686
2026-04-29 17:45,8064686
2026-04-29 18:00,8064750
2026-04-29 18:15,8064750
2026-04-29 18:30,8064793
2026-04-29 18:45,8064830
2026-04-29 19:00,8064840
2026-04-29 19:15,8064840
2026-04-29 19:30,8064896
2026-04-29 19:45,8065110
2026-04-29 20:00,8065196
2026-04-29 20:15,8065263
2026-04-29 20:30,8065300
2026-04-29 20:45,8065330
2026-04-29 21:00,8065330
2026-04-29 21:15,8065330
2026-04-29 21:30,8065333
2026-04-29 21:45,8065333
2026-04-29 22:00,8065333
2026-04-29 22:15,8065366
2026-04-29 22:30,8065383
2026-04-29 22:45,8065446
2026-04-29 23:00,8065483
2026-04-29 23:15,8065593
2026-04-29 23:30,8065630
2026-04-29 23:45,8065633
2026-04-30 00:00,8065696
2026-04-30 00:15,8065793
2026-04-30 00:30,8065793
2026-04-30 00:45,8065793
2026-04-30 01:00,8065846
2026-04-30 01:15,8065846
2026-04-30 01:30,8065846
2026-04-30 01:45,8065846
2026-04-30 02:00,8065846
2026-04-30 02:15,8065883
2026-04-30 02:30,8065883
2026-04-30 02:45,8065883
2026-04-30 03:00,8065883
2026-04-30 03:15,8065920
2026-04-30 03:30,8065920
2026-04-30 03:45,8065920
2026-04-30 04:00,8065920
2026-04-30 04:15,8065920
2026-04-30 04:30,8065920
2026-04-30 04:45,8065920
2026-04-30 05:00,8065920
2026-04-30 05:15,8065920
2026-04-30 05:30,8065956
2026-04-30 05:45,8066026
2026-04-30 06:00,8066026
2026-04-30 06:15,8066026
2026-04-30 06:30,8066026
2026-04-30 06:45,8066026
2026-04-30 07:00,8066063
2026-04-30 07:15,8066063
2026-04-30 07:30,8066490
2026-04-30 07:45,8066490
2026-04-30 08:00,8066490
2026-04-30 08:15,8066490
2026-04-30 08:30,8066490
2026-04-30 08:45,8066553
2026-04-30 09:00,8067076
2026-04-30 09:15,8067076
2026-04-30 09:30,8067113
2026-04-30 09:45,8067366
2026-04-30 10:00,8067506
2026-04-30 10:15,8067580
2026-04-30 10:30,8067950
2026-04-30 10:45,8067966
2026-04-30 11:00,8068033
2026-04-30 11:15,8068293
2026-04-30 11:30,8068353
2026-04-30 11:45,8068443
2026-04-30 12:00,8068450
2026-04-30 12:15,8068813
2026-04-30 12:30,8068813
2026-04-30 12:45,8068856
2026-04-30 13:00,8068896
2026-04-30 13:15,8068936
2026-04-30 13:30,8068976
2026-04-30 13:45,8068983
2026-04-30 14:00,8069020
2026-04-30 14:15,8069096
2026-04-30 14:30,8069113
2026-04-30 14:45,8069116
2026-04-30 15:00,8069153
2026-04-30 15:15,8069213
2026-04-30 15:30,8069246
2026-04-30 15:45,8069393
2026-04-30 16:00,8069393
2026-04-30 16:15,8069393
2026-04-30 16:30,8069393
2026-04-30 16:45,8069403
2026-04-30 17:00,8069403
2026-04-30 17:15,8069403
2026-04-30 17:30,8069403
2026-04-30 17:45,8069420
2026-04-30 18:00,8069493
2026-04-30 18:15,8069493
2026-04-30 18:30,8069493
2026-04-30 18:45,8069616
2026-04-30 19:00,8069616
2026-04-30 19:15,8069726
2026-04-30 19:30,8069790
2026-04-30 19:45,8069830
2026-04-30 20:00,8069950
2026-04-30 20:15,8069950
2026-04-30 20:30,8069950
2026-04-30 20:45,8069950
2026-04-30 21:00,8070430
2026-04-30 21:15,8070430
2026-04-30 21:30,8070493
2026-04-30 21:45,8070493
2026-04-30 22:00,8070500
2026-04-30 22:15,8071220
2026-04-30 22:30,8072163
2026-04-30 22:45,8072230
2026-04-30 23:00,8072266
2026-04-30 23:15,8072266
2026-04-30 23:30,8072266
2026-04-30 23:45,8072266
2026-05-01 00:00,8072280
2026-05-01 00:15,8072293
2026-05-01 00:30,8072303
2026-05-01 00:45,8072373
2026-05-01 01:00,8072373
2026-05-01 01:15,8072373
2026-05-01 01:30,8072496
2026-05-01 01:45,8072496
2026-05-01 02:00,8072496
2026-05-01 02:15,8072496
2026-05-01 02:30,8072496
2026-05-01 02:45,8072496
2026-05-01 03:00,8072500
2026-05-01 03:15,8072540
2026-05-01 03:30,8072540
2026-05-01 03:45,8072540
2026-05-01 04:00,8072540
2026-05-01 04:15,8072540
2026-05-01 04:30,8072540
2026-05-01 04:45,8072540
2026-05-01 05:00,8072540
2026-05-01 05:15,8072540
2026-05-01 05:30,8072540
2026-05-01 05:45,8072576
2026-05-01 06:00,8072620
2026-05-01 06:15,8072620
2026-05-01 06:30,8072660
2026-05-01 06:45,8072750
2026-05-01 07:00,8072750
2026-05-01 07:15,8072750
2026-05-01 07:30,8072816
2026-05-01 07:45,8072816
2026-05-01 08:00,8072816
2026-05-01 08:15,8072816
2026-05-01 08:30,8072816
2026-05-01 08:45,8072816
2026-05-01 09:00,8072880
2026-05-01 09:15,8073293
2026-05-01 09:30,8073293
2026-05-01 09:45,8073933
2026-05-01 10:00,8073996
2026-05-01 10:15,8074003
2026-05-01 10:30,8074003
2026-05-01 10:45,8074006
2026-05-01 11:00,8074013
2026-05-01 11:15,8074110
2026-05-01 11:30,8074230
2026-05-01 11:45,8074256
2026-05-01 12:00,8074273
2026-05-01 12:15,8074410
2026-05-01 12:30,8074446
2026-05-01 12:45,8074446
2026-05-01 13:00,8074450
2026-05-01 13:15,8074450
2026-05-01 13:30,8074450
2026-05-01 13:45,8074503
2026-05-01 14:00,8074603
2026-05-01 14:15,8074603
2026-05-01 14:30,8074603
2026-05-01 14:45,8074636
2026-05-01 15:00,8074636
2026-05-01 15:15,8074636
2026-05-01 15:30,8074636
2026-05-01 15:45,8074636
2026-05-01 16:00,8074636
2026-05-01 16:15,8074636
2026-05-01 16:30,8074636
2026-05-01 16:45,8074636
2026-05-01 17:00,8074636
2026-05-01 17:15,8074636
2026-05-01 17:30,8074636
2026-05-01 17:45,8074636
2026-05-01 18:00,8074636
2026-05-01 18:15,8074636
2026-05-01 18:30,8074636
2026-05-01 18:45,8074636
2026-05-01 19:00,8074636
2026-05-01 19:15,8074636
2026-05-01 19:30,8074636
2026-05-01 19:45,8074636
2026-05-01 20:00,8074636
2026-05-01 20:15,8074636
2026-05-01 20:30,8074636
2026-05-01 20:45,8074636
2026-05-01 21:00,8074636
2026-05-01 21:15,8074636
2026-05-01 21:30,8074636
2026-05-01 21:45,8074636
2026-05-01 22:00,8074636
2026-05-01 22:15,8074636
2026-05-01 22:30,8074636
2026-05-01 22:45,8074636
2026-05-01 23:00,8074636
2026-05-01 23:15,8074636
2026-05-01 23:30,8074636
2026-05-01 23:45,8074636
2026-05-02 00:00,8074636
2026-05-02 00:15,8074636
2026-05-02 00:30,8074636
2026-05-02 00:45,8074636
2026-05-02 01:00,8074636
2026-05-02 01:15,8074636
2026-05-02 01:30,8074636
2026-05-02 01:45,8074636
2026-05-02 02:00,8074636
2026-05-02 02:15,8074636
2026-05-02 02:30,8074636
2026-05-02 02:45,8074636
2026-05-02 03:00,8074636
2026-05-02 03:15,8074636
2026-05-02 03:30,8074636
2026-05-02 03:45,8074636
2026-05-02 04:00,8074636
2026-05-02 04:15,8074636
2026-05-02 04:30,8074636
2026-05-02 04:45,8074636
2026-05-02 05:00,8074636
2026-05-02 05:15,8074636
2026-05-02 05:30,8074636
2026-05-02 05:45,8074636
2026-05-02 06:00,8074636
2026-05-02 06:15,8074636
2026-05-02 06:30,8074636
2026-05-02 06:45,8074636
2026-05-02 07:00,8074636
2026-05-02 07:15,8074636
2026-05-02 07:30,8074636
2026-05-02 07:45,8074636
2026-05-02 08:00,8074636
2026-05-02 08:15,8074636
2026-05-02 08:30,8074636
2026-05-02 08:45,8074636
2026-05-02 09:00,8074636
2026-05-02 09:15,8074636
2026-05-02 09:30,8074636
2026-05-02 09:45,8074636
2026-05-02 10:00,8074636
2026-05-02 10:15,8074636
2026-05-02 10:30,8074636
2026-05-02 10:45,8074636
2026-05-02 11:00,8074636
2026-05-02 11:15,8074636
2026-05-02 11:30,8074636
2026-05-02 11:45,8074636
2026-05-02 12:00,8074636
2026-05-02 12:15,8074636
2026-05-02 12:30,8074636
2026-05-02 12:45,8074636
2026-05-02 13:00,8074636
2026-05-02 13:15,8074636
2026-05-02 13:30,8074636
2026-05-02 13:45,8074636
2026-05-02 14:00,8074636
2026-05-02 14:15,8074636
2026-05-02 14:30,8074636
2026-05-02 14:45,8074636
2026-05-02 15:00,8074636
2026-05-02 15:15,8074636
2026-05-02 15:30,8074636
2026-05-02 15:45,8074636
2026-05-02 16:00,8074636
2026-05-02 16:15,8074636
2026-05-02 16:30,8074636
2026-05-02 16:45,8074636
2026-05-02 17:00,8074636
2026-05-02 17:15,8074636
2026-05-02 17:30,8074636
2026-05-02 17:45,8074636
2026-05-02 18:00,8074636
2026-05-02 18:15,8074636
2026-05-02 18:30,8074636
2026-05-02 18:45,8074636
2026-05-02 19:00,8074636
2026-05-02 19:15,8074636
2026-05-02 19:30,8074636
2026-05-02 19:45,8074636
2026-05-02 20:00,8074636
2026-05-02 20:15,8074636
2026-05-02 20:30,8074636
2026-05-02 20:45,8074636
2026-05-02 21:00,8074636
2026-05-02 21:15,8074636
2026-05-02 21:30,8074636
2026-05-02 21:45,8074636
2026-05-02 22:00,8074636
2026-05-02 22:15,8074636
2026-05-02 22:30,8074636
2026-05-02 22:45,8074636
2026-05-02 23:00,8074636
2026-05-02 23:15,8074636
2026-05-02 23:30,8074636
2026-05-02 23:45,8074636
2026-05-03 00:00,8074636
2026-05-03 00:15,8074636
2026-05-03 00:30,8074636
2026-05-03 00:45,8074636
2026-05-03 01:00,8074636
2026-05-03 01:15,8074636
2026-05-03 01:30,8074636
2026-05-03 01:45,8074636
2026-05-03 02:00,8074636
2026-05-03 02:15,8074636
2026-05-03 02:30,8074636
2026-05-03 02:45,8074636
2026-05-03 03:00,8074636
2026-05-03 03:15,8074636
2026-05-03 03:30,8074636
2026-05-03 03:45,8074636
2026-05-03 04:00,8074636
2026-05-03 04:15,8074636
2026-05-03 04:30,8074636
2026-05-03 04:45,8074636
2026-05-03 05:00,8074636
2026-05-03 05:15,8074636
2026-05-03 05:30,8074636
2026-05-03 05:45,8074636
2026-05-03 06:00,8074636
2026-05-03 06:15,8074636
2026-05-03 06:30,8074636
2026-05-03 06:45,8074636
2026-05-03 07:00,8074636
2026-05-03 07:15,8074636
2026-05-03 07:30,8074636
2026-05-03 07:45,8074636
2026-05-03 08:00,8074636
2026-05-03 08:15,8074636
2026-05-03 08:30,8074636
2026-05-03 08:45,8074636
2026-05-03 09:00,8074636
2026-05-03 09:15,8074636
2026-05-03 09:30,8074636
2026-05-03 09:45,8074636
2026-05-03 10:00,8074636
2026-05-03 10:15,8074636
2026-05-03 10:30,8074636
2026-05-03 10:45,8074636
2026-05-03 11:00,8074636
2026-05-03 11:15,8074636
2026-05-03 11:30,8074636
2026-05-03 11:45,8074636
2026-05-03 12:00,8074636
2026-05-03 12:15,8074636
2026-05-03 12:30,8074636
2026-05-03 12:45,8074636
2026-05-03 13:00,8074636
2026-05-03 13:15,8074636
2026-05-03 13:30,8074636
2026-05-03 13:45,8074636
2026-05-03 14:00,8074636
2026-05-03 14:15,8074636
2026-05-03 14:30,8074636
2026-05-03 14:45,8074636
2026-05-03 15:00,8074636
2026-05-03 15:15,8074636
2026-05-03 15:30,8074636
2026-05-03 15:45,8074636
2026-05-03 16:00,8074636
2026-05-03 16:15,8074636
2026-05-03 16:30,8074636
2026-05-03 16:45,8074636
2026-05-03 17:00,8074636
2026-05-03 17:15,8074636
2026-05-03 17:30,8074636
2026-05-03 17:45,8074636
2026-05-03 18:00,8074636
2026-05-03 18:15,8074636
2026-05-03 18:30,8074636
2026-05-03 18:45,8074636
2026-05-03 19:00,8074636
2026-05-03 19:15,8074636
2026-05-03 19:30,8074636
2026-05-03 19:45,8074636
2026-05-03 20:00,8074636
2026-05-03 20:15,8074636
2026-05-03 20:30,8074636
2026-05-03 20:45,8074636
2026-05-03 21:00,8074636
2026-05-03 21:15,8074636
2026-05-03 21:30,8074636
2026-05-03 21:45,8074636
2026-05-03 22:00,8074636
2026-05-03 22:15,8074636
2026-05-03 22:30,8074636
2026-05-03 22:45,8074636
2026-05-03 23:00,8074636
2026-05-03 23:15,8074636
2026-05-03 23:30,8074636
2026-05-03 23:45,8074636
2026-05-04 00:00,8074636
2026-05-04 00:15,8074636
2026-05-04 00:30,8074636
2026-05-04 00:45,8074636
2026-05-04 01:00,8074636
2026-05-04 01:15,8074636
2026-05-04 01:30,8074636
2026-05-04 01:45,8074636
2026-05-04 02:00,8074636
2026-05-04 02:15,8074636
2026-05-04 02:30,8074636
2026-05-04 02:45,8074636
2026-05-04 03:00,8074636
2026-05-04 03:15,8074636
2026-05-04 03:30,8074636
2026-05-04 03:45,8074636
2026-05-04 04:00,8074636
2026-05-04 04:15,8074636
2026-05-04 04:30,8074636
2026-05-04 04:45,8074636
2026-05-04 05:00,8074636
2026-05-04 05:15,8074636
2026-05-04 05:30,8074636
2026-05-04 05:45,8074636
2026-05-04 06:00,8074636
2026-05-04 06:15,8074636
2026-05-04 06:30,8074636
2026-05-04 06:45,8074636
2026-05-04 07:00,8074636
2026-05-04 07:15,8074636
2026-05-04 07:30,8074636
2026-05-04 07:45,8074636
2026-05-04 08:00,8074636
2026-05-04 08:15,8074636
2026-05-04 08:30,8074636
2026-05-04 08:45,8074636
2026-05-04 09:00,8074636
2026-05-04 09:15,8074636
2026-05-04 09:30,8074636
2026-05-04 09:45,8074636
2026-05-04 10:00,8074636
2026-05-04 10:15,8074636
2026-05-04 10:30,8074636
2026-05-04 10:45,8074636
2026-05-04 11:00,8074636
2026-05-04 11:15,8074636
2026-05-04 11:30,8074636
2026-05-04 11:45,8074636
2026-05-04 12:00,8074636
2026-05-04 12:15,8074636
2026-05-04 12:30,8074636
2026-05-04 12:45,8074636
2026-05-04 13:00,8074636
2026-05-04 13:15,8074636
2026-05-04 13:30,8074636
2026-05-04 13:45,8074636
2026-05-04 14:00,8074636
2026-05-04 14:15,8074636
2026-05-04 14:30,8074636
2026-05-04 14:45,8074636
2026-05-04 15:00,8074636
2026-05-04 15:15,8074636
2026-05-04 15:30,8074636
2026-05-04 15:45,8074636
2026-05-04 16:00,8074636
2026-05-04 16:15,8074636
2026-05-04 16:30,8074636
2026-05-04 16:45,8074636
2026-05-04 17:00,8074636
2026-05-04 17:15,8074636
2026-05-04 17:30,8074636
2026-05-04 17:45,8074636
2026-05-04 18:00,8074636
2026-05-04 18:15,8074636
2026-05-04 18:30,8074636
2026-05-04 18:45,8074636
2026-05-04 19:00,8074636
2026-05-04 19:15,8074636
2026-05-04 19:30,8074636
2026-05-04 19:45,8074636
2026-05-04 20:00,8074636
2026-05-04 20:15,8074636
2026-05-04 20:30,8074636
2026-05-04 20:45,8074636
2026-05-04 21:00,8074636
2026-05-04 21:15,8074636
2026-05-04 21:30,8074636
2026-05-04 21:45,8074636
2026-05-04 22:00,8074636
2026-05-04 22:15,8074670
2026-05-04 22:30,8074670
2026-05-04 22:45,8074773
2026-05-04 23:00,8074783
2026-05-04 23:15,8074796
2026-05-04 23:30,8075010
2026-05-04 23:45,8075563
2026-05-05 00:00,8075616
2026-05-05 00:15,8075616
2026-05-05 00:30,8075616
2026-05-05 00:45,8075630
2026-05-05 01:00,8075673
2026-05-05 01:15,8075690
2026-05-05 01:30,8075690
2026-05-05 01:45,8075690
2026-05-05 02:00,8075690
2026-05-05 02:15,8075733
2026-05-05 02:30,8075733
2026-05-05 02:45,8075733
2026-05-05 03:00,8075733
2026-05-05 03:15,8075733
2026-05-05 03:30,8075766
2026-05-05 03:45,8075766
2026-05-05 04:00,8075766
2026-05-05 04:15,8075766
2026-05-05 04:30,8075806
2026-05-05 04:45,8075806
2026-05-05 05:00,8075806
2026-05-05 05:15,8075806
2026-05-05 05:30,8075806
2026-05-05 05:45,8075806
2026-05-05 06:00,8075806
2026-05-05 06:15,8075806
2026-05-05 06:30,8075806
2026-05-05 06:45,8075843
2026-05-05 07:00,8075920
2026-05-05 07:15,8075980
2026-05-05 07:30,8075980
2026-05-05 07:45,8075983
2026-05-05 08:00,8076140
2026-05-05 08:15,8076140
2026-05-05 08:30,8076186
2026-05-05 08:45,8076906
2026-05-05 09:00,8077183
2026-05-05 09:15,8077220
2026-05-05 09:30,8077290
2026-05-05 09:45,8077330
2026-05-05 10:00,8077430
2026-05-05 10:15,8077446
2026-05-05 10:30,8077746
2026-05-05 10:45,8077760
2026-05-05 11:00,8077796
2026-05-05 11:15,8077796
2026-05-05 11:30,8077840
2026-05-05 11:45,8078036
2026-05-05 12:00,8078233
2026-05-05 12:15,8078296
2026-05-05 12:30,8078393
2026-05-05 12:45,8078410
2026-05-05 13:00,8078573
2026-05-05 13:15,8078573
2026-05-05 13:30,8079090
2026-05-05 13:45,8079090
2026-05-05 14:00,8079103
2026-05-05 14:15,8079103
2026-05-05 14:30,8079103
2026-05-05 14:45,8079103
2026-05-05 15:00,8079140
2026-05-05 15:15,8079140
2026-05-05 15:30,8079140
2026-05-05 15:45,8079190
2026-05-05 16:00,8079190
2026-05-05 16:15,8079193
2026-05-05 16:30,8079193
2026-05-05 16:45,8079193
2026-05-05 17:00,8079226
2026-05-05 17:15,8079233
2026-05-05 17:30,8079233
2026-05-05 17:45,8079350
2026-05-05 18:00,8079366
2026-05-05 18:15,8079443
2026-05-05 18:30,8079493
2026-05-05 18:45,8079540
2026-05-05 19:00,8079556
2026-05-05 19:15,8079763
2026-05-05 19:30,8079770
2026-05-05 19:45,8079770
2026-05-05 20:00,8079770
2026-05-05 20:15,8079840
2026-05-05 20:30,8079840
2026-05-05 20:45,8079843
2026-05-05 21:00,8079843
2026-05-05 21:15,8079936
2026-05-05 21:30,8079936
2026-05-05 21:45,8079936
2026-05-05 22:00,8079970
2026-05-05 22:15,8079970
2026-05-05 22:30,8079970
2026-05-05 22:45,8080000
2026-05-05 23:00,8080000
2026-05-05 23:15,8080000
2026-05-05 23:30,8080000
2026-05-05 23:45,8080096
2026-05-06 00:00,8080096
2026-05-06 00:15,8080096
2026-05-06 00:30,8080130
2026-05-06 00:45,8080130
2026-05-06 01:00,8080130
2026-05-06 01:15,8080223
2026-05-06 01:30,8080250
2026-05-06 01:45,8080250
2026-05-06 02:00,8080250
2026-05-06 02:15,8080250
2026-05-06 02:30,8080250
2026-05-06 02:45,8080290
2026-05-06 03:00,8080290
2026-05-06 03:15,8080330
2026-05-06 03:30,8080370
2026-05-06 03:45,8080370
2026-05-06 04:00,8080370
2026-05-06 04:15,8080370
2026-05-06 04:30,8080370
2026-05-06 04:45,8080370
2026-05-06 05:00,8080370
2026-05-06 05:15,8080370
2026-05-06 05:30,8080370
2026-05-06 05:45,8080443
2026-05-06 06:00,8080443
2026-05-06 06:15,8080443
2026-05-06 06:30,8080443
2026-05-06 06:45,8080443
2026-05-06 07:00,8080483
2026-05-06 07:15,8080483
2026-05-06 07:30,8080483
2026-05-06 07:45,8080523
2026-05-06 08:00,8081046
2026-05-06 08:15,8081060
2026-05-06 08:30,8081110
2026-05-06 08:45,8081110
2026-05-06 09:00,8081110
2026-05-06 09:15,8081110
2026-05-06 09:30,8081170
2026-05-06 09:45,8081173
2026-05-06 10:00,8081346
2026-05-06 10:15,8081403
2026-05-06 10:30,8081480
2026-05-06 10:45,8081480
2026-05-06 11:00,8081516
2026-05-06 11:15,8081523
2026-05-06 11:30,8081560
2026-05-06 11:45,8081560
2026-05-06 12:00,8081560
2026-05-06 12:15,8081593
2026-05-06 12:30,8081593
2026-05-06 12:45,8081593
2026-05-06 13:00,8081703
2026-05-06 13:15,8081706
2026-05-06 13:30,8081800
2026-05-06 13:45,8081800
2026-05-06 14:00,8081913
2026-05-06 14:15,8081973
2026-05-06 14:30,8081973
2026-05-06 14:45,8081973
2026-05-06 15:00,8081973
2026-05-06 15:15,8082036
2026-05-06 15:30,8082040
2026-05-06 15:45,8082110
2026-05-06 16:00,8082120
2026-05-06 16:15,8082136
2026-05-06 16:30,8082140
2026-05-06 16:45,8082140
2026-05-06 17:00,8082170
2026-05-06 17:15,8082336
2026-05-06 17:30,8082396
2026-05-06 17:45,8082490
2026-05-06 18:00,8082606
2026-05-06 18:15,8082666
2026-05-06 18:30,8082716
2026-05-06 18:45,8082716
2026-05-06 19:00,8082716
2026-05-06 19:15,8082776
2026-05-06 19:30,8083370
2026-05-06 19:45,8083480
2026-05-06 20:00,8083543
2026-05-06 20:15,8083543
2026-05-06 20:30,8083603
2026-05-06 20:45,8083810
2026-05-06 21:00,8083853
2026-05-06 21:15,8083966
2026-05-06 21:30,8083980
2026-05-06 21:45,8084066
2026-05-06 22:00,8084096
2026-05-06 22:15,8084103
2026-05-06 22:30,8084103
2026-05-06 22:45,8084103
2026-05-06 23:00,8084113
2026-05-06 23:15,8084173
2026-05-06 23:30,8084173
2026-05-06 23:45,8084233
2026-05-07 00:00,8084270
2026-05-07 00:15,8084270
2026-05-07 00:30,8084273
2026-05-07 00:45,8084320
2026-05-07 01:00,8084333
2026-05-07 01:15,8084333
2026-05-07 01:30,8084333
2026-05-07 01:45,8084333
2026-05-07 02:00,8084373
2026-05-07 02:15,8084373
2026-05-07 02:30,8084373
2026-05-07 02:45,8084373
2026-05-07 03:00,8084410
2026-05-07 03:15,8084410
2026-05-07 03:30,8084410
2026-05-07 03:45,8084410
2026-05-07 04:00,8084410
2026-05-07 04:15,8084446
2026-05-07 04:30,8084446
2026-05-07 04:45,8084446
2026-05-07 05:00,8084446
2026-05-07 05:15,8084446
2026-05-07 05:30,8084446
2026-05-07 05:45,8084446
2026-05-07 06:00,8084446
2026-05-07 06:15,8084486
2026-05-07 06:30,8084523
2026-05-07 06:45,8084523
2026-05-07 07:00,8084523
2026-05-07 07:15,8084760
2026-05-07 07:30,8084970
2026-05-07 07:45,8084970
2026-05-07 08:00,8084970
2026-05-07 08:15,8085056
2026-05-07 08:30,8085060
2026-05-07 08:45,8085060
2026-05-07 09:00,8085436
2026-05-07 09:15,8085440
2026-05-07 09:30,8085440
2026-05-07 09:45,8085446
2026-05-07 10:00,8085450
2026-05-07 10:15,8085460
2026-05-07 10:30,8085510
2026-05-07 10:45,8085513
2026-05-07 11:00,8085516
2026-05-07 11:15,8085610
2026-05-07 11:30,8085630
2026-05-07 11:45,8085703
2026-05-07 12:00,8085910
2026-05-07 12:15,8086053
2026-05-07 12:30,8086053
2026-05-07 12:45,8086063
2026-05-07 13:00,8086123
2026-05-07 13:15,8086123
2026-05-07 13:30,8086200
2026-05-07 13:45,8086200
2026-05-07 14:00,8086200
2026-05-07 14:15,8086200
2026-05-07 14:30,8086200
2026-05-07 14:45,8086236
2026-05-07 15:00,8086236
2026-05-07 15:15,8086236
2026-05-07 15:30,8086236
2026-05-07 15:45,8086240
2026-05-07 16:00,8086246
2026-05-07 16:15,8086383
2026-05-07 16:30,8086433
2026-05-07 16:45,8086693
2026-05-07 17:00,8086710
2026-05-07 17:15,8086710
2026-05-07 17:30,8086770
2026-05-07 17:45,8086770
2026-05-07 18:00,8086813
2026-05-07 18:15,8086830
2026-05-07 18:30,8086920
2026-05-07 18:45,8087083
2026-05-07 19:00,8087436
2026-05-07 19:15,8087510
2026-05-07 19:30,8088110
2026-05-07 19:45,8088140
2026-05-07 20:00,8088140
2026-05-07 20:15,8088150
2026-05-07 20:30,8088150
2026-05-07 20:45,8088370
2026-05-07 21:00,8088490
2026-05-07 21:15,8088710
2026-05-07 21:30,8088710
2026-05-07 21:45,8088800
2026-05-07 22:00,8090570
2026-05-07 22:15,8091393
2026-05-07 22:30,8091393
2026-05-07 22:45,8091526
2026-05-07 23:00,8091543
2026-05-07 23:15,8091543
2026-05-07 23:30,8091686
2026-05-07 23:45,8091686
2026-05-08 00:00,8091723
2026-05-08 00:15,8091933
2026-05-08 00:30,8091933
2026-05-08 00:45,8091933
2026-05-08 01:00,8091933
2026-05-08 01:15,8091933
2026-05-08 01:30,8091933
2026-05-08 01:45,8091933
2026-05-08 02:00,8091933
2026-05-08 02:15,8091970
2026-05-08 02:30,8091970
2026-05-08 02:45,8091970
2026-05-08 03:00,8091970
2026-05-08 03:15,8091970
2026-05-08 03:30,8091970
2026-05-08 03:45,8091970
2026-05-08 04:00,8091970
2026-05-08 04:15,8091970
2026-05-08 04:30,8091970
2026-05-08 04:45,8091970
2026-05-08 05:00,8091970
2026-05-08 05:15,8092010
2026-05-08 05:30,8092010
2026-05-08 05:45,8092010
2026-05-08 06:00,8092046
2026-05-08 06:15,8092046
2026-05-08 06:30,8092046
2026-05-08 06:45,8092166
2026-05-08 07:00,8092166
2026-05-08 07:15,8092166
2026-05-08 07:30,8092166
2026-05-08 07:45,8092486
2026-05-08 08:00,8093200
2026-05-08 08:15,8093216
2026-05-08 08:30,8093393
2026-05-08 08:45,8093400
2026-05-08 09:00,8093400
2026-05-08 09:15,8093400
2026-05-08 09:30,8093496
2026-05-08 09:45,8093530
2026-05-08 10:00,8093573
2026-05-08 10:15,8093650
2026-05-08 10:30,8093900
2026-05-08 10:45,8093930
2026-05-08 11:00,8093986
2026-05-08 11:15,8093986
2026-05-08 11:30,8094063
2026-05-08 11:45,8094140
2026-05-08 12:00,8094410
2026-05-08 12:15,8094613
2026-05-08 12:30,8094613
2026-05-08 12:45,8094613
2026-05-08 13:00,8094613
2026-05-08 13:15,8094613
2026-05-08 13:30,8094630
2026-05-08 13:45,8094630
2026-05-08 14:00,8094630
2026-05-08 14:15,8094630
2026-05-08 14:30,8094630
2026-05-08 14:45,8094630
2026-05-08 15:00,8094630
2026-05-08 15:15,8094633
2026-05-08 15:30,8094633
2026-05-08 15:45,8094633
2026-05-08 16:00,8094633
2026-05-08 16:15,8094636
2026-05-08 16:30,8094653
2026-05-08 16:45,8094653
2026-05-08 17:00,8094653
2026-05-08 17:15,8094653
2026-05-08 17:30,8094713
2026-05-08 17:45,8094743
2026-05-08 18:00,8094860
2026-05-08 18:15,8094860
2026-05-08 18:30,8094876
2026-05-08 18:45,8094883
2026-05-08 19:00,8094886
2026-05-08 19:15,8094920
2026-05-08 19:30,8094926
2026-05-08 19:45,8094926
2026-05-08 20:00,8094930
2026-05-08 20:15,8094993
2026-05-08 20:30,8094993
2026-05-08 20:45,8094993
2026-05-08 21:00,8095176
2026-05-08 21:15,8095210
2026-05-08 21:30,8095210
2026-05-08 21:45,8095213
2026-05-08 22:00,8095260
2026-05-08 22:15,8095333
2026-05-08 22:30,8095450
2026-05-08 22:45,8095450
2026-05-08 23:00,8095646
2026-05-08 23:15,8095896
2026-05-08 23:30,8095976
2026-05-08 23:45,8096050
2026-05-09 00:00,8096050
2026-05-09 00:15,8096110
2026-05-09 00:30,8096110
2026-05-09 00:45,8096110
2026-05-09 01:00,8096110
2026-05-09 01:15,8096166
2026-05-09 01:30,8096206
2026-05-09 01:45,8096206
2026-05-09 02:00,8096206
2026-05-09 02:15,8096243
2026-05-09 02:30,8096243
2026-05-09 02:45,8096243
2026-05-09 03:00,8096243
2026-05-09 03:15,8096243
2026-05-09 03:30,8096243
2026-05-09 03:45,8096243
2026-05-09 04:00,8096243
2026-05-09 04:15,8096243
2026-05-09 04:30,8096243
2026-05-09 04:45,8096243
2026-05-09 05:00,8096283
2026-05-09 05:15,8096283
2026-05-09 05:30,8096283
2026-05-09 05:45,8096283
2026-05-09 06:00,8096283
2026-05-09 06:15,8096346
2026-05-09 06:30,8096363
2026-05-09 06:45,8096363
2026-05-09 07:00,8096363
2026-05-09 07:15,8096363
2026-05-09 07:30,8096423
2026-05-09 07:45,8096423
2026-05-09 08:00,8096423
2026-05-09 08:15,8096423
2026-05-09 08:30,8096553
2026-05-09 08:45,8097796
2026-05-09 09:00,8099036
2026-05-09 09:15,8099350
2026-05-09 09:30,8099350
2026-05-09 09:45,8099356
2026-05-09 10:00,8099386
2026-05-09 10:15,8099423
2026-05-09 10:30,8099423
2026-05-09 10:45,8099430
2026-05-09 11:00,8099503
2026-05-09 11:15,8099503
2026-05-09 11:30,8099503
2026-05-09 11:45,8099503
2026-05-09 12:00,8099503
2026-05-09 12:15,8099503
2026-05-09 12:30,8099553
2026-05-09 12:45,8099553
2026-05-09 13:00,8099553
2026-05-09 13:15,8099553
2026-05-09 13:30,8099553
2026-05-09 13:45,8099553
2026-05-09 14:00,8099570
2026-05-09 14:15,8099616
2026-05-09 14:30,8099633
2026-05-09 14:45,8099633
2026-05-09 15:00,8099643
2026-05-09 15:15,8099643
2026-05-09 15:30,8099643
2026-05-09 15:45,8099643
2026-05-09 16:00,8099643
2026-05-09 16:15,8099676
2026-05-09 16:30,8099726
2026-05-09 16:45,8099726
2026-05-09 17:00,8099770
2026-05-09 17:15,8099770
2026-05-09 17:30,8099770
2026-05-09 17:45,8099853
2026-05-09 18:00,8099936
2026-05-09 18:15,8099963
2026-05-09 18:30,8100053
2026-05-09 18:45,8100060
2026-05-09 19:00,8100060
2026-05-09 19:15,8100060
2026-05-09 19:30,8100060
2026-05-09 19:45,8100096
2026-05-09 20:00,8100333
2026-05-09 20:15,8100366
2026-05-09 20:30,8100366
2026-05-09 20:45,8100860
2026-05-09 21:00,8102326
2026-05-09 21:15,8102326
2026-05-09 21:30,8102370
2026-05-09 21:45,8102370
2026-05-09 22:00,8102423
2026-05-09 22:15,8102433
2026-05-09 22:30,8102466
2026-05-09 22:45,8102476
2026-05-09 23:00,8102566
2026-05-09 23:15,8102640
2026-05-09 23:30,8102640
2026-05-09 23:45,8102640
2026-05-10 00:00,8102693
2026-05-10 00:15,8102693
2026-05-10 00:30,8102693
2026-05-10 00:45,8102693
2026-05-10 01:00,8102693
2026-05-10 01:15,8102756
2026-05-10 01:30,8102756
2026-05-10 01:45,8102756
2026-05-10 02:00,8102756
2026-05-10 02:15,8102796
2026-05-10 02:30,8102796
2026-05-10 02:45,8102796
2026-05-10 03:00,8102796
2026-05-10 03:15,8102796
2026-05-10 03:30,8102833
2026-05-10 03:45,8102833
2026-05-10 04:00,8102833
2026-05-10 04:15,8102833
2026-05-10 04:30,8102833
2026-05-10 04:45,8102833
2026-05-10 05:00,8102833
2026-05-10 05:15,8102833
2026-05-10 05:30,8102833
2026-05-10 05:45,8102870
2026-05-10 06:00,8102870
2026-05-10 06:15,8102870
2026-05-10 06:30,8102870
2026-05-10 06:45,8102870
2026-05-10 07:00,8102870
2026-05-10 07:15,8102870
2026-05-10 07:30,8102870
2026-05-10 07:45,8102910
2026-05-10 08:00,8102910
2026-05-10 08:15,8102910
2026-05-10 08:30,8102910
2026-05-10 08:45,8102910
2026-05-10 09:00,8102910
2026-05-10 09:15,8103520
2026-05-10 09:30,8103620
2026-05-10 09:45,8103723
2026-05-10 10:00,8103726
2026-05-10 10:15,8103783
2026-05-10 10:30,8103800
2026-05-10 10:45,8103853
2026-05-10 11:00,8103860
2026-05-10 11:15,8104036
2026-05-10 11:30,8104236
2026-05-10 11:45,8104313
2026-05-10 12:00,8104330
2026-05-10 12:15,8104426
2026-05-10 12:30,8104426
2026-05-10 12:45,8104460
2026-05-10 13:00,8104460
2026-05-10 13:15,8104460
2026-05-10 13:30,8104460
2026-05-10 13:45,8104460
2026-05-10 14:00,8104460
2026-05-10 14:15,8104460
2026-05-10 14:30,8104460
2026-05-10 14:45,8104460
2026-05-10 15:00,8104460
2026-05-10 15:15,8104460
2026-05-10 15:30,8104460
2026-05-10 15:45,8104460
2026-05-10 16:00,8104460
2026-05-10 16:15,8104460
2026-05-10 16:30,8104460
2026-05-10 16:45,8104460
2026-05-10 17:00,8104460
2026-05-10 17:15,8104460
2026-05-10 17:30,8104460
2026-05-10 17:45,8104460
2026-05-10 18:00,8104460
2026-05-10 18:15,8104460
2026-05-10 18:30,8104460
2026-05-10 18:45,8104460
2026-05-10 19:00,8104460
2026-05-10 19:15,8104460
2026-05-10 19:30,8104460
2026-05-10 19:45,8104460
2026-05-10 20:00,8104460
2026-05-10 20:15,8104460
2026-05-10 20:30,8104516
2026-05-10 20:45,8104516
2026-05-10 21:00,8104516
2026-05-10 21:15,8104516
2026-05-10 21:30,8104516
2026-05-10 21:45,8104516
2026-05-10 22:00,8104516
2026-05-10 22:15,8104606
2026-05-10 22:30,8104606
2026-05-10 22:45,8104606
2026-05-10 23:00,8104606
2026-05-10 23:15,8104606
2026-05-10 23:30,8104606
2026-05-10 23:45,8104606
2026-05-11 00:00,8104606
2026-05-11 00:15,8104606
2026-05-11 00:30,8104606
2026-05-11 00:45,8104606
2026-05-11 01:00,8104606
2026-05-11 01:15,8104606
2026-05-11 01:30,8104606
2026-05-11 01:45,8104606
2026-05-11 02:00,8104606
2026-05-11 02:15,8104606
2026-05-11 02:30,8104606
2026-05-11 02:45,8104606
2026-05-11 03:00,8104606
2026-05-11 03:15,8104606
2026-05-11 03:30,8104606
2026-05-11 03:45,8104606
2026-05-11 04:00,8104606
2026-05-11 04:15,8104606
2026-05-11 04:30,8104606
2026-05-11 04:45,8104606
2026-05-11 05:00,8104606
2026-05-11 05:15,8104606
2026-05-11 05:30,8104606
2026-05-11 05:45,8104606
2026-05-11 06:00,8104606
2026-05-11 06:15,8104606
2026-05-11 06:30,8104666
2026-05-11 06:45,8104666
2026-05-11 07:00,8104666
2026-05-11 07:15,8104666
2026-05-11 07:30,8104666
2026-05-11 07:45,8104666
2026-05-11 08:00,8104750
2026-05-11 08:15,8104766
2026-05-11 08:30,8104803
2026-05-11 08:45,8104803
2026-05-11 09:00,8104803
2026-05-11 09:15,8104803
2026-05-11 09:30,8104833
2026-05-11 09:45,8104963
2026-05-11 10:00,8105096
2026-05-11 10:15,8105260
2026-05-11 10:30,8105490
2026-05-11 10:45,8105490
2026-05-11 11:00,8105490
2026-05-11 11:15,8105810
2026-05-11 11:30,8105810
2026-05-11 11:45,8105810
2026-05-11 12:00,8105836
2026-05-11 12:15,8105836
2026-05-11 12:30,8105936
2026-05-11 12:45,8106583
2026-05-11 13:00,8106583
2026-05-11 13:15,8106590
2026-05-11 13:30,8106626
2026-05-11 13:45,8106693
2026-05-11 14:00,8106693
2026-05-11 14:15,8106693
2026-05-11 14:30,8106693
2026-05-11 14:45,8106693
2026-05-11 15:00,8106746
2026-05-11 15:15,8106746
2026-05-11 15:30,8106746
2026-05-11 15:45,8106746
2026-05-11 16:00,8106746
2026-05-11 16:15,8106746
2026-05-11 16:30,8106746
2026-05-11 16:45,8106746
2026-05-11 17:00,8106746
2026-05-11 17:15,8106830
2026-05-11 17:30,8106830
2026-05-11 17:45,8106873
2026-05-11 18:00,8106876
2026-05-11 18:15,8106876
2026-05-11 18:30,8106876
2026-05-11 18:45,8106876
2026-05-11 19:00,8106876
2026-05-11 19:15,8106876
2026-05-11 19:30,8106876
2026-05-11 19:45,8106910
2026-05-11 20:00,8106910
2026-05-11 20:15,8106910
2026-05-11 20:30,8106943
2026-05-11 20:45,8106943
2026-05-11 21:00,8106953
2026-05-11 21:15,8107006
2026-05-11 21:30,8107143
2026-05-11 21:45,8107216
2026-05-11 22:00,8107326
2026-05-11 22:15,8107326
2026-05-11 22:30,8107326
2026-05-11 22:45,8107326
2026-05-11 23:00,8107360
2026-05-11 23:15,8107360
2026-05-11 23:30,8107443
2026-05-11 23:45,8107443
2026-05-12 00:00,8107450
2026-05-12 00:15,8107473
2026-05-12 00:30,8107510
2026-05-12 00:45,8107510
2026-05-12 01:00,8107510
2026-05-12 01:15,8107510
2026-05-12 01:30,8107510
2026-05-12 01:45,8107510
2026-05-12 02:00,8107510
2026-05-12 02:15,8107510
2026-05-12 02:30,8107510
2026-05-12 02:45,8107510
2026-05-12 03:00,8107510
2026-05-12 03:15,8107510
2026-05-12 03:30,8107510
2026-05-12 03:45,8107510
2026-05-12 04:00,8107510
2026-05-12 04:15,8107510
2026-05-12 04:30,8107510
2026-05-12 04:45,8107510
2026-05-12 05:00,8107510
2026-05-12 05:15,8107590
2026-05-12 05:30,8107590
2026-05-12 05:45,8107590
2026-05-12 06:00,8107590
2026-05-12 06:15,8107590
2026-05-12 06:30,8107590
2026-05-12 06:45,8107626
2026-05-12 07:00,8107626
2026-05-12 07:15,8107626
2026-05-12 07:30,8107626
2026-05-12 07:45,8107626
2026-05-12 08:00,8107626
2026-05-12 08:15,8107640
2026-05-12 08:30,8107643
2026-05-12 08:45,8107833
2026-05-12 09:00,8107833
2026-05-12 09:15,8107833
2026-05-12 09:30,8107900
2026-05-12 09:45,8107903
2026-05-12 10:00,8107903
2026-05-12 10:15,8107903
2026-05-12 10:30,8107953
2026-05-12 10:45,8107996
2026-05-12 11:00,8107996
2026-05-12 11:15,8108070
2026-05-12 11:30,8108226
2026-05-12 11:45,8108440
2026-05-12 12:00,8108446
2026-05-12 12:15,8108446
2026-05-12 12:30,8108446
2026-05-12 12:45,8108470
2026-05-12 13:00,8108470
2026-05-12 13:15,8108470
2026-05-12 13:30,8108470
2026-05-12 13:45,8108510
2026-05-12 14:00,8108510
2026-05-12 14:15,8108510
2026-05-12 14:30,8108510
2026-05-12 14:45,8108543
2026-05-12 15:00,8108543
2026-05-12 15:15,8108543
2026-05-12 15:30,8108543
2026-05-12 15:45,8108543
2026-05-12 16:00,8108543
2026-05-12 16:15,8108543
2026-05-12 16:30,8108543
2026-05-12 16:45,8108543
2026-05-12 17:00,8108580
2026-05-12 17:15,8108580
2026-05-12 17:30,8108603
2026-05-12 17:45,8108603
2026-05-12 18:00,8108603
2026-05-12 18:15,8108603
2026-05-12 18:30,8108603
2026-05-12 18:45,8108636
2026-05-12 19:00,8108673
2026-05-12 19:15,8108690
2026-05-12 19:30,8108690
2026-05-12 19:45,8108690
2026-05-12 20:00,8108690
2026-05-12 20:15,8108690
2026-05-12 20:30,8108723
2026-05-12 20:45,8108723
2026-05-12 21:00,8108723
2026-05-12 21:15,8108723
2026-05-12 21:30,8108723
2026-05-12 21:45,8108766
2026-05-12 22:00,8108770
2026-05-12 22:15,8108770
2026-05-12 22:30,8108770
2026-05-12 22:45,8108770
2026-05-12 23:00,8108770
2026-05-12 23:15,8108810
2026-05-12 23:30,8108850
2026-05-12 23:45,8108850
2026-05-13 00:00,8108850
2026-05-13 00:15,8108956
2026-05-13 00:30,8108956
2026-05-13 00:45,8108956
2026-05-13 01:00,8108956
2026-05-13 01:15,8108956
2026-05-13 01:30,8108956
2026-05-13 01:45,8108956
2026-05-13 02:00,8108956
2026-05-13 02:15,8108956
2026-05-13 02:30,8108956
2026-05-13 02:45,8108993
2026-05-13 03:00,8108993
2026-05-13 03:15,8108993
2026-05-13 03:30,8108993
2026-05-13 03:45,8108993
2026-05-13 04:00,8108993
2026-05-13 04:15,8108993
2026-05-13 04:30,8108993
2026-05-13 04:45,8108993
2026-05-13 05:00,8108993
2026-05-13 05:15,8108993
2026-05-13 05:30,8109070
2026-05-13 05:45,8109070
2026-05-13 06:00,8109070
2026-05-13 06:15,8109070
2026-05-13 06:30,8109070
2026-05-13 06:45,8109070
2026-05-13 07:00,8109070
2026-05-13 07:15,8109070
2026-05-13 07:30,8109070
2026-05-13 07:45,8109070
2026-05-13 08:00,8109070
2026-05-13 08:15,8109723
2026-05-13 08:30,8109830
2026-05-13 08:45,8109850
2026-05-13 09:00,8109900
2026-05-13 09:15,8109960
2026-05-13 09:30,8110020
2026-05-13 09:45,8110230
2026-05-13 10:00,8110290
2026-05-13 10:15,8110290
2026-05-13 10:30,8110290
2026-05-13 10:45,8110330
2026-05-13 11:00,8110403
2026-05-13 11:15,8110403
2026-05-13 11:30,8110433
2026-05-13 11:45,8110433
2026-05-13 12:00,8110433
2026-05-13 12:15,8110433
2026-05-13 12:30,8110433
2026-05-13 12:45,8110433
2026-05-13 13:00,8110433
2026-05-13 13:15,8110433
2026-05-13 13:30,8110433
2026-05-13 13:45,8110433
2026-05-13 14:00,8110433
2026-05-13 14:15,8110433
2026-05-13 14:30,8110433
2026-05-13 14:45,8110433
2026-05-13 15:00,8110433
2026-05-13 15:15,8110433
2026-05-13 15:30,8110433
2026-05-13 15:45,8110433
2026-05-13 16:00,8110433
2026-05-13 16:15,8110433
2026-05-13 16:30,8110433
2026-05-13 16:45,8110433
2026-05-13 17:00,8110433
2026-05-13 17:15,8110433
2026-05-13 17:30,8110433
2026-05-13 17:45,8110433
2026-05-13 18:00,8110433
2026-05-13 18:15,8110433
2026-05-13 18:30,8110433
2026-05-13 18:45,8110433
2026-05-13 19:00,8110493
2026-05-13 19:15,8110746
2026-05-13 19:30,8111310
2026-05-13 19:45,8111330
2026-05-13 20:00,8111330
2026-05-13 20:15,8111736
2026-05-13 20:30,8111736
2026-05-13 20:45,8111820
2026-05-13 21:00,8111820
2026-05-13 21:15,8111820
2026-05-13 21:30,8111820
2026-05-13 21:45,8111836
2026-05-13 22:00,8111836
2026-05-13 22:15,8111836
2026-05-13 22:30,8111836
2026-05-13 22:45,8111836
2026-05-13 23:00,8111836
2026-05-13 23:15,8111836
2026-05-13 23:30,8111836
2026-05-13 23:45,8111836
2026-05-14 00:00,8111836
2026-05-14 00:15,8111836
2026-05-14 00:30,8111836
2026-05-14 00:45,8111836
2026-05-14 01:00,8111836
2026-05-14 01:15,8111836
2026-05-14 01:30,8111836
2026-05-14 01:45,8111836
2026-05-14 02:00,8111836
2026-05-14 02:15,8111836
2026-05-14 02:30,8111836
2026-05-14 02:45,8111836
2026-05-14 03:00,8111836
2026-05-14 03:15,8111916
2026-05-14 03:30,8111916
2026-05-14 03:45,8111916
2026-05-14 04:00,8111916
2026-05-14 04:15,8111916
2026-05-14 04:30,8111916
2026-05-14 04:45,8111916
2026-05-14 05:00,8111916
2026-05-14 05:15,8111916
2026-05-14 05:30,8111916
2026-05-14 05:45,8111916
2026-05-14 06:00,8111916
2026-05-14 06:15,8111916
2026-05-14 06:30,8111916
2026-05-14 06:45,8111960
2026-05-14 07:00,8111960
2026-05-14 07:15,8111960
2026-05-14 07:30,8111960
2026-05-14 07:45,8111960
2026-05-14 08:00,8111960
2026-05-14 08:15,8111960
2026-05-14 08:30,8111960
2026-05-14 08:45,8111960
2026-05-14 09:00,8112040
2026-05-14 09:15,8112040
2026-05-14 09:30,8112106
2026-05-14 09:45,8112116
2026-05-14 10:00,8112116
2026-05-14 10:15,8112116
2026-05-14 10:30,8112196
2026-05-14 10:45,8112196
2026-05-14 11:00,8112280
2026-05-14 11:15,8112293
2026-05-14 11:30,8112293
2026-05-14 11:45,8112313
2026-05-14 12:00,8112373
2026-05-14 12:15,8112373
2026-05-14 12:30,8112373
2026-05-14 12:45,8112373
2026-05-14 13:00,8112373
2026-05-14 13:15,8112373
2026-05-14 13:30,8112373
2026-05-14 13:45,8112373
2026-05-14 14:00,8112373
2026-05-14 14:15,8112373
2026-05-14 14:30,8112373
2026-05-14 14:45,8112373
2026-05-14 15:00,8112373
2026-05-14 15:15,8112373
2026-05-14 15:30,8112373
2026-05-14 15:45,8112373
2026-05-14 16:00,8112373
2026-05-14 16:15,8112373
2026-05-14 16:30,8112373
2026-05-14 16:45,8112373
2026-05-14 17:00,8112373
2026-05-14 17:15,8112373
2026-05-14 17:30,8112373
2026-05-14 17:45,8112373
2026-05-14 18:00,8112373
2026-05-14 18:15,8112373
2026-05-14 18:30,8112373
2026-05-14 18:45,8112373
2026-05-14 19:00,8112373
2026-05-14 19:15,8112373
2026-05-14 19:30,8112373
2026-05-14 19:45,8112373
2026-05-14 20:00,8112373
2026-05-14 20:15,8112373
2026-05-14 20:30,8112373
2026-05-14 20:45,8112373
2026-05-14 21:00,8112373
2026-05-14 21:15,8112373
2026-05-14 21:30,8112373
2026-05-14 21:45,8112373
2026-05-14 22:00,8112373
2026-05-14 22:15,8112373
2026-05-14 22:30,8113750
2026-05-14 22:45,8114520
2026-05-14 23:00,8114520
2026-05-14 23:15,8114520
2026-05-14 23:30,8114520
2026-05-14 23:45,8114520
2026-05-15 00:00,8114520
2026-05-15 00:15,8114520
2026-05-15 00:30,8114520
2026-05-15 00:45,8114520
2026-05-15 01:00,8114520
2026-05-15 01:15,8114520
2026-05-15 01:30,8114520
2026-05-15 01:45,8114520
2026-05-15 02:00,8114520
2026-05-15 02:15,8114520
2026-05-15 02:30,8114520
2026-05-15 02:45,8114520
2026-05-15 03:00,8114520
2026-05-15 03:15,8114520
2026-05-15 03:30,8114520
2026-05-15 03:45,8114520
2026-05-15 04:00,8114520
2026-05-15 04:15,8114520
2026-05-15 04:30,8114520
2026-05-15 04:45,8114520
2026-05-15 05:00,8114520
2026-05-15 05:15,8114520
2026-05-15 05:30,8114580
2026-05-15 05:45,8114580
2026-05-15 06:00,8114580
2026-05-15 06:15,8114580
2026-05-15 06:30,8114580
2026-05-15 06:45,8114580
2026-05-15 07:00,8114580
2026-05-15 07:15,8114580
2026-05-15 07:30,8114636
2026-05-15 07:45,8114636
2026-05-15 08:00,8114636
2026-05-15 08:15,8114636
2026-05-15 08:30,8114636
2026-05-15 08:45,8114636
2026-05-15 09:00,8114636
2026-05-15 09:15,8114636
2026-05-15 09:30,8114636
2026-05-15 09:45,8114756
2026-05-15 10:00,8114780
2026-05-15 10:15,8114780
2026-05-15 10:30,8114780
2026-05-15 10:45,8114780
2026-05-15 11:00,8115123
2026-05-15 11:15,8115803
2026-05-15 11:30,8115810
2026-05-15 11:45,8116013
2026-05-15 12:00,8116193
2026-05-15 12:15,8116193
2026-05-15 12:30,8116193
2026-05-15 12:45,8116193
2026-05-15 13:00,8116193
2026-05-15 13:15,8116193
2026-05-15 13:30,8116193
2026-05-15 13:45,8116193
2026-05-15 14:00,8116193
2026-05-15 14:15,8116560
2026-05-15 14:30,8116713
2026-05-15 14:45,8116723
2026-05-15 15:00,8116770
2026-05-15 15:15,8116773
2026-05-15 15:30,8116833
2026-05-15 15:45,8116890
2026-05-15 16:00,8116890
2026-05-15 16:15,8117080
2026-05-15 16:30,8117266
2026-05-15 16:45,8117266
2026-05-15 17:00,8117266
2026-05-15 17:15,8117273
2026-05-15 17:30,8117276
2026-05-15 17:45,8117293
2026-05-15 18:00,8117303
2026-05-15 18:15,8117303
2026-05-15 18:30,8117303
2026-05-15 18:45,8117306
2026-05-15 19:00,8117356
2026-05-15 19:15,8117386
2026-05-15 19:30,8117426
2026-05-15 19:45,8117506
2026-05-15 20:00,8117590
2026-05-15 20:15,8117590
2026-05-15 20:30,8117590
2026-05-15 20:45,8117590
2026-05-15 21:00,8117590
2026-05-15 21:15,8117590
2026-05-15 21:30,8117590
2026-05-15 21:45,8117590
2026-05-15 22:00,8117590
2026-05-15 22:15,8117590
2026-05-15 22:30,8117590
2026-05-15 22:45,8117590
2026-05-15 23:00,8117590
2026-05-15 23:15,8117590
2026-05-15 23:30,8117660
2026-05-15 23:45,8117660
2026-05-16 00:00,8117660
2026-05-16 00:15,8117660
2026-05-16 00:30,8117660
2026-05-16 00:45,8117660
2026-05-16 01:00,8117660
2026-05-16 01:15,8117660
2026-05-16 01:30,8117660
2026-05-16 01:45,8117660
2026-05-16 02:00,8117660
2026-05-16 02:15,8117660
2026-05-16 02:30,8117660
2026-05-16 02:45,8117660
2026-05-16 03:00,8117660
2026-05-16 03:15,8117660
2026-05-16 03:30,8117660
2026-05-16 03:45,8117660
2026-05-16 04:00,8117660
2026-05-16 04:15,8117660
2026-05-16 04:30,8117660
2026-05-16 04:45,8117660
2026-05-16 05:00,8117660
2026-05-16 05:15,8117660
2026-05-16 05:30,8117660
2026-05-16 05:45,8117660
2026-05-16 06:00,8117660
2026-05-16 06:15,8117660
2026-05-16 06:30,8117660
2026-05-16 06:45,8117660
2026-05-16 07:00,8117660
2026-05-16 07:15,8117723
2026-05-16 07:30,8117723
2026-05-16 07:45,8117723
2026-05-16 08:00,8117723
2026-05-16 08:15,8117786
2026-05-16 08:30,8117786
2026-05-16 08:45,8117786
2026-05-16 09:00,8117786
2026-05-16 09:15,8117903
2026-05-16 09:30,8118090
2026-05-16 09:45,8118323
2026-05-16 10:00,8118336
2026-05-16 10:15,8118340
2026-05-16 10:30,8118346
2026-05-16 10:45,8118420
2026-05-16 11:00,8118420
2026-05-16 11:15,8118420
2026-05-16 11:30,8118420
2026-05-16 11:45,8118640
2026-05-16 12:00,8118726
2026-05-16 12:15,8118856
2026-05-16 12:30,8118856
2026-05-16 12:45,8118900
2026-05-16 13:00,8119250
2026-05-16 13:15,8119263
2026-05-16 13:30,8119263
2026-05-16 13:45,8119263
2026-05-16 14:00,8119263
2026-05-16 14:15,8119263
2026-05-16 14:30,8119263
2026-05-16 14:45,8119483
2026-05-16 15:00,8119700
2026-05-16 15:15,8119700
2026-05-16 15:30,8119700
2026-05-16 15:45,8119700
2026-05-16 16:00,8119770
2026-05-16 16:15,8119770
2026-05-16 16:30,8119770
2026-05-16 16:45,8119770
2026-05-16 17:00,8119770
2026-05-16 17:15,8119773
2026-05-16 17:30,8119913
2026-05-16 17:45,8119913
2026-05-16 18:00,8119966
2026-05-16 18:15,8120123
2026-05-16 18:30,8120250
2026-05-16 18:45,8120250
2026-05-16 19:00,8120253
2026-05-16 19:15,8120253
2026-05-16 19:30,8120253
2026-05-16 19:45,8120253
2026-05-16 20:00,8120253
2026-05-16 20:15,8120253
2026-05-16 20:30,8120340
2026-05-16 20:45,8120370
2026-05-16 21:00,8120370
2026-05-16 21:15,8120370
2026-05-16 21:30,8120370
2026-05-16 21:45,8120370
2026-05-16 22:00,8120370
2026-05-16 22:15,8120370
2026-05-16 22:30,8120373
2026-05-16 22:45,8120373
2026-05-16 23:00,8120460
2026-05-16 23:15,8120460
2026-05-16 23:30,8120473
2026-05-16 23:45,8120473
2026-05-17 00:00,8120473
2026-05-17 00:15,8120473
2026-05-17 00:30,8120473
2026-05-17 00:45,8120473
2026-05-17 01:00,8120473
2026-05-17 01:15,8120473
2026-05-17 01:30,8120473
2026-05-17 01:45,8120473
2026-05-17 02:00,8120473
2026-05-17 02:15,8120473
2026-05-17 02:30,8120473
2026-05-17 02:45,8120473
2026-05-17 03:00,8120473
2026-05-17 03:15,8120473
2026-05-17 03:30,8120473
2026-05-17 03:45,8120473
2026-05-17 04:00,8120473
2026-05-17 04:15,8120473
2026-05-17 04:30,8120473
2026-05-17 04:45,8120473
2026-05-17 05:00,8120473
2026-05-17 05:15,8120473
2026-05-17 05:30,8120473
2026-05-17 05:45,8120473
2026-05-17 06:00,8120473
2026-05-17 06:15,8120473
2026-05-17 06:30,8120473
2026-05-17 06:45,8120473
2026-05-17 07:00,8120473
2026-05-17 07:15,8120473
2026-05-17 07:30,8120473
2026-05-17 07:45,8120473
2026-05-17 08:00,8120473
2026-05-17 08:15,8120473
2026-05-17 08:30,8120473
2026-05-17 08:45,8120476
2026-05-17 09:00,8120476
2026-05-17 09:15,8120476
2026-05-17 09:30,8120476
2026-05-17 09:45,8120476
2026-05-17 10:00,8120476
2026-05-17 10:15,8120476
2026-05-17 10:30,8120476
2026-05-17 10:45,8120476
2026-05-17 11:00,8120476
2026-05-17 11:15,8120740
2026-05-17 11:30,8122613
2026-05-17 11:45,8122660
2026-05-17 12:00,8122676
2026-05-17 12:15,8122743
2026-05-17 12:30,8122920
2026-05-17 12:45,8122933
2026-05-17 13:00,8122950
2026-05-17 13:15,8123430
2026-05-17 13:30,8123540
2026-05-17 13:45,8123543
2026-05-17 14:00,8123626
2026-05-17 14:15,8123626
2026-05-17 14:30,8123626
2026-05-17 14:45,8123656
2026-05-17 15:00,8123690
2026-05-17 15:15,8123690
2026-05-17 15:30,8123690
2026-05-17 15:45,8123690
2026-05-17 16:00,8123690
2026-05-17 16:15,8123690
2026-05-17 16:30,8123690
2026-05-17 16:45,8123690
2026-05-17 17:00,8123690
2026-05-17 17:15,8123690
2026-05-17 17:30,8123690
2026-05-17 17:45,8123690
2026-05-17 18:00,8123690
2026-05-17 18:15,8123690
2026-05-17 18:30,8123690
2026-05-17 18:45,8123690
2026-05-17 19:00,8123690
2026-05-17 19:15,8123690
2026-05-17 19:30,8123690
2026-05-17 19:45,8123690
2026-05-17 20:00,8123690
2026-05-17 20:15,8123690
2026-05-17 20:30,8123690
2026-05-17 20:45,8123690
2026-05-17 21:00,8123690
2026-05-17 21:15,8123690
2026-05-17 21:30,8123690
2026-05-17 21:45,8123690
2026-05-17 22:00,8123690
2026-05-17 22:15,8123690
2026-05-17 22:30,8123690
2026-05-17 22:45,8123690
2026-05-17 23:00,8123690
2026-05-17 23:15,8123690
2026-05-17 23:30,8123690
2026-05-17 23:45,8123690
2026-05-18 00:00,8123690
2026-05-18 00:15,8123690
2026-05-18 00:30,8123690
2026-05-18 00:45,8123690
2026-05-18 01:00,8123690
2026-05-18 01:15,8123690
2026-05-18 01:30,8123690
2026-05-18 01:45,8123690
2026-05-18 02:00,8123690
2026-05-18 02:15,8123690
2026-05-18 02:30,8123690
2026-05-18 02:45,8123690
2026-05-18 03:00,8123690
2026-05-18 03:15,8123690
2026-05-18 03:30,8123690
2026-05-18 03:45,8123690
2026-05-18 04:00,8123690
2026-05-18 04:15,8123690
2026-05-18 04:30,8123690
2026-05-18 04:45,8123690
2026-05-18 05:00,8123690
2026-05-18 05:15,8123690
2026-05-18 05:30,8123690
2026-05-18 05:45,8123690
2026-05-18 06:00,8123690
2026-05-18 06:15,8123690
2026-05-18 06:30,8123690
2026-05-18 06:45,8123690
2026-05-18 07:00,8123690
2026-05-18 07:15,8123690
2026-05-18 07:30,8123690
2026-05-18 07:45,8123690
2026-05-18 08:00,8123690
2026-05-18 08:15,8123690
2026-05-18 08:30,8123690
2026-05-18 08:45,8123690
2026-05-18 09:00,8123690
2026-05-18 09:15,8123690
2026-05-18 09:30,8123690
2026-05-18 09:45,8123690
2026-05-18 10:00,8123690
2026-05-18 10:15,8123690
2026-05-18 10:30,8123690
2026-05-18 10:45,8123690
2026-05-18 11:00,8123690
2026-05-18 11:15,8123690
2026-05-18 11:30,8123690
2026-05-18 11:45,8123690
2026-05-18 12:00,8123690
2026-05-18 12:15,8123690
2026-05-18 12:30,8123690
2026-05-18 12:45,8123690
2026-05-18 13:00,8123690
2026-05-18 13:15,8123690
2026-05-18 13:30,8123690
2026-05-18 13:45,8123690
2026-05-18 14:00,8123690
2026-05-18 14:15,8123690
2026-05-18 14:30,8123690
2026-05-18 14:45,8123690
2026-05-18 15:00,8123690
2026-05-18 15:15,8123690
2026-05-18 15:30,8123690
2026-05-18 15:45,8123690
2026-05-18 16:00,8123690
2026-05-18 16:15,8123690
2026-05-18 16:30,8123690
2026-05-18 16:45,8123690
2026-05-18 17:00,8123690
2026-05-18 17:15,8123690
2026-05-18 17:30,8123690
2026-05-18 17:45,8123690
2026-05-18 18:00,8123690
2026-05-18 18:15,8123690
2026-05-18 18:30,8123690
2026-05-18 18:45,8123690
2026-05-18 19:00,8123690
2026-05-18 19:15,8123690
2026-05-18 19:30,8123690
2026-05-18 19:45,8123690
2026-05-18 20:00,8123690
2026-05-18 20:15,8123690
2026-05-18 20:30,8123690
2026-05-18 20:45,8123690
2026-05-18 21:00,8123690
2026-05-18 21:15,8123690
2026-05-18 21:30,8123690
2026-05-18 21:45,8123690
2026-05-18 22:00,8123690
2026-05-18 22:15,8123690
2026-05-18 22:30,8123690
2026-05-18 22:45,8123690
2026-05-18 23:00,8123690
2026-05-18 23:15,8123690
2026-05-18 23:30,8123690
2026-05-18 23:45,8123690
2026-05-19 00:00,8123690
2026-05-19 00:15,8123690
2026-05-19 00:30,8123690
2026-05-19 00:45,8123690
2026-05-19 01:00,8123690
2026-05-19 01:15,8123690
2026-05-19 01:30,8123690
2026-05-19 01:45,8123690
2026-05-19 02:00,8123690
2026-05-19 02:15,8123690
2026-05-19 02:30,8123690
2026-05-19 02:45,8123690
2026-05-19 03:00,8123690
2026-05-19 03:15,8123690
2026-05-19 03:30,8123690
2026-05-19 03:45,8123690
2026-05-19 04:00,8123690
2026-05-19 04:15,8123690
2026-05-19 04:30,8123690
2026-05-19 04:45,8123690
2026-05-19 05:00,8123690
2026-05-19 05:15,8123690
2026-05-19 05:30,8123690
2026-05-19 05:45,8123690
2026-05-19 06:00,8123690
2026-05-19 06:15,8123690
2026-05-19 06:30,8123690
2026-05-19 06:45,8123690
2026-05-19 07:00,8123690
2026-05-19 07:15,8123690
2026-05-19 07:30,8123690
2026-05-19 07:45,8123690
2026-05-19 08:00,8123690
2026-05-19 08:15,8123690
2026-05-19 08:30,8123690
2026-05-19 08:45,8123690
2026-05-19 09:00,8123690
2026-05-19 09:15,8123690
2026-05-19 09:30,8123690
2026-05-19 09:45,8123690
2026-05-19 10:00,8123690
2026-05-19 10:15,8123690
2026-05-19 10:30,8123690
2026-05-19 10:45,8123690
2026-05-19 11:00,8123690
2026-05-19 11:15,8123690
2026-05-19 11:30,8123690
2026-05-19 11:45,8123690
2026-05-19 12:00,8123690
2026-05-19 12:15,8123690
2026-05-19 12:30,8123690
2026-05-19 12:45,8123690
2026-05-19 13:00,8123690
2026-05-19 13:15,8123690
2026-05-19 13:30,8123690
2026-05-19 13:45,8123690
2026-05-19 14:00,8123690
2026-05-19 14:15,8123690
2026-05-19 14:30,8123690
2026-05-19 14:45,8123690
2026-05-19 15:00,8123690
2026-05-19 15:15,8123690
2026-05-19 15:30,8123690
2026-05-19 15:45,8123690
2026-05-19 16:00,8123690
2026-05-19 16:15,8123690
2026-05-19 16:30,8123690
2026-05-19 16:45,8123690
2026-05-19 17:00,8123690
2026-05-19 17:15,8123690
2026-05-19 17:30,8123690
2026-05-19 17:45,8123690
2026-05-19 18:00,8123690
2026-05-19 18:15,8123690
2026-05-19 18:30,8123690
2026-05-19 18:45,8123690
2026-05-19 19:00,8123690
2026-05-19 19:15,8123690
2026-05-19 19:30,8123690
2026-05-19 19:45,8123690
2026-05-19 20:00,8123690
2026-05-19 20:15,8123690
2026-05-19 20:30,8123690
2026-05-19 20:45,8123690
2026-05-19 21:00,8123690
2026-05-19 21:15,8123690
2026-05-19 21:30,8123690
2026-05-19 21:45,8123690
2026-05-19 22:00,8123690
2026-05-19 22:15,8123690
2026-05-19 22:30,8123690
2026-05-19 22:45,8123690
2026-05-19 23:00,8123690
2026-05-19 23:15,8123690
2026-05-19 23:30,8123690
2026-05-19 23:45,8123690
2026-05-20 00:00,8123690
2026-05-20 00:15,8123690
2026-05-20 00:30,8123690
2026-05-20 00:45,8123690
2026-05-20 01:00,8123690
2026-05-20 01:15,8123690
2026-05-20 01:30,8123690
2026-05-20 01:45,8123690
2026-05-20 02:00,8123690
2026-05-20 02:15,8123690
2026-05-20 02:30,8123690
2026-05-20 02:45,8123690
2026-05-20 03:00,8123690
2026-05-20 03:15,8123690
2026-05-20 03:30,8123690
2026-05-20 03:45,8123690
2026-05-20 04:00,8123690
2026-05-20 04:15,8123690
2026-05-20 04:30,8123690
2026-05-20 04:45,8123690
2026-05-20 05:00,8123690
2026-05-20 05:15,8123690
2026-05-20 05:30,8123690
2026-05-20 05:45,8123690
2026-05-20 06:00,8123690
2026-05-20 06:15,8123690
2026-05-20 06:30,8123690
2026-05-20 06:45,8123690
2026-05-20 07:00,8123690
2026-05-20 07:15,8123690
2026-05-20 07:30,8123690
2026-05-20 07:45,8123690
2026-05-20 08:00,8123690
2026-05-20 08:15,8123690
2026-05-20 08:30,8123690
2026-05-20 08:45,8123690
2026-05-20 09:00,8123690
2026-05-20 09:15,8123690
2026-05-20 09:30,8123690
2026-05-20 09:45,8123690
2026-05-20 10:00,8123690
2026-05-20 10:15,8123690
2026-05-20 10:30,8123690
2026-05-20 10:45,8123690
2026-05-20 11:00,8123690
2026-05-20 11:15,8123690
2026-05-20 11:30,8123690
2026-05-20 11:45,8123690
2026-05-20 12:00,8123690
2026-05-20 12:15,8123690
2026-05-20 12:30,8123690
2026-05-20 12:45,8123690
2026-05-20 13:00,8123690
2026-05-20 13:15,8123700
2026-05-20 13:30,8123700
2026-05-20 13:45,8123760
2026-05-20 14:00,8123760
2026-05-20 14:15,8123760
2026-05-20 14:30,8123760
2026-05-20 14:45,8123776
2026-05-20 15:00,8123780
2026-05-20 15:15,8123843
2026-05-20 15:30,8123963
2026-05-20 15:45,8123963
2026-05-20 16:00,8123963
2026-05-20 16:15,8124020
2026-05-20 16:30,8124130
2026-05-20 16:45,8124130
2026-05-20 17:00,8124130
2026-05-20 17:15,8124130
2026-05-20 17:30,8124213
2026-05-20 17:45,8124296
2026-05-20 18:00,8124296
2026-05-20 18:15,8124296
2026-05-20 18:30,8124296
2026-05-20 18:45,8124296
2026-05-20 19:00,8124296
2026-05-20 19:15,8124306
2026-05-20 19:30,8125170
2026-05-20 19:45,8125170
2026-05-20 20:00,8125173
2026-05-20 20:15,8125173
2026-05-20 20:30,8125256
2026-05-20 20:45,8125256
2026-05-20 21:00,8125256
2026-05-20 21:15,8125256
2026-05-20 21:30,8125256
2026-05-20 21:45,8125256
2026-05-20 22:00,8125256
2026-05-20 22:15,8125256
2026-05-20 22:30,8125256
2026-05-20 22:45,8125256
2026-05-20 23:00,8125256
2026-05-20 23:15,8125256
2026-05-20 23:30,8125256
2026-05-20 23:45,8125256
2026-05-21 00:00,8125256
2026-05-21 00:15,8125256
2026-05-21 00:30,8125256
2026-05-21 00:45,8125320
2026-05-21 01:00,8125320
2026-05-21 01:15,8125320
2026-05-21 01:30,8125320
2026-05-21 01:45,8125320
2026-05-21 02:00,8125320
2026-05-21 02:15,8125320
2026-05-21 02:30,8125320
2026-05-21 02:45,8125320
2026-05-21 03:00,8125320
2026-05-21 03:15,8125320
2026-05-21 03:30,8125320
2026-05-21 03:45,8125320
2026-05-21 04:00,8125320
2026-05-21 04:15,8125320
2026-05-21 04:30,8125320
2026-05-21 04:45,8125320
2026-05-21 05:00,8125320
2026-05-21 05:15,8125320
2026-05-21 05:30,8125320
2026-05-21 05:45,8125360
2026-05-21 06:00,8125360
2026-05-21 06:15,8125400
2026-05-21 06:30,8125400
2026-05-21 06:45,8125400
2026-05-21 07:00,8125400
2026-05-21 07:15,8125400
2026-05-21 07:30,8125400
2026-05-21 07:45,8125400
2026-05-21 08:00,8125400
2026-05-21 08:15,8125490
2026-05-21 08:30,8125493
2026-05-21 08:45,8125503
2026-05-21 09:00,8125540
2026-05-21 09:15,8125540
2026-05-21 09:30,8125540
2026-05-21 09:45,8125636
2026-05-21 10:00,8125696
2026-05-21 10:15,8125926
2026-05-21 10:30,8125990
2026-05-21 10:45,8125990
2026-05-21 11:00,8125990
2026-05-21 11:15,8126073
2026-05-21 11:30,8126136
2026-05-21 11:45,8126196
2026-05-21 12:00,8126196
2026-05-21 12:15,8126260
2026-05-21 12:30,8126303
2026-05-21 12:45,8126340
2026-05-21 13:00,8126340
2026-05-21 13:15,8126346
2026-05-21 13:30,8126350
2026-05-21 13:45,8126350
2026-05-21 14:00,8126360
2026-05-21 14:15,8126420
2026-05-21 14:30,8126420
2026-05-21 14:45,8126420
2026-05-21 15:00,8126420
2026-05-21 15:15,8126420
2026-05-21 15:30,8126420
2026-05-21 15:45,8126420
2026-05-21 16:00,8126420
2026-05-21 16:15,8126420
2026-05-21 16:30,8126420
2026-05-21 16:45,8126440
2026-05-21 17:00,8126440
2026-05-21 17:15,8126456
2026-05-21 17:30,8126530
2026-05-21 17:45,8126533
2026-05-21 18:00,8126536
2026-05-21 18:15,8126616
2026-05-21 18:30,8126683
2026-05-21 18:45,8126793
2026-05-21 19:00,8126793
2026-05-21 19:15,8126810
2026-05-21 19:30,8126876
2026-05-21 19:45,8126916
2026-05-21 20:00,8126926
2026-05-21 20:15,8126946
2026-05-21 20:30,8127040
2026-05-21 20:45,8127066
2026-05-21 21:00,8127066
2026-05-21 21:15,8127066
2026-05-21 21:30,8127066
2026-05-21 21:45,8127066
2026-05-21 22:00,8127066
2026-05-21 22:15,8127066
2026-05-21 22:30,8127066
2026-05-21 22:45,8127066
2026-05-21 23:00,8127066
2026-05-21 23:15,8127066
2026-05-21 23:30,8127066
2026-05-21 23:45,8127066
2026-05-22 00:00,8127066
2026-05-22 00:15,8127136
2026-05-22 00:30,8127136
2026-05-22 00:45,8127136
2026-05-22 01:00,8127136
2026-05-22 01:15,8127136
2026-05-22 01:30,8127136
2026-05-22 01:45,8127136
2026-05-22 02:00,8127136
2026-05-22 02:15,8127136
2026-05-22 02:30,8127136
2026-05-22 02:45,8127136
2026-05-22 03:00,8127136
2026-05-22 03:15,8127136
2026-05-22 03:30,8127136
2026-05-22 03:45,8127136
2026-05-22 04:00,8127136
2026-05-22 04:15,8127136
2026-05-22 04:30,8127136
2026-05-22 04:45,8127136
2026-05-22 05:00,8127136
2026-05-22 05:15,8127136
2026-05-22 05:30,8127136
2026-05-22 05:45,8127136
2026-05-22 06:00,8127176
2026-05-22 06:15,8127176
2026-05-22 06:30,8127176
2026-05-22 06:45,8127176
2026-05-22 07:00,8127176
2026-05-22 07:15,8127236
2026-05-22 07:30,8127236
2026-05-22 07:45,8127236
2026-05-22 08:00,8127236
2026-05-22 08:15,8127333
2026-05-22 08:30,8127333
2026-05-22 08:45,8127333
2026-05-22 09:00,8127333
2026-05-22 09:15,8127333
2026-05-22 09:30,8127973
2026-05-22 09:45,8127983
2026-05-22 10:00,8127986
2026-05-22 10:15,8127986
2026-05-22 10:30,8127986
2026-05-22 10:45,8127990
2026-05-22 11:00,8128186
2026-05-22 11:15,8128186
2026-05-22 11:30,8128186
2026-05-22 11:45,8128186
2026-05-22 12:00,8128193
2026-05-22 12:15,8128253
2026-05-22 12:30,8128253
2026-05-22 12:45,8128440
2026-05-22 13:00,8128643
2026-05-22 13:15,8128706
2026-05-22 13:30,8128706
2026-05-22 13:45,8128706
2026-05-22 14:00,8128706
2026-05-22 14:15,8128706
2026-05-22 14:30,8128706
2026-05-22 14:45,8128706
2026-05-22 15:00,8128706
2026-05-22 15:15,8128706
2026-05-22 15:30,8128706
2026-05-22 15:45,8128706
2026-05-22 16:00,8128706
2026-05-22 16:15,8128706
2026-05-22 16:30,8128706
2026-05-22 16:45,8128706
2026-05-22 17:00,8128706
2026-05-22 17:15,8128706
2026-05-22 17:30,8128706
2026-05-22 17:45,8128706
2026-05-22 18:00,8128706
2026-05-22 18:15,8128710
2026-05-22 18:30,8128730
2026-05-22 18:45,8128830
2026-05-22 19:00,8128843
2026-05-22 19:15,8128876
2026-05-22 19:30,8129013
2026-05-22 19:45,8129053
2026-05-22 20:00,8129076
2026-05-22 20:15,8129370
2026-05-22 20:30,8130630
2026-05-22 20:45,8130873
2026-05-22 21:00,8130873
2026-05-22 21:15,8130873
2026-05-22 21:30,8130873
2026-05-22 21:45,8130873
2026-05-22 22:00,8131100
2026-05-22 22:15,8131320
2026-05-22 22:30,8131320
2026-05-22 22:45,8131320
2026-05-22 23:00,8131323
2026-05-22 23:15,8131323
2026-05-22 23:30,8131323
2026-05-22 23:45,8131326
2026-05-23 00:00,8131326
2026-05-23 00:15,8131326
2026-05-23 00:30,8131326
2026-05-23 00:45,8131393
2026-05-23 01:00,8131393
2026-05-23 01:15,8131393
2026-05-23 01:30,8131393
2026-05-23 01:45,8131393
2026-05-23 02:00,8131393
2026-05-23 02:15,8131393
2026-05-23 02:30,8131393
2026-05-23 02:45,8131393
2026-05-23 03:00,8131393
2026-05-23 03:15,8131393
2026-05-23 03:30,8131393
2026-05-23 03:45,8131393
2026-05-23 04:00,8131393
2026-05-23 04:15,8131393
2026-05-23 04:30,8131393
2026-05-23 04:45,8131393
2026-05-23 05:00,8131393
2026-05-23 05:15,8131393
2026-05-23 05:30,8131393
2026-05-23 05:45,8131473
2026-05-23 06:00,8131473
2026-05-23 06:15,8131480
2026-05-23 06:30,8131513
2026-05-23 06:45,8131513
2026-05-23 07:00,8131513
2026-05-23 07:15,8131513
2026-05-23 07:30,8131513
2026-05-23 07:45,8131593
2026-05-23 08:00,8131593
2026-05-23 08:15,8131600
2026-05-23 08:30,8131600
2026-05-23 08:45,8131690
2026-05-23 09:00,8131690
2026-05-23 09:15,8131690
2026-05-23 09:30,8131690
2026-05-23 09:45,8131690
2026-05-23 10:00,8131690
2026-05-23 10:15,8131690
2026-05-23 10:30,8131750
2026-05-23 10:45,8131750
2026-05-23 11:00,8131753
2026-05-23 11:15,8131753
2026-05-23 11:30,8131893
2026-05-23 11:45,8131993
2026-05-23 12:00,8131996
2026-05-23 12:15,8132010
2026-05-23 12:30,8132113
2026-05-23 12:45,8132113
2026-05-23 13:00,8132113
2026-05-23 13:15,8132113
2026-05-23 13:30,8132113
2026-05-23 13:45,8132113
2026-05-23 14:00,8132113
2026-05-23 14:15,8132113
2026-05-23 14:30,8132113
2026-05-23 14:45,8132113
2026-05-23 15:00,8132113
2026-05-23 15:15,8132113
2026-05-23 15:30,8132113
2026-05-23 15:45,8132113
2026-05-23 16:00,8132113
2026-05-23 16:15,8132113
2026-05-23 16:30,8132113
2026-05-23 16:45,8132113
2026-05-23 17:00,8132113
2026-05-23 17:15,8132113
2026-05-23 17:30,8132113
2026-05-23 17:45,8132113
2026-05-23 18:00,8132113
2026-05-23 18:15,8132113
2026-05-23 18:30,8132113
2026-05-23 18:45,8132113
2026-05-23 19:00,8132113
2026-05-23 19:15,8132113
2026-05-23 19:30,8132113
2026-05-23 19:45,8132113
2026-05-23 20:00,8132113
2026-05-23 20:15,8132113
2026-05-23 20:30,8132113
2026-05-23 20:45,8132113
2026-05-23 21:00,8132113
2026-05-23 21:15,8132113
2026-05-23 21:30,8132113
2026-05-23 21:45,8132113
2026-05-23 22:00,8132113
2026-05-23 22:15,8132113
2026-05-23 22:30,8132113
2026-05-23 22:45,8132113
2026-05-23 23:00,8132113
2026-05-23 23:15,8132113
2026-05-23 23:30,8132113
2026-05-23 23:45,8132113
2026-05-24 00:00,8132113
2026-05-24 00:15,8132113
2026-05-24 00:30,8132113
2026-05-24 00:45,8132113
2026-05-24 01:00,8132113
2026-05-24 01:15,8132113
2026-05-24 01:30,8132113
2026-05-24 01:45,8132113
2026-05-24 02:00,8132113
2026-05-24 02:15,8132113
2026-05-24 02:30,8132113
2026-05-24 02:45,8132113
2026-05-24 03:00,8132113
2026-05-24 03:15,8132113
2026-05-24 03:30,8132113
2026-05-24 03:45,8132113
2026-05-24 04:00,8132113
2026-05-24 04:15,8132113
2026-05-24 04:30,8132113
2026-05-24 04:45,8132113
2026-05-24 05:00,8132113
2026-05-24 05:15,8132113
2026-05-24 05:30,8132113
2026-05-24 05:45,8132113
2026-05-24 06:00,8132113
2026-05-24 06:15,8132113
2026-05-24 06:30,8132113
2026-05-24 06:45,8132113
2026-05-24 07:00,8132113
2026-05-24 07:15,8132113
2026-05-24 07:30,8132113
2026-05-24 07:45,8132113
2026-05-24 08:00,8132113
2026-05-24 08:15,8132113
2026-05-24 08:30,8132113
2026-05-24 08:45,8132113
2026-05-24 09:00,8132113
2026-05-24 09:15,8132113
2026-05-24 09:30,8132113
2026-05-24 09:45,8132113
2026-05-24 10:00,8132113
2026-05-24 10:15,8132113
2026-05-24 10:30,8132113
2026-05-24 10:45,8132113
2026-05-24 11:00,8132113
2026-05-24 11:15,8132113
2026-05-24 11:30,8132113
2026-05-24 11:45,8132113
2026-05-24 12:00,8132113
2026-05-24 12:15,8132113
2026-05-24 12:30,8132113
2026-05-24 12:45,8132113
2026-05-24 13:00,8132113
2026-05-24 13:15,8132113
2026-05-24 13:30,8132113
2026-05-24 13:45,8132113
2026-05-24 14:00,8132113
2026-05-24 14:15,8132113
2026-05-24 14:30,8132113
2026-05-24 14:45,8132113
2026-05-24 15:00,8132113
2026-05-24 15:15,8132113
2026-05-24 15:30,8132113
2026-05-24 15:45,8132113
2026-05-24 16:00,8132113
2026-05-24 16:15,8132113
2026-05-24 16:30,8132113
2026-05-24 16:45,8132113
2026-05-24 17:00,8132113
2026-05-24 17:15,8132113
2026-05-24 17:30,8132113
2026-05-24 17:45,8132113
2026-05-24 18:00,8132113
2026-05-24 18:15,8132113
2026-05-24 18:30,8132113
2026-05-24 18:45,8132113
2026-05-24 19:00,8132113
2026-05-24 19:15,8132113
2026-05-24 19:30,8132113
2026-05-24 19:45,8132113
2026-05-24 20:00,8132113
2026-05-24 20:15,8132113
2026-05-24 20:30,8132113
2026-05-24 20:45,8132113
2026-05-24 21:00,8132113
2026-05-24 21:15,8132113
2026-05-24 21:30,8132113
2026-05-24 21:45,8132113
2026-05-24 22:00,8132113
2026-05-24 22:15,8132113
2026-05-24 22:30,8132113
2026-05-24 22:45,8132113
2026-05-24 23:00,8132113
2026-05-24 23:15,8132113
2026-05-24 23:30,8132113
2026-05-24 23:45,8132113
2026-05-25 00:00,8132113
2026-05-25 00:15,8132113
2026-05-25 00:30,8132113
2026-05-25 00:45,8132113
2026-05-25 01:00,8132113
2026-05-25 01:15,8132113
2026-05-25 01:30,8132113
2026-05-25 01:45,8132113
2026-05-25 02:00,8132113
2026-05-25 02:15,8132113
2026-05-25 02:30,8132113
2026-05-25 02:45,8132113
2026-05-25 03:00,8132113
2026-05-25 03:15,8132113
2026-05-25 03:30,8132113
2026-05-25 03:45,8132113
2026-05-25 04:00,8132113
2026-05-25 04:15,8132113
2026-05-25 04:30,8132113
2026-05-25 04:45,8132113
2026-05-25 05:00,8132113
2026-05-25 05:15,8132113
2026-05-25 05:30,8132113
2026-05-25 05:45,8132113
2026-05-25 06:00,8132113
2026-05-25 06:15,8132113
2026-05-25 06:30,8132113
2026-05-25 06:45,8132113
2026-05-25 07:00,8132113
2026-05-25 07:15,8132113
2026-05-25 07:30,8132113
2026-05-25 07:45,8132113
2026-05-25 08:00,8132113
2026-05-25 08:15,8132113
2026-05-25 08:30,8132113
2026-05-25 08:45,8132113
2026-05-25 09:00,8132113
2026-05-25 09:15,8132113
2026-05-25 09:30,8132113
2026-05-25 09:45,8132113
2026-05-25 10:00,8132113
2026-05-25 10:15,8132113
2026-05-25 10:30,8132113
2026-05-25 10:45,8132113
2026-05-25 11:00,8132113
2026-05-25 11:15,8132113
2026-05-25 11:30,8132113
2026-05-25 11:45,8132113
2026-05-25 12:00,8132113
2026-05-25 12:15,8132113
2026-05-25 12:30,8132113
2026-05-25 12:45,8132113
2026-05-25 13:00,8132113
2026-05-25 13:15,8132113
2026-05-25 13:30,8132113
2026-05-25 13:45,8132113
2026-05-25 14:00,8132113
2026-05-25 14:15,8132113
2026-05-25 14:30,8132113
2026-05-25 14:45,8132113
2026-05-25 15:00,8132113
2026-05-25 15:15,8132113
2026-05-25 15:30,8132113
2026-05-25 15:45,8132113
2026-05-25 16:00,8132113
2026-05-25 16:15,8132113
2026-05-25 16:30,8132126
2026-05-25 16:45,8132126
2026-05-25 17:00,8132126
2026-05-25 17:15,8132126
2026-05-25 17:30,8132126
2026-05-25 17:45,8132126
2026-05-25 18:00,8132126
2026-05-25 18:15,8132126
2026-05-25 18:30,8132126
2026-05-25 18:45,8132126
2026-05-25 19:00,8132126
2026-05-25 19:15,8132126
2026-05-25 19:30,8132126
2026-05-25 19:45,8132126
2026-05-25 20:00,8132126
2026-05-25 20:15,8132126
2026-05-25 20:30,8132126
2026-05-25 20:45,8132126
2026-05-25 21:00,8132126
2026-05-25 21:15,8132126
2026-05-25 21:30,8132126
2026-05-25 21:45,8132126
2026-05-25 22:00,8132126
2026-05-25 22:15,8132126
2026-05-25 22:30,8132126
2026-05-25 22:45,8132126
2026-05-25 23:00,8132126
2026-05-25 23:15,8132126
2026-05-25 23:30,8132126
2026-05-25 23:45,8132126
2026-05-26 00:00,8132126
2026-05-26 00:15,8132126
2026-05-26 00:30,8132126
2026-05-26 00:45,8132126
2026-05-26 01:00,8132126
2026-05-26 01:15,8132126
2026-05-26 01:30,8132126
2026-05-26 01:45,8132126
2026-05-26 02:00,8132126
2026-05-26 02:15,8132126
2026-05-26 02:30,8132126
2026-05-26 02:45,8132126
2026-05-26 03:00,8132126
2026-05-26 03:15,8132126
2026-05-26 03:30,8132126
2026-05-26 03:45,8132126
2026-05-26 04:00,8132126
2026-05-26 04:15,8132126
2026-05-26 04:30,8132126
2026-05-26 04:45,8132126
2026-05-26 05:00,8132126
2026-05-26 05:15,8132126
2026-05-26 05:30,8132126
2026-05-26 05:45,8132126
2026-05-26 06:00,8132126
2026-05-26 06:15,8132126
2026-05-26 06:30,8132126
2026-05-26 06:45,8132126
2026-05-26 07:00,8132126
2026-05-26 07:15,8132126
2026-05-26 07:30,8132126
2026-05-26 07:45,8132126
2026-05-26 08:00,8132126
2026-05-26 08:15,8132126
2026-05-26 08:30,8132126
2026-05-26 08:45,8132126
2026-05-26 09:00,8132126
2026-05-26 09:15,8132126
2026-05-26 09:30,8132126
2026-05-26 09:45,8132126
2026-05-26 10:00,8132126
2026-05-26 10:15,8132126
2026-05-26 10:30,8132126
2026-05-26 10:45,8132126
2026-05-26 11:00,8132126
2026-05-26 11:15,8132126
2026-05-26 11:30,8132126
2026-05-26 11:45,8132126
2026-05-26 12:00,8132126
2026-05-26 12:15,8132126
2026-05-26 12:30,8132126
2026-05-26 12:45,8132126
2026-05-26 13:00,8132126
2026-05-26 13:15,8132126
2026-05-26 13:30,8132126
2026-05-26 13:45,8132126
2026-05-26 14:00,8132126
2026-05-26 14:15,8132126
2026-05-26 14:30,8132126
2026-05-26 14:45,8132126
2026-05-26 15:00,8132126
2026-05-26 15:15,8132126
2026-05-26 15:30,8132126
2026-05-26 15:45,8132126
2026-05-26 16:00,8132126
2026-05-26 16:15,8132126
2026-05-26 16:30,8132126
2026-05-26 16:45,8132126
2026-05-26 17:00,8132126
2026-05-26 17:15,8132126
2026-05-26 17:30,8132126
2026-05-26 17:45,8132126
2026-05-26 18:00,8132126
2026-05-26 18:15,8132126
2026-05-26 18:30,8132126
2026-05-26 18:45,8132126
2026-05-26 19:00,8132126
2026-05-26 19:15,8132126
2026-05-26 19:30,8132126
2026-05-26 19:45,8132126
2026-05-26 20:00,8132126
2026-05-26 20:15,8132126
2026-05-26 20:30,8132126
2026-05-26 20:45,8132126
2026-05-26 21:00,8132126
2026-05-26 21:15,8132126
2026-05-26 21:30,8132126
2026-05-26 21:45,8132126
2026-05-26 22:00,8132126
2026-05-26 22:15,8132126
2026-05-26 22:30,8132126
2026-05-26 22:45,8132126
2026-05-26 23:00,8132126
2026-05-26 23:15,8132126
2026-05-26 23:30,8132126
2026-05-26 23:45,8132126
2026-05-27 00:00,8132126
2026-05-27 00:15,8132126
2026-05-27 00:30,8132126
2026-05-27 00:45,8132126
2026-05-27 01:00,8132126
2026-05-27 01:15,8132126
2026-05-27 01:30,8132126
2026-05-27 01:45,8132126
2026-05-27 02:00,8132126
2026-05-27 02:15,8132126
2026-05-27 02:30,8132126
2026-05-27 02:45,8132126
2026-05-27 03:00,8132126
2026-05-27 03:15,8132126
2026-05-27 03:30,8132126
2026-05-27 03:45,8132126
2026-05-27 04:00,8132126
2026-05-27 04:15,8132126
2026-05-27 04:30,8132126
2026-05-27 04:45,8132126
2026-05-27 05:00,8132126
2026-05-27 05:15,8132126
2026-05-27 05:30,8132126
2026-05-27 05:45,8132126
2026-05-27 06:00,8132126
2026-05-27 06:15,8132126
2026-05-27 06:30,8132126
2026-05-27 06:45,8132126
2026-05-27 07:00,8132126
2026-05-27 07:15,8132126
2026-05-27 07:30,8132126
2026-05-27 07:45,8132126
2026-05-27 08:00,8132126
2026-05-27 08:15,8132126
2026-05-27 08:30,8132126
2026-05-27 08:45,8132126
2026-05-27 09:00,8132126
2026-05-27 09:15,8132126
2026-05-27 09:30,8132126
2026-05-27 09:45,8132126
2026-05-27 10:00,8132126
2026-05-27 10:15,8132126
2026-05-27 10:30,8132126
2026-05-27 10:45,8132126
2026-05-27 11:00,8132126
2026-05-27 11:15,8132126
2026-05-27 11:30,8132126
2026-05-27 11:45,8132126
2026-05-27 12:00,8132296
2026-05-27 12:15,8132296
2026-05-27 12:30,8132296
2026-05-27 12:45,8132296
2026-05-27 13:00,8132303
2026-05-27 13:15,8132306
2026-05-27 13:30,8132326
2026-05-27 13:45,8132340
2026-05-27 14:00,8132340
2026-05-27 14:15,8132340
2026-05-27 14:30,8132340
2026-05-27 14:45,8132340
2026-05-27 15:00,8132340
2026-05-27 15:15,8132340
2026-05-27 15:30,8132340
2026-05-27 15:45,8132340
2026-05-27 16:00,8132340
2026-05-27 16:15,8132396
2026-05-27 16:30,8132476
2026-05-27 16:45,8132516
2026-05-27 17:00,8132636
2026-05-27 17:15,8132666
2026-05-27 17:30,8132666
2026-05-27 17:45,8132786
2026-05-27 18:00,8132793
2026-05-27 18:15,8132793
2026-05-27 18:30,8132793
2026-05-27 18:45,8132886
2026-05-27 19:00,8132973
2026-05-27 19:15,8133096
2026-05-27 19:30,8134786
2026-05-27 19:45,8134836
2026-05-27 20:00,8135003
2026-05-27 20:15,8135090
2026-05-27 20:30,8135110
2026-05-27 20:45,8135143
2026-05-27 21:00,8135143
2026-05-27 21:15,8135143
2026-05-27 21:30,8135143
2026-05-27 21:45,8135143
2026-05-27 22:00,8135143
2026-05-27 22:15,8135143
2026-05-27 22:30,8135143
2026-05-27 22:45,8135143
2026-05-27 23:00,8135143
2026-05-27 23:15,8135266
2026-05-27 23:30,8135266
2026-05-27 23:45,8135266
2026-05-28 00:00,8135266
2026-05-28 00:15,8135266
2026-05-28 00:30,8135266
2026-05-28 00:45,8135266
2026-05-28 01:00,8135266
2026-05-28 01:15,8135266
2026-05-28 01:30,8135266
2026-05-28 01:45,8135266
2026-05-28 02:00,8135266
2026-05-28 02:15,8135266
2026-05-28 02:30,8135266
2026-05-28 02:45,8135266
2026-05-28 03:00,8135266
2026-05-28 03:15,8135266
2026-05-28 03:30,8135266
2026-05-28 03:45,8135266
2026-05-28 04:00,8135266
2026-05-28 04:15,8135266
2026-05-28 04:30,8135266
2026-05-28 04:45,8135266
2026-05-28 05:00,8135266
2026-05-28 05:15,8135266
2026-05-28 05:30,8135266
2026-05-28 05:45,8135266
2026-05-28 06:00,8135266
2026-05-28 06:15,8135313
2026-05-28 06:30,8135313
2026-05-28 06:45,8135313
2026-05-28 07:00,8135316
2026-05-28 07:15,8135316
2026-05-28 07:30,8135316
2026-05-28 07:45,8135316
2026-05-28 08:00,8135403
2026-05-28 08:15,8135413
2026-05-28 08:30,8135433
2026-05-28 08:45,8135436
2026-05-28 09:00,8135436
2026-05-28 09:15,8135436
2026-05-28 09:30,8135470
2026-05-28 09:45,8135470
2026-05-28 10:00,8135626
2026-05-28 10:15,8135646
2026-05-28 10:30,8135706
2026-05-28 10:45,8135710
2026-05-28 11:00,8135750
2026-05-28 11:15,8135750
2026-05-28 11:30,8135950
2026-05-28 11:45,8136000
2026-05-28 12:00,8136220
2026-05-28 12:15,8136220
2026-05-28 12:30,8136220
2026-05-28 12:45,8136220
2026-05-28 13:00,8136220
2026-05-28 13:15,8136220
2026-05-28 13:30,8136220
2026-05-28 13:45,8136220
2026-05-28 14:00,8136223
2026-05-28 14:15,8136223
2026-05-28 14:30,8136223
2026-05-28 14:45,8136243
2026-05-28 15:00,8136296
2026-05-28 15:15,8136300
2026-05-28 15:30,8136300
2026-05-28 15:45,8136363
2026-05-28 16:00,8136363
2026-05-28 16:15,8136363
2026-05-28 16:30,8136363
2026-05-28 16:45,8136363
2026-05-28 17:00,8136363
2026-05-28 17:15,8136373
2026-05-28 17:30,8136373
2026-05-28 17:45,8136380
2026-05-28 18:00,8136400
2026-05-28 18:15,8136400
2026-05-28 18:30,8136400
2026-05-28 18:45,8136400
2026-05-28 19:00,8136480
2026-05-28 19:15,8136540
2026-05-28 19:30,8136540
2026-05-28 19:45,8136540
2026-05-28 20:00,8136550
2026-05-28 20:15,8136550
2026-05-28 20:30,8136553
2026-05-28 20:45,8136570
2026-05-28 21:00,8136570
2026-05-28 21:15,8136570
2026-05-28 21:30,8136716
2026-05-28 21:45,8136716
2026-05-28 22:00,8136716
2026-05-28 22:15,8136843
2026-05-28 22:30,8136903
2026-05-28 22:45,8136903
2026-05-28 23:00,8136906
2026-05-28 23:15,8136906
2026-05-28 23:30,8136910
2026-05-28 23:45,8136910
2026-05-29 00:00,8136970
2026-05-29 00:15,8136970
2026-05-29 00:30,8136970
2026-05-29 00:45,8136970
2026-05-29 01:00,8136970
2026-05-29 01:15,8136970
2026-05-29 01:30,8136970
2026-05-29 01:45,8136970
2026-05-29 02:00,8136970
2026-05-29 02:15,8136970
2026-05-29 02:30,8136970
2026-05-29 02:45,8136970
2026-05-29 03:00,8136970
2026-05-29 03:15,8136970
2026-05-29 03:30,8136970
2026-05-29 03:45,8136970
2026-05-29 04:00,8136970
2026-05-29 04:15,8136970
2026-05-29 04:30,8136970
2026-05-29 04:45,8136970
2026-05-29 05:00,8136970
2026-05-29 05:15,8136970
2026-05-29 05:30,8136970
2026-05-29 05:45,8136970
2026-05-29 06:00,8137016
2026-05-29 06:15,8137016
2026-05-29 06:30,8137016
2026-05-29 06:45,8137016
2026-05-29 07:00,8137016
2026-05-29 07:15,8137016
2026-05-29 07:30,8137016
2026-05-29 07:45,8137016
2026-05-29 08:00,8137103
2026-05-29 08:15,8137113
2026-05-29 08:30,8137116
2026-05-29 08:45,8137116
2026-05-29 09:00,8137116
2026-05-29 09:15,8137116
2026-05-29 09:30,8137116
2026-05-29 09:45,8137226
2026-05-29 10:00,8137280
2026-05-29 10:15,8137283
2026-05-29 10:30,8137283
2026-05-29 10:45,8137283
2026-05-29 11:00,8137313
2026-05-29 11:15,8137313
2026-05-29 11:30,8137753
2026-05-29 11:45,8137753
2026-05-29 12:00,8137753
2026-05-29 12:15,8137753
2026-05-29 12:30,8137753
2026-05-29 12:45,8137796
2026-05-29 13:00,8137863
2026-05-29 13:15,8137873
2026-05-29 13:30,8137876
2026-05-29 13:45,8137876
2026-05-29 14:00,8137876
2026-05-29 14:15,8137876
2026-05-29 14:30,8137876
2026-05-29 14:45,8137876
2026-05-29 15:00,8137900
2026-05-29 15:15,8137903
2026-05-29 15:30,8137903
2026-05-29 15:45,8137903
2026-05-29 16:00,8137903
2026-05-29 16:15,8137910
2026-05-29 16:30,8137966
2026-05-29 16:45,8138046
2026-05-29 17:00,8138056
2026-05-29 17:15,8138056
2026-05-29 17:30,8138066
2026-05-29 17:45,8138076
2026-05-29 18:00,8138103
2026-05-29 18:15,8138103
2026-05-29 18:30,8138133
2026-05-29 18:45,8138220
2026-05-29 19:00,8138256
2026-05-29 19:15,8138393
2026-05-29 19:30,8138630
2026-05-29 19:45,8138763
2026-05-29 20:00,8138763
2026-05-29 20:15,8138783
2026-05-29 20:30,8139133
2026-05-29 20:45,8139133
2026-05-29 21:00,8139146
2026-05-29 21:15,8139146
2026-05-29 21:30,8139160
2026-05-29 21:45,8139170
2026-05-29 22:00,8139256
2026-05-29 22:15,8139256
2026-05-29 22:30,8139256
2026-05-29 22:45,8139256
2026-05-29 23:00,8139256
2026-05-29 23:15,8139256
2026-05-29 23:30,8139260
2026-05-29 23:45,8139260
2026-05-30 00:00,8139260
2026-05-30 00:15,8139260
2026-05-30 00:30,8139260
2026-05-30 00:45,8139260
2026-05-30 01:00,8139260
2026-05-30 01:15,8139260
2026-05-30 01:30,8139260
2026-05-30 01:45,8139260
2026-05-30 02:00,8139260
2026-05-30 02:15,8139260
2026-05-30 02:30,8139260
2026-05-30 02:45,8139260
2026-05-30 03:00,8139260
2026-05-30 03:15,8139260
2026-05-30 03:30,8139260
2026-05-30 03:45,8139260
2026-05-30 04:00,8139260
2026-05-30 04:15,8139260
2026-05-30 04:30,8139260
2026-05-30 04:45,8139260
2026-05-30 05:00,8139260
2026-05-30 05:15,8139260
2026-05-30 05:30,8139260
2026-05-30 05:45,8139260
2026-05-30 06:00,8139260
2026-05-30 06:15,8139300
2026-05-30 06:30,8139300
2026-05-30 06:45,8139300
2026-05-30 07:00,8139300
2026-05-30 07:15,8139410
2026-05-30 07:30,8139543
2026-05-30 07:45,8139543
2026-05-30 08:00,8139550
2026-05-30 08:15,8139576
2026-05-30 08:30,8139576
2026-05-30 08:45,8139773
2026-05-30 09:00,8139860
2026-05-30 09:15,8139910
2026-05-30 09:30,8139910
2026-05-30 09:45,8139916
2026-05-30 10:00,8139916
2026-05-30 10:15,8139916
2026-05-30 10:30,8139916
2026-05-30 10:45,8139970
2026-05-30 11:00,8139970
2026-05-30 11:15,8139970
2026-05-30 11:30,8139970
2026-05-30 11:45,8139970
2026-05-30 12:00,8139970
2026-05-30 12:15,8139970
2026-05-30 12:30,8139970
2026-05-30 12:45,8139970
2026-05-30 13:00,8139970
2026-05-30 13:15,8139970
2026-05-30 13:30,8139970
2026-05-30 13:45,8139970
2026-05-30 14:00,8139970
2026-05-30 14:15,8139970
2026-05-30 14:30,8139970
2026-05-30 14:45,8139970
2026-05-30 15:00,8139970
2026-05-30 15:15,8139970
2026-05-30 15:30,8139970
2026-05-30 15:45,8139970
2026-05-30 16:00,8139970
2026-05-30 16:15,8139970
2026-05-30 16:30,8139970
2026-05-30 16:45,8139970
2026-05-30 17:00,8139970
2026-05-30 17:15,8139970
2026-05-30 17:30,8139970
2026-05-30 17:45,8139970
2026-05-30 18:00,8139970
2026-05-30 18:15,8139970
2026-05-30 18:30,8139970
2026-05-30 18:45,8139970
2026-05-30 19:00,8139970
2026-05-30 19:15,8140013
2026-05-30 19:30,8140110
2026-05-30 19:45,8140110
2026-05-30 20:00,8140126
2026-05-30 20:15,8140143
2026-05-30 20:30,8140153
2026-05-30 20:45,8140153
2026-05-30 21:00,8140153
2026-05-30 21:15,8140153
2026-05-30 21:30,8140153
2026-05-30 21:45,8140153
2026-05-30 22:00,8140160
2026-05-30 22:15,8140160
2026-05-30 22:30,8140160
2026-05-30 22:45,8140206
2026-05-30 23:00,8140233
2026-05-30 23:15,8140630
2026-05-30 23:30,8140630
2026-05-30 23:45,8140630
2026-05-31 00:00,8140630
2026-05-31 00:15,8140630
2026-05-31 00:30,8140630
2026-05-31 00:45,8140630
2026-05-31 01:00,8140630
2026-05-31 01:15,8140630
2026-05-31 01:30,8140700
2026-05-31 01:45,8140700
2026-05-31 02:00,8140700
2026-05-31 02:15,8140700
2026-05-31 02:30,8140700
2026-05-31 02:45,8140700
2026-05-31 03:00,8140700
2026-05-31 03:15,8140700
2026-05-31 03:30,8140700
2026-05-31 03:45,8140700
2026-05-31 04:00,8140773
2026-05-31 04:15,8140773
2026-05-31 04:30,8140773
2026-05-31 04:45,8140773
2026-05-31 05:00,8140773
2026-05-31 05:15,8140773
2026-05-31 05:30,8140810
2026-05-31 05:45,8140810
2026-05-31 06:00,8140853
2026-05-31 06:15,8140853
2026-05-31 06:30,8140853
2026-05-31 06:45,8140853
2026-05-31 07:00,8140853
2026-05-31 07:15,8140853
2026-05-31 07:30,8140853
2026-05-31 07:45,8140853
2026-05-31 08:00,8140853
2026-05-31 08:15,8140853
2026-05-31 08:30,8140853
2026-05-31 08:45,8140893
2026-05-31 09:00,8140893
2026-05-31 09:15,8141403
2026-05-31 09:30,8141530
2026-05-31 09:45,8141530
2026-05-31 10:00,8141530
2026-05-31 10:15,8141606
2026-05-31 10:30,8141686
2026-05-31 10:45,8141690
2026-05-31 11:00,8141690
2026-05-31 11:15,8141726
2026-05-31 11:30,8141726
2026-05-31 11:45,8141950
2026-05-31 12:00,8142160
2026-05-31 12:15,8142193
2026-05-31 12:30,8142193
2026-05-31 12:45,8142193
2026-05-31 13:00,8142193
2026-05-31 13:15,8142193
2026-05-31 13:30,8142310
2026-05-31 13:45,8142410
2026-05-31 14:00,8142416
2026-05-31 14:15,8142423
2026-05-31 14:30,8142423
2026-05-31 14:45,8142423
2026-05-31 15:00,8142743
2026-05-31 15:15,8143013
2026-05-31 15:30,8143230
2026-05-31 15:45,8143230
2026-05-31 16:00,8143353
2026-05-31 16:15,8143393
2026-05-31 16:30,8143393
2026-05-31 16:45,8143393
2026-05-31 17:00,8143463
2026-05-31 17:15,8143463
2026-05-31 17:30,8143466
2026-05-31 17:45,8143550
2026-05-31 18:00,8143550
2026-05-31 18:15,8143550
2026-05-31 18:30,8143583
2026-05-31 18:45,8143583
2026-05-31 19:00,8143583
2026-05-31 19:15,8143610
2026-05-31 19:30,8143823
2026-05-31 19:45,8143823
2026-05-31 20:00,8143823
2026-05-31 20:15,8143896
2026-05-31 20:30,8144013
2026-05-31 20:45,8144033
2026-05-31 21:00,8144040
2026-05-31 21:15,8144073
2026-05-31 21:30,8144073
2026-05-31 21:45,8144073
2026-05-31 22:00,8144136
2026-05-31 22:15,8144346
2026-05-31 22:30,8144556
2026-05-31 22:45,8144726
2026-05-31 23:00,8144763
2026-05-31 23:15,8144763
2026-05-31 23:30,8144763
2026-05-31 23:45,8144763
2026-06-01 00:00,8144763
2026-06-01 00:15,8144763
2026-06-01 00:30,8144763
2026-06-01 00:45,8144763
2026-06-01 01:00,8144763
2026-06-01 01:15,8144763
2026-06-01 01:30,8144813
2026-06-01 01:45,8144836
2026-06-01 02:00,8144836
2026-06-01 02:15,8144836
2026-06-01 02:30,8144966
2026-06-01 02:45,8144966
2026-06-01 03:00,8144966
2026-06-01 03:15,8144966
2026-06-01 03:30,8145046
2026-06-01 03:45,8145046
2026-06-01 04:00,8145046
2026-06-01 04:15,8145046
2026-06-01 04:30,8145046
2026-06-01 04:45,8145050
2026-06-01 05:00,8145136
2026-06-01 05:15,8145136
2026-06-01 05:30,8145136
2026-06-01 05:45,8145213
2026-06-01 06:00,8145213
2026-06-01 06:15,8145253
2026-06-01 06:30,8145253
2026-06-01 06:45,8145256
2026-06-01 07:00,8145256
2026-06-01 07:15,8145256
2026-06-01 07:30,8145256
2026-06-01 07:45,8145256
2026-06-01 08:00,8145346
2026-06-01 08:15,8145353
2026-06-01 08:30,8145373
2026-06-01 08:45,8145413
2026-06-01 09:00,8145480
2026-06-01 09:15,8145980
2026-06-01 09:30,8145980
2026-06-01 09:45,8145980
2026-06-01 10:00,8145980
2026-06-01 10:15,8145983
2026-06-01 10:30,8146073
2026-06-01 10:45,8146073
2026-06-01 11:00,8146073
2026-06-01 11:15,8146073
2026-06-01 11:30,8146213
2026-06-01 11:45,8146276
2026-06-01 12:00,8146276
2026-06-01 12:15,8146280
2026-06-01 12:30,8146393
2026-06-01 12:45,8146750
2026-06-01 13:00,8147120
2026-06-01 13:15,8147120
2026-06-01 13:30,8147163
2026-06-01 13:45,8147163
2026-06-01 14:00,8147163
2026-06-01 14:15,8147636
2026-06-01 14:30,8147636
2026-06-01 14:45,8147726
2026-06-01 15:00,8147820
2026-06-01 15:15,8147863
2026-06-01 15:30,8147940
2026-06-01 15:45,8147946
2026-06-01 16:00,8147946
2026-06-01 16:15,8147946
2026-06-01 16:30,8147956
2026-06-01 16:45,8148020
2026-06-01 17:00,8148040
2026-06-01 17:15,8148073
2026-06-01 17:30,8148073
2026-06-01 17:45,8148076
2026-06-01 18:00,8148076
2026-06-01 18:15,8148110
2026-06-01 18:30,8148110
2026-06-01 18:45,8148113
2026-06-01 19:00,8148156
2026-06-01 19:15,8148156
2026-06-01 19:30,8148156
2026-06-01 19:45,8148226
2026-06-01 20:00,8148226
2026-06-01 20:15,8148226
2026-06-01 20:30,8148233
2026-06-01 20:45,8148263
2026-06-01 21:00,8148263
2026-06-01 21:15,8148270
2026-06-01 21:30,8148446
2026-06-01 21:45,8148456
2026-06-01 22:00,8148573
2026-06-01 22:15,8148573
2026-06-01 22:30,8148603
2026-06-01 22:45,8148840
2026-06-01 23:00,8148990
2026-06-01 23:15,8149003
2026-06-01 23:30,8149003
2026-06-01 23:45,8149056
